n,depth,positions
2,0,2
3,0,2
3,1,1
4,0,3
4,1,1
5,0,2
5,1,3
6,0,4
6,1,1
6,2,1
7,0,3
7,1,3
7,2,1
8,0,4
8,1,3
8,2,1
9,0,3
9,1,6
10,0,5
10,1,4
10,3,1
11,0,4
11,1,6
11,2,1
12,0,5
12,1,5
12,2,1
12,3,1
13,0,5
13,1,5
13,2,2
13,3,1
14,0,4
14,1,10
15,0,6
15,1,6
15,2,2
15,3,1
16,0,7
16,1,6
16,2,2
16,3,1
17,0,5
17,1,10
17,2,1
17,3,1
18,0,6
18,1,8
18,2,3
18,3,1
19,0,6
19,1,9
19,2,2
19,3,2
20,0,7
20,1,9
20,2,3
20,3,1
21,0,7
21,1,9
21,2,4
21,3,1
22,0,7
22,1,11
22,2,2
22,3,2
23,0,6
23,1,12
23,2,4
23,3,1
24,0,9
24,1,9
24,2,4
24,3,2
25,0,8
25,1,10
25,2,4
25,3,3
26,0,7
26,1,16
26,2,1
26,3,2
27,0,8
27,1,14
27,2,1
27,3,4
28,0,9
28,1,14
28,2,2
28,3,3
29,0,8
29,1,12
29,2,7
29,3,2
30,0,8
30,1,16
30,2,3
30,3,3
31,0,10
31,1,14
31,2,2
31,3,5
32,0,9
32,1,15
32,2,4
32,3,4
33,0,10
33,1,16
33,2,4
33,3,2
33,4,1
34,0,9
34,1,18
34,2,4
34,3,3
35,0,10
35,1,17
35,2,4
35,3,4
36,0,9
36,1,20
36,2,3
36,3,3
36,4,1
37,0,9
37,1,19
37,2,6
37,3,3
38,0,12
38,1,15
38,2,6
38,3,5
39,0,11
39,1,17
39,2,7
39,3,4
40,0,12
40,1,18
40,2,6
40,3,4
41,0,11
41,1,20
41,2,5
41,3,5
42,0,9
42,1,24
42,2,3
42,3,5
42,4,1
43,0,12
43,1,19
43,2,6
43,3,6
44,0,11
44,1,22
44,2,5
44,3,5
44,4,1
45,0,13
45,1,19
45,2,8
45,3,5
46,0,10
46,1,26
46,2,4
46,3,5
46,4,1
47,0,13
47,1,19
47,2,8
47,3,7
48,0,15
48,1,19
48,2,8
48,3,6
49,0,10
49,1,28
49,2,3
49,3,7
49,4,1
50,0,11
50,1,27
50,2,6
50,3,6
51,0,15
51,1,20
51,2,8
51,3,8
52,0,16
52,1,21
52,2,7
52,3,7
52,4,1
53,0,12
53,1,26
53,2,8
53,3,7
54,0,13
54,1,27
54,2,7
54,3,6
54,4,1
55,0,11
55,1,32
55,2,5
55,3,5
55,4,2
56,0,12
56,1,28
56,2,9
56,3,7
57,0,17
57,1,25
57,2,8
57,3,5
57,4,2
58,0,13
58,1,29
58,2,9
58,3,6
58,4,1
59,0,16
59,1,24
59,2,9
59,3,10
60,0,16
60,1,27
60,2,8
60,3,8
60,4,1
61,0,13
61,1,27
61,2,14
61,3,6
61,4,1
62,0,17
62,1,29
62,2,7
62,3,7
62,4,2
63,0,15
63,1,27
63,2,11
63,3,9
63,4,1
64,0,14
64,1,32
64,2,11
64,3,7
65,0,16
65,1,31
65,2,7
65,3,10
65,4,1
66,0,15
66,1,33
66,2,9
66,3,7
66,4,2
67,0,15
67,1,31
67,2,12
67,3,8
67,4,1
68,0,17
68,1,32
68,2,9
68,3,9
68,4,1
69,0,13
69,1,37
69,2,10
69,3,7
69,4,2
70,0,21
70,1,25
70,2,12
70,3,10
70,4,2
71,0,15
71,1,36
71,2,11
71,3,8
71,4,1
72,0,15
72,1,35
72,2,10
72,3,10
72,4,2
73,0,17
73,1,33
73,2,11
73,3,11
73,4,1
74,0,17
74,1,34
74,2,12
74,3,10
74,4,1
75,0,18
75,1,33
75,2,13
75,3,9
75,4,2
76,0,22
76,1,26
76,2,17
76,3,10
76,4,1
77,0,14
77,1,43
77,2,8
77,3,10
77,4,2
78,0,18
78,1,35
78,2,12
78,3,11
78,4,2
79,0,23
79,1,30
79,2,13
79,3,12
79,4,1
80,0,13
80,1,44
80,2,11
80,3,8
80,4,4
81,0,20
81,1,33
81,2,17
81,3,10
81,4,1
82,0,19
82,1,38
82,2,12
82,3,10
82,4,3
83,0,20
83,1,33
83,2,14
83,3,15
83,4,1
84,0,17
84,1,44
84,2,11
84,3,9
84,4,3
85,0,16
85,1,43
85,2,14
85,3,8
85,4,4
86,0,21
86,1,37
86,2,15
86,3,12
86,4,1
87,0,22
87,1,37
87,2,11
87,3,15
87,4,2
88,0,18
88,1,44
88,2,12
88,3,11
88,4,3
89,0,18
89,1,44
89,2,13
89,3,12
89,4,2
90,0,20
90,1,41
90,2,14
90,3,12
90,4,3
91,0,20
91,1,41
91,2,16
91,3,10
91,4,4
92,0,19
92,1,44
92,2,15
92,3,12
92,4,2
93,0,23
93,1,39
93,2,15
93,3,13
93,4,3
94,0,21
94,1,41
94,2,21
94,3,8
94,4,3
95,0,21
95,1,43
95,2,15
95,3,13
95,4,3
96,0,21
96,1,41
96,2,20
96,3,12
96,4,2
97,0,22
97,1,41
97,2,18
97,3,13
97,4,3
98,0,23
98,1,44
98,2,16
98,3,13
98,4,2
99,0,21
99,1,45
99,2,20
99,3,9
99,4,4
100,0,23
100,1,43
100,2,15
100,3,15
100,4,4
101,0,22
101,1,44
101,2,20
101,3,12
101,4,3
102,0,20
102,1,48
102,2,19
102,3,11
102,4,4
103,0,21
103,1,48
103,2,16
103,3,14
103,4,4
104,0,21
104,1,49
104,2,19
104,3,13
104,4,2
105,0,21
105,1,51
105,2,14
105,3,14
105,4,5
106,0,24
106,1,47
106,2,16
106,3,17
106,4,2
107,0,19
107,1,53
107,2,16
107,3,16
107,4,3
108,0,23
108,1,50
108,2,15
108,3,16
108,4,4
109,0,24
109,1,48
109,2,17
109,3,15
109,4,5
110,0,24
110,1,49
110,2,20
110,3,13
110,4,4
111,0,27
111,1,41
111,2,24
111,3,16
111,4,3
112,0,25
112,1,47
112,2,18
112,3,19
112,4,3
113,0,24
113,1,46
113,2,24
113,3,16
113,4,3
114,0,25
114,1,52
114,2,15
114,3,17
114,4,5
115,0,22
115,1,55
115,2,17
115,3,18
115,4,3
116,0,23
116,1,55
116,2,19
116,3,13
116,4,6
117,0,29
117,1,44
117,2,21
117,3,20
117,4,3
118,0,21
118,1,59
118,2,19
118,3,13
118,4,6
119,0,19
119,1,62
119,2,21
119,3,14
119,4,3
120,0,29
120,1,51
120,2,16
120,3,20
120,4,4
121,0,28
121,1,46
121,2,23
121,3,20
121,4,4
122,0,23
122,1,58
122,2,22
122,3,15
122,4,3
122,5,1
123,0,30
123,1,47
123,2,25
123,3,16
123,4,5
124,0,25
124,1,54
124,2,26
124,3,15
124,4,4
125,0,27
125,1,53
125,2,19
125,3,23
125,4,3
126,0,29
126,1,55
126,2,20
126,3,17
126,4,5
127,0,23
127,1,61
127,2,22
127,3,16
127,4,5
128,0,24
128,1,61
128,2,21
128,3,18
128,4,4
129,0,24
129,1,61
129,2,22
129,3,15
129,4,7
130,0,28
130,1,58
130,2,20
130,3,17
130,4,7
131,0,28
131,1,57
131,2,24
131,3,16
131,4,6
132,0,28
132,1,56
132,2,21
132,3,24
132,4,3
133,0,25
133,1,60
133,2,27
133,3,16
133,4,5
134,0,31
134,1,55
134,2,25
134,3,18
134,4,5
135,0,30
135,1,55
135,2,24
135,3,20
135,4,6
136,0,23
136,1,69
136,2,21
136,3,16
136,4,7
137,0,22
137,1,77
137,2,14
137,3,18
137,4,6
138,0,27
138,1,61
138,2,25
138,3,18
138,4,7
139,0,33
139,1,49
139,2,30
139,3,23
139,4,4
140,0,25
140,1,66
140,2,26
140,3,19
140,4,3
140,5,1
141,0,33
141,1,60
141,2,18
141,3,24
141,4,6
142,0,29
142,1,60
142,2,27
142,3,20
142,4,6
143,0,24
143,1,71
143,2,20
143,3,23
143,4,5
144,0,32
144,1,63
144,2,25
144,3,17
144,4,7
145,0,26
145,1,65
145,2,30
145,3,16
145,4,8
146,0,34
146,1,57
146,2,29
146,3,20
146,4,6
147,0,30
147,1,63
147,2,30
147,3,18
147,4,6
148,0,33
148,1,59
148,2,28
148,3,22
148,4,5
148,5,1
149,0,26
149,1,70
149,2,28
149,3,21
149,4,4
150,0,32
150,1,65
150,2,23
150,3,19
150,4,11
151,0,33
151,1,60
151,2,32
151,3,20
151,4,6
152,0,27
152,1,71
152,2,28
152,3,20
152,4,5
152,5,1
153,0,30
153,1,66
153,2,29
153,3,22
153,4,6
154,0,35
154,1,60
154,2,28
154,3,25
154,4,6
155,0,30
155,1,68
155,2,29
155,3,21
155,4,7
156,0,27
156,1,74
156,2,31
156,3,15
156,4,9
157,0,28
157,1,78
157,2,21
157,3,21
157,4,9
158,0,31
158,1,68
158,2,31
158,3,22
158,4,6
159,0,30
159,1,71
159,2,30
159,3,19
159,4,9
160,0,33
160,1,67
160,2,31
160,3,23
160,4,6
161,0,32
161,1,72
161,2,30
161,3,18
161,4,8
161,5,1
162,0,32
162,1,68
162,2,32
162,3,22
162,4,7
162,5,1
163,0,36
163,1,61
163,2,36
163,3,24
163,4,6
164,0,29
164,1,80
164,2,24
164,3,25
164,4,6
165,0,30
165,1,77
165,2,30
165,3,18
165,4,10
166,0,33
166,1,71
166,2,29
166,3,26
166,4,7
167,0,33
167,1,70
167,2,34
167,3,21
167,4,9
168,0,31
168,1,78
168,2,28
168,3,23
168,4,8
169,0,38
169,1,64
169,2,31
169,3,28
169,4,8
170,0,33
170,1,74
170,2,31
170,3,24
170,4,8
171,0,33
171,1,81
171,2,24
171,3,23
171,4,10
172,0,30
172,1,83
172,2,28
172,3,22
172,4,9
173,0,33
173,1,71
173,2,37
173,3,25
173,4,7
174,0,28
174,1,86
174,2,28
174,3,19
174,4,13
175,0,36
175,1,70
175,2,38
175,3,24
175,4,7
176,0,39
176,1,70
176,2,34
176,3,23
176,4,10
177,0,30
177,1,82
177,2,35
177,3,22
177,4,7
177,5,1
178,0,29
178,1,85
178,2,32
178,3,23
178,4,9
179,0,40
179,1,69
179,2,33
179,3,27
179,4,10
180,0,36
180,1,77
180,2,32
180,3,27
180,4,8
181,0,39
181,1,70
181,2,32
181,3,33
181,4,7
182,0,34
182,1,80
182,2,35
182,3,24
182,4,9
183,0,40
183,1,70
183,2,34
183,3,31
183,4,7
183,5,1
184,0,31
184,1,86
184,2,37
184,3,22
184,4,7
184,5,1
185,0,39
185,1,74
185,2,36
185,3,25
185,4,11
186,0,36
186,1,80
186,2,35
186,3,25
186,4,10
187,0,34
187,1,84
187,2,34
187,3,23
187,4,12
188,0,30
188,1,90
188,2,35
188,3,23
188,4,10
189,0,39
189,1,77
189,2,38
189,3,26
189,4,8
189,5,1
190,0,34
190,1,87
190,2,37
190,3,22
190,4,9
190,5,1
191,0,40
191,1,73
191,2,39
191,3,30
191,4,9
192,0,37
192,1,79
192,2,42
192,3,23
192,4,11
193,0,41
193,1,77
193,2,34
193,3,29
193,4,12
194,0,32
194,1,94
194,2,29
194,3,28
194,4,11
195,0,34
195,1,89
195,2,39
195,3,22
195,4,11
196,0,37
196,1,86
196,2,35
196,3,26
196,4,12
197,0,38
197,1,83
197,2,36
197,3,31
197,4,9
198,0,37
198,1,83
198,2,38
198,3,31
198,4,8
198,5,1
199,0,39
199,1,82
199,2,38
199,3,29
199,4,11
200,0,33
200,1,92
200,2,37
200,3,28
200,4,10
201,0,35
201,1,94
201,2,35
201,3,23
201,4,13
201,5,1
202,0,42
202,1,85
202,2,33
202,3,31
202,4,10
202,5,1
203,0,39
203,1,79
203,2,43
203,3,31
203,4,11
204,0,44
204,1,79
204,2,45
204,3,25
204,4,11
205,0,40
205,1,83
205,2,38
205,3,35
205,4,8
205,5,1
206,0,44
206,1,76
206,2,47
206,3,31
206,4,7
206,5,1
207,0,35
207,1,97
207,2,34
207,3,28
207,4,13
208,0,36
208,1,96
208,2,40
208,3,22
208,4,14
209,0,38
209,1,88
209,2,46
209,3,26
209,4,11
210,0,38
210,1,97
210,2,32
210,3,28
210,4,15
211,0,42
211,1,86
211,2,37
211,3,34
211,4,12
212,0,38
212,1,93
212,2,41
212,3,29
212,4,10
212,5,1
213,0,36
213,1,92
213,2,45
213,3,30
213,4,10
214,0,38
214,1,102
214,2,30
214,3,29
214,4,14
214,5,1
215,0,40
215,1,91
215,2,43
215,3,33
215,4,8
216,0,36
216,1,103
216,2,36
216,3,23
216,4,18
217,0,42
217,1,89
217,2,45
217,3,29
217,4,11
217,5,1
218,0,43
218,1,87
218,2,45
218,3,30
218,4,13
219,0,36
219,1,98
219,2,45
219,3,30
219,4,10
220,0,44
220,1,92
220,2,42
220,3,26
220,4,16
221,0,43
221,1,90
221,2,44
221,3,34
221,4,10
222,0,41
222,1,96
222,2,46
222,3,24
222,4,13
222,5,2
223,0,46
223,1,84
223,2,50
223,3,30
223,4,13
224,0,39
224,1,93
224,2,50
224,3,33
224,4,8
224,5,1
225,0,38
225,1,105
225,2,41
225,3,24
225,4,16
225,5,1
226,0,45
226,1,92
226,2,46
226,3,30
226,4,13
227,0,44
227,1,85
227,2,56
227,3,34
227,4,7
227,5,1
228,0,38
228,1,107
228,2,34
228,3,32
228,4,17
229,0,41
229,1,102
229,2,38
229,3,34
229,4,14
230,0,45
230,1,95
230,2,46
230,3,31
230,4,12
230,5,1
231,0,41
231,1,96
231,2,51
231,3,30
231,4,13
232,0,39
232,1,102
232,2,46
232,3,29
232,4,15
232,5,1
233,0,48
233,1,93
233,2,42
233,3,35
233,4,15
234,0,41
234,1,103
234,2,45
234,3,32
234,4,13
235,0,41
235,1,102
235,2,46
235,3,33
235,4,12
235,5,1
236,0,46
236,1,89
236,2,58
236,3,32
236,4,10
236,5,1
237,0,45
237,1,95
237,2,51
237,3,30
237,4,16
238,0,49
238,1,90
238,2,53
238,3,33
238,4,12
238,5,1
239,0,43
239,1,99
239,2,52
239,3,31
239,4,14
240,0,47
240,1,95
240,2,51
240,3,32
240,4,14
240,5,1
241,0,44
241,1,102
241,2,42
241,3,37
241,4,16
242,0,42
242,1,98
242,2,58
242,3,35
242,4,7
242,5,2
243,0,50
243,1,95
243,2,48
243,3,33
243,4,17
244,0,41
244,1,112
244,2,41
244,3,33
244,4,17
245,0,42
245,1,109
245,2,43
245,3,31
245,4,20
246,0,46
246,1,103
246,2,49
246,3,35
246,4,13
247,0,39
247,1,116
247,2,45
247,3,30
247,4,16
247,5,1
248,0,46
248,1,101
248,2,50
248,3,38
248,4,12
248,5,1
249,0,43
249,1,106
249,2,49
249,3,37
249,4,13
249,5,1
250,0,45
250,1,111
250,2,44
250,3,33
250,4,16
250,5,1
251,0,45
251,1,108
251,2,47
251,3,36
251,4,15
252,0,49
252,1,100
252,2,49
252,3,35
252,4,19
253,0,40
253,1,115
253,2,55
253,3,29
253,4,12
253,5,2
254,0,41
254,1,117
254,2,44
254,3,35
254,4,17
255,0,47
255,1,105
255,2,52
255,3,34
255,4,17
256,0,53
256,1,98
256,2,52
256,3,37
256,4,14
256,5,2
257,0,41
257,1,113
257,2,54
257,3,35
257,4,13
257,5,1
258,0,48
258,1,105
258,2,54
258,3,34
258,4,17
259,0,51
259,1,102
259,2,51
259,3,38
259,4,17
260,0,48
260,1,108
260,2,51
260,3,36
260,4,17
261,0,40
261,1,122
261,2,48
261,3,34
261,4,16
261,5,1
262,0,46
262,1,115
262,2,49
262,3,32
262,4,19
262,5,1
263,0,41
263,1,119
263,2,51
263,3,36
263,4,15
263,5,1
264,0,50
264,1,102
264,2,62
264,3,35
264,4,14
264,5,1
265,0,47
265,1,107
265,2,61
265,3,34
265,4,15
265,5,1
266,0,50
266,1,113
266,2,48
266,3,37
266,4,18
267,0,51
267,1,108
267,2,50
267,3,40
267,4,18
268,0,53
268,1,110
268,2,46
268,3,42
268,4,15
268,5,2
269,0,45
269,1,112
269,2,58
269,3,37
269,4,17
270,0,46
270,1,112
270,2,60
270,3,38
270,4,13
270,5,1
271,0,48
271,1,113
271,2,54
271,3,39
271,4,16
271,5,1
272,0,51
272,1,111
272,2,54
272,3,37
272,4,19
273,0,48
273,1,113
273,2,55
273,3,42
273,4,12
273,5,3
274,0,51
274,1,114
274,2,50
274,3,41
274,4,18
275,0,49
275,1,115
275,2,59
275,3,32
275,4,20
276,0,45
276,1,119
276,2,53
276,3,43
276,4,15
276,5,1
277,0,50
277,1,122
277,2,48
277,3,39
277,4,17
277,5,1
278,0,56
278,1,106
278,2,53
278,3,47
278,4,14
278,5,2
279,0,44
279,1,123
279,2,54
279,3,39
279,4,19
280,0,49
280,1,119
280,2,60
280,3,31
280,4,21
281,0,46
281,1,122
281,2,53
281,3,40
281,4,19
281,5,1
282,0,53
282,1,108
282,2,63
282,3,43
282,4,14
282,5,1
283,0,49
283,1,121
283,2,51
283,3,43
283,4,18
283,5,1
284,0,59
284,1,105
284,2,59
284,3,43
284,4,18
285,0,49
285,1,114
285,2,66
285,3,39
285,4,15
285,5,2
286,0,54
286,1,110
286,2,65
286,3,38
286,4,18
286,5,1
287,0,50
287,1,123
287,2,54
287,3,37
287,4,23
288,0,49
288,1,129
288,2,51
288,3,37
288,4,21
288,5,1
289,0,46
289,1,122
289,2,63
289,3,44
289,4,13
289,5,1
290,0,53
290,1,118
290,2,56
290,3,41
290,4,21
290,5,1
291,0,52
291,1,124
291,2,56
291,3,41
291,4,16
291,5,2
292,0,51
292,1,123
292,2,59
292,3,36
292,4,22
292,5,1
293,0,51
293,1,118
293,2,61
293,3,49
293,4,14
294,0,47
294,1,130
294,2,56
294,3,39
294,4,21
294,5,1
295,0,54
295,1,122
295,2,53
295,3,46
295,4,19
295,5,1
296,0,49
296,1,129
296,2,58
296,3,38
296,4,20
296,5,2
297,0,45
297,1,135
297,2,61
297,3,34
297,4,22
298,0,57
298,1,114
298,2,65
298,3,43
298,4,18
298,5,1
299,0,56
299,1,117
299,2,62
299,3,44
299,4,20
300,0,56
300,1,119
300,2,60
300,3,46
300,4,18
300,5,1
301,0,52
301,1,130
301,2,60
301,3,36
301,4,22
301,5,1
302,0,49
302,1,129
302,2,65
302,3,38
302,4,19
302,5,2
303,0,58
303,1,118
303,2,62
303,3,44
303,4,20
303,5,1
304,0,57
304,1,118
304,2,63
304,3,46
304,4,20
305,0,56
305,1,121
305,2,66
305,3,43
305,4,18
305,5,1
306,0,48
306,1,136
306,2,62
306,3,40
306,4,18
306,5,2
307,0,58
307,1,113
307,2,75
307,3,44
307,4,15
307,5,2
308,0,58
308,1,118
308,2,69
308,3,46
308,4,16
308,5,1
309,0,55
309,1,125
309,2,63
309,3,45
309,4,20
309,5,1
310,0,49
310,1,137
310,2,60
310,3,38
310,4,25
310,5,1
311,0,52
311,1,134
311,2,61
311,3,43
311,4,19
311,5,2
312,0,55
312,1,135
312,2,56
312,3,39
312,4,27
313,0,50
313,1,134
313,2,69
313,3,38
313,4,21
313,5,1
314,0,59
314,1,120
314,2,63
314,3,54
314,4,17
314,5,1
315,0,55
315,1,129
315,2,64
315,3,46
315,4,20
315,5,1
316,0,51
316,1,140
316,2,60
316,3,40
316,4,24
316,5,1
317,0,54
317,1,131
317,2,63
317,3,48
317,4,19
317,5,2
318,0,60
318,1,125
318,2,66
318,3,45
318,4,21
318,5,1
319,0,60
319,1,121
319,2,66
319,3,51
319,4,21
320,0,50
320,1,139
320,2,67
320,3,42
320,4,20
320,5,2
321,0,52
321,1,147
321,2,58
321,3,35
321,4,29
322,0,57
322,1,132
322,2,63
322,3,50
322,4,18
322,5,2
323,0,58
323,1,127
323,2,71
323,3,42
323,4,25
324,0,55
324,1,135
324,2,70
324,3,40
324,4,22
324,5,2
325,0,50
325,1,141
325,2,67
325,3,46
325,4,20
325,5,1
326,0,64
326,1,127
326,2,61
326,3,51
326,4,22
326,5,1
327,0,47
327,1,147
327,2,68
327,3,43
327,4,20
327,5,2
328,0,60
328,1,139
328,2,62
328,3,38
328,4,28
328,5,1
329,0,55
329,1,130
329,2,76
329,3,48
329,4,19
329,5,1
330,0,62
330,1,129
330,2,66
330,3,51
330,4,21
330,5,1
331,0,51
331,1,143
331,2,69
331,3,46
331,4,20
331,5,2
332,0,57
332,1,144
332,2,60
332,3,43
332,4,28
333,0,57
333,1,139
333,2,71
333,3,44
333,4,20
333,5,2
334,0,59
334,1,132
334,2,70
334,3,48
334,4,24
334,5,1
335,0,51
335,1,150
335,2,65
335,3,45
335,4,23
335,5,1
336,0,66
336,1,126
336,2,75
336,3,42
336,4,25
336,5,2
337,0,55
337,1,141
337,2,72
337,3,47
337,4,20
337,5,2
338,0,56
338,1,139
338,2,73
338,3,49
338,4,20
338,5,1
339,0,54
339,1,144
339,2,73
339,3,43
339,4,23
339,5,2
340,0,66
340,1,133
340,2,66
340,3,52
340,4,21
340,5,2
341,0,54
341,1,145
341,2,71
341,3,44
341,4,26
341,5,1
342,0,57
342,1,137
342,2,76
342,3,51
342,4,20
342,5,1
343,0,61
343,1,141
343,2,67
343,3,47
343,4,26
343,5,1
344,0,55
344,1,146
344,2,78
344,3,43
344,4,20
344,5,2
345,0,60
345,1,145
345,2,66
345,3,47
345,4,25
345,5,2
346,0,61
346,1,140
346,2,70
346,3,49
346,4,26
347,0,64
347,1,133
347,2,74
347,3,54
347,4,20
347,5,2
348,0,61
348,1,136
348,2,80
348,3,46
348,4,22
348,5,3
349,0,62
349,1,136
349,2,79
349,3,48
349,4,23
349,5,1
350,0,56
350,1,149
350,2,72
350,3,51
350,4,19
350,5,3
351,0,63
351,1,140
351,2,75
351,3,43
351,4,29
351,5,1
352,0,60
352,1,140
352,2,78
352,3,49
352,4,24
352,5,1
353,0,61
353,1,146
353,2,69
353,3,53
353,4,23
353,5,1
354,0,61
354,1,146
354,2,70
354,3,47
354,4,29
354,5,1
355,0,59
355,1,149
355,2,68
355,3,55
355,4,22
355,5,2
356,0,54
356,1,157
356,2,73
356,3,45
356,4,25
356,5,2
357,0,62
357,1,148
357,2,72
357,3,47
357,4,27
357,5,1
358,0,66
358,1,138
358,2,73
358,3,56
358,4,23
358,5,2
359,0,67
359,1,135
359,2,81
359,3,49
359,4,26
359,5,1
360,0,56
360,1,153
360,2,75
360,3,52
360,4,21
360,5,3
361,0,61
361,1,146
361,2,78
361,3,53
361,4,20
361,5,3
362,0,59
362,1,148
362,2,81
362,3,47
362,4,27
363,0,59
363,1,154
363,2,72
363,3,50
363,4,26
363,5,2
364,0,67
364,1,141
364,2,82
364,3,46
364,4,27
364,5,1
365,0,57
365,1,159
365,2,72
365,3,47
365,4,28
365,5,2
366,0,63
366,1,149
366,2,80
366,3,45
366,4,28
366,5,1
367,0,60
367,1,151
367,2,78
367,3,49
367,4,27
367,5,2
368,0,64
368,1,142
368,2,81
368,3,59
368,4,20
368,5,2
369,0,74
369,1,136
369,2,71
369,3,61
369,4,27
370,0,62
370,1,154
370,2,80
370,3,49
370,4,23
370,5,2
371,0,60
371,1,154
371,2,80
371,3,47
371,4,28
371,5,2
372,0,61
372,1,156
372,2,68
372,3,61
372,4,24
372,5,2
373,0,63
373,1,152
373,2,83
373,3,43
373,4,32
374,0,65
374,1,149
374,2,82
374,3,51
374,4,23
374,5,4
375,0,67
375,1,143
375,2,83
375,3,53
375,4,27
375,5,2
376,0,67
376,1,147
376,2,81
376,3,55
376,4,24
376,5,2
377,0,59
377,1,164
377,2,76
377,3,48
377,4,28
377,5,2
378,0,59
378,1,164
378,2,74
378,3,52
378,4,28
378,5,1
379,0,58
379,1,160
379,2,85
379,3,47
379,4,27
379,5,2
380,0,63
380,1,157
380,2,80
380,3,52
380,4,27
380,5,1
381,0,64
381,1,153
381,2,79
381,3,57
381,4,26
381,5,2
382,0,67
382,1,157
382,2,77
382,3,46
382,4,33
382,5,2
383,0,65
383,1,152
383,2,87
383,3,52
383,4,24
383,5,3
384,0,61
384,1,160
384,2,80
384,3,54
384,4,27
384,5,2
385,0,64
385,1,157
385,2,84
385,3,50
385,4,26
385,5,4
386,0,73
386,1,141
386,2,87
386,3,59
386,4,26
387,0,66
387,1,155
387,2,82
387,3,55
387,4,26
387,5,3
388,0,65
388,1,164
388,2,76
388,3,47
388,4,35
388,5,1
389,0,74
389,1,136
389,2,92
389,3,61
389,4,24
389,5,2
390,0,66
390,1,159
390,2,82
390,3,53
390,4,29
390,5,1
391,0,64
391,1,161
391,2,82
391,3,56
391,4,25
391,5,3
392,0,64
392,1,166
392,2,76
392,3,54
392,4,30
392,5,2
393,0,65
393,1,161
393,2,85
393,3,51
393,4,30
393,5,1
394,0,67
394,1,155
394,2,81
394,3,66
394,4,21
394,5,4
395,0,60
395,1,177
395,2,78
395,3,48
395,4,31
395,5,1
396,0,70
396,1,150
396,2,87
396,3,60
396,4,27
396,5,2
397,0,62
397,1,169
397,2,80
397,3,53
397,4,32
397,5,1
398,0,63
398,1,169
398,2,84
398,3,52
398,4,28
398,5,2
399,0,68
399,1,154
399,2,89
399,3,59
399,4,26
399,5,3
400,0,69
400,1,160
400,2,83
400,3,57
400,4,29
400,5,2
401,0,66
401,1,166
401,2,81
401,3,56
401,4,30
401,5,2
402,0,59
402,1,180
402,2,78
402,3,52
402,4,31
402,5,2
403,0,74
403,1,154
403,2,86
403,3,57
403,4,29
403,5,3
404,0,67
404,1,170
404,2,78
404,3,57
404,4,32
405,0,66
405,1,163
405,2,88
405,3,53
405,4,34
405,5,1
406,0,62
406,1,174
406,2,84
406,3,51
406,4,32
406,5,3
407,0,63
407,1,169
407,2,96
407,3,53
407,4,23
407,5,3
408,0,74
408,1,159
408,2,81
408,3,58
408,4,35
408,5,1
409,0,63
409,1,178
409,2,76
409,3,61
409,4,28
409,5,3
410,0,60
410,1,179
410,2,82
410,3,60
410,4,27
410,5,2
411,0,67
411,1,170
411,2,83
411,3,56
411,4,33
411,5,2
412,0,75
412,1,149
412,2,101
412,3,58
412,4,28
412,5,1
413,0,65
413,1,177
413,2,81
413,3,55
413,4,33
413,5,2
414,0,74
414,1,162
414,2,84
414,3,64
414,4,27
414,5,3
415,0,71
415,1,165
415,2,89
415,3,56
415,4,33
415,5,1
416,0,65
416,1,174
416,2,90
416,3,50
416,4,34
416,5,3
417,0,71
417,1,167
417,2,94
417,3,50
417,4,33
417,5,2
418,0,59
418,1,186
418,2,84
418,3,56
418,4,32
418,5,1
419,0,77
419,1,155
419,2,92
419,3,67
419,4,25
419,5,3
420,0,74
420,1,161
420,2,92
420,3,61
420,4,29
420,5,3
421,0,61
421,1,183
421,2,89
421,3,55
421,4,30
421,5,3
422,0,77
422,1,158
422,2,94
422,3,58
422,4,33
422,5,2
423,0,76
423,1,158
423,2,88
423,3,70
423,4,28
423,5,3
424,0,75
424,1,174
424,2,81
424,3,57
424,4,35
424,5,2
425,0,56
425,1,192
425,2,93
425,3,46
425,4,37
425,5,1
426,0,73
426,1,161
426,2,102
426,3,62
426,4,24
426,5,4
427,0,72
427,1,172
427,2,89
427,3,57
427,4,35
427,5,2
428,0,73
428,1,164
428,2,103
428,3,56
428,4,29
428,5,3
429,0,68
429,1,176
429,2,89
429,3,64
429,4,31
429,5,1
430,0,78
430,1,158
430,2,105
430,3,55
430,4,29
430,5,5
431,0,73
431,1,173
431,2,93
431,3,58
431,4,32
431,5,2
432,0,78
432,1,165
432,2,90
432,3,64
432,4,33
432,5,2
433,0,63
433,1,188
433,2,89
433,3,56
433,4,35
433,5,2
434,0,70
434,1,175
434,2,92
434,3,62
434,4,33
434,5,2
435,0,78
435,1,164
435,2,101
435,3,59
435,4,29
435,5,4
436,0,68
436,1,179
436,2,97
436,3,56
436,4,33
436,5,3
437,0,74
437,1,175
437,2,89
437,3,66
437,4,31
437,5,2
438,0,71
438,1,175
438,2,97
438,3,60
438,4,32
438,5,3
439,0,75
439,1,163
439,2,104
439,3,70
439,4,23
439,5,4
440,0,68
440,1,188
440,2,87
440,3,55
440,4,42
441,0,76
441,1,171
441,2,100
441,3,60
441,4,31
441,5,3
442,0,71
442,1,186
442,2,87
442,3,57
442,4,39
442,5,2
443,0,68
443,1,187
443,2,86
443,3,70
443,4,29
443,5,3
444,0,77
444,1,171
444,2,105
444,3,51
444,4,38
444,5,2
445,0,74
445,1,173
445,2,95
445,3,71
445,4,28
445,5,4
446,0,72
446,1,178
446,2,97
446,3,67
446,4,29
446,5,3
447,0,69
447,1,191
447,2,90
447,3,58
447,4,37
447,5,2
448,0,70
448,1,184
448,2,97
448,3,60
448,4,34
448,5,3
449,0,77
449,1,177
449,2,97
449,3,59
449,4,36
449,5,3
450,0,74
450,1,179
450,2,95
450,3,69
450,4,30
450,5,3
451,0,65
451,1,196
451,2,93
451,3,57
451,4,38
451,5,2
452,0,75
452,1,173
452,2,107
452,3,64
452,4,30
452,5,3
453,0,76
453,1,182
453,2,94
453,3,65
453,4,31
453,5,5
454,0,74
454,1,180
454,2,106
454,3,55
454,4,37
454,5,2
455,0,78
455,1,175
455,2,98
455,3,69
455,4,33
455,5,2
456,0,80
456,1,177
456,2,97
456,3,64
456,4,34
456,5,4
457,0,77
457,1,173
457,2,106
457,3,68
457,4,30
457,5,3
458,0,82
458,1,175
458,2,94
458,3,71
458,4,33
458,5,3
459,0,76
459,1,179
459,2,103
459,3,66
459,4,31
459,5,4
460,0,70
460,1,193
460,2,94
460,3,66
460,4,35
460,5,2
461,0,72
461,1,189
461,2,98
461,3,61
461,4,39
461,5,2
462,0,73
462,1,195
462,2,87
462,3,67
462,4,37
462,5,3
463,0,74
463,1,188
463,2,99
463,3,62
463,4,38
463,5,2
464,0,73
464,1,190
464,2,101
464,3,59
464,4,39
464,5,2
465,0,69
465,1,198
465,2,96
465,3,64
465,4,34
465,5,4
466,0,78
466,1,185
466,2,100
466,3,66
466,4,34
466,5,3
467,0,79
467,1,185
467,2,93
467,3,72
467,4,36
467,5,2
468,0,84
468,1,172
468,2,104
468,3,71
468,4,33
468,5,4
469,0,74
469,1,192
469,2,99
469,3,60
469,4,43
469,5,1
470,0,77
470,1,183
470,2,106
470,3,67
470,4,34
470,5,3
471,0,71
471,1,189
471,2,115
471,3,58
471,4,34
471,5,4
472,0,82
472,1,181
472,2,99
472,3,68
472,4,39
472,5,3
473,0,75
473,1,192
473,2,100
473,3,71
473,4,31
473,5,4
474,0,81
474,1,182
474,2,109
474,3,62
474,4,37
474,5,3
475,0,74
475,1,197
475,2,96
475,3,67
475,4,39
475,5,2
476,0,76
476,1,197
476,2,91
476,3,72
476,4,38
476,5,2
477,0,77
477,1,190
477,2,112
477,3,58
477,4,35
477,5,5
478,0,84
478,1,169
478,2,119
478,3,73
478,4,28
478,5,5
479,0,91
479,1,167
479,2,114
479,3,65
479,4,39
479,5,3
480,0,72
480,1,199
480,2,108
480,3,60
480,4,39
480,5,2
481,0,73
481,1,198
481,2,100
481,3,69
481,4,36
481,5,5
482,0,73
482,1,208
482,2,98
482,3,60
482,4,41
482,5,2
483,0,74
483,1,196
483,2,108
483,3,62
483,4,39
483,5,4
484,0,83
484,1,191
484,2,104
484,3,63
484,4,42
484,5,1
485,0,68
485,1,208
485,2,98
485,3,73
485,4,35
485,5,3
486,0,78
486,1,200
486,2,101
486,3,66
486,4,38
486,5,3
487,0,71
487,1,203
487,2,110
487,3,65
487,4,32
487,5,6
488,0,82
488,1,195
488,2,97
488,3,71
488,4,42
488,5,1
489,0,81
489,1,185
489,2,108
489,3,79
489,4,33
489,5,3
490,0,79
490,1,202
490,2,99
490,3,66
490,4,41
490,5,3
491,0,85
491,1,183
491,2,109
491,3,72
491,4,39
491,5,3
492,0,75
492,1,202
492,2,106
492,3,69
492,4,37
492,5,3
493,0,79
493,1,200
493,2,104
493,3,66
493,4,39
493,5,5
494,0,85
494,1,184
494,2,114
494,3,72
494,4,37
494,5,2
495,0,80
495,1,200
495,2,97
495,3,76
495,4,37
495,5,5
496,0,85
496,1,191
496,2,110
496,3,68
496,4,41
496,5,1
497,0,77
497,1,201
497,2,113
497,3,66
497,4,36
497,5,4
498,0,88
498,1,179
498,2,118
498,3,70
498,4,39
498,5,4
499,0,80
499,1,200
499,2,110
499,3,65
499,4,40
499,5,4
500,0,71
500,1,216
500,2,102
500,3,69
500,4,38
500,5,4
501,0,89
501,1,186
501,2,108
501,3,79
501,4,38
501,5,1
502,0,78
502,1,207
502,2,105
502,3,70
502,4,37
502,5,5
503,0,81
503,1,196
503,2,109
503,3,69
503,4,45
503,5,3
504,0,78
504,1,203
504,2,120
504,3,64
504,4,37
504,5,2
505,0,88
505,1,187
505,2,112
505,3,75
505,4,41
505,5,1
505,6,1
506,0,70
506,1,218
506,2,109
506,3,66
506,4,40
506,5,3
507,0,80
507,1,207
507,2,105
507,3,69
507,4,42
507,5,4
508,0,86
508,1,198
508,2,99
508,3,81
508,4,41
508,5,3
509,0,80
509,1,209
509,2,104
509,3,71
509,4,43
509,5,2
510,0,80
510,1,200
510,2,118
510,3,73
510,4,35
510,5,4
511,0,75
511,1,211
511,2,117
511,3,65
511,4,39
511,5,4
512,0,79
512,1,215
512,2,100
512,3,72
512,4,41
512,5,5
513,0,89
513,1,190
513,2,121
513,3,64
513,4,46
513,5,3
514,0,79
514,1,205
514,2,120
514,3,68
514,4,38
514,5,4
515,0,85
515,1,195
515,2,122
515,3,74
515,4,35
515,5,4
516,0,83
516,1,206
516,2,108
516,3,72
516,4,44
516,5,3
517,0,96
517,1,187
517,2,110
517,3,82
517,4,39
517,5,3
518,0,83
518,1,203
518,2,115
518,3,74
518,4,39
518,5,4
519,0,82
519,1,202
519,2,123
519,3,70
519,4,37
519,5,5
520,0,84
520,1,203
520,2,119
520,3,71
520,4,37
520,5,6
521,0,89
521,1,203
521,2,109
521,3,68
521,4,49
521,5,3
522,0,76
522,1,214
522,2,119
522,3,71
522,4,39
522,5,3
523,0,75
523,1,217
523,2,118
523,3,65
523,4,42
523,5,6
524,0,91
524,1,195
524,2,118
524,3,80
524,4,36
524,5,4
525,0,88
525,1,200
525,2,122
525,3,70
525,4,41
525,5,4
526,0,79
526,1,213
526,2,118
526,3,70
526,4,42
526,5,4
527,0,83
527,1,217
527,2,104
527,3,75
527,4,46
527,5,2
528,0,80
528,1,222
528,2,102
528,3,79
528,4,40
528,5,5
529,0,86
529,1,207
529,2,114
529,3,71
529,4,50
529,5,1
530,0,94
530,1,197
530,2,117
530,3,78
530,4,39
530,5,5
531,0,83
531,1,207
531,2,120
531,3,80
531,4,39
531,5,2
532,0,76
532,1,227
532,2,111
532,3,72
532,4,41
532,5,5
533,0,96
533,1,192
533,2,116
533,3,83
533,4,44
533,5,2
534,0,77
534,1,233
534,2,110
534,3,63
534,4,47
534,5,3
534,6,1
535,0,85
535,1,216
535,2,109
535,3,76
535,4,47
535,5,2
536,0,71
536,1,230
536,2,123
536,3,66
536,4,42
536,5,4
537,0,93
537,1,204
537,2,117
537,3,73
537,4,46
537,5,4
538,0,85
538,1,212
538,2,124
538,3,71
538,4,43
538,5,3
539,0,89
539,1,209
539,2,115
539,3,82
539,4,38
539,5,6
540,0,82
540,1,217
540,2,129
540,3,63
540,4,45
540,5,4
541,0,78
541,1,225
541,2,116
541,3,75
541,4,43
541,5,4
542,0,86
542,1,210
542,2,129
542,3,71
542,4,43
542,5,3
543,0,82
543,1,229
543,2,105
543,3,78
543,4,43
543,5,6
544,0,91
544,1,211
544,2,116
544,3,78
544,4,46
544,5,2
545,0,80
545,1,232
545,2,112
545,3,71
545,4,47
545,5,3
546,0,81
546,1,228
546,2,113
546,3,73
546,4,47
546,5,4
547,0,84
547,1,222
547,2,122
547,3,68
547,4,47
547,5,4
548,0,92
548,1,203
548,2,130
548,3,76
548,4,44
548,5,3
549,0,81
549,1,218
549,2,136
549,3,68
549,4,41
549,5,5
550,0,97
550,1,201
550,2,125
550,3,79
550,4,43
550,5,5
551,0,90
551,1,217
551,2,122
551,3,69
551,4,49
551,5,4
552,0,96
552,1,205
552,2,123
552,3,81
552,4,42
552,5,5
553,0,89
553,1,213
553,2,129
553,3,78
553,4,39
553,5,5
554,0,81
554,1,228
554,2,123
554,3,67
554,4,51
554,5,4
555,0,88
555,1,218
555,2,125
555,3,78
555,4,41
555,5,5
556,0,86
556,1,218
556,2,135
556,3,71
556,4,40
556,5,6
557,0,86
557,1,217
557,2,131
557,3,77
557,4,41
557,5,5
558,0,86
558,1,227
558,2,114
558,3,81
558,4,46
558,5,4
559,0,90
559,1,218
559,2,133
559,3,69
559,4,43
559,5,6
560,0,95
560,1,212
560,2,120
560,3,87
560,4,43
560,5,3
561,0,84
561,1,221
561,2,133
561,3,77
561,4,41
561,5,5
562,0,95
562,1,217
562,2,122
562,3,78
562,4,45
562,5,5
563,0,89
563,1,221
563,2,122
563,3,81
563,4,45
563,5,5
564,0,98
564,1,213
564,2,119
564,3,83
564,4,49
564,5,2
565,0,98
565,1,205
565,2,137
565,3,75
565,4,45
565,5,5
566,0,88
566,1,214
566,2,141
566,3,77
566,4,38
566,5,8
567,0,91
567,1,211
567,2,148
567,3,72
567,4,40
567,5,5
568,0,83
568,1,232
568,2,124
568,3,81
568,4,43
568,5,5
569,0,93
569,1,219
569,2,128
569,3,82
569,4,40
569,5,7
570,0,96
570,1,214
570,2,129
570,3,75
570,4,53
570,5,3
571,0,84
571,1,233
571,2,128
571,3,74
571,4,48
571,5,4
572,0,98
572,1,215
572,2,129
572,3,78
572,4,47
572,5,5
573,0,87
573,1,224
573,2,137
573,3,76
573,4,45
573,5,4
574,0,92
574,1,220
574,2,132
574,3,84
574,4,40
574,5,6
575,0,93
575,1,222
575,2,129
575,3,80
575,4,48
575,5,3
576,0,86
576,1,240
576,2,116
576,3,78
576,4,52
576,5,4
577,0,93
577,1,218
577,2,140
577,3,73
577,4,48
577,5,5
578,0,93
578,1,223
578,2,132
578,3,78
578,4,49
578,5,3
579,0,86
579,1,237
579,2,127
579,3,77
579,4,47
579,5,5
580,0,97
580,1,225
580,2,120
580,3,80
580,4,54
580,5,4
581,0,95
581,1,216
581,2,134
581,3,87
581,4,46
581,5,3
582,0,82
582,1,254
582,2,119
582,3,73
582,4,46
582,5,8
583,0,91
583,1,218
583,2,149
583,3,78
583,4,40
583,5,7
584,0,92
584,1,232
584,2,128
584,3,81
584,4,48
584,5,3
585,0,93
585,1,230
585,2,129
585,3,75
585,4,55
585,5,3
586,0,90
586,1,236
586,2,122
586,3,88
586,4,44
586,5,6
587,0,92
587,1,219
587,2,153
587,3,73
587,4,46
587,5,3
587,6,1
588,0,95
588,1,227
588,2,127
588,3,89
588,4,45
588,5,5
589,0,96
589,1,229
589,2,130
589,3,83
589,4,44
589,5,7
590,0,87
590,1,240
590,2,128
590,3,78
590,4,56
590,5,1
591,0,96
591,1,228
591,2,138
591,3,78
591,4,43
591,5,8
592,0,93
592,1,234
592,2,121
592,3,89
592,4,52
592,5,3
593,0,98
593,1,224
593,2,133
593,3,81
593,4,55
593,5,2
594,0,93
594,1,230
594,2,138
594,3,87
594,4,41
594,5,5
595,0,103
595,1,220
595,2,137
595,3,74
595,4,53
595,5,8
596,0,85
596,1,247
596,2,131
596,3,86
596,4,42
596,5,5
597,0,86
597,1,245
597,2,136
597,3,75
597,4,49
597,5,6
598,0,99
598,1,211
598,2,159
598,3,80
598,4,43
598,5,6
599,0,90
599,1,250
599,2,120
599,3,78
599,4,56
599,5,5
600,0,78
600,1,258
600,2,135
600,3,71
600,4,54
600,5,4
601,0,105
601,1,222
601,2,135
601,3,84
601,4,48
601,5,7
602,0,93
602,1,243
602,2,125
602,3,84
602,4,54
602,5,3
603,0,93
603,1,237
603,2,133
603,3,82
603,4,54
603,5,4
604,0,95
604,1,228
604,2,144
604,3,90
604,4,41
604,5,6
605,0,103
605,1,227
605,2,137
605,3,81
605,4,53
605,5,4
606,0,93
606,1,234
606,2,139
606,3,86
606,4,47
606,5,7
607,0,80
607,1,259
607,2,139
607,3,74
607,4,51
607,5,4
608,0,90
608,1,252
608,2,128
608,3,77
608,4,57
608,5,4
609,0,88
609,1,256
609,2,122
609,3,88
609,4,51
609,5,4
610,0,99
610,1,232
610,2,143
610,3,75
610,4,57
610,5,3
610,6,1
611,0,90
611,1,244
611,2,138
611,3,87
611,4,47
611,5,5
612,0,109
612,1,225
612,2,131
612,3,84
612,4,59
612,5,4
613,0,96
613,1,237
613,2,136
613,3,92
613,4,47
613,5,5
614,0,88
614,1,255
614,2,131
614,3,85
614,4,50
614,5,5
615,0,98
615,1,235
615,2,141
615,3,84
615,4,54
615,5,3
616,0,94
616,1,245
616,2,135
616,3,85
616,4,52
616,5,5
617,0,93
617,1,236
617,2,147
617,3,91
617,4,42
617,5,8
618,0,96
618,1,252
618,2,131
618,3,80
618,4,52
618,5,7
619,0,99
619,1,227
619,2,152
619,3,82
619,4,53
619,5,6
620,0,99
620,1,241
620,2,140
620,3,83
620,4,53
620,5,4
621,0,94
621,1,249
621,2,131
621,3,86
621,4,53
621,5,8
622,0,87
622,1,252
622,2,151
622,3,82
622,4,44
622,5,6
623,0,96
623,1,247
623,2,133
623,3,84
623,4,59
623,5,4
624,0,105
624,1,227
624,2,143
624,3,98
624,4,46
624,5,5
625,0,98
625,1,243
625,2,136
625,3,87
625,4,56
625,5,5
626,0,110
626,1,219
626,2,152
626,3,96
626,4,43
626,5,6
627,0,101
627,1,240
627,2,137
627,3,92
627,4,51
627,5,6
628,0,98
628,1,239
628,2,149
628,3,87
628,4,49
628,5,6
629,0,88
629,1,260
629,2,144
629,3,79
629,4,53
629,5,5
630,0,100
630,1,251
630,2,129
630,3,87
630,4,57
630,5,6
631,0,100
631,1,246
631,2,137
631,3,87
631,4,55
631,5,6
632,0,97
632,1,243
632,2,149
632,3,90
632,4,47
632,5,6
633,0,86
633,1,271
633,2,131
633,3,84
633,4,55
633,5,6
634,0,98
634,1,255
634,2,135
634,3,82
634,4,61
634,5,3
635,0,99
635,1,242
635,2,142
635,3,100
635,4,46
635,5,6
636,0,93
636,1,258
636,2,142
636,3,80
636,4,57
636,5,6
637,0,87
637,1,272
637,2,127
637,3,90
637,4,57
637,5,4
638,0,105
638,1,243
638,2,144
638,3,86
638,4,55
638,5,5
639,0,101
639,1,248
639,2,143
639,3,93
639,4,47
639,5,7
640,0,102
640,1,245
640,2,138
640,3,96
640,4,51
640,5,8
641,0,105
641,1,239
641,2,143
641,3,97
641,4,54
641,5,3
642,0,89
642,1,269
642,2,140
642,3,88
642,4,49
642,5,7
643,0,103
643,1,246
643,2,141
643,3,90
643,4,57
643,5,6
644,0,105
644,1,239
644,2,152
644,3,92
644,4,50
644,5,6
645,0,91
645,1,258
645,2,153
645,3,84
645,4,53
645,5,6
646,0,104
646,1,250
646,2,141
646,3,90
646,4,54
646,5,7
647,0,105
647,1,233
647,2,168
647,3,80
647,4,54
647,5,7
648,0,100
648,1,255
648,2,141
648,3,88
648,4,59
648,5,5
649,0,95
649,1,264
649,2,141
649,3,88
649,4,56
649,5,5
650,0,106
650,1,237
650,2,157
650,3,92
650,4,51
650,5,7
651,0,103
651,1,251
651,2,144
651,3,97
651,4,49
651,5,7
652,0,93
652,1,269
652,2,133
652,3,93
652,4,57
652,5,7
653,0,97
653,1,252
653,2,153
653,3,96
653,4,50
653,5,5
654,0,98
654,1,255
654,2,154
654,3,90
654,4,51
654,5,6
655,0,108
655,1,241
655,2,159
655,3,82
655,4,57
655,5,8
656,0,104
656,1,257
656,2,135
656,3,101
656,4,52
656,5,7
657,0,111
657,1,236
657,2,159
657,3,90
657,4,55
657,5,6
658,0,105
658,1,246
658,2,151
658,3,94
658,4,59
658,5,3
659,0,112
659,1,235
659,2,161
659,3,92
659,4,53
659,5,5
659,6,1
660,0,99
660,1,258
660,2,144
660,3,100
660,4,54
660,5,5
661,0,92
661,1,280
661,2,143
661,3,78
661,4,61
661,5,7
662,0,97
662,1,262
662,2,144
662,3,97
662,4,57
662,5,5
663,0,108
663,1,243
663,2,158
663,3,96
663,4,51
663,5,6
663,6,1
664,0,104
664,1,252
664,2,155
664,3,92
664,4,55
664,5,6
665,0,112
665,1,244
665,2,150
665,3,95
665,4,59
665,5,5
666,0,112
666,1,246
666,2,141
666,3,107
666,4,54
666,5,6
667,0,91
667,1,277
667,2,151
667,3,89
667,4,50
667,5,9
668,0,95
668,1,273
668,2,141
668,3,98
668,4,55
668,5,6
669,0,94
669,1,285
669,2,136
669,3,85
669,4,65
669,5,4
670,0,109
670,1,253
670,2,143
670,3,103
670,4,56
670,5,6
671,0,109
671,1,257
671,2,139
671,3,103
671,4,60
671,5,3
672,0,96
672,1,263
672,2,166
672,3,85
672,4,55
672,5,6
672,6,1
673,0,97
673,1,273
673,2,153
673,3,83
673,4,58
673,5,9
674,0,106
674,1,256
674,2,151
674,3,93
674,4,63
674,5,5
675,0,100
675,1,276
675,2,141
675,3,98
675,4,54
675,5,6
676,0,101
676,1,271
676,2,142
676,3,98
676,4,58
676,5,6
677,0,105
677,1,257
677,2,151
677,3,101
677,4,57
677,5,6
678,0,96
678,1,278
678,2,148
678,3,95
678,4,54
678,5,7
679,0,91
679,1,282
679,2,152
679,3,89
679,4,58
679,5,7
680,0,105
680,1,264
680,2,152
680,3,95
680,4,59
680,5,5
681,0,119
681,1,249
681,2,141
681,3,98
681,4,70
681,5,4
682,0,97
682,1,272
682,2,163
682,3,86
682,4,58
682,5,5
682,6,1
683,0,103
683,1,270
683,2,149
683,3,98
683,4,57
683,5,6
684,0,111
684,1,242
684,2,166
684,3,106
684,4,54
684,5,5
685,0,111
685,1,263
685,2,151
685,3,92
685,4,58
685,5,10
686,0,112
686,1,258
686,2,150
686,3,97
686,4,65
686,5,4
687,0,98
687,1,276
687,2,161
687,3,89
687,4,56
687,5,7
688,0,111
688,1,256
688,2,156
688,3,97
688,4,62
688,5,6
689,0,119
689,1,247
689,2,157
689,3,103
689,4,57
689,5,6
690,0,94
690,1,277
690,2,160
690,3,97
690,4,55
690,5,7
691,0,112
691,1,250
691,2,167
691,3,100
691,4,52
691,5,10
692,0,105
692,1,275
692,2,147
692,3,99
692,4,60
692,5,6
693,0,106
693,1,265
693,2,164
693,3,93
693,4,57
693,5,8
694,0,111
694,1,261
694,2,152
694,3,110
694,4,52
694,5,8
695,0,105
695,1,267
695,2,165
695,3,93
695,4,58
695,5,7
696,0,85
696,1,305
696,2,157
696,3,78
696,4,63
696,5,8
697,0,109
697,1,256
697,2,171
697,3,99
697,4,53
697,5,9
698,0,112
698,1,262
698,2,151
698,3,109
698,4,59
698,5,5
699,0,112
699,1,264
699,2,162
699,3,90
699,4,63
699,5,8
700,0,108
700,1,267
700,2,167
700,3,92
700,4,60
700,5,6
701,0,104
701,1,279
701,2,152
701,3,99
701,4,61
701,5,6
702,0,106
702,1,271
702,2,160
702,3,103
702,4,55
702,5,7
703,0,118
703,1,248
703,2,167
703,3,108
703,4,53
703,5,9
704,0,104
704,1,287
704,2,150
704,3,90
704,4,66
704,5,7
705,0,106
705,1,264
705,2,167
705,3,106
705,4,53
705,5,9
706,0,115
706,1,263
706,2,157
706,3,112
706,4,52
706,5,7
707,0,116
707,1,266
707,2,166
707,3,81
707,4,70
707,5,8
708,0,94
708,1,293
708,2,161
708,3,94
708,4,57
708,5,9
709,0,103
709,1,272
709,2,169
709,3,101
709,4,58
709,5,6
710,0,117
710,1,253
710,2,174
710,3,101
710,4,59
710,5,5
710,6,1
711,0,108
711,1,273
711,2,168
711,3,93
711,4,62
711,5,7
712,0,104
712,1,285
712,2,155
712,3,98
712,4,64
712,5,6
713,0,106
713,1,278
713,2,158
713,3,102
713,4,62
713,5,7
714,0,110
714,1,290
714,2,144
714,3,100
714,4,64
714,5,6
715,0,101
715,1,284
715,2,162
715,3,97
715,4,65
715,5,6
716,0,116
716,1,268
716,2,162
716,3,105
716,4,58
716,5,7
717,0,99
717,1,298
717,2,154
717,3,97
717,4,59
717,5,10
718,0,119
718,1,246
718,2,181
718,3,114
718,4,51
718,5,7
719,0,118
719,1,263
719,2,169
719,3,97
719,4,64
719,5,8
720,0,110
720,1,273
720,2,174
720,3,96
720,4,59
720,5,8
721,0,109
721,1,282
721,2,162
721,3,96
721,4,64
721,5,8
722,0,117
722,1,267
722,2,163
722,3,108
722,4,59
722,5,8
723,0,104
723,1,291
723,2,159
723,3,98
723,4,62
723,5,9
724,0,113
724,1,266
724,2,175
724,3,104
724,4,61
724,5,5
725,0,119
725,1,264
725,2,174
725,3,101
725,4,60
725,5,7
726,0,105
726,1,289
726,2,160
726,3,108
726,4,55
726,5,9
727,0,108
727,1,285
727,2,160
727,3,103
727,4,65
727,5,6
728,0,111
728,1,280
728,2,161
728,3,104
728,4,65
728,5,7
729,0,111
729,1,277
729,2,172
729,3,100
729,4,62
729,5,7
730,0,110
730,1,286
730,2,162
730,3,98
730,4,68
730,5,5
730,6,1
731,0,101
731,1,297
731,2,166
731,3,102
731,4,56
731,5,9
732,0,125
732,1,266
732,2,163
732,3,100
732,4,71
732,5,7
733,0,102
733,1,291
733,2,172
733,3,101
733,4,60
733,5,7
734,0,105
734,1,301
734,2,159
734,3,98
734,4,62
734,5,9
735,0,111
735,1,285
735,2,165
735,3,100
735,4,63
735,5,11
736,0,114
736,1,272
736,2,177
736,3,104
736,4,66
736,5,3
737,0,108
737,1,289
737,2,171
737,3,95
737,4,64
737,5,10
738,0,109
738,1,297
738,2,155
738,3,106
738,4,65
738,5,6
739,0,107
739,1,289
739,2,168
739,3,101
739,4,66
739,5,8
740,0,114
740,1,276
740,2,181
740,3,100
740,4,62
740,5,7
741,0,113
741,1,294
741,2,152
741,3,108
741,4,68
741,5,6
742,0,117
742,1,278
742,2,172
742,3,104
742,4,60
742,5,11
743,0,108
743,1,290
743,2,168
743,3,107
743,4,65
743,5,5
744,0,115
744,1,291
744,2,156
744,3,106
744,4,67
744,5,9
745,0,101
745,1,295
745,2,184
745,3,97
745,4,63
745,5,4
745,6,1
746,0,117
746,1,290
746,2,158
746,3,104
746,4,68
746,5,9
747,0,107
747,1,291
747,2,173
747,3,109
747,4,59
747,5,8
748,0,129
748,1,263
748,2,174
748,3,107
748,4,69
748,5,6
749,0,99
749,1,308
749,2,174
749,3,96
749,4,61
749,5,11
750,0,112
750,1,288
750,2,178
750,3,99
750,4,65
750,5,8
751,0,118
751,1,283
751,2,174
751,3,100
751,4,68
751,5,8
752,0,109
752,1,301
752,2,166
752,3,103
752,4,64
752,5,9
753,0,110
753,1,290
753,2,177
753,3,105
753,4,61
753,5,10
754,0,115
754,1,286
754,2,171
754,3,112
754,4,65
754,5,4
754,6,1
755,0,119
755,1,281
755,2,168
755,3,119
755,4,63
755,5,5
756,0,124
756,1,282
756,2,157
756,3,118
756,4,66
756,5,9
757,0,109
757,1,302
757,2,170
757,3,104
757,4,64
757,5,8
758,0,114
758,1,287
758,2,181
758,3,105
758,4,63
758,5,8
759,0,119
759,1,281
759,2,184
759,3,96
759,4,71
759,5,8
760,0,114
760,1,294
760,2,173
760,3,108
760,4,61
760,5,10
761,0,111
761,1,300
761,2,167
761,3,103
761,4,73
761,5,7
762,0,122
762,1,278
762,2,180
762,3,108
762,4,66
762,5,8
763,0,116
763,1,288
763,2,182
763,3,102
763,4,66
763,5,9
764,0,113
764,1,295
764,2,177
764,3,111
764,4,60
764,5,8
765,0,118
765,1,290
765,2,169
765,3,113
765,4,66
765,5,9
766,0,133
766,1,268
766,2,180
766,3,108
766,4,71
766,5,6
767,0,107
767,1,302
767,2,178
767,3,113
767,4,55
767,5,12
768,0,106
768,1,317
768,2,162
768,3,102
768,4,75
768,5,6
769,0,115
769,1,292
769,2,182
769,3,109
769,4,62
769,5,9
770,0,119
770,1,294
770,2,169
770,3,113
770,4,66
770,5,9
771,0,121
771,1,292
771,2,172
771,3,114
771,4,63
771,5,9
772,0,115
772,1,284
772,2,193
772,3,106
772,4,69
772,5,4
772,6,1
773,0,114
773,1,299
773,2,180
773,3,103
773,4,69
773,5,8
774,0,115
774,1,305
774,2,166
774,3,111
774,4,68
774,5,9
775,0,117
775,1,295
775,2,181
775,3,100
775,4,72
775,5,10
776,0,115
776,1,291
776,2,192
776,3,107
776,4,64
776,5,7
777,0,124
777,1,301
777,2,157
777,3,113
777,4,73
777,5,9
778,0,112
778,1,298
778,2,188
778,3,109
778,4,61
778,5,10
779,0,120
779,1,291
779,2,175
779,3,120
779,4,66
779,5,7
780,0,124
780,1,288
780,2,181
780,3,116
780,4,62
780,5,8
780,6,1
781,0,111
781,1,303
781,2,189
781,3,101
781,4,69
781,5,8
782,0,118
782,1,312
782,2,166
782,3,100
782,4,80
782,5,6
783,0,117
783,1,294
783,2,186
783,3,116
783,4,61
783,5,9
784,0,124
784,1,293
784,2,177
784,3,110
784,4,75
784,5,4
784,6,1
785,0,131
785,1,277
785,2,185
785,3,115
785,4,67
785,5,10
786,0,110
786,1,314
786,2,181
786,3,103
786,4,69
786,5,9
787,0,117
787,1,297
787,2,188
787,3,112
787,4,64
787,5,9
788,0,114
788,1,315
788,2,169
788,3,105
788,4,79
788,5,6
789,0,117
789,1,309
789,2,171
789,3,115
789,4,69
789,5,8
790,0,119
790,1,309
790,2,181
790,3,97
790,4,72
790,5,12
791,0,110
791,1,310
791,2,183
791,3,114
791,4,67
791,5,7
792,0,111
792,1,322
792,2,175
792,3,100
792,4,74
792,5,10
793,0,111
793,1,315
793,2,173
793,3,122
793,4,62
793,5,10
794,0,122
794,1,300
794,2,184
794,3,110
794,4,69
794,5,9
795,0,120
795,1,302
795,2,189
795,3,104
795,4,72
795,5,8
796,0,121
796,1,299
796,2,190
796,3,118
796,4,54
796,5,14
797,0,124
797,1,293
797,2,186
797,3,110
797,4,77
797,5,6
797,6,1
798,0,113
798,1,313
798,2,194
798,3,102
798,4,69
798,5,7
799,0,107
799,1,336
799,2,157
799,3,117
799,4,74
799,5,8
800,0,118
800,1,296
800,2,208
800,3,102
800,4,66
800,5,10
801,0,114
801,1,330
801,2,162
801,3,110
801,4,77
801,5,8
802,0,125
802,1,301
802,2,190
802,3,100
802,4,77
802,5,9
803,0,122
803,1,302
803,2,184
803,3,117
803,4,73
803,5,4
803,6,1
804,0,123
804,1,303
804,2,182
804,3,118
804,4,71
804,5,7
805,0,122
805,1,304
805,2,185
805,3,111
805,4,74
805,5,9
806,0,115
806,1,320
806,2,186
806,3,114
806,4,59
806,5,12
807,0,124
807,1,308
807,2,172
807,3,128
807,4,68
807,5,7
808,0,119
808,1,316
808,2,180
808,3,112
808,4,69
808,5,12
809,0,119
809,1,295
809,2,212
809,3,104
809,4,71
809,5,8
810,0,122
810,1,318
810,2,174
810,3,117
810,4,69
810,5,10
811,0,117
811,1,313
811,2,187
811,3,117
811,4,67
811,5,10
812,0,131
812,1,294
812,2,185
812,3,118
812,4,75
812,5,9
813,0,116
813,1,320
813,2,189
813,3,108
813,4,71
813,5,9
814,0,125
814,1,305
814,2,196
814,3,104
814,4,73
814,5,11
815,0,127
815,1,300
815,2,189
815,3,123
815,4,67
815,5,9
816,0,116
816,1,327
816,2,179
816,3,110
816,4,74
816,5,10
817,0,115
817,1,322
817,2,194
817,3,103
817,4,72
817,5,11
818,0,123
818,1,312
818,2,182
818,3,123
818,4,69
818,5,9
819,0,128
819,1,301
819,2,195
819,3,118
819,4,69
819,5,8
820,0,119
820,1,311
820,2,195
820,3,116
820,4,71
820,5,7
820,6,1
821,0,124
821,1,311
821,2,185
821,3,127
821,4,64
821,5,10
822,0,120
822,1,321
822,2,189
822,3,107
822,4,74
822,5,11
823,0,121
823,1,319
823,2,184
823,3,116
823,4,76
823,5,7
824,0,135
824,1,293
824,2,201
824,3,105
824,4,81
824,5,8
824,6,1
825,0,120
825,1,317
825,2,190
825,3,117
825,4,75
825,5,6
826,0,122
826,1,316
826,2,196
826,3,111
826,4,66
826,5,15
827,0,121
827,1,318
827,2,188
827,3,121
827,4,71
827,5,8
828,0,125
828,1,311
828,2,187
828,3,123
828,4,73
828,5,9
829,0,127
829,1,311
829,2,192
829,3,121
829,4,68
829,5,10
830,0,122
830,1,318
830,2,184
830,3,121
830,4,76
830,5,9
831,0,118
831,1,324
831,2,195
831,3,115
831,4,70
831,5,9
832,0,131
832,1,311
832,2,193
832,3,109
832,4,80
832,5,7
832,6,1
833,0,122
833,1,320
833,2,187
833,3,116
833,4,80
833,5,8
834,0,128
834,1,304
834,2,200
834,3,123
834,4,70
834,5,9
835,0,115
835,1,340
835,2,183
835,3,111
835,4,74
835,5,12
836,0,120
836,1,318
836,2,207
836,3,115
836,4,62
836,5,14
837,0,122
837,1,322
837,2,193
837,3,115
837,4,75
837,5,10
838,0,129
838,1,314
838,2,190
838,3,125
838,4,69
838,5,11
839,0,133
839,1,295
839,2,206
839,3,127
839,4,69
839,5,9
840,0,128
840,1,316
840,2,197
840,3,112
840,4,79
840,5,7
840,6,1
841,0,128
841,1,313
841,2,198
841,3,113
841,4,80
841,5,9
842,0,131
842,1,314
842,2,198
842,3,116
842,4,71
842,5,12
843,0,126
843,1,311
843,2,201
843,3,129
843,4,66
843,5,10
844,0,123
844,1,324
844,2,200
844,3,115
844,4,70
844,5,12
845,0,121
845,1,334
845,2,185
845,3,118
845,4,77
845,5,10
846,0,122
846,1,327
846,2,201
846,3,105
846,4,80
846,5,11
847,0,115
847,1,339
847,2,189
847,3,122
847,4,73
847,5,9
848,0,127
848,1,320
848,2,199
848,3,118
848,4,79
848,5,4
848,6,1
849,0,135
849,1,312
849,2,188
849,3,131
849,4,73
849,5,10
850,0,130
850,1,320
850,2,194
850,3,124
850,4,70
850,5,12
851,0,124
851,1,327
851,2,193
851,3,125
851,4,71
851,5,11
852,0,129
852,1,321
852,2,197
852,3,118
852,4,80
852,5,6
852,6,1
853,0,125
853,1,325
853,2,194
853,3,122
853,4,78
853,5,9
854,0,125
854,1,333
854,2,194
854,3,114
854,4,78
854,5,10
855,0,128
855,1,317
855,2,203
855,3,121
855,4,74
855,5,12
856,0,127
856,1,330
856,2,195
856,3,118
856,4,77
856,5,9
857,0,135
857,1,312
857,2,203
857,3,122
857,4,74
857,5,11
858,0,124
858,1,336
858,2,191
858,3,123
858,4,73
858,5,11
859,0,130
859,1,321
859,2,199
859,3,119
859,4,80
859,5,10
860,0,120
860,1,336
860,2,194
860,3,120
860,4,82
860,5,8
861,0,124
861,1,328
861,2,214
861,3,109
861,4,73
861,5,13
862,0,116
862,1,358
862,2,188
862,3,109
862,4,79
862,5,12
863,0,119
863,1,338
863,2,196
863,3,127
863,4,72
863,5,11
864,0,124
864,1,342
864,2,190
864,3,116
864,4,79
864,5,13
865,0,131
865,1,324
865,2,195
865,3,129
865,4,75
865,5,11
866,0,128
866,1,321
866,2,211
866,3,123
866,4,75
866,5,8
867,0,126
867,1,324
867,2,209
867,3,125
867,4,73
867,5,9
867,6,1
868,0,139
868,1,326
868,2,186
868,3,123
868,4,84
868,5,10
869,0,120
869,1,334
869,2,218
869,3,114
869,4,70
869,5,13
870,0,123
870,1,343
870,2,194
870,3,117
870,4,84
870,5,9
871,0,136
871,1,317
871,2,207
871,3,120
871,4,80
871,5,11
872,0,137
872,1,324
872,2,196
872,3,128
872,4,76
872,5,11
873,0,124
873,1,330
873,2,211
873,3,125
873,4,74
873,5,9
874,0,139
874,1,324
874,2,195
874,3,127
874,4,79
874,5,10
875,0,131
875,1,330
875,2,200
875,3,123
875,4,83
875,5,7
875,6,1
876,0,131
876,1,328
876,2,211
876,3,118
876,4,77
876,5,11
877,0,132
877,1,326
877,2,210
877,3,121
877,4,79
877,5,8
877,6,1
878,0,127
878,1,340
878,2,194
878,3,128
878,4,80
878,5,9
879,0,132
879,1,332
879,2,198
879,3,123
879,4,83
879,5,11
880,0,121
880,1,344
880,2,214
880,3,115
880,4,73
880,5,13
881,0,131
881,1,340
881,2,194
881,3,123
881,4,86
881,5,7
882,0,131
882,1,329
882,2,206
882,3,124
882,4,79
882,5,13
883,0,134
883,1,321
883,2,222
883,3,120
883,4,75
883,5,10
883,6,1
884,0,127
884,1,332
884,2,207
884,3,139
884,4,66
884,5,13
885,0,133
885,1,337
885,2,205
885,3,117
885,4,81
885,5,12
886,0,130
886,1,333
886,2,205
886,3,133
886,4,73
886,5,12
887,0,137
887,1,326
887,2,210
887,3,119
887,4,84
887,5,11
888,0,124
888,1,345
888,2,210
888,3,116
888,4,84
888,5,9
889,0,134
889,1,344
889,2,193
889,3,121
889,4,85
889,5,12
890,0,135
890,1,326
890,2,210
890,3,132
890,4,76
890,5,11
891,0,134
891,1,319
891,2,225
891,3,127
891,4,76
891,5,10
892,0,136
892,1,327
892,2,220
892,3,122
892,4,74
892,5,12
892,6,1
893,0,126
893,1,349
893,2,196
893,3,132
893,4,80
893,5,10
894,0,146
894,1,323
894,2,206
894,3,123
894,4,84
894,5,12
895,0,122
895,1,356
895,2,200
895,3,128
895,4,78
895,5,11
896,0,126
896,1,355
896,2,198
896,3,123
896,4,86
896,5,7
896,6,1
897,0,144
897,1,317
897,2,211
897,3,133
897,4,82
897,5,9
897,6,1
898,0,115
898,1,372
898,2,199
898,3,118
898,4,83
898,5,11
899,0,136
899,1,332
899,2,216
899,3,119
899,4,85
899,5,11
900,0,137
900,1,345
900,2,198
900,3,130
900,4,82
900,5,8
901,0,130
901,1,343
901,2,203
901,3,130
901,4,85
901,5,9
901,6,1
902,0,127
902,1,348
902,2,205
902,3,136
902,4,75
902,5,11
903,0,138
903,1,336
903,2,217
903,3,119
903,4,78
903,5,15
904,0,120
904,1,359
904,2,212
904,3,122
904,4,81
904,5,10
905,0,144
905,1,322
905,2,222
905,3,125
905,4,82
905,5,10
906,0,137
906,1,329
906,2,219
906,3,128
906,4,82
906,5,11
907,0,139
907,1,331
907,2,224
907,3,123
907,4,78
907,5,11
907,6,1
908,0,140
908,1,334
908,2,208
908,3,131
908,4,85
908,5,10
909,0,137
909,1,350
909,2,202
909,3,121
909,4,87
909,5,12
910,0,124
910,1,357
910,2,211
910,3,125
910,4,80
910,5,13
911,0,140
911,1,331
911,2,217
911,3,134
911,4,78
911,5,11
912,0,140
912,1,330
912,2,216
912,3,137
912,4,80
912,5,9
913,0,121
913,1,371
913,2,204
913,3,120
913,4,83
913,5,14
914,0,135
914,1,344
914,2,215
914,3,129
914,4,79
914,5,12
915,0,132
915,1,347
915,2,227
915,3,114
915,4,84
915,5,10
915,6,1
916,0,126
916,1,357
916,2,214
916,3,124
916,4,82
916,5,13
917,0,140
917,1,341
917,2,212
917,3,125
917,4,91
917,5,8
918,0,140
918,1,323
918,2,239
918,3,126
918,4,78
918,5,11
918,6,1
919,0,123
919,1,374
919,2,202
919,3,118
919,4,90
919,5,12
920,0,135
920,1,348
920,2,219
920,3,121
920,4,87
920,5,10
921,0,138
921,1,348
921,2,199
921,3,145
921,4,81
921,5,10
922,0,135
922,1,354
922,2,207
922,3,131
922,4,80
922,5,15
923,0,125
923,1,367
923,2,209
923,3,129
923,4,82
923,5,11
924,0,132
924,1,358
924,2,210
924,3,128
924,4,85
924,5,11
925,0,145
925,1,337
925,2,218
925,3,126
925,4,89
925,5,9
925,6,1
926,0,131
926,1,348
926,2,228
926,3,125
926,4,84
926,5,9
926,6,1
927,0,142
927,1,341
927,2,219
927,3,129
927,4,84
927,5,12
928,0,142
928,1,339
928,2,223
928,3,126
928,4,84
928,5,14
929,0,129
929,1,352
929,2,235
929,3,123
929,4,79
929,5,11
930,0,141
930,1,343
930,2,216
930,3,136
930,4,80
930,5,14
931,0,143
931,1,340
931,2,219
931,3,130
931,4,86
931,5,13
932,0,143
932,1,349
932,2,209
932,3,138
932,4,84
932,5,9
933,0,130
933,1,356
933,2,226
933,3,128
933,4,78
933,5,15
934,0,125
934,1,374
934,2,214
934,3,123
934,4,84
934,5,14
935,0,148
935,1,323
935,2,237
935,3,136
935,4,79
935,5,12
936,0,132
936,1,359
936,2,227
936,3,122
936,4,83
936,5,13
937,0,144
937,1,346
937,2,217
937,3,127
937,4,94
937,5,9
938,0,144
938,1,348
938,2,216
938,3,138
938,4,79
938,5,13
939,0,132
939,1,364
939,2,205
939,3,139
939,4,87
939,5,12
940,0,132
940,1,357
940,2,235
940,3,121
940,4,82
940,5,13
941,0,140
941,1,339
941,2,243
941,3,124
941,4,81
941,5,13
941,6,1
942,0,142
942,1,343
942,2,226
942,3,138
942,4,82
942,5,11
943,0,130
943,1,376
943,2,214
943,3,121
943,4,87
943,5,15
944,0,141
944,1,340
944,2,235
944,3,135
944,4,78
944,5,15
945,0,139
945,1,362
945,2,214
945,3,134
945,4,82
945,5,14
946,0,139
946,1,349
946,2,233
946,3,124
946,4,90
946,5,11
947,0,142
947,1,355
947,2,217
947,3,127
947,4,94
947,5,12
948,0,125
948,1,382
948,2,222
948,3,121
948,4,87
948,5,10
948,6,1
949,0,135
949,1,360
949,2,221
949,3,132
949,4,87
949,5,14
950,0,129
950,1,378
950,2,215
950,3,135
950,4,80
950,5,13
951,0,144
951,1,344
951,2,226
951,3,145
951,4,82
951,5,10
952,0,152
952,1,336
952,2,222
952,3,146
952,4,86
952,5,10
953,0,156
953,1,332
953,2,220
953,3,153
953,4,77
953,5,15
954,0,135
954,1,373
954,2,214
954,3,123
954,4,99
954,5,9
954,6,1
955,0,121
955,1,396
955,2,207
955,3,134
955,4,85
955,5,12
956,0,135
956,1,362
956,2,229
956,3,135
956,4,83
956,5,12
957,0,142
957,1,366
957,2,207
957,3,137
957,4,93
957,5,11
957,6,1
958,0,141
958,1,363
958,2,225
958,3,129
958,4,88
958,5,12
959,0,139
959,1,360
959,2,225
959,3,132
959,4,91
959,5,12
960,0,144
960,1,355
960,2,234
960,3,130
960,4,85
960,5,11
960,6,1
961,0,154
961,1,330
961,2,239
961,3,141
961,4,82
961,5,15
962,0,138
962,1,364
962,2,224
962,3,140
962,4,83
962,5,13
963,0,137
963,1,380
963,2,208
963,3,137
963,4,87
963,5,14
964,0,137
964,1,364
964,2,232
964,3,131
964,4,87
964,5,13
965,0,138
965,1,366
965,2,223
965,3,146
965,4,78
965,5,14
966,0,147
966,1,354
966,2,233
966,3,128
966,4,92
966,5,12
967,0,136
967,1,376
967,2,221
967,3,133
967,4,89
967,5,12
968,0,135
968,1,373
968,2,231
968,3,125
968,4,93
968,5,10
968,6,1
969,0,139
969,1,366
969,2,231
969,3,136
969,4,81
969,5,16
970,0,146
970,1,363
970,2,212
970,3,146
970,4,91
970,5,12
971,0,148
971,1,349
971,2,240
971,3,136
971,4,85
971,5,12
971,6,1
972,0,129
972,1,372
972,2,247
972,3,130
972,4,81
972,5,13
973,0,136
973,1,389
973,2,201
973,3,140
973,4,94
973,5,13
974,0,141
974,1,375
974,2,212
974,3,142
974,4,94
974,5,10
975,0,143
975,1,358
975,2,248
975,3,122
975,4,90
975,5,13
975,6,1
976,0,140
976,1,373
976,2,228
976,3,132
976,4,88
976,5,15
977,0,138
977,1,381
977,2,213
977,3,141
977,4,93
977,5,11
978,0,132
978,1,396
978,2,214
978,3,124
978,4,101
978,5,11
979,0,141
979,1,373
979,2,227
979,3,134
979,4,91
979,5,12
979,6,1
980,0,148
980,1,359
980,2,224
980,3,148
980,4,93
980,5,8
981,0,148
981,1,360
981,2,235
981,3,138
981,4,83
981,5,17
982,0,139
982,1,373
982,2,223
982,3,151
982,4,82
982,5,14
983,0,141
983,1,372
983,2,227
983,3,140
983,4,91
983,5,12
984,0,143
984,1,369
984,2,236
984,3,127
984,4,99
984,5,9
984,6,1
985,0,154
985,1,343
985,2,251
985,3,136
985,4,88
985,5,13
986,0,136
986,1,386
986,2,227
986,3,137
986,4,89
986,5,10
986,6,1
987,0,150
987,1,369
987,2,220
987,3,140
987,4,94
987,5,14
988,0,132
988,1,392
988,2,222
988,3,143
988,4,83
988,5,16
989,0,134
989,1,386
989,2,234
989,3,130
989,4,94
989,5,11
990,0,142
990,1,373
990,2,238
990,3,128
990,4,95
990,5,14
991,0,140
991,1,382
991,2,221
991,3,142
991,4,98
991,5,6
991,6,2
992,0,143
992,1,386
992,2,222
992,3,129
992,4,98
992,5,14
993,0,140
993,1,378
993,2,229
993,3,150
993,4,83
993,5,13
994,0,143
994,1,376
994,2,233
994,3,140
994,4,86
994,5,16
995,0,148
995,1,366
995,2,229
995,3,146
995,4,95
995,5,11
996,0,132
996,1,393
996,2,231
996,3,139
996,4,86
996,5,15
997,0,148
997,1,374
997,2,232
997,3,133
997,4,97
997,5,13
998,0,151
998,1,356
998,2,248
998,3,140
998,4,92
998,5,10
998,6,1
999,0,139
999,1,379
999,2,240
999,3,137
999,4,90
999,5,14
1000,0,152
1000,1,365
1000,2,240
1000,3,142
1000,4,87
1000,5,14
1001,0,153
1001,1,358
1001,2,244
1001,3,146
1001,4,83
1001,5,17
1002,0,138
1002,1,387
1002,2,230
1002,3,141
1002,4,92
1002,5,13
1002,6,1
1003,0,158
1003,1,355
1003,2,243
1003,3,145
1003,4,89
1003,5,13
1004,0,153
1004,1,368
1004,2,232
1004,3,153
1004,4,83
1004,5,15
1005,0,138
1005,1,389
1005,2,239
1005,3,126
1005,4,98
1005,5,15
1006,0,150
1006,1,367
1006,2,245
1006,3,135
1006,4,97
1006,5,12
1007,0,149
1007,1,375
1007,2,238
1007,3,139
1007,4,91
1007,5,15
1008,0,141
1008,1,375
1008,2,250
1008,3,141
1008,4,85
1008,5,16
1009,0,151
1009,1,366
1009,2,251
1009,3,144
1009,4,80
1009,5,17
1010,0,150
1010,1,376
1010,2,227
1010,3,147
1010,4,99
1010,5,11
1011,0,142
1011,1,382
1011,2,246
1011,3,138
1011,4,86
1011,5,17
1012,0,153
1012,1,372
1012,2,234
1012,3,145
1012,4,95
1012,5,13
1013,0,147
1013,1,381
1013,2,234
1013,3,141
1013,4,97
1013,5,13
1014,0,148
1014,1,370
1014,2,257
1014,3,138
1014,4,84
1014,5,17
1015,0,127
1015,1,412
1015,2,235
1015,3,128
1015,4,100
1015,5,12
1015,6,1
1016,0,158
1016,1,368
1016,2,235
1016,3,150
1016,4,94
1016,5,11
1017,0,148
1017,1,373
1017,2,246
1017,3,145
1017,4,92
1017,5,12
1017,6,1
1018,0,144
1018,1,399
1018,2,223
1018,3,144
1018,4,94
1018,5,13
1018,6,1
1019,0,135
1019,1,395
1019,2,239
1019,3,142
1019,4,99
1019,5,9
1020,0,155
1020,1,369
1020,2,245
1020,3,140
1020,4,96
1020,5,14
1020,6,1
1021,0,149
1021,1,392
1021,2,215
1021,3,159
1021,4,94
1021,5,12
1022,0,143
1022,1,395
1022,2,237
1022,3,137
1022,4,97
1022,5,13
1023,0,145
1023,1,389
1023,2,235
1023,3,146
1023,4,93
1023,5,15
1024,0,149
1024,1,390
1024,2,223
1024,3,153
1024,4,94
1024,5,15
1025,0,140
1025,1,396
1025,2,247
1025,3,132
1025,4,97
1025,5,12
1025,6,1
1026,0,148
1026,1,392
1026,2,232
1026,3,142
1026,4,99
1026,5,13
1027,0,144
1027,1,388
1027,2,241
1027,3,147
1027,4,94
1027,5,13
1028,0,149
1028,1,392
1028,2,236
1028,3,135
1028,4,103
1028,5,12
1028,6,1
1029,0,141
1029,1,394
1029,2,237
1029,3,149
1029,4,96
1029,5,12
1030,0,134
1030,1,422
1030,2,228
1030,3,132
1030,4,98
1030,5,16
1031,0,160
1031,1,363
1031,2,245
1031,3,160
1031,4,90
1031,5,12
1031,6,1
1032,0,144
1032,1,400
1032,2,232
1032,3,147
1032,4,94
1032,5,14
1032,6,1
1033,0,149
1033,1,373
1033,2,259
1033,3,148
1033,4,91
1033,5,13
1034,0,154
1034,1,378
1034,2,246
1034,3,145
1034,4,97
1034,5,14
1035,0,145
1035,1,396
1035,2,242
1035,3,148
1035,4,86
1035,5,18
1036,0,154
1036,1,374
1036,2,250
1036,3,151
1036,4,92
1036,5,15
1037,0,148
1037,1,395
1037,2,237
1037,3,144
1037,4,99
1037,5,14
1038,0,147
1038,1,387
1038,2,260
1038,3,136
1038,4,92
1038,5,16
1039,0,160
1039,1,362
1039,2,259
1039,3,151
1039,4,90
1039,5,17
1040,0,149
1040,1,386
1040,2,254
1040,3,146
1040,4,88
1040,5,17
1041,0,143
1041,1,397
1041,2,251
1041,3,135
1041,4,101
1041,5,14
1042,0,152
1042,1,394
1042,2,236
1042,3,150
1042,4,95
1042,5,15
1043,0,137
1043,1,406
1043,2,248
1043,3,142
1043,4,97
1043,5,12
1043,6,1
1044,0,159
1044,1,378
1044,2,252
1044,3,136
1044,4,105
1044,5,13
1044,6,1
1045,0,164
1045,1,373
1045,2,239
1045,3,161
1045,4,93
1045,5,15
1046,0,155
1046,1,382
1046,2,249
1046,3,151
1046,4,96
1046,5,12
1046,6,1
1047,0,147
1047,1,400
1047,2,240
1047,3,151
1047,4,95
1047,5,14
1048,0,150
1048,1,394
1048,2,241
1048,3,149
1048,4,100
1048,5,14
1049,0,150
1049,1,396
1049,2,247
1049,3,145
1049,4,95
1049,5,16
1050,0,150
1050,1,391
1050,2,251
1050,3,151
1050,4,89
1050,5,18
1051,0,161
1051,1,377
1051,2,246
1051,3,158
1051,4,94
1051,5,15
1052,0,162
1052,1,365
1052,2,267
1052,3,151
1052,4,93
1052,5,14
1053,0,144
1053,1,400
1053,2,243
1053,3,162
1053,4,89
1053,5,15
1054,0,169
1054,1,371
1054,2,254
1054,3,145
1054,4,101
1054,5,14
1055,0,148
1055,1,393
1055,2,249
1055,3,162
1055,4,87
1055,5,16
1056,0,145
1056,1,413
1056,2,239
1056,3,140
1056,4,104
1056,5,14
1056,6,1
1057,0,152
1057,1,399
1057,2,248
1057,3,139
1057,4,105
1057,5,13
1057,6,1
1058,0,158
1058,1,382
1058,2,254
1058,3,155
1058,4,95
1058,5,14
1059,0,133
1059,1,422
1059,2,255
1059,3,135
1059,4,99
1059,5,15
1060,0,153
1060,1,403
1060,2,236
1060,3,154
1060,4,93
1060,5,21
1061,0,152
1061,1,391
1061,2,258
1061,3,146
1061,4,102
1061,5,12
1062,0,159
1062,1,391
1062,2,246
1062,3,154
1062,4,96
1062,5,16
1063,0,155
1063,1,392
1063,2,254
1063,3,144
1063,4,106
1063,5,11
1063,6,1
1064,0,157
1064,1,396
1064,2,243
1064,3,154
1064,4,95
1064,5,19
1065,0,154
1065,1,385
1065,2,263
1065,3,158
1065,4,91
1065,5,14
1066,0,145
1066,1,410
1066,2,245
1066,3,153
1066,4,98
1066,5,15
1067,0,150
1067,1,404
1067,2,254
1067,3,149
1067,4,92
1067,5,18
1068,0,148
1068,1,406
1068,2,247
1068,3,151
1068,4,100
1068,5,15
1068,6,1
1069,0,151
1069,1,397
1069,2,261
1069,3,144
1069,4,103
1069,5,13
1070,0,150
1070,1,401
1070,2,260
1070,3,142
1070,4,104
1070,5,13
1071,0,148
1071,1,414
1071,2,250
1071,3,142
1071,4,100
1071,5,17
1072,0,164
1072,1,383
1072,2,257
1072,3,153
1072,4,98
1072,5,17
1073,0,154
1073,1,405
1073,2,243
1073,3,159
1073,4,93
1073,5,19
1074,0,146
1074,1,423
1074,2,237
1074,3,156
1074,4,97
1074,5,15
1075,0,168
1075,1,377
1075,2,256
1075,3,160
1075,4,97
1075,5,17
1076,0,152
1076,1,400
1076,2,253
1076,3,164
1076,4,94
1076,5,12
1076,6,1
1077,0,162
1077,1,378
1077,2,271
1077,3,154
1077,4,95
1077,5,16
1077,6,1
1078,0,172
1078,1,372
1078,2,255
1078,3,169
1078,4,100
1078,5,9
1078,6,1
1079,0,149
1079,1,408
1079,2,265
1079,3,146
1079,4,92
1079,5,19
1080,0,157
1080,1,394
1080,2,262
1080,3,149
1080,4,102
1080,5,16
1081,0,158
1081,1,409
1081,2,247
1081,3,147
1081,4,102
1081,5,18
1082,0,147
1082,1,416
1082,2,247
1082,3,158
1082,4,98
1082,5,16
1083,0,154
1083,1,410
1083,2,257
1083,3,144
1083,4,103
1083,5,14
1083,6,1
1084,0,158
1084,1,393
1084,2,265
1084,3,153
1084,4,99
1084,5,16
1085,0,164
1085,1,391
1085,2,256
1085,3,163
1085,4,96
1085,5,15
1086,0,167
1086,1,380
1086,2,266
1086,3,156
1086,4,101
1086,5,16
1087,0,154
1087,1,398
1087,2,273
1087,3,153
1087,4,93
1087,5,15
1087,6,1
1088,0,165
1088,1,399
1088,2,244
1088,3,161
1088,4,103
1088,5,16
1089,0,157
1089,1,399
1089,2,270
1089,3,150
1089,4,100
1089,5,12
1089,6,1
1090,0,154
1090,1,411
1090,2,251
1090,3,160
1090,4,99
1090,5,15
1091,0,161
1091,1,391
1091,2,264
1091,3,163
1091,4,97
1091,5,14
1091,6,1
1092,0,153
1092,1,420
1092,2,246
1092,3,146
1092,4,110
1092,5,17
1093,0,150
1093,1,424
1093,2,251
1093,3,147
1093,4,106
1093,5,15
1094,0,157
1094,1,402
1094,2,261
1094,3,158
1094,4,101
1094,5,14
1094,6,1
1095,0,158
1095,1,412
1095,2,255
1095,3,149
1095,4,103
1095,5,18
1096,0,146
1096,1,416
1096,2,276
1096,3,143
1096,4,95
1096,5,20
1097,0,145
1097,1,418
1097,2,263
1097,3,162
1097,4,92
1097,5,17
1098,0,155
1098,1,420
1098,2,251
1098,3,144
1098,4,114
1098,5,14
1099,0,146
1099,1,430
1099,2,256
1099,3,144
1099,4,103
1099,5,20
1100,0,165
1100,1,385
1100,2,284
1100,3,151
1100,4,99
1100,5,16
1101,0,165
1101,1,395
1101,2,256
1101,3,177
1101,4,91
1101,5,17
1102,0,158
1102,1,407
1102,2,273
1102,3,140
1102,4,102
1102,5,22
1103,0,162
1103,1,401
1103,2,261
1103,3,168
1103,4,97
1103,5,14
1104,0,155
1104,1,418
1104,2,257
1104,3,150
1104,4,110
1104,5,13
1104,6,1
1105,0,154
1105,1,426
1105,2,243
1105,3,161
1105,4,103
1105,5,18
1106,0,153
1106,1,416
1106,2,264
1106,3,156
1106,4,100
1106,5,17
1107,0,157
1107,1,406
1107,2,276
1107,3,148
1107,4,108
1107,5,10
1107,6,2
1108,0,159
1108,1,421
1108,2,243
1108,3,162
1108,4,107
1108,5,15
1108,6,1
1109,0,164
1109,1,404
1109,2,261
1109,3,160
1109,4,106
1109,5,14
1110,0,138
1110,1,444
1110,2,263
1110,3,139
1110,4,111
1110,5,15
1111,0,146
1111,1,448
1111,2,230
1111,3,164
1111,4,106
1111,5,17
1112,0,165
1112,1,413
1112,2,258
1112,3,151
1112,4,110
1112,5,15
1113,0,157
1113,1,408
1113,2,272
1113,3,162
1113,4,98
1113,5,15
1113,6,1
1114,0,154
1114,1,422
1114,2,259
1114,3,162
1114,4,101
1114,5,16
1115,0,160
1115,1,420
1115,2,258
1115,3,146
1115,4,115
1115,5,16
1116,0,169
1116,1,405
1116,2,247
1116,3,175
1116,4,108
1116,5,11
1116,6,1
1117,0,171
1117,1,387
1117,2,280
1117,3,162
1117,4,98
1117,5,18
1117,6,1
1118,0,150
1118,1,421
1118,2,282
1118,3,149
1118,4,101
1118,5,15
1119,0,152
1119,1,427
1119,2,266
1119,3,150
1119,4,107
1119,5,17
1120,0,159
1120,1,431
1120,2,245
1120,3,168
1120,4,100
1120,5,16
1120,6,1
1121,0,177
1121,1,395
1121,2,258
1121,3,161
1121,4,116
1121,5,14
1122,0,158
1122,1,416
1122,2,270
1122,3,157
1122,4,103
1122,5,18
1123,0,162
1123,1,409
1123,2,276
1123,3,154
1123,4,104
1123,5,18
1124,0,161
1124,1,408
1124,2,274
1124,3,169
1124,4,94
1124,5,17
1124,6,1
1125,0,165
1125,1,411
1125,2,261
1125,3,169
1125,4,101
1125,5,18
1126,0,161
1126,1,416
1126,2,263
1126,3,163
1126,4,104
1126,5,19
1127,0,174
1127,1,410
1127,2,259
1127,3,163
1127,4,109
1127,5,12
1128,0,153
1128,1,429
1128,2,264
1128,3,164
1128,4,97
1128,5,20
1128,6,1
1129,0,151
1129,1,436
1129,2,258
1129,3,155
1129,4,120
1129,5,8
1129,6,1
1130,0,155
1130,1,426
1130,2,266
1130,3,159
1130,4,105
1130,5,19
1131,0,159
1131,1,421
1131,2,268
1131,3,167
1131,4,98
1131,5,18
1132,0,166
1132,1,419
1132,2,268
1132,3,145
1132,4,118
1132,5,16
1133,0,164
1133,1,406
1133,2,278
1133,3,180
1133,4,86
1133,5,19
1134,0,173
1134,1,412
1134,2,257
1134,3,163
1134,4,114
1134,5,14
1134,6,1
1135,0,160
1135,1,428
1135,2,260
1135,3,159
1135,4,112
1135,5,16
1136,0,153
1136,1,432
1136,2,275
1136,3,159
1136,4,95
1136,5,22
1137,0,151
1137,1,443
1137,2,268
1137,3,143
1137,4,116
1137,5,15
1137,6,1
1138,0,169
1138,1,411
1138,2,271
1138,3,160
1138,4,109
1138,5,18
1139,0,153
1139,1,429
1139,2,278
1139,3,163
1139,4,99
1139,5,17
1140,0,165
1140,1,422
1140,2,261
1140,3,161
1140,4,116
1140,5,15
1141,0,168
1141,1,421
1141,2,266
1141,3,168
1141,4,98
1141,5,20
1142,0,157
1142,1,428
1142,2,271
1142,3,164
1142,4,106
1142,5,15
1142,6,1
1143,0,158
1143,1,429
1143,2,277
1143,3,155
1143,4,109
1143,5,15
1144,0,165
1144,1,421
1144,2,269
1144,3,167
1144,4,103
1144,5,19
1145,0,159
1145,1,431
1145,2,275
1145,3,151
1145,4,115
1145,5,13
1145,6,1
1146,0,158
1146,1,427
1146,2,295
1146,3,140
1146,4,107
1146,5,18
1146,6,1
1147,0,166
1147,1,418
1147,2,268
1147,3,177
1147,4,99
1147,5,19
1148,0,162
1148,1,436
1148,2,264
1148,3,154
1148,4,114
1148,5,18
1149,0,171
1149,1,409
1149,2,271
1149,3,179
1149,4,104
1149,5,15
1150,0,168
1150,1,419
1150,2,283
1150,3,153
1150,4,110
1150,5,15
1150,6,2
1151,0,164
1151,1,433
1151,2,260
1151,3,167
1151,4,111
1151,5,16
1152,0,154
1152,1,451
1152,2,257
1152,3,165
1152,4,107
1152,5,18
1153,0,161
1153,1,439
1153,2,264
1153,3,146
1153,4,127
1153,5,15
1153,6,1
1154,0,163
1154,1,423
1154,2,282
1154,3,170
1154,4,100
1154,5,16
1155,0,157
1155,1,441
1155,2,267
1155,3,166
1155,4,103
1155,5,20
1155,6,1
1156,0,164
1156,1,432
1156,2,272
1156,3,163
1156,4,111
1156,5,13
1156,6,1
1157,0,174
1157,1,406
1157,2,280
1157,3,175
1157,4,106
1157,5,16
1158,0,166
1158,1,426
1158,2,279
1158,3,162
1158,4,108
1158,5,17
1159,0,161
1159,1,433
1159,2,281
1159,3,153
1159,4,112
1159,5,19
1160,0,158
1160,1,447
1160,2,270
1160,3,161
1160,4,105
1160,5,19
1161,0,150
1161,1,445
1161,2,284
1161,3,154
1161,4,115
1161,5,11
1161,6,2
1162,0,172
1162,1,438
1162,2,254
1162,3,154
1162,4,129
1162,5,15
1163,0,160
1163,1,436
1163,2,284
1163,3,158
1163,4,109
1163,5,15
1163,6,1
1164,0,178
1164,1,408
1164,2,279
1164,3,173
1164,4,108
1164,5,18
1165,0,155
1165,1,440
1165,2,289
1165,3,158
1165,4,104
1165,5,19
1166,0,168
1166,1,428
1166,2,284
1166,3,155
1166,4,109
1166,5,22
1167,0,169
1167,1,426
1167,2,282
1167,3,157
1167,4,115
1167,5,18
1168,0,156
1168,1,451
1168,2,272
1168,3,164
1168,4,108
1168,5,17
1169,0,172
1169,1,415
1169,2,278
1169,3,187
1169,4,99
1169,5,18
1170,0,169
1170,1,425
1170,2,296
1170,3,144
1170,4,117
1170,5,18
1170,6,1
1171,0,158
1171,1,452
1171,2,278
1171,3,149
1171,4,114
1171,5,19
1171,6,1
1172,0,165
1172,1,424
1172,2,289
1172,3,173
1172,4,109
1172,5,11
1172,6,1
1173,0,179
1173,1,424
1173,2,276
1173,3,151
1173,4,124
1173,5,19
1174,0,171
1174,1,411
1174,2,304
1174,3,170
1174,4,99
1174,5,19
1175,0,160
1175,1,454
1175,2,266
1175,3,168
1175,4,107
1175,5,20
1176,0,163
1176,1,429
1176,2,292
1176,3,169
1176,4,104
1176,5,19
1177,0,168
1177,1,430
1177,2,284
1177,3,167
1177,4,109
1177,5,19
1178,0,164
1178,1,445
1178,2,276
1178,3,167
1178,4,109
1178,5,17
1179,0,161
1179,1,445
1179,2,283
1179,3,160
1179,4,113
1179,5,16
1179,6,1
1180,0,173
1180,1,437
1180,2,274
1180,3,161
1180,4,117
1180,5,17
1180,6,1
1181,0,181
1181,1,405
1181,2,298
1181,3,166
1181,4,117
1181,5,13
1181,6,1
1182,0,180
1182,1,409
1182,2,292
1182,3,176
1182,4,104
1182,5,21
1183,0,166
1183,1,437
1183,2,290
1183,3,164
1183,4,107
1183,5,19
1184,0,158
1184,1,463
1184,2,269
1184,3,159
1184,4,114
1184,5,21
1185,0,157
1185,1,460
1185,2,273
1185,3,167
1185,4,109
1185,5,19
1186,0,169
1186,1,422
1186,2,304
1186,3,164
1186,4,111
1186,5,15
1186,6,1
1187,0,171
1187,1,441
1187,2,281
1187,3,157
1187,4,117
1187,5,20
1188,0,177
1188,1,435
1188,2,266
1188,3,175
1188,4,117
1188,5,18
1189,0,146
1189,1,487
1189,2,270
1189,3,149
1189,4,121
1189,5,15
1189,6,1
1190,0,159
1190,1,442
1190,2,294
1190,3,172
1190,4,102
1190,5,21
1191,0,161
1191,1,452
1191,2,287
1191,3,160
1191,4,113
1191,5,18
1192,0,162
1192,1,455
1192,2,278
1192,3,159
1192,4,123
1192,5,14
1192,6,1
1193,0,178
1193,1,434
1193,2,270
1193,3,178
1193,4,115
1193,5,18
1194,0,179
1194,1,433
1194,2,276
1194,3,170
1194,4,120
1194,5,15
1194,6,1
1195,0,162
1195,1,447
1195,2,298
1195,3,152
1195,4,119
1195,5,17
1196,0,180
1196,1,413
1196,2,297
1196,3,189
1196,4,97
1196,5,19
1196,6,1
1197,0,180
1197,1,415
1197,2,297
1197,3,177
1197,4,113
1197,5,14
1197,6,1
1198,0,169
1198,1,459
1198,2,266
1198,3,165
1198,4,121
1198,5,18
1199,0,171
1199,1,430
1199,2,304
1199,3,167
1199,4,107
1199,5,20
1200,0,166
1200,1,448
1200,2,288
1200,3,165
1200,4,115
1200,5,17
1200,6,1
1201,0,163
1201,1,448
1201,2,294
1201,3,170
1201,4,104
1201,5,22
1202,0,176
1202,1,445
1202,2,280
1202,3,162
1202,4,120
1202,5,19
1203,0,169
1203,1,446
1203,2,279
1203,3,176
1203,4,117
1203,5,15
1203,6,1
1204,0,167
1204,1,453
1204,2,288
1204,3,162
1204,4,112
1204,5,22
1205,0,171
1205,1,439
1205,2,290
1205,3,172
1205,4,115
1205,5,18
1206,0,182
1206,1,423
1206,2,306
1206,3,162
1206,4,116
1206,5,16
1206,6,1
1207,0,163
1207,1,447
1207,2,301
1207,3,170
1207,4,106
1207,5,19
1207,6,1
1208,0,173
1208,1,440
1208,2,290
1208,3,174
1208,4,112
1208,5,19
1209,0,173
1209,1,440
1209,2,292
1209,3,174
1209,4,111
1209,5,19
1210,0,179
1210,1,448
1210,2,271
1210,3,172
1210,4,123
1210,5,16
1210,6,1
1211,0,160
1211,1,459
1211,2,288
1211,3,174
1211,4,113
1211,5,16
1211,6,1
1212,0,160
1212,1,470
1212,2,287
1212,3,158
1212,4,119
1212,5,17
1212,6,1
1213,0,179
1213,1,442
1213,2,284
1213,3,179
1213,4,107
1213,5,22
1214,0,159
1214,1,467
1214,2,286
1214,3,164
1214,4,123
1214,5,14
1214,6,1
1215,0,180
1215,1,428
1215,2,300
1215,3,166
1215,4,125
1215,5,16
1216,0,181
1216,1,437
1216,2,297
1216,3,170
1216,4,113
1216,5,17
1216,6,1
1217,0,174
1217,1,442
1217,2,290
1217,3,176
1217,4,116
1217,5,19
1218,0,163
1218,1,462
1218,2,296
1218,3,164
1218,4,111
1218,5,22
1219,0,169
1219,1,448
1219,2,301
1219,3,163
1219,4,117
1219,5,21
1220,0,186
1220,1,426
1220,2,296
1220,3,181
1220,4,113
1220,5,18
1221,0,171
1221,1,464
1221,2,272
1221,3,184
1221,4,110
1221,5,20
1222,0,180
1222,1,424
1222,2,320
1222,3,162
1222,4,115
1222,5,20
1222,6,1
1223,0,168
1223,1,451
1223,2,303
1223,3,169
1223,4,114
1223,5,18
1224,0,164
1224,1,458
1224,2,302
1224,3,164
1224,4,114
1224,5,22
1225,0,178
1225,1,448
1225,2,292
1225,3,167
1225,4,116
1225,5,24
1226,0,190
1226,1,443
1226,2,272
1226,3,184
1226,4,121
1226,5,16
1227,0,167
1227,1,453
1227,2,303
1227,3,172
1227,4,112
1227,5,19
1227,6,1
1228,0,185
1228,1,422
1228,2,309
1228,3,185
1228,4,106
1228,5,21
1229,0,169
1229,1,458
1229,2,291
1229,3,178
1229,4,114
1229,5,19
1230,0,172
1230,1,461
1230,2,287
1230,3,165
1230,4,129
1230,5,15
1230,6,1
1231,0,175
1231,1,452
1231,2,288
1231,3,187
1231,4,108
1231,5,20
1231,6,1
1232,0,165
1232,1,461
1232,2,305
1232,3,162
1232,4,122
1232,5,16
1232,6,1
1233,0,166
1233,1,463
1233,2,297
1233,3,174
1233,4,111
1233,5,22
1234,0,183
1234,1,453
1234,2,281
1234,3,174
1234,4,123
1234,5,20
1235,0,160
1235,1,468
1235,2,311
1235,3,158
1235,4,117
1235,5,21
1236,0,178
1236,1,449
1236,2,300
1236,3,169
1236,4,122
1236,5,16
1236,6,2
1237,0,155
1237,1,491
1237,2,285
1237,3,166
1237,4,119
1237,5,21
1238,0,169
1238,1,475
1238,2,281
1238,3,168
1238,4,126
1238,5,19
1239,0,179
1239,1,438
1239,2,306
1239,3,184
1239,4,115
1239,5,17
1240,0,177
1240,1,469
1240,2,284
1240,3,169
1240,4,117
1240,5,23
1240,6,1
1241,0,176
1241,1,448
1241,2,307
1241,3,169
1241,4,122
1241,5,19
1242,0,154
1242,1,481
1242,2,297
1242,3,181
1242,4,107
1242,5,22
1243,0,182
1243,1,454
1243,2,291
1243,3,174
1243,4,128
1243,5,12
1243,6,2
1244,0,179
1244,1,455
1244,2,289
1244,3,181
1244,4,123
1244,5,17
1245,0,170
1245,1,474
1245,2,280
1245,3,182
1245,4,122
1245,5,16
1245,6,1
1246,0,171
1246,1,472
1246,2,278
1246,3,188
1246,4,117
1246,5,19
1246,6,1
1247,0,194
1247,1,427
1247,2,309
1247,3,184
1247,4,115
1247,5,18
1248,0,178
1248,1,453
1248,2,299
1248,3,182
1248,4,116
1248,5,19
1248,6,1
1249,0,163
1249,1,474
1249,2,302
1249,3,174
1249,4,114
1249,5,22
1250,0,172
1250,1,474
1250,2,295
1250,3,165
1250,4,121
1250,5,23
1251,0,187
1251,1,441
1251,2,314
1251,3,165
1251,4,126
1251,5,16
1251,6,2
1252,0,160
1252,1,483
1252,2,300
1252,3,172
1252,4,120
1252,5,16
1252,6,1
1253,0,184
1253,1,460
1253,2,294
1253,3,165
1253,4,127
1253,5,23
1254,0,173
1254,1,459
1254,2,307
1254,3,176
1254,4,120
1254,5,18
1254,6,1
1255,0,178
1255,1,459
1255,2,300
1255,3,182
1255,4,117
1255,5,19
1256,0,169
1256,1,476
1256,2,293
1256,3,179
1256,4,119
1256,5,20
1257,0,170
1257,1,470
1257,2,308
1257,3,170
1257,4,117
1257,5,21
1257,6,1
1258,0,179
1258,1,461
1258,2,299
1258,3,174
1258,4,128
1258,5,16
1258,6,1
1259,0,159
1259,1,495
1259,2,289
1259,3,176
1259,4,119
1259,5,21
1260,0,191
1260,1,450
1260,2,293
1260,3,180
1260,4,130
1260,5,16
1261,0,155
1261,1,499
1261,2,304
1261,3,159
1261,4,121
1261,5,23
1262,0,183
1262,1,454
1262,2,308
1262,3,173
1262,4,128
1262,5,15
1262,6,1
1263,0,174
1263,1,472
1263,2,293
1263,3,184
1263,4,119
1263,5,21
1264,0,171
1264,1,480
1264,2,298
1264,3,174
1264,4,123
1264,5,18
1265,0,190
1265,1,440
1265,2,316
1265,3,181
1265,4,118
1265,5,18
1265,6,2
1266,0,192
1266,1,440
1266,2,305
1266,3,182
1266,4,130
1266,5,16
1266,6,1
1267,0,176
1267,1,472
1267,2,298
1267,3,183
1267,4,119
1267,5,18
1267,6,1
1268,0,169
1268,1,491
1268,2,281
1268,3,185
1268,4,120
1268,5,22
1269,0,176
1269,1,467
1269,2,312
1269,3,179
1269,4,114
1269,5,21
1270,0,171
1270,1,485
1270,2,290
1270,3,181
1270,4,121
1270,5,22
1271,0,175
1271,1,467
1271,2,308
1271,3,187
1271,4,113
1271,5,20
1271,6,1
1272,0,184
1272,1,458
1272,2,312
1272,3,169
1272,4,131
1272,5,17
1272,6,1
1273,0,179
1273,1,472
1273,2,303
1273,3,173
1273,4,127
1273,5,18
1273,6,1
1274,0,171
1274,1,471
1274,2,320
1274,3,174
1274,4,118
1274,5,20
1275,0,198
1275,1,441
1275,2,313
1275,3,178
1275,4,123
1275,5,22
1276,0,176
1276,1,474
1276,2,310
1276,3,174
1276,4,122
1276,5,19
1276,6,1
1277,0,187
1277,1,441
1277,2,338
1277,3,178
1277,4,107
1277,5,26
1278,0,185
1278,1,455
1278,2,313
1278,3,187
1278,4,113
1278,5,25
1279,0,168
1279,1,488
1279,2,303
1279,3,172
1279,4,129
1279,5,18
1279,6,1
1280,0,168
1280,1,498
1280,2,288
1280,3,180
1280,4,126
1280,5,20
1281,0,171
1281,1,482
1281,2,310
1281,3,182
1281,4,114
1281,5,22
1282,0,184
1282,1,470
1282,2,295
1282,3,187
1282,4,126
1282,5,20
1283,0,176
1283,1,477
1283,2,312
1283,3,173
1283,4,124
1283,5,20
1283,6,1
1284,0,183
1284,1,461
1284,2,316
1284,3,184
1284,4,119
1284,5,21
1285,0,184
1285,1,463
1285,2,312
1285,3,178
1285,4,130
1285,5,17
1285,6,1
1286,0,189
1286,1,458
1286,2,308
1286,3,187
1286,4,124
1286,5,19
1286,6,1
1287,0,168
1287,1,482
1287,2,328
1287,3,171
1287,4,112
1287,5,26
1288,0,172
1288,1,491
1288,2,305
1288,3,177
1288,4,120
1288,5,23
1289,0,185
1289,1,458
1289,2,326
1289,3,179
1289,4,121
1289,5,19
1289,6,1
1290,0,175
1290,1,476
1290,2,308
1290,3,187
1290,4,122
1290,5,21
1290,6,1
1291,0,199
1291,1,444
1291,2,318
1291,3,186
1291,4,123
1291,5,21
1292,0,177
1292,1,483
1292,2,301
1292,3,189
1292,4,125
1292,5,16
1292,6,1
1293,0,173
1293,1,490
1293,2,309
1293,3,170
1293,4,126
1293,5,25
1294,0,191
1294,1,460
1294,2,315
1294,3,188
1294,4,119
1294,5,21
1295,0,190
1295,1,464
1295,2,306
1295,3,187
1295,4,128
1295,5,20
1296,0,179
1296,1,487
1296,2,298
1296,3,176
1296,4,135
1296,5,21
1297,0,164
1297,1,497
1297,2,325
1297,3,167
1297,4,122
1297,5,20
1297,6,2
1298,0,189
1298,1,468
1298,2,307
1298,3,192
1298,4,122
1298,5,20
1299,0,170
1299,1,490
1299,2,313
1299,3,186
1299,4,116
1299,5,24
1300,0,184
1300,1,476
1300,2,306
1300,3,178
1300,4,138
1300,5,18
1301,0,179
1301,1,477
1301,2,314
1301,3,190
1301,4,122
1301,5,18
1301,6,1
1302,0,187
1302,1,473
1302,2,319
1302,3,168
1302,4,133
1302,5,20
1302,6,2
1303,0,191
1303,1,465
1303,2,304
1303,3,199
1303,4,125
1303,5,19
1304,0,193
1304,1,447
1304,2,338
1304,3,183
1304,4,122
1304,5,20
1304,6,1
1305,0,168
1305,1,502
1305,2,309
1305,3,179
1305,4,125
1305,5,22
1306,0,183
1306,1,476
1306,2,316
1306,3,190
1306,4,118
1306,5,22
1306,6,1
1307,0,187
1307,1,474
1307,2,300
1307,3,200
1307,4,124
1307,5,22
1308,0,168
1308,1,522
1308,2,284
1308,3,176
1308,4,140
1308,5,18
1309,0,185
1309,1,466
1309,2,326
1309,3,188
1309,4,122
1309,5,20
1309,6,2
1310,0,186
1310,1,486
1310,2,308
1310,3,175
1310,4,136
1310,5,19
1311,0,175
1311,1,495
1311,2,311
1311,3,180
1311,4,126
1311,5,24
1312,0,171
1312,1,491
1312,2,323
1312,3,186
1312,4,117
1312,5,24
1313,0,188
1313,1,474
1313,2,313
1313,3,193
1313,4,125
1313,5,20
1314,0,184
1314,1,485
1314,2,310
1314,3,184
1314,4,131
1314,5,19
1314,6,1
1315,0,172
1315,1,499
1315,2,316
1315,3,179
1315,4,126
1315,5,23
1316,0,186
1316,1,486
1316,2,305
1316,3,189
1316,4,128
1316,5,21
1316,6,1
1317,0,184
1317,1,494
1317,2,304
1317,3,178
1317,4,137
1317,5,19
1317,6,1
1318,0,185
1318,1,464
1318,2,338
1318,3,196
1318,4,110
1318,5,24
1318,6,1
1319,0,176
1319,1,497
1319,2,308
1319,3,190
1319,4,125
1319,5,23
1320,0,180
1320,1,500
1320,2,301
1320,3,188
1320,4,128
1320,5,23
1321,0,196
1321,1,460
1321,2,327
1321,3,191
1321,4,125
1321,5,21
1321,6,1
1322,0,196
1322,1,461
1322,2,325
1322,3,197
1322,4,123
1322,5,20
1323,0,195
1323,1,459
1323,2,334
1323,3,184
1323,4,130
1323,5,19
1323,6,2
1324,0,178
1324,1,498
1324,2,307
1324,3,194
1324,4,127
1324,5,20
1325,0,178
1325,1,504
1325,2,308
1325,3,184
1325,4,127
1325,5,24
1326,0,169
1326,1,518
1326,2,304
1326,3,177
1326,4,136
1326,5,22
1327,0,169
1327,1,520
1327,2,305
1327,3,169
1327,4,141
1327,5,23
1328,0,188
1328,1,481
1328,2,324
1328,3,188
1328,4,125
1328,5,21
1328,6,1
1329,0,189
1329,1,467
1329,2,328
1329,3,201
1329,4,125
1329,5,18
1329,6,1
1330,0,185
1330,1,493
1330,2,323
1330,3,174
1330,4,129
1330,5,26
1331,0,185
1331,1,481
1331,2,326
1331,3,188
1331,4,126
1331,5,25
1332,0,185
1332,1,488
1332,2,324
1332,3,194
1332,4,118
1332,5,22
1332,6,1
1333,0,189
1333,1,494
1333,2,295
1333,3,197
1333,4,138
1333,5,20
1334,0,189
1334,1,469
1334,2,345
1334,3,182
1334,4,127
1334,5,21
1334,6,1
1335,0,187
1335,1,488
1335,2,313
1335,3,197
1335,4,130
1335,5,20
1336,0,188
1336,1,498
1336,2,308
1336,3,188
1336,4,132
1336,5,21
1336,6,1
1337,0,169
1337,1,510
1337,2,317
1337,3,201
1337,4,119
1337,5,20
1337,6,1
1338,0,195
1338,1,482
1338,2,299
1338,3,212
1338,4,128
1338,5,22
1339,0,191
1339,1,488
1339,2,325
1339,3,178
1339,4,135
1339,5,21
1339,6,1
1340,0,183
1340,1,493
1340,2,332
1340,3,181
1340,4,128
1340,5,22
1340,6,1
1341,0,201
1341,1,459
1341,2,341
1341,3,190
1341,4,130
1341,5,20
1342,0,180
1342,1,496
1342,2,334
1342,3,177
1342,4,129
1342,5,26
1343,0,185
1343,1,493
1343,2,327
1343,3,188
1343,4,125
1343,5,25
1344,0,188
1344,1,497
1344,2,307
1344,3,205
1344,4,124
1344,5,23
1345,0,193
1345,1,479
1345,2,329
1345,3,188
1345,4,132
1345,5,24
1346,0,182
1346,1,497
1346,2,348
1346,3,163
1346,4,130
1346,5,26
1347,0,189
1347,1,496
1347,2,319
1347,3,189
1347,4,127
1347,5,27
1348,0,173
1348,1,504
1348,2,333
1348,3,191
1348,4,125
1348,5,21
1348,6,1
1349,0,188
1349,1,496
1349,2,319
1349,3,202
1349,4,124
1349,5,19
1349,6,1
1350,0,203
1350,1,474
1350,2,316
1350,3,193
1350,4,144
1350,5,20
1351,0,193
1351,1,487
1351,2,329
1351,3,192
1351,4,133
1351,5,14
1351,6,3
1352,0,193
1352,1,482
1352,2,329
1352,3,194
1352,4,134
1352,5,20
1353,0,186
1353,1,497
1353,2,324
1353,3,197
1353,4,124
1353,5,24
1353,6,1
1354,0,187
1354,1,494
1354,2,336
1354,3,184
1354,4,131
1354,5,22
1355,0,169
1355,1,528
1355,2,329
1355,3,166
1355,4,138
1355,5,24
1355,6,1
1356,0,184
1356,1,513
1356,2,323
1356,3,178
1356,4,136
1356,5,21
1356,6,1
1357,0,197
1357,1,488
1357,2,324
1357,3,191
1357,4,130
1357,5,27
1358,0,190
1358,1,482
1358,2,335
1358,3,209
1358,4,124
1358,5,17
1358,6,1
1359,0,192
1359,1,498
1359,2,328
1359,3,182
1359,4,133
1359,5,26
1360,0,192
1360,1,486
1360,2,335
1360,3,197
1360,4,125
1360,5,24
1360,6,1
1361,0,192
1361,1,484
1361,2,347
1361,3,193
1361,4,122
1361,5,23
1362,0,193
1362,1,489
1362,2,331
1362,3,192
1362,4,134
1362,5,23
1363,0,189
1363,1,488
1363,2,346
1363,3,191
1363,4,125
1363,5,23
1363,6,1
1364,0,185
1364,1,507
1364,2,325
1364,3,192
1364,4,132
1364,5,23
1365,0,204
1365,1,472
1365,2,342
1365,3,192
1365,4,133
1365,5,21
1365,6,1
1366,0,199
1366,1,500
1366,2,307
1366,3,201
1366,4,137
1366,5,22
1367,0,178
1367,1,503
1367,2,346
1367,3,191
1367,4,126
1367,5,22
1367,6,1
1368,0,186
1368,1,522
1368,2,312
1368,3,186
1368,4,138
1368,5,24
1369,0,194
1369,1,500
1369,2,328
1369,3,191
1369,4,128
1369,5,28
1370,0,190
1370,1,485
1370,2,354
1370,3,187
1370,4,133
1370,5,21
1371,0,197
1371,1,481
1371,2,343
1371,3,201
1371,4,124
1371,5,24
1371,6,1
1372,0,178
1372,1,517
1372,2,330
1372,3,200
1372,4,119
1372,5,28
1373,0,197
1373,1,481
1373,2,345
1373,3,198
1373,4,131
1373,5,20
1373,6,1
1374,0,198
1374,1,506
1374,2,329
1374,3,177
1374,4,142
1374,5,21
1374,6,1
1375,0,193
1375,1,498
1375,2,323
1375,3,201
1375,4,138
1375,5,21
1375,6,1
1376,0,185
1376,1,522
1376,2,312
1376,3,198
1376,4,135
1376,5,24
1377,0,194
1377,1,504
1377,2,328
1377,3,189
1377,4,140
1377,5,21
1377,6,1
1378,0,175
1378,1,518
1378,2,353
1378,3,190
1378,4,112
1378,5,30
1379,0,185
1379,1,512
1379,2,323
1379,3,199
1379,4,137
1379,5,23
1380,0,188
1380,1,514
1380,2,324
1380,3,202
1380,4,131
1380,5,19
1380,6,2
1381,0,202
1381,1,489
1381,2,341
1381,3,182
1381,4,146
1381,5,20
1381,6,1
1382,0,199
1382,1,480
1382,2,348
1382,3,211
1382,4,117
1382,5,27
1383,0,192
1383,1,503
1383,2,338
1383,3,192
1383,4,140
1383,5,16
1383,6,2
1384,0,203
1384,1,478
1384,2,354
1384,3,193
1384,4,133
1384,5,22
1384,6,1
1385,0,182
1385,1,522
1385,2,331
1385,3,193
1385,4,133
1385,5,24
1386,0,186
1386,1,515
1386,2,334
1386,3,193
1386,4,132
1386,5,26
1387,0,199
1387,1,505
1387,2,330
1387,3,195
1387,4,136
1387,5,21
1387,6,1
1388,0,202
1388,1,485
1388,2,345
1388,3,197
1388,4,137
1388,5,21
1388,6,1
1389,0,196
1389,1,496
1389,2,347
1389,3,189
1389,4,138
1389,5,22
1389,6,1
1390,0,185
1390,1,525
1390,2,323
1390,3,194
1390,4,141
1390,5,21
1390,6,1
1391,0,185
1391,1,511
1391,2,352
1391,3,190
1391,4,128
1391,5,24
1391,6,1
1392,0,200
1392,1,497
1392,2,340
1392,3,199
1392,4,135
1392,5,20
1392,6,1
1393,0,192
1393,1,523
1393,2,315
1393,3,190
1393,4,151
1393,5,22
1394,0,204
1394,1,495
1394,2,339
1394,3,202
1394,4,127
1394,5,27
1395,0,199
1395,1,497
1395,2,356
1395,3,181
1395,4,136
1395,5,26
1396,0,176
1396,1,534
1396,2,334
1396,3,196
1396,4,130
1396,5,26
1397,0,201
1397,1,498
1397,2,349
1397,3,182
1397,4,147
1397,5,18
1397,6,2
1398,0,191
1398,1,518
1398,2,331
1398,3,198
1398,4,137
1398,5,22
1398,6,1
1399,0,183
1399,1,517
1399,2,353
1399,3,191
1399,4,130
1399,5,25
1400,0,196
1400,1,511
1400,2,335
1400,3,192
1400,4,142
1400,5,24
1401,0,188
1401,1,524
1401,2,329
1401,3,201
1401,4,134
1401,5,25
1402,0,192
1402,1,531
1402,2,317
1402,3,197
1402,4,142
1402,5,22
1402,6,1
1403,0,177
1403,1,537
1403,2,339
1403,3,188
1403,4,140
1403,5,22
1404,0,188
1404,1,525
1404,2,347
1404,3,178
1404,4,142
1404,5,22
1404,6,2
1405,0,184
1405,1,527
1405,2,341
1405,3,194
1405,4,134
1405,5,24
1405,6,1
1406,0,198
1406,1,514
1406,2,334
1406,3,200
1406,4,134
1406,5,26
1407,0,196
1407,1,507
1407,2,342
1407,3,203
1407,4,136
1407,5,23
1408,0,200
1408,1,501
1408,2,360
1408,3,183
1408,4,141
1408,5,22
1408,6,1
1409,0,191
1409,1,513
1409,2,353
1409,3,193
1409,4,134
1409,5,25
1410,0,192
1410,1,527
1410,2,333
1410,3,190
1410,4,141
1410,5,26
1410,6,1
1411,0,204
1411,1,505
1411,2,337
1411,3,202
1411,4,141
1411,5,22
1412,0,196
1412,1,514
1412,2,342
1412,3,206
1412,4,124
1412,5,30
1413,0,207
1413,1,497
1413,2,338
1413,3,208
1413,4,143
1413,5,19
1413,6,1
1414,0,186
1414,1,523
1414,2,358
1414,3,184
1414,4,139
1414,5,22
1414,6,2
1415,0,202
1415,1,491
1415,2,361
1415,3,211
1415,4,125
1415,5,24
1415,6,1
1416,0,203
1416,1,507
1416,2,340
1416,3,209
1416,4,131
1416,5,26
1417,0,201
1417,1,512
1417,2,355
1417,3,175
1417,4,153
1417,5,20
1417,6,1
1418,0,190
1418,1,520
1418,2,358
1418,3,185
1418,4,141
1418,5,24
1419,0,209
1419,1,491
1419,2,362
1419,3,202
1419,4,125
1419,5,30
1420,0,194
1420,1,527
1420,2,337
1420,3,194
1420,4,147
1420,5,20
1420,6,1
1421,0,200
1421,1,513
1421,2,338
1421,3,203
1421,4,145
1421,5,22
1422,0,187
1422,1,533
1422,2,346
1422,3,202
1422,4,131
1422,5,21
1422,6,2
1423,0,195
1423,1,519
1423,2,346
1423,3,199
1423,4,138
1423,5,26
1424,0,201
1424,1,501
1424,2,361
1424,3,208
1424,4,125
1424,5,27
1424,6,1
1425,0,207
1425,1,497
1425,2,363
1425,3,200
1425,4,131
1425,5,27
1426,0,193
1426,1,533
1426,2,340
1426,3,195
1426,4,140
1426,5,24
1426,6,1
1427,0,189
1427,1,534
1427,2,345
1427,3,188
1427,4,148
1427,5,23
1428,0,192
1428,1,529
1428,2,336
1428,3,203
1428,4,145
1428,5,22
1428,6,1
1429,0,201
1429,1,524
1429,2,333
1429,3,208
1429,4,140
1429,5,22
1429,6,1
1430,0,194
1430,1,526
1430,2,360
1430,3,182
1430,4,143
1430,5,24
1430,6,1
1431,0,191
1431,1,526
1431,2,355
1431,3,199
1431,4,132
1431,5,27
1431,6,1
1432,0,188
1432,1,525
1432,2,362
1432,3,195
1432,4,133
1432,5,29
1433,0,192
1433,1,532
1433,2,349
1433,3,190
1433,4,147
1433,5,23
1434,0,209
1434,1,519
1434,2,329
1434,3,206
1434,4,152
1434,5,18
1434,6,1
1435,0,198
1435,1,530
1435,2,337
1435,3,199
1435,4,143
1435,5,28
1436,0,210
1436,1,501
1436,2,355
1436,3,213
1436,4,133
1436,5,24
1437,0,189
1437,1,527
1437,2,362
1437,3,196
1437,4,137
1437,5,25
1437,6,1
1438,0,204
1438,1,513
1438,2,349
1438,3,207
1438,4,141
1438,5,22
1438,6,2
1439,0,193
1439,1,541
1439,2,338
1439,3,200
1439,4,146
1439,5,21
1440,0,193
1440,1,543
1440,2,335
1440,3,198
1440,4,146
1440,5,25
1441,0,196
1441,1,532
1441,2,352
1441,3,188
1441,4,145
1441,5,27
1441,6,1
1442,0,190
1442,1,530
1442,2,370
1442,3,191
1442,4,133
1442,5,28
1443,0,195
1443,1,525
1443,2,357
1443,3,205
1443,4,133
1443,5,28
1444,0,207
1444,1,518
1444,2,334
1444,3,217
1444,4,144
1444,5,23
1444,6,1
1445,0,199
1445,1,526
1445,2,349
1445,3,211
1445,4,135
1445,5,25
1446,0,201
1446,1,525
1446,2,354
1446,3,193
1446,4,150
1446,5,21
1446,6,2
1447,0,183
1447,1,546
1447,2,359
1447,3,200
1447,4,130
1447,5,29
1448,0,201
1448,1,518
1448,2,358
1448,3,212
1448,4,134
1448,5,23
1448,6,2
1449,0,206
1449,1,520
1449,2,344
1449,3,217
1449,4,137
1449,5,24
1449,6,1
1450,0,201
1450,1,514
1450,2,377
1450,3,195
1450,4,138
1450,5,24
1450,6,1
1451,0,202
1451,1,530
1451,2,336
1451,3,209
1451,4,149
1451,5,25
1452,0,202
1452,1,520
1452,2,366
1452,3,202
1452,4,132
1452,5,29
1452,6,1
1453,0,194
1453,1,550
1453,2,334
1453,3,202
1453,4,150
1453,5,22
1453,6,1
1454,0,209
1454,1,517
1454,2,339
1454,3,222
1454,4,149
1454,5,18
1455,0,191
1455,1,538
1455,2,365
1455,3,191
1455,4,145
1455,5,24
1455,6,1
1456,0,199
1456,1,531
1456,2,356
1456,3,200
1456,4,144
1456,5,24
1456,6,2
1457,0,194
1457,1,555
1457,2,338
1457,3,198
1457,4,144
1457,5,28
1458,0,210
1458,1,519
1458,2,355
1458,3,197
1458,4,155
1458,5,21
1458,6,1
1459,0,199
1459,1,528
1459,2,368
1459,3,194
1459,4,139
1459,5,31
1460,0,197
1460,1,535
1460,2,353
1460,3,207
1460,4,140
1460,5,28
1461,0,207
1461,1,523
1461,2,355
1461,3,201
1461,4,150
1461,5,25
1462,0,197
1462,1,534
1462,2,359
1462,3,211
1462,4,133
1462,5,27
1462,6,1
1463,0,203
1463,1,514
1463,2,380
1463,3,208
1463,4,133
1463,5,23
1463,6,2
1464,0,210
1464,1,528
1464,2,342
1464,3,207
1464,4,151
1464,5,26
1465,0,201
1465,1,529
1465,2,361
1465,3,211
1465,4,134
1465,5,29
1466,0,190
1466,1,541
1466,2,373
1466,3,205
1466,4,131
1466,5,25
1466,6,1
1467,0,207
1467,1,528
1467,2,354
1467,3,208
1467,4,141
1467,5,28
1467,6,1
1468,0,216
1468,1,505
1468,2,363
1468,3,208
1468,4,157
1468,5,18
1468,6,1
1469,0,205
1469,1,523
1469,2,364
1469,3,209
1469,4,144
1469,5,22
1469,6,2
1470,0,206
1470,1,545
1470,2,326
1470,3,222
1470,4,152
1470,5,18
1470,6,1
1471,0,185
1471,1,560
1471,2,373
1471,3,174
1471,4,150
1471,5,29
1472,0,204
1472,1,540
1472,2,343
1472,3,212
1472,4,150
1472,5,23
1473,0,201
1473,1,539
1473,2,344
1473,3,220
1473,4,141
1473,5,26
1473,6,2
1474,0,198
1474,1,547
1474,2,357
1474,3,202
1474,4,146
1474,5,24
1475,0,215
1475,1,525
1475,2,343
1475,3,218
1475,4,153
1475,5,19
1475,6,2
1476,0,196
1476,1,546
1476,2,362
1476,3,194
1476,4,156
1476,5,21
1476,6,1
1477,0,195
1477,1,544
1477,2,366
1477,3,203
1477,4,143
1477,5,25
1477,6,1
1478,0,201
1478,1,540
1478,2,365
1478,3,203
1478,4,145
1478,5,22
1478,6,2
1479,0,210
1479,1,529
1479,2,358
1479,3,204
1479,4,154
1479,5,24
1480,0,202
1480,1,536
1480,2,369
1480,3,203
1480,4,137
1480,5,33
1481,0,200
1481,1,542
1481,2,360
1481,3,205
1481,4,153
1481,5,20
1481,6,1
1482,0,191
1482,1,562
1482,2,354
1482,3,197
1482,4,149
1482,5,29
1483,0,192
1483,1,569
1483,2,341
1483,3,209
1483,4,145
1483,5,27
1484,0,212
1484,1,521
1484,2,368
1484,3,212
1484,4,147
1484,5,22
1484,6,2
1485,0,208
1485,1,533
1485,2,370
1485,3,197
1485,4,149
1485,5,28
1486,0,217
1486,1,508
1486,2,371
1486,3,228
1486,4,135
1486,5,26
1486,6,1
1487,0,187
1487,1,571
1487,2,344
1487,3,216
1487,4,142
1487,5,27
1488,0,202
1488,1,553
1488,2,357
1488,3,192
1488,4,159
1488,5,24
1488,6,1
1489,0,190
1489,1,568
1489,2,352
1489,3,209
1489,4,139
1489,5,30
1489,6,1
1490,0,198
1490,1,551
1490,2,348
1490,3,222
1490,4,144
1490,5,27
1491,0,206
1491,1,536
1491,2,372
1491,3,209
1491,4,144
1491,5,21
1491,6,3
1492,0,219
1492,1,519
1492,2,362
1492,3,215
1492,4,150
1492,5,26
1492,6,1
1493,0,201
1493,1,542
1493,2,371
1493,3,207
1493,4,145
1493,5,27
1494,0,206
1494,1,529
1494,2,382
1494,3,210
1494,4,139
1494,5,28
1495,0,206
1495,1,542
1495,2,361
1495,3,212
1495,4,147
1495,5,25
1495,6,2
1496,0,202
1496,1,551
1496,2,357
1496,3,216
1496,4,142
1496,5,28
1497,0,200
1497,1,537
1497,2,395
1497,3,199
1497,4,134
1497,5,31
1497,6,1
1498,0,205
1498,1,545
1498,2,353
1498,3,216
1498,4,156
1498,5,22
1498,6,1
1499,0,208
1499,1,550
1499,2,357
1499,3,201
1499,4,156
1499,5,27
1500,0,187
1500,1,568
1500,2,360
1500,3,214
1500,4,143
1500,5,27
1500,6,1
1501,0,217
1501,1,532
1501,2,365
1501,3,214
1501,4,145
1501,5,28
1502,0,223
1502,1,524
1502,2,345
1502,3,232
1502,4,156
1502,5,20
1502,6,2
1503,0,205
1503,1,548
1503,2,353
1503,3,228
1503,4,145
1503,5,23
1503,6,1
1504,0,212
1504,1,535
1504,2,378
1504,3,206
1504,4,144
1504,5,28
1504,6,1
1505,0,206
1505,1,535
1505,2,377
1505,3,213
1505,4,150
1505,5,23
1505,6,1
1506,0,217
1506,1,518
1506,2,377
1506,3,230
1506,4,136
1506,5,27
1506,6,1
1507,0,219
1507,1,516
1507,2,393
1507,3,203
1507,4,147
1507,5,28
1507,6,1
1508,0,202
1508,1,567
1508,2,353
1508,3,203
1508,4,154
1508,5,29
1509,0,203
1509,1,550
1509,2,370
1509,3,209
1509,4,147
1509,5,30
1510,0,192
1510,1,588
1510,2,345
1510,3,209
1510,4,144
1510,5,32
1511,0,197
1511,1,556
1511,2,369
1511,3,212
1511,4,150
1511,5,27
1512,0,208
1512,1,546
1512,2,380
1512,3,201
1512,4,150
1512,5,26
1512,6,1
1513,0,208
1513,1,532
1513,2,386
1513,3,215
1513,4,145
1513,5,25
1513,6,2
1514,0,204
1514,1,573
1514,2,332
1514,3,222
1514,4,159
1514,5,24
1515,0,211
1515,1,556
1515,2,356
1515,3,206
1515,4,161
1515,5,24
1515,6,1
1516,0,218
1516,1,537
1516,2,370
1516,3,218
1516,4,140
1516,5,33
1517,0,205
1517,1,536
1517,2,390
1517,3,213
1517,4,150
1517,5,22
1517,6,1
1518,0,191
1518,1,586
1518,2,348
1518,3,220
1518,4,142
1518,5,31
1519,0,219
1519,1,538
1519,2,365
1519,3,213
1519,4,161
1519,5,22
1519,6,1
1520,0,201
1520,1,559
1520,2,372
1520,3,216
1520,4,146
1520,5,24
1520,6,2
1521,0,203
1521,1,553
1521,2,381
1521,3,208
1521,4,148
1521,5,28
1522,0,204
1522,1,572
1522,2,356
1522,3,199
1522,4,164
1522,5,26
1522,6,1
1523,0,197
1523,1,566
1523,2,379
1523,3,202
1523,4,150
1523,5,29
1524,0,196
1524,1,575
1524,2,360
1524,3,216
1524,4,148
1524,5,29
1525,0,223
1525,1,535
1525,2,368
1525,3,217
1525,4,156
1525,5,25
1525,6,1
1526,0,192
1526,1,565
1526,2,387
1526,3,209
1526,4,143
1526,5,29
1526,6,1
1527,0,217
1527,1,542
1527,2,368
1527,3,226
1527,4,149
1527,5,24
1527,6,1
1528,0,209
1528,1,566
1528,2,355
1528,3,213
1528,4,159
1528,5,25
1528,6,1
1529,0,206
1529,1,546
1529,2,380
1529,3,228
1529,4,141
1529,5,26
1529,6,2
1530,0,209
1530,1,557
1530,2,372
1530,3,216
1530,4,148
1530,5,27
1530,6,1
1531,0,190
1531,1,592
1531,2,355
1531,3,216
1531,4,147
1531,5,31
1532,0,209
1532,1,546
1532,2,385
1532,3,219
1532,4,148
1532,5,24
1532,6,1
1533,0,208
1533,1,565
1533,2,374
1533,3,200
1533,4,153
1533,5,33
1534,0,206
1534,1,570
1534,2,365
1534,3,204
1534,4,158
1534,5,31
1535,0,219
1535,1,525
1535,2,394
1535,3,231
1535,4,137
1535,5,28
1535,6,1
1536,0,209
1536,1,553
1536,2,380
1536,3,219
1536,4,144
1536,5,31
1537,0,220
1537,1,552
1537,2,369
1537,3,211
1537,4,157
1537,5,26
1537,6,2
1538,0,212
1538,1,555
1538,2,366
1538,3,222
1538,4,160
1538,5,23
1539,0,197
1539,1,583
1539,2,360
1539,3,222
1539,4,148
1539,5,29
1540,0,213
1540,1,545
1540,2,391
1540,3,213
1540,4,149
1540,5,27
1540,6,2
1541,0,205
1541,1,575
1541,2,369
1541,3,201
1541,4,162
1541,5,29
1542,0,209
1542,1,559
1542,2,387
1542,3,213
1542,4,144
1542,5,28
1542,6,2
1543,0,219
1543,1,542
1543,2,374
1543,3,224
1543,4,159
1543,5,25
1544,0,207
1544,1,562
1544,2,371
1544,3,234
1544,4,144
1544,5,26
1545,0,227
1545,1,535
1545,2,382
1545,3,215
1545,4,161
1545,5,22
1545,6,3
1546,0,204
1546,1,583
1546,2,350
1546,3,230
1546,4,156
1546,5,22
1546,6,1
1547,0,193
1547,1,589
1547,2,371
1547,3,213
1547,4,148
1547,5,33
1548,0,231
1548,1,514
1548,2,409
1548,3,215
1548,4,147
1548,5,30
1548,6,2
1549,0,200
1549,1,577
1549,2,375
1549,3,216
1549,4,153
1549,5,28
1550,0,218
1550,1,562
1550,2,370
1550,3,218
1550,4,157
1550,5,24
1550,6,1
1551,0,198
1551,1,584
1551,2,373
1551,3,200
1551,4,171
1551,5,23
1551,6,2
1552,0,205
1552,1,577
1552,2,377
1552,3,208
1552,4,156
1552,5,29
1553,0,218
1553,1,556
1553,2,364
1553,3,232
1553,4,159
1553,5,22
1553,6,2
1554,0,222
1554,1,544
1554,2,385
1554,3,226
1554,4,152
1554,5,23
1554,6,2
1555,0,207
1555,1,578
1555,2,361
1555,3,222
1555,4,157
1555,5,30
1556,0,213
1556,1,552
1556,2,407
1556,3,204
1556,4,151
1556,5,28
1556,6,1
1557,0,210
1557,1,556
1557,2,378
1557,3,244
1557,4,139
1557,5,30
1558,0,204
1558,1,572
1558,2,394
1558,3,213
1558,4,138
1558,5,37
1559,0,207
1559,1,575
1559,2,376
1559,3,214
1559,4,163
1559,5,22
1559,6,2
1560,0,217
1560,1,570
1560,2,362
1560,3,219
1560,4,167
1560,5,24
1560,6,1
1561,0,193
1561,1,586
1561,2,386
1561,3,218
1561,4,152
1561,5,26
1562,0,222
1562,1,559
1562,2,379
1562,3,210
1562,4,159
1562,5,33
1563,0,223
1563,1,547
1563,2,381
1563,3,234
1563,4,152
1563,5,24
1563,6,2
1564,0,208
1564,1,573
1564,2,380
1564,3,222
1564,4,152
1564,5,28
1564,6,1
1565,0,215
1565,1,563
1565,2,387
1565,3,215
1565,4,153
1565,5,32
1566,0,217
1566,1,561
1566,2,377
1566,3,233
1566,4,152
1566,5,25
1566,6,1
1567,0,215
1567,1,561
1567,2,390
1567,3,217
1567,4,148
1567,5,36
1568,0,220
1568,1,555
1568,2,390
1568,3,217
1568,4,160
1568,5,25
1568,6,1
1569,0,218
1569,1,557
1569,2,385
1569,3,229
1569,4,149
1569,5,31
1570,0,204
1570,1,598
1570,2,360
1570,3,212
1570,4,167
1570,5,28
1570,6,1
1571,0,210
1571,1,568
1571,2,387
1571,3,219
1571,4,162
1571,5,24
1571,6,1
1572,0,206
1572,1,584
1572,2,380
1572,3,222
1572,4,150
1572,5,29
1572,6,1
1573,0,214
1573,1,580
1573,2,363
1573,3,225
1573,4,164
1573,5,26
1573,6,1
1574,0,210
1574,1,590
1574,2,362
1574,3,224
1574,4,159
1574,5,27
1574,6,2
1575,0,208
1575,1,567
1575,2,406
1575,3,216
1575,4,144
1575,5,33
1575,6,1
1576,0,223
1576,1,554
1576,2,377
1576,3,236
1576,4,161
1576,5,24
1576,6,1
1577,0,216
1577,1,561
1577,2,398
1577,3,231
1577,4,138
1577,5,32
1577,6,1
1578,0,204
1578,1,585
1578,2,389
1578,3,213
1578,4,157
1578,5,30
1579,0,216
1579,1,569
1579,2,383
1579,3,220
1579,4,166
1579,5,24
1579,6,1
1580,0,216
1580,1,583
1580,2,366
1580,3,214
1580,4,175
1580,5,25
1580,6,1
1581,0,223
1581,1,553
1581,2,398
1581,3,230
1581,4,144
1581,5,33
1582,0,217
1582,1,573
1582,2,372
1582,3,241
1582,4,147
1582,5,30
1582,6,2
1583,0,207
1583,1,586
1583,2,387
1583,3,211
1583,4,168
1583,5,23
1583,6,1
1584,0,220
1584,1,559
1584,2,392
1584,3,223
1584,4,159
1584,5,30
1584,6,1
1585,0,221
1585,1,564
1585,2,381
1585,3,245
1585,4,141
1585,5,33
1586,0,200
1586,1,593
1586,2,401
1586,3,203
1586,4,164
1586,5,23
1586,6,2
1587,0,211
1587,1,574
1587,2,397
1587,3,221
1587,4,152
1587,5,30
1587,6,2
1588,0,237
1588,1,541
1588,2,382
1588,3,238
1588,4,167
1588,5,22
1588,6,1
1589,0,211
1589,1,594
1589,2,364
1589,3,236
1589,4,150
1589,5,34
1590,0,233
1590,1,548
1590,2,386
1590,3,238
1590,4,161
1590,5,23
1590,6,1
1591,0,206
1591,1,597
1591,2,368
1591,3,237
1591,4,151
1591,5,31
1591,6,1
1592,0,206
1592,1,586
1592,2,402
1592,3,207
1592,4,161
1592,5,29
1592,6,1
1593,0,219
1593,1,568
1593,2,407
1593,3,210
1593,4,156
1593,5,33
1594,0,206
1594,1,589
1594,2,385
1594,3,233
1594,4,150
1594,5,30
1594,6,1
1595,0,217
1595,1,579
1595,2,391
1595,3,219
1595,4,155
1595,5,34
1596,0,216
1596,1,580
1596,2,387
1596,3,222
1596,4,158
1596,5,32
1596,6,1
1597,0,219
1597,1,566
1597,2,407
1597,3,223
1597,4,151
1597,5,31
1598,0,215
1598,1,580
1598,2,389
1598,3,228
1598,4,157
1598,5,28
1598,6,1
1599,0,213
1599,1,582
1599,2,382
1599,3,229
1599,4,167
1599,5,25
1599,6,1
1600,0,225
1600,1,556
1600,2,422
1600,3,210
1600,4,150
1600,5,37
1601,0,208
1601,1,591
1601,2,382
1601,3,247
1601,4,141
1601,5,32
1602,0,222
1602,1,570
1602,2,397
1602,3,217
1602,4,165
1602,5,30
1602,6,1
1603,0,227
1603,1,570
1603,2,385
1603,3,232
1603,4,157
1603,5,31
1603,6,1
1604,0,216
1604,1,566
1604,2,407
1604,3,239
1604,4,144
1604,5,31
1604,6,1
1605,0,230
1605,1,564
1605,2,392
1605,3,230
1605,4,162
1605,5,26
1605,6,1
1606,0,231
1606,1,566
1606,2,375
1606,3,240
1606,4,165
1606,5,27
1606,6,2
1607,0,217
1607,1,593
1607,2,383
1607,3,217
1607,4,166
1607,5,31
1608,0,214
1608,1,578
1608,2,393
1608,3,244
1608,4,147
1608,5,32
1609,0,215
1609,1,574
1609,2,409
1609,3,224
1609,4,159
1609,5,26
1609,6,2
1610,0,222
1610,1,576
1610,2,390
1610,3,236
1610,4,153
1610,5,33
1611,0,217
1611,1,594
1611,2,378
1611,3,224
1611,4,166
1611,5,31
1611,6,1
1612,0,213
1612,1,588
1612,2,396
1612,3,227
1612,4,160
1612,5,27
1612,6,1
1613,0,213
1613,1,597
1613,2,384
1613,3,225
1613,4,166
1613,5,28
1614,0,210
1614,1,595
1614,2,395
1614,3,224
1614,4,155
1614,5,33
1614,6,2
1615,0,214
1615,1,602
1615,2,378
1615,3,219
1615,4,175
1615,5,26
1615,6,1
1616,0,231
1616,1,558
1616,2,395
1616,3,248
1616,4,155
1616,5,28
1616,6,1
1617,0,228
1617,1,568
1617,2,396
1617,3,251
1617,4,142
1617,5,31
1617,6,1
1618,0,205
1618,1,606
1618,2,392
1618,3,217
1618,4,166
1618,5,30
1618,6,2
1619,0,224
1619,1,574
1619,2,398
1619,3,239
1619,4,158
1619,5,25
1619,6,1
1620,0,209
1620,1,604
1620,2,381
1620,3,236
1620,4,153
1620,5,37
1621,0,224
1621,1,577
1621,2,389
1621,3,245
1621,4,156
1621,5,29
1621,6,1
1622,0,236
1622,1,564
1622,2,394
1622,3,218
1622,4,180
1622,5,29
1622,6,1
1623,0,211
1623,1,595
1623,2,406
1623,3,220
1623,4,161
1623,5,30
1624,0,207
1624,1,604
1624,2,403
1624,3,221
1624,4,157
1624,5,31
1624,6,1
1625,0,231
1625,1,573
1625,2,392
1625,3,230
1625,4,168
1625,5,30
1625,6,1
1626,0,226
1626,1,565
1626,2,417
1626,3,227
1626,4,159
1626,5,30
1626,6,2
1627,0,224
1627,1,586
1627,2,388
1627,3,229
1627,4,170
1627,5,30
1628,0,217
1628,1,584
1628,2,405
1628,3,247
1628,4,144
1628,5,30
1628,6,1
1629,0,233
1629,1,563
1629,2,399
1629,3,243
1629,4,156
1629,5,35
1630,0,228
1630,1,584
1630,2,391
1630,3,227
1630,4,173
1630,5,25
1630,6,2
1631,0,204
1631,1,601
1631,2,406
1631,3,234
1631,4,160
1631,5,25
1631,6,1
1632,0,235
1632,1,582
1632,2,384
1632,3,237
1632,4,159
1632,5,35
1633,0,209
1633,1,598
1633,2,389
1633,3,242
1633,4,174
1633,5,19
1633,6,2
1634,0,201
1634,1,635
1634,2,379
1634,3,222
1634,4,164
1634,5,32
1634,6,1
1635,0,233
1635,1,566
1635,2,410
1635,3,234
1635,4,159
1635,5,32
1635,6,1
1636,0,220
1636,1,590
1636,2,407
1636,3,225
1636,4,164
1636,5,28
1636,6,2
1637,0,213
1637,1,597
1637,2,401
1637,3,233
1637,4,160
1637,5,32
1637,6,1
1638,0,229
1638,1,581
1638,2,403
1638,3,232
1638,4,160
1638,5,32
1638,6,1
1639,0,224
1639,1,578
1639,2,411
1639,3,237
1639,4,157
1639,5,31
1639,6,1
1640,0,226
1640,1,595
1640,2,381
1640,3,237
1640,4,172
1640,5,28
1640,6,1
1641,0,227
1641,1,585
1641,2,399
1641,3,239
1641,4,154
1641,5,37
1642,0,224
1642,1,581
1642,2,419
1642,3,217
1642,4,167
1642,5,33
1642,6,1
1643,0,216
1643,1,593
1643,2,415
1643,3,227
1643,4,164
1643,5,27
1643,6,1
1644,0,229
1644,1,585
1644,2,407
1644,3,222
1644,4,170
1644,5,30
1644,6,1
1645,0,229
1645,1,577
1645,2,399
1645,3,256
1645,4,154
1645,5,27
1645,6,3
1646,0,221
1646,1,587
1646,2,407
1646,3,246
1646,4,153
1646,5,32
1647,0,224
1647,1,607
1647,2,383
1647,3,225
1647,4,176
1647,5,32
1648,0,241
1648,1,552
1648,2,420
1648,3,248
1648,4,155
1648,5,30
1648,6,2
1649,0,204
1649,1,621
1649,2,403
1649,3,228
1649,4,166
1649,5,27
1650,0,216
1650,1,613
1650,2,390
1650,3,239
1650,4,153
1650,5,39
1651,0,215
1651,1,619
1651,2,385
1651,3,228
1651,4,176
1651,5,27
1651,6,1
1652,0,227
1652,1,598
1652,2,391
1652,3,228
1652,4,185
1652,5,20
1652,6,3
1653,0,209
1653,1,626
1653,2,390
1653,3,230
1653,4,167
1653,5,30
1653,6,1
1654,0,210
1654,1,611
1654,2,410
1654,3,222
1654,4,169
1654,5,31
1654,6,1
1655,0,238
1655,1,561
1655,2,434
1655,3,233
1655,4,156
1655,5,33
1656,0,224
1656,1,618
1656,2,360
1656,3,248
1656,4,178
1656,5,27
1656,6,1
1657,0,221
1657,1,606
1657,2,397
1657,3,236
1657,4,165
1657,5,31
1657,6,1
1658,0,223
1658,1,597
1658,2,415
1658,3,223
1658,4,169
1658,5,30
1658,6,1
1659,0,209
1659,1,623
1659,2,396
1659,3,236
1659,4,160
1659,5,35
1660,0,224
1660,1,589
1660,2,418
1660,3,239
1660,4,158
1660,5,30
1660,6,2
1661,0,238
1661,1,568
1661,2,422
1661,3,238
1661,4,163
1661,5,31
1661,6,1
1662,0,224
1662,1,604
1662,2,399
1662,3,239
1662,4,159
1662,5,37
1663,0,228
1663,1,609
1663,2,385
1663,3,232
1663,4,182
1663,5,26
1663,6,1
1664,0,224
1664,1,588
1664,2,421
1664,3,242
1664,4,158
1664,5,30
1664,6,1
1665,0,222
1665,1,612
1665,2,398
1665,3,232
1665,4,169
1665,5,30
1665,6,2
1666,0,219
1666,1,602
1666,2,412
1666,3,238
1666,4,159
1666,5,35
1666,6,1
1667,0,226
1667,1,601
1667,2,407
1667,3,235
1667,4,168
1667,5,29
1667,6,1
1668,0,224
1668,1,593
1668,2,415
1668,3,236
1668,4,164
1668,5,36
1669,0,219
1669,1,609
1669,2,414
1669,3,238
1669,4,149
1669,5,39
1669,6,1
1670,0,222
1670,1,609
1670,2,396
1670,3,246
1670,4,165
1670,5,32
1671,0,228
1671,1,587
1671,2,430
1671,3,228
1671,4,164
1671,5,32
1671,6,2
1672,0,216
1672,1,628
1672,2,391
1672,3,227
1672,4,184
1672,5,26
1673,0,234
1673,1,584
1673,2,414
1673,3,244
1673,4,165
1673,5,30
1673,6,2
1674,0,239
1674,1,579
1674,2,406
1674,3,256
1674,4,160
1674,5,34
1675,0,224
1675,1,598
1675,2,427
1675,3,230
1675,4,163
1675,5,32
1675,6,1
1676,0,246
1676,1,562
1676,2,417
1676,3,265
1676,4,157
1676,5,27
1676,6,2
1677,0,230
1677,1,609
1677,2,395
1677,3,244
1677,4,162
1677,5,36
1677,6,1
1678,0,229
1678,1,579
1678,2,438
1678,3,241
1678,4,159
1678,5,31
1678,6,1
1679,0,236
1679,1,581
1679,2,417
1679,3,251
1679,4,162
1679,5,31
1679,6,1
1680,0,228
1680,1,606
1680,2,407
1680,3,233
1680,4,173
1680,5,32
1680,6,1
1681,0,206
1681,1,652
1681,2,392
1681,3,214
1681,4,189
1681,5,26
1681,6,2
1682,0,234
1682,1,586
1682,2,412
1682,3,261
1682,4,160
1682,5,27
1682,6,2
1683,0,248
1683,1,561
1683,2,436
1683,3,246
1683,4,156
1683,5,35
1683,6,1
1684,0,235
1684,1,582
1684,2,431
1684,3,244
1684,4,157
1684,5,35
1685,0,221
1685,1,615
1685,2,400
1685,3,252
1685,4,167
1685,5,28
1685,6,2
1686,0,221
1686,1,620
1686,2,421
1686,3,220
1686,4,167
1686,5,37
1687,0,234
1687,1,591
1687,2,432
1687,3,218
1687,4,181
1687,5,30
1687,6,1
1688,0,223
1688,1,627
1688,2,398
1688,3,230
1688,4,178
1688,5,32
1689,0,233
1689,1,601
1689,2,405
1689,3,247
1689,4,171
1689,5,31
1689,6,1
1690,0,213
1690,1,632
1690,2,417
1690,3,233
1690,4,158
1690,5,36
1690,6,1
1691,0,225
1691,1,604
1691,2,411
1691,3,255
1691,4,166
1691,5,29
1691,6,1
1692,0,236
1692,1,600
1692,2,426
1692,3,223
1692,4,170
1692,5,36
1692,6,1
1693,0,219
1693,1,622
1693,2,414
1693,3,227
1693,4,179
1693,5,31
1693,6,1
1694,0,224
1694,1,604
1694,2,435
1694,3,242
1694,4,152
1694,5,36
1694,6,1
1695,0,220
1695,1,623
1695,2,410
1695,3,241
1695,4,170
1695,5,30
1695,6,1
1696,0,222
1696,1,626
1696,2,403
1696,3,232
1696,4,183
1696,5,28
1696,6,2
1697,0,234
1697,1,612
1697,2,403
1697,3,240
1697,4,176
1697,5,31
1697,6,1
1698,0,228
1698,1,619
1698,2,401
1698,3,250
1698,4,163
1698,5,37
1699,0,228
1699,1,601
1699,2,429
1699,3,244
1699,4,163
1699,5,32
1699,6,2
1700,0,225
1700,1,626
1700,2,395
1700,3,250
1700,4,174
1700,5,30
1701,0,224
1701,1,618
1701,2,418
1701,3,239
1701,4,173
1701,5,27
1701,6,2
1702,0,230
1702,1,617
1702,2,401
1702,3,258
1702,4,159
1702,5,36
1702,6,1
1703,0,223
1703,1,616
1703,2,430
1703,3,228
1703,4,170
1703,5,36
1704,0,232
1704,1,602
1704,2,415
1704,3,256
1704,4,165
1704,5,33
1704,6,1
1705,0,237
1705,1,603
1705,2,424
1705,3,234
1705,4,172
1705,5,34
1705,6,1
1706,0,221
1706,1,626
1706,2,416
1706,3,243
1706,4,170
1706,5,29
1706,6,1
1707,0,224
1707,1,631
1707,2,397
1707,3,249
1707,4,171
1707,5,34
1707,6,1
1708,0,244
1708,1,594
1708,2,423
1708,3,236
1708,4,181
1708,5,29
1708,6,1
1709,0,223
1709,1,613
1709,2,421
1709,3,261
1709,4,161
1709,5,29
1709,6,1
1710,0,226
1710,1,628
1710,2,410
1710,3,236
1710,4,173
1710,5,35
1710,6,2
1711,0,236
1711,1,613
1711,2,412
1711,3,241
1711,4,178
1711,5,29
1711,6,2
1712,0,215
1712,1,636
1712,2,421
1712,3,232
1712,4,175
1712,5,32
1712,6,1
1713,0,246
1713,1,598
1713,2,414
1713,3,258
1713,4,158
1713,5,39
1714,0,225
1714,1,615
1714,2,438
1714,3,231
1714,4,170
1714,5,35
1715,0,217
1715,1,638
1715,2,412
1715,3,236
1715,4,179
1715,5,33
1716,0,221
1716,1,637
1716,2,414
1716,3,239
1716,4,172
1716,5,31
1716,6,2
1717,0,241
1717,1,600
1717,2,427
1717,3,240
1717,4,178
1717,5,29
1717,6,2
1718,0,227
1718,1,619
1718,2,433
1718,3,234
1718,4,164
1718,5,41
1719,0,216
1719,1,638
1719,2,429
1719,3,228
1719,4,176
1719,5,30
1719,6,2
1720,0,235
1720,1,622
1720,2,395
1720,3,269
1720,4,167
1720,5,31
1720,6,1
1721,0,240
1721,1,586
1721,2,442
1721,3,261
1721,4,158
1721,5,33
1721,6,1
1722,0,237
1722,1,616
1722,2,415
1722,3,234
1722,4,181
1722,5,38
1722,6,1
1723,0,226
1723,1,630
1723,2,426
1723,3,237
1723,4,172
1723,5,30
1723,6,2
1724,0,232
1724,1,615
1724,2,418
1724,3,256
1724,4,171
1724,5,31
1724,6,1
1725,0,224
1725,1,636
1725,2,421
1725,3,232
1725,4,176
1725,5,36
1726,0,241
1726,1,595
1726,2,442
1726,3,244
1726,4,173
1726,5,27
1726,6,4
1727,0,245
1727,1,596
1727,2,423
1727,3,257
1727,4,173
1727,5,33
1728,0,223
1728,1,649
1728,2,396
1728,3,260
1728,4,167
1728,5,32
1728,6,1
1729,0,227
1729,1,636
1729,2,406
1729,3,239
1729,4,188
1729,5,33
1730,0,233
1730,1,623
1730,2,426
1730,3,253
1730,4,159
1730,5,35
1730,6,1
1731,0,238
1731,1,601
1731,2,432
1731,3,249
1731,4,179
1731,5,31
1731,6,1
1732,0,238
1732,1,626
1732,2,409
1732,3,247
1732,4,181
1732,5,30
1732,6,1
1733,0,227
1733,1,623
1733,2,423
1733,3,269
1733,4,156
1733,5,33
1733,6,2
1734,0,234
1734,1,628
1734,2,431
1734,3,225
1734,4,181
1734,5,33
1734,6,2
1735,0,242
1735,1,597
1735,2,438
1735,3,258
1735,4,168
1735,5,30
1735,6,2
1736,0,219
1736,1,652
1736,2,410
1736,3,240
1736,4,181
1736,5,34
1737,0,230
1737,1,626
1737,2,425
1737,3,244
1737,4,182
1737,5,28
1737,6,2
1738,0,226
1738,1,642
1738,2,419
1738,3,240
1738,4,175
1738,5,35
1738,6,1
1739,0,242
1739,1,626
1739,2,408
1739,3,242
1739,4,194
1739,5,25
1739,6,2
1740,0,226
1740,1,628
1740,2,433
1740,3,254
1740,4,163
1740,5,35
1740,6,1
1741,0,234
1741,1,626
1741,2,421
1741,3,248
1741,4,177
1741,5,33
1741,6,2
1742,0,224
1742,1,655
1742,2,404
1742,3,254
1742,4,165
1742,5,40
1743,0,226
1743,1,642
1743,2,417
1743,3,243
1743,4,184
1743,5,30
1743,6,1
1744,0,243
1744,1,621
1744,2,420
1744,3,243
1744,4,182
1744,5,34
1744,6,1
1745,0,226
1745,1,631
1745,2,421
1745,3,268
1745,4,169
1745,5,28
1745,6,2
1746,0,226
1746,1,632
1746,2,441
1746,3,241
1746,4,168
1746,5,37
1746,6,1
1747,0,237
1747,1,634
1747,2,418
1747,3,243
1747,4,181
1747,5,33
1747,6,1
1748,0,230
1748,1,619
1748,2,430
1748,3,273
1748,4,160
1748,5,36
1749,0,240
1749,1,626
1749,2,421
1749,3,248
1749,4,179
1749,5,34
1749,6,1
1750,0,215
1750,1,661
1750,2,445
1750,3,217
1750,4,169
1750,5,43
1751,0,238
1751,1,619
1751,2,429
1751,3,257
1751,4,172
1751,5,34
1751,6,2
1752,0,244
1752,1,592
1752,2,454
1752,3,265
1752,4,159
1752,5,38
1753,0,252
1753,1,612
1753,2,428
1753,3,237
1753,4,192
1753,5,31
1753,6,1
1754,0,233
1754,1,623
1754,2,444
1754,3,246
1754,4,171
1754,5,36
1754,6,1
1755,0,237
1755,1,629
1755,2,433
1755,3,248
1755,4,172
1755,5,34
1755,6,2
1756,0,230
1756,1,636
1756,2,424
1756,3,257
1756,4,174
1756,5,34
1756,6,1
1757,0,257
1757,1,604
1757,2,421
1757,3,269
1757,4,167
1757,5,38
1757,6,1
1758,0,242
1758,1,611
1758,2,446
1758,3,248
1758,4,177
1758,5,34
1759,0,226
1759,1,642
1759,2,439
1759,3,238
1759,4,184
1759,5,28
1759,6,2
1760,0,204
1760,1,677
1760,2,433
1760,3,234
1760,4,172
1760,5,39
1760,6,1
1761,0,252
1761,1,626
1761,2,405
1761,3,251
1761,4,196
1761,5,30
1761,6,1
1762,0,239
1762,1,624
1762,2,436
1762,3,261
1762,4,167
1762,5,34
1762,6,1
1763,0,243
1763,1,627
1763,2,424
1763,3,251
1763,4,183
1763,5,34
1763,6,1
1764,0,228
1764,1,636
1764,2,448
1764,3,247
1764,4,168
1764,5,35
1764,6,2
1765,0,255
1765,1,593
1765,2,445
1765,3,254
1765,4,184
1765,5,34
1766,0,231
1766,1,641
1766,2,434
1766,3,253
1766,4,177
1766,5,28
1766,6,2
1767,0,231
1767,1,652
1767,2,418
1767,3,249
1767,4,178
1767,5,38
1767,6,1
1768,0,236
1768,1,626
1768,2,454
1768,3,241
1768,4,177
1768,5,31
1768,6,3
1769,0,241
1769,1,631
1769,2,423
1769,3,264
1769,4,176
1769,5,34
1770,0,237
1770,1,642
1770,2,429
1770,3,246
1770,4,178
1770,5,38
1771,0,233
1771,1,625
1771,2,459
1771,3,247
1771,4,166
1771,5,40
1771,6,1
1772,0,228
1772,1,641
1772,2,457
1772,3,233
1772,4,174
1772,5,39
1773,0,232
1773,1,647
1773,2,441
1773,3,227
1773,4,189
1773,5,35
1773,6,2
1774,0,243
1774,1,621
1774,2,445
1774,3,263
1774,4,165
1774,5,36
1774,6,1
1775,0,251
1775,1,607
1775,2,442
1775,3,270
1775,4,169
1775,5,34
1775,6,2
1776,0,245
1776,1,634
1776,2,426
1776,3,254
1776,4,184
1776,5,32
1776,6,1
1777,0,219
1777,1,658
1777,2,446
1777,3,242
1777,4,171
1777,5,40
1777,6,1
1778,0,233
1778,1,641
1778,2,428
1778,3,268
1778,4,174
1778,5,34
1779,0,253
1779,1,619
1779,2,437
1779,3,257
1779,4,175
1779,5,37
1779,6,1
1780,0,240
1780,1,625
1780,2,457
1780,3,243
1780,4,181
1780,5,33
1780,6,1
1781,0,236
1781,1,635
1781,2,444
1781,3,259
1781,4,174
1781,5,30
1781,6,3
1782,0,238
1782,1,638
1782,2,444
1782,3,243
1782,4,177
1782,5,41
1782,6,1
1783,0,233
1783,1,652
1783,2,423
1783,3,253
1783,4,187
1783,5,34
1783,6,1
1784,0,245
1784,1,624
1784,2,446
1784,3,263
1784,4,172
1784,5,34
1785,0,249
1785,1,630
1785,2,429
1785,3,260
1785,4,181
1785,5,34
1785,6,2
1786,0,239
1786,1,630
1786,2,458
1786,3,248
1786,4,175
1786,5,35
1786,6,1
1787,0,242
1787,1,630
1787,2,450
1787,3,252
1787,4,173
1787,5,40
1788,0,252
1788,1,602
1788,2,473
1788,3,242
1788,4,183
1788,5,34
1788,6,2
1789,0,250
1789,1,624
1789,2,437
1789,3,260
1789,4,186
1789,5,31
1789,6,1
1790,0,235
1790,1,647
1790,2,444
1790,3,253
1790,4,172
1790,5,39
1791,0,246
1791,1,621
1791,2,447
1791,3,269
1791,4,166
1791,5,41
1791,6,1
1792,0,239
1792,1,634
1792,2,459
1792,3,252
1792,4,170
1792,5,38
1793,0,249
1793,1,615
1793,2,449
1793,3,268
1793,4,178
1793,5,33
1793,6,1
1794,0,234
1794,1,663
1794,2,426
1794,3,253
1794,4,180
1794,5,36
1794,6,2
1795,0,241
1795,1,647
1795,2,422
1795,3,267
1795,4,186
1795,5,30
1795,6,2
1796,0,244
1796,1,648
1796,2,428
1796,3,257
1796,4,180
1796,5,38
1796,6,1
1797,0,238
1797,1,633
1797,2,449
1797,3,266
1797,4,182
1797,5,28
1797,6,1
1798,0,248
1798,1,633
1798,2,439
1798,3,260
1798,4,183
1798,5,34
1798,6,1
1799,0,251
1799,1,641
1799,2,433
1799,3,252
1799,4,180
1799,5,42
1800,0,223
1800,1,664
1800,2,444
1800,3,260
1800,4,169
1800,5,39
1800,6,1
1801,0,243
1801,1,627
1801,2,462
1801,3,256
1801,4,180
1801,5,31
1801,6,2
1802,0,241
1802,1,654
1802,2,438
1802,3,244
1802,4,184
1802,5,40
1802,6,1
1803,0,233
1803,1,638
1803,2,466
1803,3,252
1803,4,182
1803,5,30
1803,6,2
1804,0,237
1804,1,654
1804,2,433
1804,3,267
1804,4,177
1804,5,35
1804,6,1
1805,0,257
1805,1,628
1805,2,441
1805,3,254
1805,4,189
1805,5,35
1805,6,1
1806,0,233
1806,1,662
1806,2,453
1806,3,236
1806,4,184
1806,5,36
1806,6,2
1807,0,250
1807,1,626
1807,2,457
1807,3,251
1807,4,193
1807,5,29
1807,6,1
1808,0,231
1808,1,646
1808,2,468
1808,3,251
1808,4,169
1808,5,41
1808,6,2
1809,0,246
1809,1,660
1809,2,411
1809,3,264
1809,4,189
1809,5,39
1810,0,247
1810,1,642
1810,2,439
1810,3,263
1810,4,189
1810,5,27
1810,6,3
1811,0,235
1811,1,666
1811,2,423
1811,3,264
1811,4,188
1811,5,35
1812,0,241
1812,1,649
1812,2,463
1812,3,236
1812,4,182
1812,5,40
1812,6,1
1813,0,251
1813,1,627
1813,2,461
1813,3,261
1813,4,176
1813,5,35
1813,6,2
1814,0,231
1814,1,654
1814,2,449
1814,3,268
1814,4,179
1814,5,31
1814,6,2
1815,0,246
1815,1,650
1815,2,449
1815,3,237
1815,4,197
1815,5,35
1815,6,1
1816,0,220
1816,1,693
1816,2,426
1816,3,254
1816,4,185
1816,5,38
1817,0,242
1817,1,654
1817,2,450
1817,3,252
1817,4,181
1817,5,37
1817,6,1
1818,0,246
1818,1,643
1818,2,435
1818,3,278
1818,4,184
1818,5,31
1818,6,1
1819,0,255
1819,1,628
1819,2,459
1819,3,258
1819,4,182
1819,5,35
1819,6,2
1820,0,238
1820,1,666
1820,2,431
1820,3,266
1820,4,174
1820,5,44
1820,6,1
1821,0,239
1821,1,663
1821,2,437
1821,3,264
1821,4,183
1821,5,34
1821,6,1
1822,0,244
1822,1,652
1822,2,446
1822,3,264
1822,4,174
1822,5,42
1823,0,247
1823,1,648
1823,2,436
1823,3,279
1823,4,175
1823,5,38
1824,0,241
1824,1,656
1824,2,454
1824,3,247
1824,4,190
1824,5,35
1824,6,1
1825,0,234
1825,1,673
1825,2,440
1825,3,250
1825,4,188
1825,5,39
1825,6,1
1826,0,236
1826,1,666
1826,2,444
1826,3,261
1826,4,183
1826,5,35
1826,6,1
1827,0,257
1827,1,626
1827,2,457
1827,3,264
1827,4,191
1827,5,30
1827,6,2
1828,0,241
1828,1,660
1828,2,455
1828,3,252
1828,4,182
1828,5,36
1828,6,2
1829,0,240
1829,1,638
1829,2,472
1829,3,271
1829,4,175
1829,5,31
1829,6,2
1830,0,237
1830,1,675
1830,2,449
1830,3,243
1830,4,177
1830,5,48
1830,6,1
1831,0,237
1831,1,671
1831,2,440
1831,3,255
1831,4,188
1831,5,40
1832,0,219
1832,1,693
1832,2,455
1832,3,244
1832,4,189
1832,5,30
1832,6,2
1833,0,231
1833,1,682
1833,2,436
1833,3,253
1833,4,194
1833,5,36
1833,6,1
1834,0,272
1834,1,608
1834,2,464
1834,3,264
1834,4,193
1834,5,30
1834,6,3
1835,0,253
1835,1,634
1835,2,466
1835,3,258
1835,4,187
1835,5,37
1836,0,234
1836,1,667
1836,2,463
1836,3,263
1836,4,166
1836,5,42
1836,6,1
1837,0,258
1837,1,657
1837,2,428
1837,3,261
1837,4,199
1837,5,32
1837,6,2
1838,0,236
1838,1,665
1838,2,442
1838,3,276
1838,4,186
1838,5,32
1838,6,1
1839,0,248
1839,1,656
1839,2,459
1839,3,253
1839,4,187
1839,5,33
1839,6,3
1840,0,250
1840,1,640
1840,2,461
1840,3,262
1840,4,189
1840,5,37
1840,6,1
1841,0,237
1841,1,672
1841,2,460
1841,3,248
1841,4,184
1841,5,39
1841,6,1
1842,0,253
1842,1,646
1842,2,451
1842,3,267
1842,4,189
1842,5,36
1843,0,245
1843,1,664
1843,2,457
1843,3,251
1843,4,186
1843,5,37
1843,6,3
1844,0,258
1844,1,634
1844,2,457
1844,3,273
1844,4,189
1844,5,32
1844,6,1
1845,0,240
1845,1,684
1845,2,433
1845,3,260
1845,4,188
1845,5,39
1845,6,1
1846,0,259
1846,1,639
1846,2,454
1846,3,268
1846,4,193
1846,5,32
1846,6,1
1847,0,250
1847,1,640
1847,2,470
1847,3,267
1847,4,186
1847,5,30
1847,6,4
1848,0,240
1848,1,669
1848,2,459
1848,3,264
1848,4,176
1848,5,40
1849,0,242
1849,1,660
1849,2,463
1849,3,256
1849,4,192
1849,5,33
1849,6,3
1850,0,248
1850,1,653
1850,2,466
1850,3,265
1850,4,178
1850,5,39
1850,6,1
1851,0,250
1851,1,655
1851,2,465
1851,3,260
1851,4,180
1851,5,40
1851,6,1
1852,0,251
1852,1,647
1852,2,471
1852,3,266
1852,4,171
1852,5,46
1853,0,252
1853,1,662
1853,2,438
1853,3,280
1853,4,182
1853,5,39
1854,0,250
1854,1,647
1854,2,461
1854,3,271
1854,4,193
1854,5,30
1854,6,2
1855,0,257
1855,1,641
1855,2,477
1855,3,253
1855,4,183
1855,5,43
1855,6,1
1856,0,236
1856,1,671
1856,2,470
1856,3,266
1856,4,171
1856,5,41
1856,6,1
1857,0,255
1857,1,666
1857,2,446
1857,3,254
1857,4,202
1857,5,33
1857,6,1
1858,0,243
1858,1,666
1858,2,451
1858,3,276
1858,4,185
1858,5,36
1858,6,1
1859,0,239
1859,1,688
1859,2,451
1859,3,254
1859,4,187
1859,5,38
1859,6,2
1860,0,236
1860,1,691
1860,2,452
1860,3,247
1860,4,192
1860,5,40
1860,6,2
1861,0,241
1861,1,658
1861,2,485
1861,3,262
1861,4,179
1861,5,35
1861,6,1
1862,0,247
1862,1,687
1862,2,416
1862,3,274
1862,4,207
1862,5,29
1862,6,2
1863,0,248
1863,1,673
1863,2,460
1863,3,249
1863,4,188
1863,5,44
1863,6,1
1864,0,227
1864,1,701
1864,2,443
1864,3,265
1864,4,191
1864,5,36
1864,6,1
1865,0,242
1865,1,675
1865,2,453
1865,3,268
1865,4,194
1865,5,31
1865,6,2
1866,0,231
1866,1,705
1866,2,440
1866,3,266
1866,4,187
1866,5,36
1866,6,1
1867,0,239
1867,1,682
1867,2,459
1867,3,252
1867,4,199
1867,5,34
1867,6,2
1868,0,257
1868,1,654
1868,2,466
1868,3,260
1868,4,195
1868,5,35
1868,6,1
1869,0,245
1869,1,678
1869,2,447
1869,3,268
1869,4,195
1869,5,34
1869,6,2
1870,0,238
1870,1,685
1870,2,464
1870,3,254
1870,4,192
1870,5,34
1870,6,3
1871,0,253
1871,1,661
1871,2,466
1871,3,261
1871,4,191
1871,5,37
1871,6,2
1872,0,240
1872,1,692
1872,2,443
1872,3,271
1872,4,185
1872,5,40
1872,6,1
1873,0,250
1873,1,666
1873,2,465
1873,3,252
1873,4,198
1873,5,42
1874,0,258
1874,1,656
1874,2,463
1874,3,265
1874,4,198
1874,5,32
1874,6,2
1875,0,232
1875,1,688
1875,2,465
1875,3,274
1875,4,178
1875,5,35
1875,6,3
1876,0,246
1876,1,679
1876,2,459
1876,3,265
1876,4,189
1876,5,36
1876,6,2
1877,0,228
1877,1,702
1877,2,455
1877,3,255
1877,4,202
1877,5,33
1877,6,2
1878,0,244
1878,1,690
1878,2,438
1878,3,282
1878,4,193
1878,5,28
1878,6,3
1879,0,260
1879,1,663
1879,2,448
1879,3,265
1879,4,210
1879,5,32
1879,6,1
1880,0,251
1880,1,680
1880,2,445
1880,3,272
1880,4,194
1880,5,37
1880,6,1
1881,0,235
1881,1,713
1881,2,426
1881,3,278
1881,4,182
1881,5,47
1882,0,243
1882,1,684
1882,2,461
1882,3,257
1882,4,203
1882,5,33
1882,6,1
1883,0,255
1883,1,679
1883,2,434
1883,3,281
1883,4,200
1883,5,32
1883,6,2
1884,0,242
1884,1,681
1884,2,469
1884,3,271
1884,4,179
1884,5,41
1884,6,1
1885,0,257
1885,1,651
1885,2,491
1885,3,258
1885,4,186
1885,5,40
1885,6,2
1886,0,251
1886,1,669
1886,2,462
1886,3,270
1886,4,201
1886,5,32
1886,6,1
1887,0,244
1887,1,687
1887,2,459
1887,3,267
1887,4,188
1887,5,42
1888,0,267
1888,1,647
1888,2,476
1888,3,272
1888,4,187
1888,5,38
1888,6,1
1889,0,250
1889,1,662
1889,2,488
1889,3,253
1889,4,200
1889,5,32
1889,6,4
1890,0,234
1890,1,708
1890,2,457
1890,3,256
1890,4,189
1890,5,46
1891,0,246
1891,1,692
1891,2,460
1891,3,246
1891,4,212
1891,5,34
1891,6,1
1892,0,252
1892,1,673
1892,2,457
1892,3,281
1892,4,189
1892,5,39
1892,6,1
1893,0,257
1893,1,663
1893,2,479
1893,3,260
1893,4,195
1893,5,36
1893,6,3
1894,0,254
1894,1,667
1894,2,469
1894,3,278
1894,4,189
1894,5,36
1894,6,1
1895,0,238
1895,1,697
1895,2,463
1895,3,276
1895,4,179
1895,5,41
1895,6,1
1896,0,264
1896,1,647
1896,2,485
1896,3,269
1896,4,194
1896,5,35
1896,6,2
1897,0,256
1897,1,668
1897,2,477
1897,3,263
1897,4,188
1897,5,44
1897,6,1
1898,0,253
1898,1,672
1898,2,468
1898,3,273
1898,4,194
1898,5,37
1898,6,1
1899,0,274
1899,1,643
1899,2,485
1899,3,273
1899,4,185
1899,5,37
1899,6,2
1900,0,261
1900,1,652
1900,2,475
1900,3,284
1900,4,188
1900,5,39
1900,6,1
1901,0,256
1901,1,663
1901,2,478
1901,3,271
1901,4,195
1901,5,36
1901,6,2
1902,0,249
1902,1,681
1902,2,475
1902,3,273
1902,4,177
1902,5,46
1902,6,1
1903,0,272
1903,1,646
1903,2,477
1903,3,280
1903,4,188
1903,5,38
1903,6,2
1904,0,247
1904,1,672
1904,2,486
1904,3,275
1904,4,189
1904,5,32
1904,6,3
1905,0,261
1905,1,669
1905,2,477
1905,3,263
1905,4,188
1905,5,46
1905,6,1
1906,0,245
1906,1,694
1906,2,463
1906,3,260
1906,4,206
1906,5,38
1907,0,243
1907,1,697
1907,2,464
1907,3,267
1907,4,195
1907,5,39
1907,6,2
1908,0,252
1908,1,688
1908,2,470
1908,3,265
1908,4,195
1908,5,37
1908,6,1
1909,0,244
1909,1,688
1909,2,468
1909,3,275
1909,4,189
1909,5,45
1910,0,227
1910,1,734
1910,2,460
1910,3,255
1910,4,195
1910,5,37
1910,6,2
1911,0,250
1911,1,685
1911,2,472
1911,3,263
1911,4,203
1911,5,37
1911,6,1
1912,0,266
1912,1,669
1912,2,467
1912,3,267
1912,4,204
1912,5,37
1912,6,2
1913,0,247
1913,1,677
1913,2,492
1913,3,270
1913,4,188
1913,5,38
1913,6,1
1914,0,255
1914,1,676
1914,2,477
1914,3,278
1914,4,189
1914,5,36
1914,6,3
1915,0,253
1915,1,692
1915,2,469
1915,3,261
1915,4,195
1915,5,44
1915,6,1
1916,0,259
1916,1,668
1916,2,477
1916,3,281
1916,4,194
1916,5,37
1917,0,275
1917,1,670
1917,2,439
1917,3,286
1917,4,212
1917,5,33
1917,6,2
1918,0,249
1918,1,684
1918,2,476
1918,3,288
1918,4,178
1918,5,42
1918,6,1
1919,0,250
1919,1,683
1919,2,482
1919,3,272
1919,4,196
1919,5,35
1919,6,1
1920,0,252
1920,1,687
1920,2,477
1920,3,273
1920,4,186
1920,5,42
1920,6,3
1921,0,255
1921,1,673
1921,2,499
1921,3,256
1921,4,197
1921,5,40
1921,6,1
1922,0,270
1922,1,669
1922,2,460
1922,3,287
1922,4,197
1922,5,38
1922,6,1
1923,0,261
1923,1,664
1923,2,503
1923,3,262
1923,4,187
1923,5,45
1923,6,1
1924,0,257
1924,1,673
1924,2,486
1924,3,279
1924,4,186
1924,5,42
1924,6,1
1925,0,249
1925,1,696
1925,2,480
1925,3,258
1925,4,209
1925,5,31
1925,6,2
1926,0,252
1926,1,683
1926,2,489
1926,3,268
1926,4,187
1926,5,46
1926,6,1
1927,0,251
1927,1,687
1927,2,488
1927,3,271
1927,4,186
1927,5,43
1927,6,1
1928,0,263
1928,1,661
1928,2,499
1928,3,274
1928,4,192
1928,5,38
1928,6,1
1929,0,257
1929,1,681
1929,2,490
1929,3,259
1929,4,194
1929,5,48
1930,0,271
1930,1,651
1930,2,500
1930,3,276
1930,4,193
1930,5,37
1930,6,2
1931,0,271
1931,1,673
1931,2,461
1931,3,285
1931,4,205
1931,5,35
1931,6,1
1932,0,253
1932,1,681
1932,2,506
1932,3,248
1932,4,204
1932,5,37
1932,6,3
1933,0,248
1933,1,710
1933,2,456
1933,3,286
1933,4,193
1933,5,38
1933,6,2
1934,0,247
1934,1,704
1934,2,475
1934,3,266
1934,4,202
1934,5,39
1934,6,1
1935,0,242
1935,1,703
1935,2,483
1935,3,271
1935,4,196
1935,5,38
1935,6,2
1936,0,278
1936,1,656
1936,2,482
1936,3,290
1936,4,186
1936,5,42
1936,6,2
1937,0,257
1937,1,680
1937,2,481
1937,3,293
1937,4,183
1937,5,43
1938,0,250
1938,1,715
1938,2,451
1938,3,282
1938,4,203
1938,5,36
1938,6,1
1939,0,228
1939,1,721
1939,2,497
1939,3,256
1939,4,193
1939,5,43
1939,6,1
1940,0,257
1940,1,698
1940,2,471
1940,3,268
1940,4,205
1940,5,39
1940,6,2
1941,0,252
1941,1,721
1941,2,456
1941,3,268
1941,4,201
1941,5,42
1941,6,1
1942,0,254
1942,1,691
1942,2,490
1942,3,268
1942,4,198
1942,5,40
1942,6,1
1943,0,258
1943,1,693
1943,2,469
1943,3,281
1943,4,199
1943,5,42
1943,6,1
1944,0,260
1944,1,697
1944,2,470
1944,3,275
1944,4,203
1944,5,37
1944,6,2
1945,0,265
1945,1,666
1945,2,502
1945,3,283
1945,4,189
1945,5,37
1945,6,3
1946,0,243
1946,1,719
1946,2,471
1946,3,274
1946,4,203
1946,5,34
1946,6,2
1947,0,242
1947,1,711
1947,2,485
1947,3,276
1947,4,190
1947,5,41
1947,6,2
1948,0,271
1948,1,692
1948,2,453
1948,3,291
1948,4,202
1948,5,38
1948,6,1
1949,0,256
1949,1,691
1949,2,493
1949,3,264
1949,4,206
1949,5,37
1949,6,2
1950,0,266
1950,1,681
1950,2,480
1950,3,285
1950,4,198
1950,5,38
1950,6,2
1951,0,252
1951,1,704
1951,2,478
1951,3,271
1951,4,201
1951,5,44
1951,6,1
1952,0,256
1952,1,703
1952,2,471
1952,3,291
1952,4,194
1952,5,37
1953,0,282
1953,1,656
1953,2,488
1953,3,286
1953,4,199
1953,5,40
1953,6,2
1954,0,263
1954,1,682
1954,2,491
1954,3,281
1954,4,194
1954,5,42
1954,6,1
1955,0,268
1955,1,671
1955,2,498
1955,3,277
1955,4,204
1955,5,35
1955,6,2
1956,0,251
1956,1,707
1956,2,490
1956,3,266
1956,4,200
1956,5,41
1956,6,1
1957,0,255
1957,1,711
1957,2,470
1957,3,281
1957,4,198
1957,5,40
1957,6,2
1958,0,252
1958,1,699
1958,2,493
1958,3,282
1958,4,181
1958,5,51
1959,0,265
1959,1,677
1959,2,510
1959,3,261
1959,4,209
1959,5,36
1959,6,1
1960,0,264
1960,1,694
1960,2,483
1960,3,275
1960,4,203
1960,5,38
1960,6,3
1961,0,264
1961,1,689
1961,2,490
1961,3,272
1961,4,202
1961,5,44
1962,0,244
1962,1,715
1962,2,504
1962,3,262
1962,4,191
1962,5,45
1962,6,1
1963,0,259
1963,1,702
1963,2,471
1963,3,283
1963,4,210
1963,5,36
1963,6,2
1964,0,260
1964,1,690
1964,2,502
1964,3,273
1964,4,197
1964,5,41
1964,6,1
1965,0,261
1965,1,701
1965,2,491
1965,3,274
1965,4,192
1965,5,44
1965,6,2
1966,0,255
1966,1,709
1966,2,471
1966,3,289
1966,4,196
1966,5,45
1966,6,1
1967,0,244
1967,1,717
1967,2,507
1967,3,265
1967,4,190
1967,5,43
1967,6,1
1968,0,259
1968,1,695
1968,2,493
1968,3,285
1968,4,194
1968,5,40
1968,6,2
1969,0,262
1969,1,699
1969,2,495
1969,3,266
1969,4,205
1969,5,41
1969,6,1
1970,0,253
1970,1,698
1970,2,506
1970,3,273
1970,4,195
1970,5,43
1970,6,2
1971,0,266
1971,1,692
1971,2,493
1971,3,283
1971,4,192
1971,5,45
1972,0,266
1972,1,699
1972,2,471
1972,3,296
1972,4,196
1972,5,42
1972,6,2
1973,0,280
1973,1,672
1973,2,493
1973,3,278
1973,4,212
1973,5,37
1973,6,1
1974,0,249
1974,1,725
1974,2,470
1974,3,291
1974,4,202
1974,5,34
1974,6,3
1975,0,246
1975,1,720
1975,2,503
1975,3,264
1975,4,200
1975,5,40
1975,6,2
1976,0,271
1976,1,683
1976,2,493
1976,3,287
1976,4,198
1976,5,43
1976,6,1
1977,0,265
1977,1,710
1977,2,466
1977,3,290
1977,4,204
1977,5,40
1977,6,2
1978,0,261
1978,1,701
1978,2,500
1978,3,273
1978,4,204
1978,5,37
1978,6,2
1979,0,260
1979,1,701
1979,2,495
1979,3,282
1979,4,197
1979,5,43
1979,6,1
1980,0,263
1980,1,706
1980,2,479
1980,3,289
1980,4,202
1980,5,39
1980,6,2
1981,0,266
1981,1,696
1981,2,486
1981,3,302
1981,4,189
1981,5,41
1981,6,1
1982,0,267
1982,1,697
1982,2,495
1982,3,276
1982,4,210
1982,5,35
1982,6,2
1983,0,253
1983,1,720
1983,2,490
1983,3,267
1983,4,210
1983,5,41
1983,6,2
1984,0,262
1984,1,689
1984,2,509
1984,3,291
1984,4,189
1984,5,43
1984,6,1
1985,0,271
1985,1,695
1985,2,490
1985,3,279
1985,4,208
1985,5,41
1985,6,1
1986,0,263
1986,1,704
1986,2,494
1986,3,295
1986,4,186
1986,5,42
1986,6,2
1987,0,273
1987,1,695
1987,2,482
1987,3,278
1987,4,220
1987,5,37
1987,6,2
1988,0,247
1988,1,724
1988,2,501
1988,3,278
1988,4,198
1988,5,38
1988,6,2
1989,0,256
1989,1,716
1989,2,496
1989,3,272
1989,4,194
1989,5,54
1989,6,1
1990,0,248
1990,1,720
1990,2,516
1990,3,276
1990,4,181
1990,5,48
1990,6,1
1991,0,254
1991,1,727
1991,2,481
1991,3,277
1991,4,213
1991,5,37
1991,6,2
1992,0,267
1992,1,719
1992,2,459
1992,3,296
1992,4,212
1992,5,38
1992,6,1
1993,0,266
1993,1,684
1993,2,519
1993,3,290
1993,4,196
1993,5,34
1993,6,4
1994,0,268
1994,1,714
1994,2,478
1994,3,277
1994,4,214
1994,5,42
1994,6,1
1995,0,254
1995,1,716
1995,2,506
1995,3,275
1995,4,199
1995,5,44
1995,6,1
1996,0,250
1996,1,733
1996,2,489
1996,3,278
1996,4,205
1996,5,38
1996,6,3
1997,0,251
1997,1,730
1997,2,492
1997,3,271
1997,4,209
1997,5,42
1997,6,2
1998,0,271
1998,1,709
1998,2,483
1998,3,287
1998,4,202
1998,5,46
1999,0,248
1999,1,728
1999,2,496
1999,3,283
1999,4,204
1999,5,38
1999,6,2
2000,0,267
2000,1,715
2000,2,484
2000,3,282
2000,4,206
2000,5,45
2000,6,1
2001,0,267
2001,1,694
2001,2,518
2001,3,273
2001,4,211
2001,5,37
2001,6,1
2002,0,265
2002,1,699
2002,2,510
2002,3,283
2002,4,199
2002,5,44
2002,6,2
2003,0,264
2003,1,706
2003,2,515
2003,3,268
2003,4,208
2003,5,40
2003,6,2
2004,0,257
2004,1,727
2004,2,484
2004,3,290
2004,4,199
2004,5,45
2004,6,2
2005,0,274
2005,1,699
2005,2,495
2005,3,284
2005,4,211
2005,5,42
2006,0,264
2006,1,725
2006,2,473
2006,3,297
2006,4,204
2006,5,42
2006,6,1
2007,0,265
2007,1,705
2007,2,505
2007,3,288
2007,4,202
2007,5,39
2007,6,3
2008,0,275
2008,1,680
2008,2,528
2008,3,284
2008,4,197
2008,5,43
2008,6,1
2009,0,273
2009,1,686
2009,2,514
2009,3,311
2009,4,178
2009,5,45
2009,6,2
2010,0,273
2010,1,697
2010,2,501
2010,3,291
2010,4,204
2010,5,43
2010,6,1
2011,0,276
2011,1,700
2011,2,487
2011,3,291
2011,4,223
2011,5,32
2011,6,2
2012,0,261
2012,1,728
2012,2,496
2012,3,267
2012,4,214
2012,5,44
2012,6,2
2013,0,256
2013,1,724
2013,2,503
2013,3,281
2013,4,210
2013,5,38
2013,6,1
2014,0,265
2014,1,727
2014,2,483
2014,3,281
2014,4,214
2014,5,42
2014,6,2
2015,0,267
2015,1,695
2015,2,524
2015,3,302
2015,4,181
2015,5,46
2016,0,256
2016,1,744
2016,2,479
2016,3,279
2016,4,210
2016,5,46
2016,6,2
2017,0,261
2017,1,711
2017,2,516
2017,3,282
2017,4,208
2017,5,36
2017,6,3
2018,0,277
2018,1,689
2018,2,512
2018,3,286
2018,4,214
2018,5,39
2018,6,1
2019,0,276
2019,1,691
2019,2,521
2019,3,284
2019,4,201
2019,5,45
2019,6,1
2020,0,255
2020,1,737
2020,2,507
2020,3,274
2020,4,198
2020,5,48
2020,6,1
2021,0,278
2021,1,688
2021,2,515
2021,3,282
2021,4,222
2021,5,34
2021,6,2
2022,0,259
2022,1,724
2022,2,511
2022,3,280
2022,4,198
2022,5,48
2022,6,2
2023,0,271
2023,1,718
2023,2,490
2023,3,287
2023,4,218
2023,5,37
2023,6,2
2024,0,264
2024,1,724
2024,2,494
2024,3,291
2024,4,209
2024,5,42
2025,0,256
2025,1,732
2025,2,505
2025,3,284
2025,4,200
2025,5,45
2025,6,3
2026,0,275
2026,1,713
2026,2,485
2026,3,306
2026,4,210
2026,5,35
2026,6,2
2027,0,274
2027,1,721
2027,2,486
2027,3,285
2027,4,218
2027,5,42
2027,6,1
2028,0,258
2028,1,738
2028,2,499
2028,3,283
2028,4,201
2028,5,48
2028,6,1
2029,0,247
2029,1,739
2029,2,500
2029,3,296
2029,4,204
2029,5,40
2029,6,3
2030,0,266
2030,1,718
2030,2,517
2030,3,284
2030,4,205
2030,5,37
2030,6,3
2031,0,268
2031,1,722
2031,2,492
2031,3,292
2031,4,215
2031,5,42
2032,0,249
2032,1,754
2032,2,517
2032,3,250
2032,4,212
2032,5,49
2032,6,1
2033,0,256
2033,1,742
2033,2,494
2033,3,280
2033,4,218
2033,5,41
2033,6,2
2034,0,268
2034,1,711
2034,2,530
2034,3,275
2034,4,201
2034,5,48
2034,6,1
2035,0,271
2035,1,714
2035,2,507
2035,3,291
2035,4,209
2035,5,39
2035,6,4
2036,0,262
2036,1,716
2036,2,522
2036,3,290
2036,4,199
2036,5,46
2036,6,1
2037,0,272
2037,1,708
2037,2,514
2037,3,303
2037,4,193
2037,5,47
2038,0,277
2038,1,703
2038,2,516
2038,3,291
2038,4,206
2038,5,43
2038,6,2
2039,0,271
2039,1,722
2039,2,495
2039,3,300
2039,4,206
2039,5,44
2039,6,1
2040,0,289
2040,1,718
2040,2,479
2040,3,288
2040,4,219
2040,5,46
2040,6,1
2041,0,261
2041,1,722
2041,2,521
2041,3,287
2041,4,212
2041,5,36
2041,6,2
2042,0,258
2042,1,725
2042,2,531
2042,3,277
2042,4,208
2042,5,40
2042,6,3
2043,0,258
2043,1,740
2043,2,501
2043,3,285
2043,4,216
2043,5,42
2043,6,1
2044,0,275
2044,1,719
2044,2,504
2044,3,292
2044,4,209
2044,5,44
2044,6,1
2045,0,287
2045,1,709
2045,2,491
2045,3,301
2045,4,212
2045,5,44
2045,6,1
2046,0,275
2046,1,715
2046,2,503
2046,3,306
2046,4,208
2046,5,38
2046,6,1
2047,0,262
2047,1,739
2047,2,497
2047,3,301
2047,4,201
2047,5,44
2047,6,3
2048,0,265
2048,1,746
2048,2,480
2048,3,299
2048,4,212
2048,5,45
2048,6,1
2049,0,277
2049,1,704
2049,2,527
2049,3,288
2049,4,212
2049,5,39
2049,6,2
2050,0,277
2050,1,707
2050,2,521
2050,3,298
2050,4,196
2050,5,50
2050,6,1
2051,0,267
2051,1,723
2051,2,528
2051,3,273
2051,4,217
2051,5,42
2051,6,1
2052,0,264
2052,1,729
2052,2,523
2052,3,286
2052,4,207
2052,5,39
2052,6,4
2053,0,266
2053,1,738
2053,2,504
2053,3,287
2053,4,214
2053,5,44
2054,0,274
2054,1,738
2054,2,473
2054,3,310
2054,4,218
2054,5,38
2054,6,3
2055,0,268
2055,1,720
2055,2,524
2055,3,291
2055,4,207
2055,5,43
2055,6,2
2056,0,259
2056,1,744
2056,2,512
2056,3,286
2056,4,211
2056,5,42
2056,6,2
2057,0,271
2057,1,735
2057,2,504
2057,3,288
2057,4,211
2057,5,48
2058,0,250
2058,1,769
2058,2,498
2058,3,282
2058,4,209
2058,5,47
2058,6,3
2059,0,285
2059,1,699
2059,2,530
2059,3,290
2059,4,211
2059,5,44
2060,0,256
2060,1,733
2060,2,541
2060,3,280
2060,4,201
2060,5,47
2060,6,2
2061,0,284
2061,1,724
2061,2,486
2061,3,312
2061,4,214
2061,5,39
2061,6,2
2062,0,275
2062,1,699
2062,2,554
2062,3,281
2062,4,207
2062,5,43
2062,6,3
2063,0,266
2063,1,733
2063,2,524
2063,3,286
2063,4,212
2063,5,40
2063,6,2
2064,0,274
2064,1,730
2064,2,493
2064,3,319
2064,4,205
2064,5,41
2064,6,2
2065,0,261
2065,1,738
2065,2,541
2065,3,263
2065,4,213
2065,5,47
2065,6,2
2066,0,269
2066,1,752
2066,2,501
2066,3,274
2066,4,224
2066,5,45
2066,6,1
2067,0,266
2067,1,738
2067,2,506
2067,3,311
2067,4,198
2067,5,46
2067,6,2
2068,0,272
2068,1,743
2068,2,502
2068,3,290
2068,4,217
2068,5,43
2068,6,1
2069,0,257
2069,1,767
2069,2,486
2069,3,297
2069,4,217
2069,5,44
2069,6,1
2070,0,262
2070,1,738
2070,2,523
2070,3,296
2070,4,199
2070,5,51
2070,6,1
2071,0,275
2071,1,737
2071,2,506
2071,3,291
2071,4,222
2071,5,38
2071,6,2
2072,0,259
2072,1,747
2072,2,524
2072,3,280
2072,4,221
2072,5,39
2072,6,2
2073,0,281
2073,1,727
2073,2,510
2073,3,286
2073,4,227
2073,5,39
2073,6,3
2074,0,274
2074,1,743
2074,2,485
2074,3,311
2074,4,212
2074,5,49
2075,0,272
2075,1,738
2075,2,525
2075,3,282
2075,4,212
2075,5,44
2075,6,2
2076,0,282
2076,1,734
2076,2,495
2076,3,297
2076,4,223
2076,5,44
2076,6,1
2077,0,263
2077,1,749
2077,2,512
2077,3,302
2077,4,208
2077,5,40
2077,6,3
2078,0,262
2078,1,749
2078,2,510
2078,3,308
2078,4,204
2078,5,44
2078,6,1
2079,0,265
2079,1,750
2079,2,515
2079,3,287
2079,4,216
2079,5,44
2079,6,2
2080,0,282
2080,1,722
2080,2,520
2080,3,305
2080,4,201
2080,5,49
2080,6,1
2081,0,266
2081,1,725
2081,2,551
2081,3,291
2081,4,201
2081,5,46
2081,6,1
2082,0,277
2082,1,742
2082,2,495
2082,3,307
2082,4,211
2082,5,48
2082,6,2
2083,0,271
2083,1,750
2083,2,502
2083,3,291
2083,4,225
2083,5,42
2083,6,2
2084,0,261
2084,1,755
2084,2,507
2084,3,310
2084,4,211
2084,5,38
2084,6,2
2085,0,272
2085,1,743
2085,2,526
2085,3,274
2085,4,219
2085,5,51
2086,0,272
2086,1,745
2086,2,517
2086,3,295
2086,4,207
2086,5,48
2086,6,2
2087,0,263
2087,1,738
2087,2,529
2087,3,300
2087,4,213
2087,5,42
2087,6,2
2088,0,276
2088,1,752
2088,2,496
2088,3,297
2088,4,223
2088,5,42
2088,6,2
2089,0,262
2089,1,753
2089,2,531
2089,3,285
2089,4,212
2089,5,44
2089,6,2
2090,0,283
2090,1,705
2090,2,546
2090,3,307
2090,4,203
2090,5,44
2090,6,2
2091,0,282
2091,1,726
2091,2,519
2091,3,300
2091,4,217
2091,5,44
2091,6,3
2092,0,276
2092,1,731
2092,2,530
2092,3,311
2092,4,190
2092,5,53
2092,6,1
2093,0,276
2093,1,736
2093,2,527
2093,3,295
2093,4,207
2093,5,52
2094,0,263
2094,1,759
2094,2,514
2094,3,293
2094,4,222
2094,5,42
2094,6,1
2095,0,280
2095,1,737
2095,2,517
2095,3,300
2095,4,216
2095,5,42
2095,6,3
2096,0,267
2096,1,766
2096,2,501
2096,3,287
2096,4,232
2096,5,42
2096,6,1
2097,0,261
2097,1,779
2097,2,501
2097,3,288
2097,4,221
2097,5,45
2097,6,2
2098,0,284
2098,1,715
2098,2,537
2098,3,295
2098,4,228
2098,5,35
2098,6,4
2099,0,257
2099,1,759
2099,2,529
2099,3,306
2099,4,199
2099,5,49
2100,0,294
2100,1,703
2100,2,550
2100,3,292
2100,4,216
2100,5,42
2100,6,3
2101,0,274
2101,1,735
2101,2,532
2101,3,295
2101,4,221
2101,5,42
2101,6,2
2102,0,288
2102,1,730
2102,2,512
2102,3,312
2102,4,217
2102,5,40
2102,6,3
2103,0,279
2103,1,731
2103,2,525
2103,3,312
2103,4,213
2103,5,40
2103,6,3
2104,0,291
2104,1,722
2104,2,528
2104,3,295
2104,4,217
2104,5,50
2104,6,1
2105,0,263
2105,1,759
2105,2,523
2105,3,305
2105,4,209
2105,5,45
2105,6,1
2106,0,293
2106,1,726
2106,2,519
2106,3,300
2106,4,219
2106,5,47
2106,6,2
2107,0,294
2107,1,718
2107,2,537
2107,3,288
2107,4,231
2107,5,36
2107,6,3
2108,0,271
2108,1,745
2108,2,531
2108,3,302
2108,4,208
2108,5,50
2108,6,1
2109,0,279
2109,1,754
2109,2,503
2109,3,297
2109,4,234
2109,5,41
2109,6,1
2110,0,272
2110,1,722
2110,2,568
2110,3,305
2110,4,191
2110,5,50
2110,6,2
2111,0,285
2111,1,743
2111,2,503
2111,3,320
2111,4,214
2111,5,45
2111,6,1
2112,0,271
2112,1,762
2112,2,511
2112,3,311
2112,4,210
2112,5,45
2112,6,2
2113,0,284
2113,1,723
2113,2,544
2113,3,287
2113,4,231
2113,5,43
2113,6,1
2114,0,270
2114,1,752
2114,2,537
2114,3,296
2114,4,208
2114,5,48
2114,6,3
2115,0,283
2115,1,740
2115,2,523
2115,3,304
2115,4,218
2115,5,46
2115,6,1
2116,0,278
2116,1,758
2116,2,524
2116,3,282
2116,4,220
2116,5,53
2116,6,1
2117,0,287
2117,1,719
2117,2,532
2117,3,327
2117,4,209
2117,5,42
2117,6,1
2118,0,287
2118,1,740
2118,2,499
2118,3,337
2118,4,207
2118,5,46
2118,6,2
2119,0,268
2119,1,759
2119,2,536
2119,3,304
2119,4,198
2119,5,54
2120,0,275
2120,1,728
2120,2,565
2120,3,296
2120,4,211
2120,5,42
2120,6,3
2121,0,274
2121,1,764
2121,2,507
2121,3,308
2121,4,224
2121,5,41
2121,6,3
2122,0,289
2122,1,740
2122,2,512
2122,3,316
2122,4,220
2122,5,43
2122,6,2
2123,0,266
2123,1,779
2123,2,529
2123,3,265
2123,4,237
2123,5,45
2123,6,2
2124,0,263
2124,1,783
2124,2,511
2124,3,301
2124,4,219
2124,5,45
2124,6,2
2125,0,275
2125,1,743
2125,2,540
2125,3,309
2125,4,211
2125,5,44
2125,6,3
2126,0,271
2126,1,756
2126,2,538
2126,3,298
2126,4,218
2126,5,44
2126,6,1
2127,0,277
2127,1,756
2127,2,525
2127,3,307
2127,4,214
2127,5,46
2127,6,2
2128,0,271
2128,1,771
2128,2,515
2128,3,297
2128,4,226
2128,5,47
2128,6,1
2129,0,273
2129,1,767
2129,2,533
2129,3,277
2129,4,229
2129,5,50
2130,0,279
2130,1,743
2130,2,546
2130,3,303
2130,4,207
2130,5,51
2130,6,1
2131,0,271
2131,1,765
2131,2,524
2131,3,303
2131,4,219
2131,5,47
2131,6,2
2132,0,271
2132,1,786
2132,2,493
2132,3,303
2132,4,239
2132,5,37
2132,6,3
2133,0,295
2133,1,711
2133,2,566
2133,3,297
2133,4,216
2133,5,46
2133,6,2
2134,0,277
2134,1,738
2134,2,554
2134,3,307
2134,4,219
2134,5,35
2134,6,4
2135,0,269
2135,1,788
2135,2,502
2135,3,303
2135,4,218
2135,5,55
2136,0,294
2136,1,723
2136,2,554
2136,3,298
2136,4,220
2136,5,45
2136,6,2
2137,0,286
2137,1,731
2137,2,553
2137,3,298
2137,4,225
2137,5,41
2137,6,3
2138,0,269
2138,1,785
2138,2,520
2138,3,278
2138,4,242
2138,5,41
2138,6,3
2139,0,283
2139,1,746
2139,2,530
2139,3,319
2139,4,208
2139,5,52
2139,6,1
2140,0,283
2140,1,742
2140,2,535
2140,3,327
2140,4,200
2140,5,52
2140,6,1
2141,0,273
2141,1,762
2141,2,537
2141,3,303
2141,4,221
2141,5,44
2141,6,1
2142,0,282
2142,1,753
2142,2,541
2142,3,292
2142,4,224
2142,5,47
2142,6,3
2143,0,292
2143,1,730
2143,2,543
2143,3,324
2143,4,211
2143,5,40
2143,6,3
2144,0,264
2144,1,781
2144,2,541
2144,3,280
2144,4,222
2144,5,55
2144,6,1
2145,0,278
2145,1,752
2145,2,545
2145,3,299
2145,4,224
2145,5,45
2145,6,2
2146,0,296
2146,1,748
2146,2,503
2146,3,329
2146,4,224
2146,5,43
2146,6,3
2147,0,282
2147,1,756
2147,2,535
2147,3,301
2147,4,227
2147,5,45
2147,6,1
2148,0,264
2148,1,784
2148,2,532
2148,3,305
2148,4,215
2148,5,45
2148,6,3
2149,0,280
2149,1,754
2149,2,541
2149,3,304
2149,4,228
2149,5,39
2149,6,3
2150,0,295
2150,1,752
2150,2,509
2150,3,321
2150,4,225
2150,5,48
2151,0,274
2151,1,761
2151,2,541
2151,3,312
2151,4,215
2151,5,45
2151,6,3
2152,0,275
2152,1,762
2152,2,549
2152,3,292
2152,4,228
2152,5,45
2152,6,1
2153,0,279
2153,1,750
2153,2,551
2153,3,307
2153,4,219
2153,5,43
2153,6,4
2154,0,278
2154,1,772
2154,2,521
2154,3,321
2154,4,209
2154,5,52
2154,6,1
2155,0,286
2155,1,765
2155,2,525
2155,3,298
2155,4,232
2155,5,47
2155,6,2
2156,0,267
2156,1,791
2156,2,504
2156,3,321
2156,4,229
2156,5,43
2156,6,1
2157,0,262
2157,1,777
2157,2,561
2157,3,299
2157,4,208
2157,5,47
2157,6,3
2158,0,284
2158,1,763
2158,2,525
2158,3,311
2158,4,232
2158,5,41
2158,6,2
2159,0,285
2159,1,765
2159,2,535
2159,3,289
2159,4,231
2159,5,52
2159,6,2
2160,0,289
2160,1,752
2160,2,525
2160,3,340
2160,4,211
2160,5,40
2160,6,3
2161,0,283
2161,1,750
2161,2,551
2161,3,308
2161,4,218
2161,5,50
2161,6,1
2162,0,281
2162,1,777
2162,2,521
2162,3,305
2162,4,233
2162,5,43
2162,6,2
2163,0,297
2163,1,722
2163,2,568
2163,3,308
2163,4,215
2163,5,51
2163,6,2
2164,0,302
2164,1,729
2164,2,550
2164,3,314
2164,4,225
2164,5,42
2164,6,2
2165,0,266
2165,1,780
2165,2,548
2165,3,301
2165,4,221
2165,5,47
2165,6,2
2166,0,283
2166,1,772
2166,2,527
2166,3,309
2166,4,228
2166,5,44
2166,6,3
2167,0,289
2167,1,761
2167,2,527
2167,3,309
2167,4,234
2167,5,45
2167,6,2
2168,0,288
2168,1,753
2168,2,544
2168,3,316
2168,4,221
2168,5,44
2168,6,2
2169,0,273
2169,1,778
2169,2,541
2169,3,308
2169,4,216
2169,5,53
2170,0,276
2170,1,774
2170,2,544
2170,3,309
2170,4,218
2170,5,45
2170,6,4
2171,0,291
2171,1,757
2171,2,542
2171,3,301
2171,4,228
2171,5,51
2171,6,1
2172,0,287
2172,1,757
2172,2,541
2172,3,315
2172,4,230
2172,5,38
2172,6,4
2173,0,278
2173,1,781
2173,2,522
2173,3,317
2173,4,231
2173,5,42
2173,6,2
2174,0,273
2174,1,781
2174,2,525
2174,3,330
2174,4,218
2174,5,47
2175,0,307
2175,1,735
2175,2,558
2175,3,305
2175,4,216
2175,5,52
2175,6,2
2176,0,286
2176,1,755
2176,2,547
2176,3,320
2176,4,216
2176,5,50
2176,6,2
2177,0,273
2177,1,778
2177,2,566
2177,3,283
2177,4,225
2177,5,50
2177,6,2
2178,0,282
2178,1,759
2178,2,558
2178,3,302
2178,4,232
2178,5,42
2178,6,3
2179,0,274
2179,1,799
2179,2,516
2179,3,319
2179,4,220
2179,5,51
2180,0,276
2180,1,785
2180,2,551
2180,3,283
2180,4,234
2180,5,49
2180,6,2
2181,0,290
2181,1,750
2181,2,543
2181,3,337
2181,4,212
2181,5,47
2181,6,2
2182,0,280
2182,1,771
2182,2,559
2182,3,295
2182,4,222
2182,5,54
2182,6,1
2183,0,284
2183,1,772
2183,2,535
2183,3,322
2183,4,219
2183,5,51
2184,0,265
2184,1,804
2184,2,545
2184,3,297
2184,4,218
2184,5,55
2185,0,294
2185,1,757
2185,2,551
2185,3,296
2185,4,239
2185,5,45
2185,6,3
2186,0,288
2186,1,756
2186,2,562
2186,3,305
2186,4,225
2186,5,47
2186,6,3
2187,0,277
2187,1,780
2187,2,557
2187,3,305
2187,4,215
2187,5,51
2187,6,2
2188,0,270
2188,1,789
2188,2,546
2188,3,312
2188,4,223
2188,5,46
2188,6,2
2189,0,287
2189,1,785
2189,2,530
2189,3,319
2189,4,212
2189,5,56
2190,0,287
2190,1,754
2190,2,548
2190,3,327
2190,4,227
2190,5,45
2190,6,2
2191,0,303
2191,1,736
2191,2,577
2191,3,296
2191,4,232
2191,5,45
2191,6,2
2192,0,276
2192,1,805
2192,2,525
2192,3,307
2192,4,225
2192,5,52
2192,6,2
2193,0,284
2193,1,787
2193,2,530
2193,3,308
2193,4,236
2193,5,47
2193,6,1
2194,0,285
2194,1,759
2194,2,568
2194,3,315
2194,4,221
2194,5,44
2194,6,2
2195,0,294
2195,1,769
2195,2,540
2195,3,304
2195,4,237
2195,5,48
2195,6,3
2196,0,263
2196,1,804
2196,2,545
2196,3,314
2196,4,219
2196,5,49
2196,6,2
2197,0,280
2197,1,783
2197,2,551
2197,3,303
2197,4,236
2197,5,41
2197,6,3
2198,0,296
2198,1,764
2198,2,540
2198,3,316
2198,4,236
2198,5,45
2198,6,1
2199,0,309
2199,1,730
2199,2,575
2199,3,316
2199,4,224
2199,5,42
2199,6,3
2200,0,272
2200,1,797
2200,2,548
2200,3,314
2200,4,211
2200,5,57
2200,6,1
2201,0,284
2201,1,786
2201,2,537
2201,3,312
2201,4,229
2201,5,51
2201,6,2
2202,0,297
2202,1,750
2202,2,565
2202,3,315
2202,4,227
2202,5,47
2202,7,1
2203,0,273
2203,1,808
2203,2,534
2203,3,304
2203,4,235
2203,5,48
2203,6,1
2204,0,291
2204,1,775
2204,2,549
2204,3,314
2204,4,224
2204,5,50
2204,6,1
2205,0,288
2205,1,766
2205,2,566
2205,3,313
2205,4,219
2205,5,51
2205,6,2
2206,0,294
2206,1,760
2206,2,554
2206,3,327
2206,4,224
2206,5,46
2206,6,1
2207,0,288
2207,1,790
2207,2,524
2207,3,317
2207,4,235
2207,5,52
2207,6,1
2208,0,274
2208,1,790
2208,2,571
2208,3,301
2208,4,219
2208,5,50
2208,6,3
2209,0,296
2209,1,767
2209,2,547
2209,3,316
2209,4,231
2209,5,51
2209,6,1
2210,0,294
2210,1,762
2210,2,564
2210,3,314
2210,4,230
2210,5,44
2210,6,2
2211,0,300
2211,1,743
2211,2,574
2211,3,322
2211,4,220
2211,5,50
2211,6,2
2212,0,301
2212,1,769
2212,2,535
2212,3,332
2212,4,223
2212,5,49
2212,6,3
2213,0,313
2213,1,717
2213,2,595
2213,3,322
2213,4,215
2213,5,50
2213,6,1
2214,0,266
2214,1,820
2214,2,547
2214,3,298
2214,4,232
2214,5,48
2214,6,3
2215,0,293
2215,1,771
2215,2,550
2215,3,328
2215,4,219
2215,5,52
2215,6,2
2216,0,285
2216,1,768
2216,2,591
2216,3,299
2216,4,221
2216,5,49
2216,6,3
2217,0,278
2217,1,785
2217,2,578
2217,3,295
2217,4,231
2217,5,49
2217,6,1
2218,0,298
2218,1,763
2218,2,561
2218,3,325
2218,4,215
2218,5,56
2219,0,284
2219,1,787
2219,2,555
2219,3,305
2219,4,235
2219,5,51
2219,6,2
2220,0,293
2220,1,787
2220,2,546
2220,3,311
2220,4,229
2220,5,53
2220,6,1
2221,0,283
2221,1,791
2221,2,543
2221,3,329
2221,4,228
2221,5,46
2221,6,1
2222,0,288
2222,1,778
2222,2,560
2222,3,313
2222,4,236
2222,5,44
2222,6,3
2223,0,301
2223,1,756
2223,2,568
2223,3,318
2223,4,229
2223,5,48
2223,6,3
2224,0,285
2224,1,804
2224,2,533
2224,3,321
2224,4,232
2224,5,47
2224,6,2
2225,0,289
2225,1,781
2225,2,558
2225,3,318
2225,4,233
2225,5,44
2225,6,2
2226,0,284
2226,1,807
2226,2,533
2226,3,308
2226,4,243
2226,5,50
2226,6,1
2227,0,303
2227,1,746
2227,2,589
2227,3,311
2227,4,219
2227,5,57
2227,6,2
2228,0,303
2228,1,774
2228,2,543
2228,3,327
2228,4,236
2228,5,44
2228,6,1
2229,0,280
2229,1,801
2229,2,556
2229,3,317
2229,4,222
2229,5,50
2229,6,3
2230,0,294
2230,1,768
2230,2,561
2230,3,332
2230,4,228
2230,5,44
2230,6,3
2231,0,294
2231,1,777
2231,2,567
2231,3,316
2231,4,226
2231,5,48
2231,6,3
2232,0,298
2232,1,791
2232,2,529
2232,3,323
2232,4,241
2232,5,49
2232,6,1
2233,0,302
2233,1,764
2233,2,551
2233,3,349
2233,4,219
2233,5,44
2233,6,4
2234,0,282
2234,1,790
2234,2,561
2234,3,327
2234,4,227
2234,5,45
2234,6,2
2235,0,284
2235,1,794
2235,2,572
2235,3,304
2235,4,231
2235,5,48
2235,6,2
2236,0,293
2236,1,788
2236,2,552
2236,3,321
2236,4,234
2236,5,44
2236,6,4
2237,0,280
2237,1,813
2237,2,545
2237,3,315
2237,4,227
2237,5,56
2237,6,1
2238,0,283
2238,1,811
2238,2,532
2238,3,322
2238,4,239
2238,5,50
2238,6,1
2239,0,287
2239,1,787
2239,2,573
2239,3,307
2239,4,236
2239,5,46
2239,6,3
2240,0,296
2240,1,768
2240,2,591
2240,3,312
2240,4,220
2240,5,51
2240,6,2
2241,0,291
2241,1,787
2241,2,545
2241,3,328
2241,4,239
2241,5,50
2241,6,1
2242,0,293
2242,1,789
2242,2,569
2242,3,312
2242,4,228
2242,5,47
2242,6,4
2243,0,290
2243,1,790
2243,2,559
2243,3,320
2243,4,233
2243,5,49
2243,6,2
2244,0,282
2244,1,807
2244,2,549
2244,3,327
2244,4,227
2244,5,52
2245,0,292
2245,1,805
2245,2,541
2245,3,310
2245,4,242
2245,5,53
2245,6,2
2246,0,279
2246,1,817
2246,2,536
2246,3,333
2246,4,232
2246,5,47
2246,6,2
2247,0,289
2247,1,773
2247,2,605
2247,3,312
2247,4,214
2247,5,51
2247,6,3
2248,0,308
2248,1,766
2248,2,562
2248,3,328
2248,4,225
2248,5,58
2248,6,1
2249,0,286
2249,1,792
2249,2,581
2249,3,313
2249,4,226
2249,5,48
2249,6,3
2250,0,287
2250,1,809
2250,2,550
2250,3,321
2250,4,228
2250,5,54
2250,6,1
2251,0,298
2251,1,771
2251,2,573
2251,3,324
2251,4,234
2251,5,49
2251,6,2
2252,0,284
2252,1,811
2252,2,562
2252,3,305
2252,4,235
2252,5,54
2252,6,1
2253,0,294
2253,1,777
2253,2,577
2253,3,321
2253,4,232
2253,5,51
2253,6,1
2254,0,299
2254,1,785
2254,2,579
2254,3,309
2254,4,229
2254,5,50
2254,6,3
2255,0,290
2255,1,802
2255,2,546
2255,3,331
2255,4,231
2255,5,54
2255,6,1
2256,0,301
2256,1,763
2256,2,601
2256,3,310
2256,4,228
2256,5,51
2256,6,2
2257,0,287
2257,1,809
2257,2,551
2257,3,321
2257,4,236
2257,5,50
2257,6,3
2258,0,281
2258,1,828
2258,2,528
2258,3,321
2258,4,258
2258,5,41
2258,6,1
2259,0,280
2259,1,820
2259,2,558
2259,3,318
2259,4,229
2259,5,53
2259,6,1
2260,0,301
2260,1,779
2260,2,574
2260,3,322
2260,4,232
2260,5,50
2260,6,2
2261,0,285
2261,1,829
2261,2,534
2261,3,328
2261,4,230
2261,5,52
2261,6,3
2262,0,286
2262,1,788
2262,2,584
2262,3,328
2262,4,233
2262,5,38
2262,6,5
2263,0,313
2263,1,774
2263,2,551
2263,3,340
2263,4,229
2263,5,55
2263,6,1
2264,0,284
2264,1,817
2264,2,551
2264,3,331
2264,4,234
2264,5,44
2264,6,3
2265,0,307
2265,1,786
2265,2,556
2265,3,322
2265,4,241
2265,5,51
2265,6,2
2266,0,287
2266,1,808
2266,2,578
2266,3,300
2266,4,241
2266,5,50
2266,6,2
2267,0,303
2267,1,762
2267,2,591
2267,3,336
2267,4,224
2267,5,48
2267,6,3
2268,0,286
2268,1,815
2268,2,556
2268,3,322
2268,4,239
2268,5,48
2268,6,2
2269,0,296
2269,1,804
2269,2,555
2269,3,318
2269,4,247
2269,5,47
2269,6,2
2270,0,282
2270,1,816
2270,2,568
2270,3,322
2270,4,228
2270,5,52
2270,6,2
2271,0,302
2271,1,780
2271,2,584
2271,3,317
2271,4,233
2271,5,52
2271,6,3
2272,0,289
2272,1,804
2272,2,566
2272,3,325
2272,4,234
2272,5,52
2272,6,2
2273,0,292
2273,1,789
2273,2,593
2273,3,321
2273,4,226
2273,5,51
2273,6,1
2274,0,298
2274,1,808
2274,2,543
2274,3,336
2274,4,237
2274,5,50
2274,6,2
2275,0,279
2275,1,826
2275,2,562
2275,3,320
2275,4,232
2275,5,53
2275,6,3
2276,0,288
2276,1,812
2276,2,563
2276,3,317
2276,4,245
2276,5,51
2277,0,292
2277,1,808
2277,2,570
2277,3,325
2277,4,224
2277,5,55
2277,6,3
2278,0,292
2278,1,810
2278,2,561
2278,3,332
2278,4,231
2278,5,50
2278,6,2
2279,0,296
2279,1,781
2279,2,605
2279,3,310
2279,4,239
2279,5,46
2279,6,2
2280,0,305
2280,1,791
2280,2,564
2280,3,326
2280,4,243
2280,5,46
2280,6,5
2281,0,313
2281,1,769
2281,2,584
2281,3,325
2281,4,243
2281,5,45
2281,6,2
2282,0,279
2282,1,819
2282,2,570
2282,3,329
2282,4,224
2282,5,60
2282,6,1
2283,0,305
2283,1,787
2283,2,579
2283,3,322
2283,4,237
2283,5,50
2283,6,3
2284,0,300
2284,1,792
2284,2,585
2284,3,321
2284,4,234
2284,5,50
2284,6,2
2285,0,296
2285,1,805
2285,2,565
2285,3,335
2285,4,232
2285,5,50
2285,6,2
2286,0,292
2286,1,795
2286,2,587
2286,3,332
2286,4,226
2286,5,52
2286,6,2
2287,0,295
2287,1,815
2287,2,568
2287,3,303
2287,4,254
2287,5,49
2287,6,3
2288,0,300
2288,1,800
2288,2,572
2288,3,327
2288,4,234
2288,5,54
2288,6,1
2289,0,305
2289,1,797
2289,2,558
2289,3,331
2289,4,250
2289,5,44
2289,6,4
2290,0,301
2290,1,813
2290,2,555
2290,3,327
2290,4,239
2290,5,53
2290,6,2
2291,0,312
2291,1,778
2291,2,584
2291,3,328
2291,4,237
2291,5,51
2291,6,1
2292,0,277
2292,1,833
2292,2,554
2292,3,347
2292,4,234
2292,5,44
2292,6,3
2293,0,296
2293,1,812
2293,2,559
2293,3,337
2293,4,236
2293,5,51
2293,6,2
2294,0,300
2294,1,788
2294,2,586
2294,3,336
2294,4,229
2294,5,52
2294,6,3
2295,0,301
2295,1,806
2295,2,563
2295,3,329
2295,4,246
2295,5,49
2295,6,1
2296,0,297
2296,1,810
2296,2,574
2296,3,319
2296,4,241
2296,5,52
2296,6,3
2297,0,296
2297,1,807
2297,2,566
2297,3,343
2297,4,232
2297,5,52
2297,6,1
2298,0,277
2298,1,832
2298,2,597
2298,3,314
2298,4,219
2298,5,57
2298,6,2
2299,0,299
2299,1,793
2299,2,582
2299,3,333
2299,4,239
2299,5,50
2299,6,3
2300,0,312
2300,1,807
2300,2,539
2300,3,353
2300,4,238
2300,5,50
2300,6,1
2301,0,294
2301,1,806
2301,2,592
2301,3,305
2301,4,248
2301,5,53
2301,6,3
2302,0,303
2302,1,789
2302,2,601
2302,3,337
2302,4,218
2302,5,53
2302,6,1
2303,0,301
2303,1,790
2303,2,587
2303,3,335
2303,4,231
2303,5,57
2303,6,2
2304,0,282
2304,1,832
2304,2,581
2304,3,319
2304,4,235
2304,5,53
2304,6,2
2305,0,300
2305,1,798
2305,2,586
2305,3,334
2305,4,237
2305,5,45
2305,6,5
2306,0,289
2306,1,838
2306,2,564
2306,3,319
2306,4,237
2306,5,58
2306,6,1
2307,0,302
2307,1,805
2307,2,578
2307,3,322
2307,4,247
2307,5,49
2307,6,4
2308,0,302
2308,1,803
2308,2,573
2308,3,342
2308,4,238
2308,5,48
2308,6,2
2309,0,305
2309,1,798
2309,2,589
2309,3,314
2309,4,253
2309,5,47
2309,6,3
2310,0,298
2310,1,824
2310,2,561
2310,3,331
2310,4,242
2310,5,52
2310,6,2
2311,0,299
2311,1,808
2311,2,583
2311,3,326
2311,4,243
2311,5,50
2311,6,2
2312,0,294
2312,1,828
2312,2,559
2312,3,340
2312,4,239
2312,5,51
2312,6,1
2313,0,295
2313,1,822
2313,2,554
2313,3,344
2313,4,250
2313,5,45
2313,6,3
2314,0,299
2314,1,828
2314,2,562
2314,3,331
2314,4,235
2314,5,58
2314,6,1
2315,0,304
2315,1,797
2315,2,593
2315,3,329
2315,4,240
2315,5,51
2315,6,1
2316,0,298
2316,1,810
2316,2,594
2316,3,324
2316,4,231
2316,5,55
2316,6,4
2317,0,280
2317,1,835
2317,2,586
2317,3,318
2317,4,246
2317,5,50
2317,6,2
2318,0,321
2318,1,783
2318,2,572
2318,3,340
2318,4,252
2318,5,48
2318,6,2
2319,0,307
2319,1,801
2319,2,590
2319,3,332
2319,4,233
2319,5,53
2319,6,3
2320,0,297
2320,1,827
2320,2,575
2320,3,317
2320,4,246
2320,5,56
2320,6,2
2321,0,305
2321,1,799
2321,2,591
2321,3,344
2321,4,230
2321,5,50
2321,6,2
2322,0,285
2322,1,847
2322,2,562
2322,3,329
2322,4,244
2322,5,52
2322,6,3
2323,0,304
2323,1,813
2323,2,578
2323,3,333
2323,4,243
2323,5,51
2323,6,1
2324,0,286
2324,1,846
2324,2,574
2324,3,322
2324,4,233
2324,5,61
2324,6,2
2325,0,296
2325,1,810
2325,2,575
2325,3,357
2325,4,236
2325,5,49
2325,6,2
2326,0,310
2326,1,793
2326,2,607
2326,3,329
2326,4,233
2326,5,51
2326,6,3
2327,0,289
2327,1,845
2327,2,566
2327,3,335
2327,4,227
2327,5,65
2328,0,315
2328,1,799
2328,2,578
2328,3,334
2328,4,250
2328,5,50
2328,6,2
2329,0,305
2329,1,805
2329,2,598
2329,3,341
2329,4,219
2329,5,59
2329,6,2
2330,0,295
2330,1,827
2330,2,585
2330,3,316
2330,4,251
2330,5,54
2330,6,2
2331,0,306
2331,1,796
2331,2,615
2331,3,330
2331,4,229
2331,5,53
2331,6,2
2332,0,292
2332,1,840
2332,2,563
2332,3,335
2332,4,246
2332,5,54
2332,6,2
2333,0,298
2333,1,825
2333,2,578
2333,3,333
2333,4,248
2333,5,48
2333,6,3
2334,0,320
2334,1,797
2334,2,582
2334,3,334
2334,4,255
2334,5,41
2334,6,5
2335,0,293
2335,1,822
2335,2,585
2335,3,356
2335,4,221
2335,5,56
2335,6,2
2336,0,310
2336,1,804
2336,2,585
2336,3,341
2336,4,252
2336,5,41
2336,6,3
2337,0,303
2337,1,828
2337,2,570
2337,3,333
2337,4,248
2337,5,52
2337,6,3
2338,0,284
2338,1,852
2338,2,571
2338,3,331
2338,4,242
2338,5,58
2339,0,304
2339,1,839
2339,2,557
2339,3,319
2339,4,267
2339,5,51
2339,6,2
2340,0,291
2340,1,832
2340,2,585
2340,3,345
2340,4,238
2340,5,45
2340,6,4
2341,0,306
2341,1,812
2341,2,597
2341,3,334
2341,4,238
2341,5,51
2341,6,3
2342,0,299
2342,1,829
2342,2,575
2342,3,345
2342,4,238
2342,5,54
2342,6,2
2343,0,303
2343,1,826
2343,2,588
2343,3,325
2343,4,242
2343,5,57
2343,6,2
2344,0,303
2344,1,835
2344,2,560
2344,3,345
2344,4,245
2344,5,56
2345,0,306
2345,1,813
2345,2,584
2345,3,336
2345,4,255
2345,5,48
2345,6,3
2346,0,310
2346,1,802
2346,2,608
2346,3,336
2346,4,241
2346,5,44
2346,6,5
2347,0,282
2347,1,847
2347,2,601
2347,3,321
2347,4,237
2347,5,56
2347,6,3
2348,0,312
2348,1,811
2348,2,595
2348,3,326
2348,4,249
2348,5,53
2348,6,2
2349,0,288
2349,1,858
2349,2,561
2349,3,341
2349,4,247
2349,5,52
2349,6,2
2350,0,288
2350,1,830
2350,2,617
2350,3,316
2350,4,239
2350,5,58
2350,6,2
2351,0,296
2351,1,838
2351,2,588
2351,3,328
2351,4,247
2351,5,52
2351,6,2
2352,0,332
2352,1,792
2352,2,571
2352,3,356
2352,4,248
2352,5,49
2352,6,4
2353,0,299
2353,1,826
2353,2,594
2353,3,343
2353,4,236
2353,5,53
2353,6,2
2354,0,284
2354,1,868
2354,2,578
2354,3,319
2354,4,246
2354,5,56
2354,6,3
2355,0,301
2355,1,832
2355,2,572
2355,3,347
2355,4,251
2355,5,52
2356,0,292
2356,1,854
2356,2,570
2356,3,341
2356,4,240
2356,5,58
2356,6,1
2357,0,307
2357,1,832
2357,2,569
2357,3,345
2357,4,254
2357,5,47
2357,6,3
2358,0,298
2358,1,842
2358,2,576
2358,3,340
2358,4,244
2358,5,57
2358,6,1
2359,0,322
2359,1,807
2359,2,579
2359,3,342
2359,4,259
2359,5,46
2359,6,4
2360,0,311
2360,1,817
2360,2,587
2360,3,347
2360,4,246
2360,5,50
2360,6,2
2361,0,274
2361,1,883
2361,2,568
2361,3,335
2361,4,248
2361,5,49
2361,6,4
2362,0,318
2362,1,801
2362,2,605
2362,3,339
2362,4,244
2362,5,52
2362,6,3
2363,0,310
2363,1,811
2363,2,603
2363,3,344
2363,4,236
2363,5,59
2364,0,295
2364,1,838
2364,2,603
2364,3,326
2364,4,249
2364,5,49
2364,6,4
2365,0,307
2365,1,819
2365,2,601
2365,3,352
2365,4,221
2365,5,63
2365,6,2
2366,0,307
2366,1,842
2366,2,557
2366,3,350
2366,4,257
2366,5,51
2366,6,2
2367,0,292
2367,1,871
2367,2,551
2367,3,350
2367,4,249
2367,5,50
2367,6,4
2368,0,319
2368,1,798
2368,2,623
2368,3,320
2368,4,255
2368,5,50
2368,6,3
2369,0,296
2369,1,826
2369,2,626
2369,3,330
2369,4,232
2369,5,58
2369,6,1
2370,0,297
2370,1,845
2370,2,591
2370,3,332
2370,4,248
2370,5,53
2370,6,4
2371,0,301
2371,1,844
2371,2,589
2371,3,331
2371,4,243
2371,5,61
2371,6,2
2372,0,313
2372,1,817
2372,2,593
2372,3,350
2372,4,245
2372,5,53
2372,6,1
2373,0,314
2373,1,838
2373,2,574
2373,3,339
2373,4,253
2373,5,53
2373,6,2
2374,0,291
2374,1,835
2374,2,625
2374,3,330
2374,4,231
2374,5,61
2374,6,1
2375,0,300
2375,1,855
2375,2,576
2375,3,336
2375,4,244
2375,5,61
2375,6,3
2376,0,296
2376,1,838
2376,2,598
2376,3,344
2376,4,249
2376,5,50
2376,6,1
2377,0,307
2377,1,831
2377,2,606
2377,3,334
2377,4,239
2377,5,58
2377,6,2
2378,0,299
2378,1,846
2378,2,579
2378,3,340
2378,4,264
2378,5,47
2378,6,3
2379,0,311
2379,1,821
2379,2,599
2379,3,358
2379,4,237
2379,5,50
2379,6,3
2380,0,290
2380,1,866
2380,2,599
2380,3,319
2380,4,241
2380,5,62
2380,6,3
2381,0,311
2381,1,837
2381,2,581
2381,3,339
2381,4,253
2381,5,59
2381,6,1
2382,0,304
2382,1,844
2382,2,581
2382,3,356
2382,4,242
2382,5,54
2382,6,1
2383,0,296
2383,1,855
2383,2,596
2383,3,318
2383,4,263
2383,5,52
2383,6,3
2384,0,311
2384,1,820
2384,2,603
2384,3,362
2384,4,229
2384,5,58
2384,6,1
2385,0,320
2385,1,815
2385,2,588
2385,3,350
2385,4,254
2385,5,56
2385,6,2
2386,0,316
2386,1,811
2386,2,632
2386,3,331
2386,4,237
2386,5,56
2386,6,3
2387,0,320
2387,1,803
2387,2,603
2387,3,373
2387,4,236
2387,5,48
2387,6,4
2388,0,304
2388,1,848
2388,2,584
2388,3,351
2388,4,245
2388,5,53
2388,6,3
2389,0,295
2389,1,842
2389,2,606
2389,3,336
2389,4,260
2389,5,47
2389,6,3
2390,0,326
2390,1,816
2390,2,592
2390,3,351
2390,4,247
2390,5,56
2390,6,2
2391,0,315
2391,1,830
2391,2,599
2391,3,340
2391,4,253
2391,5,50
2391,6,4
2392,0,302
2392,1,849
2392,2,575
2392,3,370
2392,4,234
2392,5,61
2392,6,1
2393,0,306
2393,1,835
2393,2,607
2393,3,344
2393,4,247
2393,5,53
2393,6,1
2394,0,301
2394,1,855
2394,2,589
2394,3,349
2394,4,241
2394,5,56
2394,6,3
2395,0,307
2395,1,850
2395,2,585
2395,3,339
2395,4,253
2395,5,59
2395,6,2
2396,0,309
2396,1,826
2396,2,625
2396,3,327
2396,4,254
2396,5,53
2396,6,2
2397,0,314
2397,1,844
2397,2,564
2397,3,368
2397,4,255
2397,5,49
2397,6,3
2398,0,315
2398,1,830
2398,2,596
2398,3,350
2398,4,249
2398,5,56
2398,6,2
2399,0,295
2399,1,870
2399,2,587
2399,3,342
2399,4,249
2399,5,54
2399,6,2
2400,0,302
2400,1,835
2400,2,619
2400,3,340
2400,4,247
2400,5,52
2400,6,5
2401,0,292
2401,1,871
2401,2,592
2401,3,346
2401,4,241
2401,5,57
2401,6,2
2402,0,319
2402,1,832
2402,2,594
2402,3,337
2402,4,268
2402,5,49
2402,6,3
2403,0,294
2403,1,873
2403,2,581
2403,3,336
2403,4,261
2403,5,56
2403,6,2
2404,0,302
2404,1,859
2404,2,593
2404,3,346
2404,4,244
2404,5,58
2404,6,2
2405,0,305
2405,1,862
2405,2,582
2405,3,343
2405,4,257
2405,5,52
2405,6,4
2406,0,315
2406,1,834
2406,2,598
2406,3,351
2406,4,253
2406,5,53
2406,6,2
2407,0,307
2407,1,843
2407,2,601
2407,3,344
2407,4,256
2407,5,53
2407,6,3
2408,0,297
2408,1,862
2408,2,600
2408,3,350
2408,4,240
2408,5,58
2408,6,1
2409,0,328
2409,1,804
2409,2,619
2409,3,361
2409,4,241
2409,5,54
2409,6,2
2410,0,308
2410,1,853
2410,2,589
2410,3,340
2410,4,267
2410,5,48
2410,6,5
2411,0,306
2411,1,863
2411,2,597
2411,3,332
2411,4,255
2411,5,56
2411,6,2
2412,0,310
2412,1,844
2412,2,595
2412,3,358
2412,4,242
2412,5,63
2413,0,294
2413,1,877
2413,2,590
2413,3,339
2413,4,255
2413,5,55
2413,6,3
2414,0,319
2414,1,820
2414,2,628
2414,3,340
2414,4,243
2414,5,63
2414,6,1
2415,0,301
2415,1,862
2415,2,598
2415,3,347
2415,4,253
2415,5,51
2415,6,3
2416,0,307
2416,1,854
2416,2,597
2416,3,349
2416,4,249
2416,5,58
2416,6,2
2417,0,318
2417,1,828
2417,2,608
2417,3,351
2417,4,258
2417,5,51
2417,6,3
2418,0,320
2418,1,819
2418,2,629
2418,3,350
2418,4,239
2418,5,58
2418,6,3
2419,0,309
2419,1,853
2419,2,610
2419,3,329
2419,4,257
2419,5,60
2419,6,1
2420,0,305
2420,1,856
2420,2,599
2420,3,350
2420,4,254
2420,5,54
2420,6,2
2421,0,301
2421,1,861
2421,2,605
2421,3,348
2421,4,243
2421,5,62
2421,6,1
2422,0,307
2422,1,842
2422,2,620
2422,3,354
2422,4,244
2422,5,52
2422,6,2
2422,7,1
2423,0,312
2423,1,848
2423,2,592
2423,3,361
2423,4,254
2423,5,56
2424,0,309
2424,1,852
2424,2,594
2424,3,374
2424,4,233
2424,5,59
2424,6,3
2425,0,343
2425,1,810
2425,2,609
2425,3,342
2425,4,262
2425,5,57
2425,6,2
2426,0,310
2426,1,854
2426,2,603
2426,3,343
2426,4,256
2426,5,58
2426,6,2
2427,0,321
2427,1,824
2427,2,624
2427,3,347
2427,4,261
2427,5,46
2427,6,4
2428,0,306
2428,1,858
2428,2,604
2428,3,350
2428,4,248
2428,5,60
2428,6,2
2429,0,312
2429,1,850
2429,2,601
2429,3,361
2429,4,243
2429,5,60
2429,6,2
2430,0,317
2430,1,834
2430,2,625
2430,3,344
2430,4,258
2430,5,49
2430,6,3
2431,0,334
2431,1,817
2431,2,611
2431,3,357
2431,4,254
2431,5,55
2431,6,3
2432,0,316
2432,1,832
2432,2,610
2432,3,373
2432,4,248
2432,5,49
2432,6,4
2433,0,323
2433,1,833
2433,2,624
2433,3,344
2433,4,249
2433,5,58
2433,6,2
2434,0,310
2434,1,847
2434,2,628
2434,3,333
2434,4,251
2434,5,62
2434,6,3
2435,0,320
2435,1,847
2435,2,605
2435,3,355
2435,4,246
2435,5,61
2435,6,1
2436,0,314
2436,1,843
2436,2,603
2436,3,375
2436,4,244
2436,5,55
2436,6,2
2437,0,317
2437,1,858
2437,2,596
2437,3,343
2437,4,265
2437,5,55
2437,6,3
2438,0,312
2438,1,866
2438,2,587
2438,3,358
2438,4,259
2438,5,54
2438,6,2
2439,0,299
2439,1,865
2439,2,613
2439,3,355
2439,4,250
2439,5,53
2439,6,4
2440,0,310
2440,1,860
2440,2,626
2440,3,324
2440,4,267
2440,5,49
2440,6,4
2441,0,314
2441,1,864
2441,2,584
2441,3,360
2441,4,261
2441,5,56
2441,6,2
2442,0,314
2442,1,851
2442,2,617
2442,3,348
2442,4,252
2442,5,58
2442,6,2
2443,0,293
2443,1,879
2443,2,619
2443,3,345
2443,4,241
2443,5,64
2443,6,2
2444,0,314
2444,1,845
2444,2,628
2444,3,350
2444,4,246
2444,5,60
2444,6,1
2445,0,304
2445,1,871
2445,2,613
2445,3,332
2445,4,262
2445,5,60
2445,6,3
2446,0,337
2446,1,825
2446,2,612
2446,3,365
2446,4,249
2446,5,55
2446,6,3
2447,0,306
2447,1,869
2447,2,599
2447,3,358
2447,4,259
2447,5,53
2447,6,3
2448,0,290
2448,1,893
2448,2,600
2448,3,347
2448,4,264
2448,5,52
2448,6,2
2449,0,323
2449,1,852
2449,2,606
2449,3,349
2449,4,257
2449,5,60
2449,6,2
2450,0,321
2450,1,824
2450,2,645
2450,3,364
2450,4,228
2450,5,66
2450,6,2
2451,0,328
2451,1,845
2451,2,598
2451,3,357
2451,4,272
2451,5,48
2451,6,3
2452,0,314
2452,1,834
2452,2,643
2452,3,368
2452,4,228
2452,5,63
2452,6,2
2453,0,309
2453,1,869
2453,2,597
2453,3,362
2453,4,261
2453,5,54
2453,6,1
2454,0,339
2454,1,838
2454,2,597
2454,3,361
2454,4,263
2454,5,52
2454,6,4
2455,0,320
2455,1,856
2455,2,595
2455,3,368
2455,4,255
2455,5,58
2455,6,3
2456,0,268
2456,1,925
2456,2,621
2456,3,337
2456,4,241
2456,5,62
2456,6,2
2457,0,322
2457,1,858
2457,2,618
2457,3,333
2457,4,270
2457,5,51
2457,6,5
2458,0,308
2458,1,864
2458,2,602
2458,3,386
2458,4,236
2458,5,60
2458,6,2
2459,0,319
2459,1,879
2459,2,577
2459,3,360
2459,4,272
2459,5,49
2459,6,3
2460,0,323
2460,1,841
2460,2,624
2460,3,358
2460,4,250
2460,5,63
2460,6,1
2461,0,311
2461,1,880
2461,2,600
2461,3,342
2461,4,265
2461,5,62
2461,6,1
2462,0,302
2462,1,871
2462,2,629
2462,3,349
2462,4,257
2462,5,50
2462,6,4
2463,0,313
2463,1,863
2463,2,610
2463,3,360
2463,4,260
2463,5,53
2463,6,4
2464,0,326
2464,1,846
2464,2,621
2464,3,359
2464,4,256
2464,5,54
2464,6,2
2465,0,313
2465,1,866
2465,2,614
2465,3,355
2465,4,253
2465,5,62
2465,6,2
2466,0,289
2466,1,924
2466,2,588
2466,3,342
2466,4,260
2466,5,60
2466,6,3
2467,0,336
2467,1,836
2467,2,617
2467,3,358
2467,4,266
2467,5,51
2467,6,3
2468,0,311
2468,1,860
2468,2,626
2468,3,353
2468,4,266
2468,5,48
2468,6,4
2469,0,328
2469,1,853
2469,2,594
2469,3,368
2469,4,269
2469,5,55
2469,6,2
2470,0,323
2470,1,861
2470,2,607
2470,3,374
2470,4,243
2470,5,59
2470,6,3
2471,0,316
2471,1,851
2471,2,651
2471,3,346
2471,4,239
2471,5,65
2471,6,3
2472,0,317
2472,1,865
2472,2,602
2472,3,368
2472,4,267
2472,5,50
2472,6,3
2473,0,313
2473,1,869
2473,2,616
2473,3,362
2473,4,246
2473,5,66
2473,6,1
2474,0,310
2474,1,877
2474,2,615
2474,3,354
2474,4,260
2474,5,55
2474,6,3
2475,0,322
2475,1,881
2475,2,587
2475,3,352
2475,4,282
2475,5,47
2475,6,4
2476,0,310
2476,1,864
2476,2,624
2476,3,371
2476,4,244
2476,5,62
2476,6,1
2477,0,325
2477,1,838
2477,2,635
2477,3,377
2477,4,236
2477,5,64
2477,6,2
2478,0,307
2478,1,879
2478,2,612
2478,3,364
2478,4,257
2478,5,57
2478,6,2
2479,0,329
2479,1,827
2479,2,658
2479,3,359
2479,4,246
2479,5,54
2479,6,6
2480,0,318
2480,1,877
2480,2,605
2480,3,351
2480,4,276
2480,5,51
2480,6,2
2481,0,315
2481,1,882
2481,2,608
2481,3,348
2481,4,266
2481,5,60
2481,6,2
2482,0,319
2482,1,865
2482,2,629
2482,3,348
2482,4,257
2482,5,63
2482,6,1
2483,0,332
2483,1,844
2483,2,618
2483,3,370
2483,4,261
2483,5,56
2483,6,2
2484,0,311
2484,1,870
2484,2,629
2484,3,370
2484,4,243
2484,5,58
2484,6,3
2485,0,319
2485,1,867
2485,2,641
2485,3,327
2485,4,263
2485,5,67
2485,6,1
2486,0,297
2486,1,888
2486,2,632
2486,3,356
2486,4,253
2486,5,57
2486,6,3
2487,0,319
2487,1,891
2487,2,599
2487,3,351
2487,4,261
2487,5,64
2487,6,2
2488,0,311
2488,1,891
2488,2,594
2488,3,371
2488,4,263
2488,5,55
2488,6,3
2489,0,333
2489,1,845
2489,2,621
2489,3,382
2489,4,251
2489,5,53
2489,6,4
2490,0,322
2490,1,854
2490,2,626
2490,3,367
2490,4,263
2490,5,56
2490,6,2
2491,0,320
2491,1,883
2491,2,609
2491,3,356
2491,4,264
2491,5,57
2491,6,2
2492,0,301
2492,1,892
2492,2,625
2492,3,348
2492,4,275
2492,5,46
2492,6,5
2493,0,299
2493,1,892
2493,2,640
2493,3,353
2493,4,242
2493,5,66
2493,6,1
2494,0,331
2494,1,867
2494,2,613
2494,3,351
2494,4,270
2494,5,59
2494,6,3
2495,0,320
2495,1,864
2495,2,630
2495,3,356
2495,4,264
2495,5,60
2495,6,1
2496,0,321
2496,1,868
2496,2,632
2496,3,352
2496,4,260
2496,5,61
2496,6,2
2497,0,312
2497,1,882
2497,2,626
2497,3,369
2497,4,246
2497,5,58
2497,6,4
2498,0,317
2498,1,880
2498,2,618
2498,3,362
2498,4,264
2498,5,53
2498,6,4
2499,0,319
2499,1,880
2499,2,619
2499,3,356
2499,4,265
2499,5,57
2499,6,3
2500,0,328
2500,1,856
2500,2,626
2500,3,378
2500,4,248
2500,5,62
2500,6,2
2501,0,322
2501,1,870
2501,2,632
2501,3,353
2501,4,268
2501,5,55
2501,6,1
2502,0,333
2502,1,853
2502,2,611
2502,3,386
2502,4,260
2502,5,55
2502,6,4
2503,0,316
2503,1,876
2503,2,639
2503,3,353
2503,4,254
2503,5,62
2503,6,3
2504,0,321
2504,1,872
2504,2,629
2504,3,358
2504,4,267
2504,5,53
2504,6,4
2505,0,317
2505,1,889
2505,2,619
2505,3,365
2505,4,252
2505,5,62
2505,6,1
2506,0,343
2506,1,824
2506,2,646
2506,3,370
2506,4,264
2506,5,56
2506,6,3
2507,0,321
2507,1,870
2507,2,640
2507,3,362
2507,4,248
2507,5,64
2507,6,2
2508,0,321
2508,1,885
2508,2,606
2508,3,367
2508,4,272
2508,5,54
2508,6,3
2509,0,342
2509,1,836
2509,2,640
2509,3,373
2509,4,257
2509,5,58
2509,6,3
2510,0,336
2510,1,853
2510,2,628
2510,3,374
2510,4,254
2510,5,63
2510,6,2
2511,0,312
2511,1,876
2511,2,639
2511,3,373
2511,4,254
2511,5,53
2511,6,4
2512,0,304
2512,1,896
2512,2,656
2512,3,337
2512,4,250
2512,5,68
2512,6,1
2513,0,336
2513,1,850
2513,2,638
2513,3,365
2513,4,264
2513,5,57
2513,6,3
2514,0,324
2514,1,881
2514,2,622
2514,3,344
2514,4,288
2514,5,51
2514,6,4
2515,0,332
2515,1,857
2515,2,650
2515,3,363
2515,4,251
2515,5,60
2515,6,2
2516,0,311
2516,1,886
2516,2,639
2516,3,356
2516,4,265
2516,5,56
2516,6,3
2517,0,317
2517,1,896
2517,2,612
2517,3,369
2517,4,261
2517,5,58
2517,6,4
2518,0,325
2518,1,895
2518,2,605
2518,3,363
2518,4,267
2518,5,61
2518,6,2
2519,0,318
2519,1,892
2519,2,614
2519,3,362
2519,4,276
2519,5,55
2519,6,2
2520,0,313
2520,1,906
2520,2,626
2520,3,351
2520,4,256
2520,5,67
2520,6,1
2521,0,328
2521,1,875
2521,2,622
2521,3,358
2521,4,276
2521,5,61
2521,6,1
2522,0,314
2522,1,885
2522,2,656
2522,3,348
2522,4,259
2522,5,55
2522,6,5
2523,0,315
2523,1,895
2523,2,621
2523,3,361
2523,4,273
2523,5,55
2523,6,3
2524,0,308
2524,1,899
2524,2,646
2524,3,340
2524,4,270
2524,5,58
2524,6,3
2525,0,312
2525,1,903
2525,2,632
2525,3,353
2525,4,258
2525,5,65
2525,6,2
2526,0,315
2526,1,886
2526,2,636
2526,3,377
2526,4,247
2526,5,63
2526,6,2
2527,0,312
2527,1,904
2527,2,616
2527,3,367
2527,4,268
2527,5,57
2527,6,3
2528,0,325
2528,1,869
2528,2,657
2528,3,356
2528,4,253
2528,5,66
2528,6,2
2529,0,322
2529,1,890
2529,2,618
2529,3,370
2529,4,275
2529,5,50
2529,6,4
2530,0,332
2530,1,868
2530,2,646
2530,3,370
2530,4,245
2530,5,68
2530,6,1
2531,0,324
2531,1,890
2531,2,634
2531,3,353
2531,4,265
2531,5,62
2531,6,3
2532,0,307
2532,1,899
2532,2,644
2532,3,364
2532,4,249
2532,5,66
2532,6,3
2533,0,331
2533,1,864
2533,2,649
2533,3,357
2533,4,274
2533,5,55
2533,6,3
2534,0,326
2534,1,873
2534,2,638
2534,3,372
2534,4,270
2534,5,51
2534,6,4
2535,0,314
2535,1,917
2535,2,624
2535,3,340
2535,4,278
2535,5,59
2535,6,3
2536,0,317
2536,1,913
2536,2,614
2536,3,356
2536,4,268
2536,5,67
2536,6,1
2537,0,317
2537,1,885
2537,2,656
2537,3,354
2537,4,264
2537,5,58
2537,6,3
2538,0,325
2538,1,892
2538,2,633
2538,3,353
2538,4,272
2538,5,61
2538,6,2
2539,0,329
2539,1,869
2539,2,642
2539,3,377
2539,4,263
2539,5,56
2539,6,3
2540,0,333
2540,1,876
2540,2,623
2540,3,368
2540,4,289
2540,5,46
2540,6,5
2541,0,320
2541,1,874
2541,2,671
2541,3,364
2541,4,250
2541,5,59
2541,6,3
2542,0,329
2542,1,901
2542,2,624
2542,3,351
2542,4,270
2542,5,64
2542,6,3
2543,0,313
2543,1,904
2543,2,623
2543,3,386
2543,4,251
2543,5,63
2543,6,3
2544,0,320
2544,1,904
2544,2,621
2544,3,374
2544,4,266
2544,5,56
2544,6,3
2545,0,324
2545,1,886
2545,2,648
2545,3,351
2545,4,276
2545,5,55
2545,6,5
2546,0,323
2546,1,894
2546,2,623
2546,3,381
2546,4,265
2546,5,58
2546,6,2
2547,0,326
2547,1,900
2547,2,628
2547,3,344
2547,4,291
2547,5,55
2547,6,3
2548,0,323
2548,1,871
2548,2,683
2548,3,353
2548,4,250
2548,5,66
2548,6,2
2549,0,336
2549,1,862
2549,2,656
2549,3,370
2549,4,262
2549,5,60
2549,6,3
2550,0,321
2550,1,886
2550,2,652
2550,3,372
2550,4,246
2550,5,72
2550,6,1
2551,0,333
2551,1,886
2551,2,630
2551,3,369
2551,4,274
2551,5,55
2551,6,4
2552,0,327
2552,1,880
2552,2,648
2552,3,363
2552,4,272
2552,5,58
2552,6,4
2553,0,317
2553,1,912
2553,2,630
2553,3,365
2553,4,267
2553,5,60
2553,6,2
2554,0,316
2554,1,904
2554,2,632
2554,3,376
2554,4,268
2554,5,55
2554,6,3
2555,0,342
2555,1,879
2555,2,639
2555,3,342
2555,4,291
2555,5,60
2555,6,2
2556,0,319
2556,1,889
2556,2,658
2556,3,374
2556,4,254
2556,5,60
2556,6,2
2557,0,326
2557,1,890
2557,2,644
2557,3,368
2557,4,258
2557,5,70
2557,6,1
2558,0,332
2558,1,894
2558,2,630
2558,3,369
2558,4,269
2558,5,63
2558,6,1
2559,0,321
2559,1,894
2559,2,642
2559,3,369
2559,4,268
2559,5,62
2559,6,3
2560,0,319
2560,1,899
2560,2,651
2560,3,373
2560,4,251
2560,5,63
2560,6,4
2561,0,344
2561,1,846
2561,2,675
2561,3,369
2561,4,268
2561,5,58
2561,7,1
2562,0,324
2562,1,929
2562,2,592
2562,3,374
2562,4,281
2562,5,61
2562,6,1
2563,0,327
2563,1,874
2563,2,682
2563,3,358
2563,4,248
2563,5,73
2563,6,1
2564,0,322
2564,1,897
2564,2,638
2564,3,379
2564,4,278
2564,5,44
2564,6,6
2565,0,354
2565,1,855
2565,2,644
2565,3,369
2565,4,280
2565,5,61
2565,6,2
2566,0,327
2566,1,900
2566,2,639
2566,3,375
2566,4,261
2566,5,62
2566,6,2
2567,0,319
2567,1,896
2567,2,661
2567,3,356
2567,4,267
2567,5,64
2567,6,4
2568,0,326
2568,1,880
2568,2,689
2568,3,350
2568,4,257
2568,5,64
2568,6,2
2569,0,329
2569,1,893
2569,2,646
2569,3,370
2569,4,263
2569,5,66
2569,6,2
2570,0,327
2570,1,897
2570,2,635
2570,3,378
2570,4,277
2570,5,53
2570,6,3
2571,0,346
2571,1,896
2571,2,602
2571,3,389
2571,4,276
2571,5,58
2571,6,4
2572,0,333
2572,1,875
2572,2,660
2572,3,387
2572,4,251
2572,5,62
2572,6,4
2573,0,312
2573,1,925
2573,2,633
2573,3,376
2573,4,266
2573,5,58
2573,6,3
2574,0,329
2574,1,895
2574,2,654
2574,3,356
2574,4,273
2574,5,66
2574,6,1
2575,0,315
2575,1,920
2575,2,644
2575,3,355
2575,4,284
2575,5,54
2575,6,3
2576,0,330
2576,1,886
2576,2,669
2576,3,363
2576,4,257
2576,5,69
2576,6,2
2577,0,333
2577,1,883
2577,2,671
2577,3,355
2577,4,271
2577,5,61
2577,6,3
2578,0,313
2578,1,923
2578,2,654
2578,3,344
2578,4,275
2578,5,67
2578,6,2
2579,0,324
2579,1,892
2579,2,672
2579,3,363
2579,4,261
2579,5,63
2579,6,4
2580,0,321
2580,1,922
2580,2,632
2580,3,361
2580,4,288
2580,5,52
2580,6,4
2581,0,329
2581,1,887
2581,2,660
2581,3,380
2581,4,260
2581,5,62
2581,6,3
2582,0,330
2582,1,911
2582,2,628
2582,3,380
2582,4,271
2582,5,59
2582,6,3
2583,0,326
2583,1,901
2583,2,666
2583,3,356
2583,4,268
2583,5,62
2583,6,4
2584,0,331
2584,1,910
2584,2,621
2584,3,383
2584,4,279
2584,5,57
2584,6,3
2585,0,312
2585,1,933
2585,2,647
2585,3,349
2585,4,276
2585,5,66
2585,6,2
2586,0,339
2586,1,893
2586,2,655
2586,3,357
2586,4,281
2586,5,58
2586,6,3
2587,0,334
2587,1,876
2587,2,677
2587,3,381
2587,4,256
2587,5,59
2587,6,4
2588,0,331
2588,1,901
2588,2,637
2588,3,375
2588,4,284
2588,5,57
2588,6,3
2589,0,337
2589,1,896
2589,2,641
2589,3,380
2589,4,272
2589,5,61
2589,6,2
2590,0,333
2590,1,887
2590,2,683
2590,3,363
2590,4,254
2590,5,67
2590,6,3
2591,0,338
2591,1,885
2591,2,652
2591,3,387
2591,4,267
2591,5,58
2591,6,4
2592,0,338
2592,1,884
2592,2,666
2592,3,367
2592,4,263
2592,5,72
2592,6,2
2593,0,328
2593,1,903
2593,2,656
2593,3,379
2593,4,263
2593,5,62
2593,6,2
2594,0,330
2594,1,911
2594,2,635
2594,3,384
2594,4,276
2594,5,55
2594,6,3
2595,0,327
2595,1,912
2595,2,638
2595,3,376
2595,4,277
2595,5,63
2595,6,2
2596,0,327
2596,1,913
2596,2,648
2596,3,377
2596,4,264
2596,5,64
2596,6,3
2597,0,339
2597,1,874
2597,2,675
2597,3,383
2597,4,265
2597,5,58
2597,6,3
2598,0,334
2598,1,892
2598,2,677
2598,3,354
2598,4,281
2598,5,54
2598,6,6
2599,0,349
2599,1,868
2599,2,671
2599,3,370
2599,4,273
2599,5,67
2599,6,1
2600,0,323
2600,1,922
2600,2,647
2600,3,375
2600,4,263
2600,5,68
2600,6,2
2601,0,322
2601,1,930
2601,2,637
2601,3,375
2601,4,269
2601,5,66
2601,6,2
2602,0,326
2602,1,909
2602,2,679
2602,3,353
2602,4,269
2602,5,64
2602,6,2
2603,0,328
2603,1,911
2603,2,636
2603,3,381
2603,4,288
2603,5,55
2603,6,4
2604,0,328
2604,1,925
2604,2,647
2604,3,373
2604,4,263
2604,5,64
2604,6,4
2605,0,314
2605,1,935
2605,2,655
2605,3,356
2605,4,282
2605,5,61
2605,6,2
2606,0,319
2606,1,932
2606,2,638
2606,3,382
2606,4,275
2606,5,56
2606,6,4
2607,0,342
2607,1,897
2607,2,644
2607,3,388
2607,4,274
2607,5,60
2607,6,2
2608,0,343
2608,1,891
2608,2,667
2608,3,365
2608,4,278
2608,5,57
2608,6,7
2609,0,340
2609,1,913
2609,2,625
2609,3,386
2609,4,281
2609,5,64
2610,0,327
2610,1,906
2610,2,663
2610,3,393
2610,4,255
2610,5,62
2610,6,4
2611,0,342
2611,1,890
2611,2,652
2611,3,402
2611,4,258
2611,5,65
2611,6,2
2612,0,329
2612,1,927
2612,2,653
2612,3,354
2612,4,281
2612,5,65
2612,6,3
2613,0,334
2613,1,896
2613,2,675
2613,3,373
2613,4,266
2613,5,67
2613,6,2
2614,0,333
2614,1,899
2614,2,686
2614,3,365
2614,4,261
2614,5,68
2614,6,2
2615,0,333
2615,1,895
2615,2,671
2615,3,384
2615,4,265
2615,5,66
2615,6,1
2616,0,329
2616,1,916
2616,2,662
2616,3,368
2616,4,274
2616,5,62
2616,6,5
2617,0,333
2617,1,905
2617,2,669
2617,3,372
2617,4,274
2617,5,61
2617,6,3
2618,0,346
2618,1,880
2618,2,681
2618,3,382
2618,4,261
2618,5,66
2618,6,2
2619,0,356
2619,1,858
2619,2,698
2619,3,377
2619,4,255
2619,5,74
2619,6,1
2620,0,337
2620,1,909
2620,2,642
2620,3,393
2620,4,281
2620,5,52
2620,6,6
2621,0,329
2621,1,918
2621,2,648
2621,3,386
2621,4,278
2621,5,60
2621,6,2
2622,0,330
2622,1,914
2622,2,669
2622,3,372
2622,4,268
2622,5,65
2622,6,4
2623,0,349
2623,1,887
2623,2,675
2623,3,363
2623,4,289
2623,5,56
2623,6,4
2624,0,330
2624,1,923
2624,2,663
2624,3,374
2624,4,259
2624,5,74
2624,6,1
2625,0,342
2625,1,898
2625,2,658
2625,3,387
2625,4,279
2625,5,57
2625,6,4
2626,0,326
2626,1,934
2626,2,646
2626,3,378
2626,4,277
2626,5,62
2626,6,3
2627,0,325
2627,1,939
2627,2,647
2627,3,356
2627,4,300
2627,5,56
2627,6,4
2628,0,337
2628,1,915
2628,2,659
2628,3,391
2628,4,259
2628,5,64
2628,6,3
2629,0,322
2629,1,896
2629,2,716
2629,3,366
2629,4,255
2629,5,73
2629,6,1
2630,0,348
2630,1,897
2630,2,658
2630,3,375
2630,4,293
2630,5,56
2630,6,3
2631,0,322
2631,1,952
2631,2,635
2631,3,384
2631,4,275
2631,5,60
2631,6,3
2632,0,330
2632,1,913
2632,2,673
2632,3,381
2632,4,251
2632,5,82
2632,6,2
2633,0,352
2633,1,873
2633,2,679
2633,3,404
2633,4,266
2633,5,56
2633,6,3
2634,0,337
2634,1,921
2634,2,658
2634,3,366
2634,4,294
2634,5,53
2634,6,5
2635,0,343
2635,1,896
2635,2,681
2635,3,375
2635,4,274
2635,5,64
2635,6,2
2636,0,357
2636,1,876
2636,2,684
2636,3,380
2636,4,269
2636,5,66
2636,6,4
2637,0,314
2637,1,945
2637,2,680
2637,3,358
2637,4,267
2637,5,70
2637,6,3
2638,0,343
2638,1,893
2638,2,689
2638,3,366
2638,4,283
2638,5,63
2638,6,1
2639,0,333
2639,1,929
2639,2,650
2639,3,376
2639,4,285
2639,5,63
2639,6,3
2640,0,343
2640,1,897
2640,2,676
2640,3,393
2640,4,264
2640,5,64
2640,6,3
2641,0,325
2641,1,945
2641,2,659
2641,3,364
2641,4,280
2641,5,66
2641,6,2
2642,0,328
2642,1,946
2642,2,638
2642,3,380
2642,4,288
2642,5,58
2642,6,4
2643,0,340
2643,1,914
2643,2,669
2643,3,375
2643,4,280
2643,5,62
2643,6,3
2644,0,337
2644,1,914
2644,2,672
2644,3,371
2644,4,286
2644,5,60
2644,6,4
2645,0,331
2645,1,939
2645,2,647
2645,3,385
2645,4,279
2645,5,61
2645,6,3
2646,0,330
2646,1,926
2646,2,669
2646,3,387
2646,4,264
2646,5,67
2646,6,3
2647,0,331
2647,1,927
2647,2,656
2647,3,399
2647,4,258
2647,5,76
2648,0,335
2648,1,916
2648,2,690
2648,3,367
2648,4,272
2648,5,66
2648,6,2
2649,0,345
2649,1,888
2649,2,698
2649,3,375
2649,4,289
2649,5,47
2649,6,7
2650,0,337
2650,1,916
2650,2,671
2650,3,382
2650,4,275
2650,5,67
2650,6,2
2651,0,355
2651,1,898
2651,2,681
2651,3,375
2651,4,273
2651,5,64
2651,6,5
2652,0,349
2652,1,897
2652,2,677
2652,3,376
2652,4,289
2652,5,62
2652,6,2
2653,0,345
2653,1,905
2653,2,677
2653,3,393
2653,4,266
2653,5,63
2653,6,4
2654,0,347
2654,1,901
2654,2,679
2654,3,389
2654,4,275
2654,5,61
2654,6,2
2655,0,334
2655,1,936
2655,2,665
2655,3,372
2655,4,271
2655,5,75
2655,6,2
2656,0,341
2656,1,918
2656,2,662
2656,3,391
2656,4,280
2656,5,60
2656,6,4
2657,0,313
2657,1,962
2657,2,673
2657,3,362
2657,4,271
2657,5,74
2657,6,2
2658,0,325
2658,1,932
2658,2,685
2658,3,375
2658,4,277
2658,5,60
2658,6,4
2659,0,346
2659,1,897
2659,2,697
2659,3,380
2659,4,272
2659,5,61
2659,6,6
2660,0,343
2660,1,915
2660,2,668
2660,3,392
2660,4,272
2660,5,68
2660,6,2
2661,0,338
2661,1,906
2661,2,704
2661,3,377
2661,4,270
2661,5,63
2661,6,3
2662,0,355
2662,1,923
2662,2,632
2662,3,401
2662,4,287
2662,5,62
2662,6,2
2663,0,323
2663,1,954
2663,2,660
2663,3,377
2663,4,281
2663,5,64
2663,6,4
2664,0,354
2664,1,885
2664,2,689
2664,3,390
2664,4,282
2664,5,62
2664,6,2
2665,0,348
2665,1,912
2665,2,687
2665,3,370
2665,4,273
2665,5,72
2665,6,3
2666,0,333
2666,1,925
2666,2,680
2666,3,400
2666,4,257
2666,5,68
2666,6,3
2667,0,340
2667,1,934
2667,2,667
2667,3,370
2667,4,299
2667,5,51
2667,6,6
2668,0,329
2668,1,956
2668,2,635
2668,3,395
2668,4,285
2668,5,66
2668,6,2
2669,0,315
2669,1,951
2669,2,694
2669,3,373
2669,4,269
2669,5,64
2669,6,3
2670,0,330
2670,1,963
2670,2,639
2670,3,374
2670,4,298
2670,5,64
2670,6,2
2671,0,328
2671,1,938
2671,2,686
2671,3,375
2671,4,274
2671,5,64
2671,6,6
2672,0,348
2672,1,914
2672,2,683
2672,3,373
2672,4,287
2672,5,66
2672,6,1
2673,0,340
2673,1,948
2673,2,631
2673,3,400
2673,4,286
2673,5,67
2673,6,1
2674,0,338
2674,1,906
2674,2,720
2674,3,376
2674,4,265
2674,5,66
2674,6,3
2675,0,341
2675,1,933
2675,2,652
2675,3,399
2675,4,289
2675,5,57
2675,6,4
2676,0,335
2676,1,956
2676,2,648
2676,3,380
2676,4,292
2676,5,62
2676,6,3
2677,0,353
2677,1,912
2677,2,687
2677,3,364
2677,4,294
2677,5,63
2677,6,4
2678,0,310
2678,1,969
2678,2,678
2678,3,377
2678,4,270
2678,5,72
2678,6,2
2679,0,348
2679,1,930
2679,2,667
2679,3,383
2679,4,280
2679,5,69
2679,6,2
2680,0,331
2680,1,920
2680,2,724
2680,3,352
2680,4,282
2680,5,67
2680,6,4
2681,0,349
2681,1,916
2681,2,670
2681,3,403
2681,4,278
2681,5,63
2681,6,2
2682,0,332
2682,1,955
2682,2,653
2682,3,394
2682,4,276
2682,5,69
2682,6,3
2683,0,350
2683,1,906
2683,2,695
2683,3,381
2683,4,291
2683,5,54
2683,6,6
2684,0,331
2684,1,959
2684,2,665
2684,3,380
2684,4,285
2684,5,62
2684,6,2
2685,0,345
2685,1,935
2685,2,662
2685,3,389
2685,4,284
2685,5,66
2685,6,4
2686,0,334
2686,1,927
2686,2,691
2686,3,397
2686,4,270
2686,5,63
2686,6,4
2687,0,347
2687,1,914
2687,2,693
2687,3,385
2687,4,279
2687,5,66
2687,6,3
2688,0,327
2688,1,945
2688,2,689
2688,3,380
2688,4,271
2688,5,74
2688,6,2
2689,0,341
2689,1,941
2689,2,667
2689,3,383
2689,4,289
2689,5,66
2689,6,2
2690,0,349
2690,1,931
2690,2,671
2690,3,385
2690,4,288
2690,5,63
2690,6,3
2691,0,342
2691,1,918
2691,2,696
2691,3,392
2691,4,278
2691,5,60
2691,6,5
2692,0,348
2692,1,927
2692,2,662
2692,3,409
2692,4,279
2692,5,63
2692,6,4
2693,0,334
2693,1,959
2693,2,672
2693,3,365
2693,4,291
2693,5,70
2693,6,2
2694,0,343
2694,1,919
2694,2,698
2694,3,386
2694,4,281
2694,5,65
2694,6,2
2695,0,350
2695,1,929
2695,2,656
2695,3,409
2695,4,286
2695,5,59
2695,6,6
2696,0,342
2696,1,930
2696,2,697
2696,3,376
2696,4,280
2696,5,71
2697,0,345
2697,1,948
2697,2,655
2697,3,392
2697,4,287
2697,5,68
2697,6,2
2698,0,338
2698,1,934
2698,2,692
2698,3,393
2698,4,274
2698,5,63
2698,6,4
2699,0,349
2699,1,922
2699,2,678
2699,3,399
2699,4,285
2699,5,64
2699,6,2
2700,0,343
2700,1,936
2700,2,679
2700,3,392
2700,4,284
2700,5,59
2700,6,7
2701,0,337
2701,1,943
2701,2,678
2701,3,384
2701,4,298
2701,5,56
2701,6,5
2702,0,341
2702,1,946
2702,2,674
2702,3,386
2702,4,286
2702,5,68
2702,6,1
2703,0,334
2703,1,962
2703,2,667
2703,3,382
2703,4,285
2703,5,71
2703,6,2
2704,0,352
2704,1,904
2704,2,695
2704,3,419
2704,4,267
2704,5,63
2704,6,4
2705,0,339
2705,1,962
2705,2,658
2705,3,393
2705,4,278
2705,5,73
2705,6,2
2706,0,342
2706,1,944
2706,2,698
2706,3,353
2706,4,294
2706,5,72
2706,6,3
2707,0,338
2707,1,934
2707,2,695
2707,3,393
2707,4,278
2707,5,66
2707,6,3
2708,0,335
2708,1,952
2708,2,683
2708,3,390
2708,4,278
2708,5,68
2708,6,2
2709,0,326
2709,1,942
2709,2,717
2709,3,379
2709,4,273
2709,5,68
2709,6,4
2710,0,350
2710,1,948
2710,2,659
2710,3,392
2710,4,291
2710,5,67
2710,6,3
2711,0,347
2711,1,918
2711,2,716
2711,3,385
2711,4,279
2711,5,62
2711,6,4
2712,0,342
2712,1,953
2712,2,662
2712,3,391
2712,4,297
2712,5,60
2712,6,7
2713,0,344
2713,1,938
2713,2,673
2713,3,405
2713,4,285
2713,5,68
2714,0,348
2714,1,927
2714,2,705
2714,3,386
2714,4,280
2714,5,64
2714,6,4
2715,0,358
2715,1,916
2715,2,680
2715,3,404
2715,4,290
2715,5,63
2715,6,4
2716,0,343
2716,1,949
2716,2,681
2716,3,398
2716,4,271
2716,5,71
2716,6,3
2717,0,333
2717,1,950
2717,2,700
2717,3,375
2717,4,286
2717,5,72
2717,6,1
2718,0,334
2718,1,966
2718,2,659
2718,3,413
2718,4,275
2718,5,69
2718,6,2
2719,0,342
2719,1,960
2719,2,665
2719,3,393
2719,4,288
2719,5,68
2719,6,3
2720,0,345
2720,1,947
2720,2,671
2720,3,401
2720,4,289
2720,5,65
2720,6,1
2720,7,1
2721,0,327
2721,1,966
2721,2,676
2721,3,408
2721,4,270
2721,5,72
2721,6,2
2722,0,354
2722,1,947
2722,2,657
2722,3,402
2722,4,293
2722,5,66
2722,6,3
2723,0,349
2723,1,946
2723,2,674
2723,3,391
2723,4,293
2723,5,68
2723,6,2
2724,0,343
2724,1,944
2724,2,687
2724,3,409
2724,4,271
2724,5,70
2725,0,347
2725,1,915
2725,2,730
2725,3,377
2725,4,286
2725,5,65
2725,6,5
2726,0,355
2726,1,934
2726,2,696
2726,3,379
2726,4,283
2726,5,77
2726,6,2
2727,0,338
2727,1,945
2727,2,702
2727,3,396
2727,4,278
2727,5,64
2727,6,4
2728,0,356
2728,1,939
2728,2,666
2728,3,408
2728,4,296
2728,5,58
2728,6,5
2729,0,354
2729,1,935
2729,2,699
2729,3,367
2729,4,307
2729,5,64
2729,6,3
2730,0,330
2730,1,953
2730,2,708
2730,3,385
2730,4,286
2730,5,63
2730,6,5
2731,0,334
2731,1,982
2731,2,664
2731,3,380
2731,4,302
2731,5,66
2731,6,3
2732,0,332
2732,1,975
2732,2,681
2732,3,381
2732,4,297
2732,5,62
2732,6,4
2733,0,341
2733,1,954
2733,2,675
2733,3,423
2733,4,266
2733,5,71
2733,6,3
2734,0,367
2734,1,915
2734,2,681
2734,3,418
2734,4,284
2734,5,66
2734,6,3
2735,0,342
2735,1,967
2735,2,654
2735,3,416
2735,4,296
2735,5,56
2735,6,4
2736,0,341
2736,1,959
2736,2,684
2736,3,387
2736,4,294
2736,5,68
2736,6,3
2737,0,324
2737,1,987
2737,2,694
2737,3,374
2737,4,281
2737,5,73
2737,6,4
2738,0,349
2738,1,938
2738,2,687
2738,3,418
2738,4,274
2738,5,70
2738,6,2
2739,0,344
2739,1,947
2739,2,701
2739,3,383
2739,4,300
2739,5,59
2739,6,5
2740,0,333
2740,1,961
2740,2,718
2740,3,369
2740,4,284
2740,5,71
2740,6,4
2741,0,367
2741,1,925
2741,2,680
2741,3,400
2741,4,299
2741,5,67
2741,6,3
2742,0,329
2742,1,984
2742,2,683
2742,3,389
2742,4,282
2742,5,72
2742,6,3
2743,0,329
2743,1,993
2743,2,669
2743,3,391
2743,4,292
2743,5,66
2743,6,3
2744,0,361
2744,1,928
2744,2,692
2744,3,403
2744,4,284
2744,5,76
2745,0,346
2745,1,940
2745,2,710
2745,3,398
2745,4,284
2745,5,61
2745,6,6
2746,0,358
2746,1,942
2746,2,678
2746,3,406
2746,4,288
2746,5,72
2746,6,2
2747,0,360
2747,1,925
2747,2,697
2747,3,420
2747,4,277
2747,5,65
2747,6,3
2748,0,347
2748,1,946
2748,2,705
2748,3,393
2748,4,286
2748,5,67
2748,6,4
2749,0,350
2749,1,947
2749,2,687
2749,3,412
2749,4,281
2749,5,69
2749,6,3
2750,0,323
2750,1,990
2750,2,686
2750,3,381
2750,4,306
2750,5,59
2750,6,5
2751,0,352
2751,1,968
2751,2,659
2751,3,409
2751,4,294
2751,5,66
2751,6,3
2752,0,338
2752,1,981
2752,2,685
2752,3,366
2752,4,317
2752,5,61
2752,6,4
2753,0,341
2753,1,959
2753,2,694
2753,3,397
2753,4,296
2753,5,61
2753,6,5
2754,0,356
2754,1,958
2754,2,662
2754,3,415
2754,4,296
2754,5,64
2754,6,3
2755,0,357
2755,1,952
2755,2,677
2755,3,408
2755,4,295
2755,5,62
2755,6,4
2756,0,354
2756,1,921
2756,2,720
2756,3,421
2756,4,271
2756,5,66
2756,6,3
2757,0,365
2757,1,955
2757,2,666
2757,3,391
2757,4,305
2757,5,72
2757,6,3
2758,0,355
2758,1,917
2758,2,727
2758,3,412
2758,4,276
2758,5,69
2758,6,2
2759,0,338
2759,1,971
2759,2,711
2759,3,370
2759,4,301
2759,5,64
2759,6,4
2760,0,322
2760,1,978
2760,2,715
2760,3,398
2760,4,269
2760,5,76
2760,6,2
2761,0,390
2761,1,903
2761,2,699
2761,3,395
2761,4,306
2761,5,63
2761,6,5
2762,0,334
2762,1,959
2762,2,726
2762,3,390
2762,4,281
2762,5,69
2762,6,3
2763,0,341
2763,1,986
2763,2,662
2763,3,412
2763,4,286
2763,5,73
2763,6,3
2764,0,344
2764,1,961
2764,2,705
2764,3,393
2764,4,288
2764,5,71
2764,6,2
2765,0,362
2765,1,945
2765,2,684
2765,3,413
2765,4,289
2765,5,69
2765,6,3
2766,0,348
2766,1,955
2766,2,704
2766,3,404
2766,4,278
2766,5,73
2766,6,4
2767,0,352
2767,1,948
2767,2,696
2767,3,422
2767,4,274
2767,5,73
2767,6,2
2768,0,345
2768,1,956
2768,2,723
2768,3,386
2768,4,282
2768,5,73
2768,6,3
2769,0,358
2769,1,943
2769,2,710
2769,3,395
2769,4,287
2769,5,72
2769,6,4
2770,0,342
2770,1,971
2770,2,686
2770,3,408
2770,4,296
2770,5,64
2770,6,3
2771,0,347
2771,1,974
2771,2,672
2771,3,427
2771,4,276
2771,5,72
2771,6,3
2772,0,356
2772,1,933
2772,2,722
2772,3,398
2772,4,297
2772,5,62
2772,6,4
2773,0,357
2773,1,948
2773,2,715
2773,3,386
2773,4,298
2773,5,66
2773,6,3
2774,0,358
2774,1,935
2774,2,710
2774,3,423
2774,4,277
2774,5,66
2774,6,5
2775,0,338
2775,1,990
2775,2,677
2775,3,403
2775,4,294
2775,5,69
2775,6,4
2776,0,350
2776,1,972
2776,2,689
2776,3,398
2776,4,300
2776,5,64
2776,6,3
2777,0,355
2777,1,967
2777,2,667
2777,3,428
2777,4,295
2777,5,61
2777,6,4
2778,0,361
2778,1,927
2778,2,744
2778,3,384
2778,4,282
2778,5,77
2778,6,3
2779,0,342
2779,1,973
2779,2,687
2779,3,409
2779,4,306
2779,5,58
2779,6,4
2780,0,338
2780,1,995
2780,2,702
2780,3,375
2780,4,296
2780,5,71
2780,6,3
2781,0,343
2781,1,992
2781,2,678
2781,3,394
2781,4,302
2781,5,69
2781,6,3
2782,0,351
2782,1,978
2782,2,682
2782,3,379
2782,4,320
2782,5,69
2782,6,3
2783,0,336
2783,1,979
2783,2,708
2783,3,408
2783,4,277
2783,5,72
2783,6,3
2784,0,359
2784,1,966
2784,2,682
2784,3,410
2784,4,294
2784,5,69
2784,6,4
2785,0,346
2785,1,980
2785,2,685
2785,3,415
2785,4,283
2785,5,75
2785,6,1
2786,0,346
2786,1,966
2786,2,700
2786,3,414
2786,4,292
2786,5,64
2786,6,4
2787,0,349
2787,1,955
2787,2,726
2787,3,394
2787,4,289
2787,5,72
2787,6,2
2788,0,352
2788,1,970
2788,2,696
2788,3,404
2788,4,293
2788,5,69
2788,6,4
2789,0,361
2789,1,949
2789,2,711
2789,3,397
2789,4,305
2789,5,61
2789,6,5
2790,0,324
2790,1,1010
2790,2,705
2790,3,384
2790,4,285
2790,5,80
2790,6,2
2791,0,349
2791,1,983
2791,2,700
2791,3,377
2791,4,313
2791,5,64
2791,6,5
2792,0,356
2792,1,948
2792,2,710
2792,3,417
2792,4,290
2792,5,68
2792,6,3
2793,0,364
2793,1,967
2793,2,684
2793,3,406
2793,4,305
2793,5,63
2793,6,4
2794,0,348
2794,1,960
2794,2,706
2794,3,423
2794,4,287
2794,5,67
2794,6,3
2795,0,368
2795,1,953
2795,2,705
2795,3,402
2795,4,293
2795,5,69
2795,6,5
2796,0,347
2796,1,965
2796,2,704
2796,3,415
2796,4,296
2796,5,64
2796,6,5
2797,0,339
2797,1,995
2797,2,705
2797,3,395
2797,4,288
2797,5,72
2797,6,3
2798,0,344
2798,1,983
2798,2,693
2798,3,409
2798,4,297
2798,5,69
2798,6,3
2799,0,373
2799,1,946
2799,2,697
2799,3,409
2799,4,305
2799,5,66
2799,6,3
2800,0,371
2800,1,927
2800,2,717
2800,3,431
2800,4,283
2800,5,66
2800,6,5
2801,0,351
2801,1,980
2801,2,681
2801,3,428
2801,4,293
2801,5,66
2801,6,2
2802,0,353
2802,1,965
2802,2,720
2802,3,385
2802,4,304
2802,5,70
2802,6,5
2803,0,360
2803,1,926
2803,2,773
2803,3,392
2803,4,274
2803,5,74
2803,6,4
2804,0,343
2804,1,986
2804,2,687
2804,3,427
2804,4,288
2804,5,71
2804,6,2
2805,0,366
2805,1,964
2805,2,687
2805,3,425
2805,4,289
2805,5,70
2805,6,4
2806,0,357
2806,1,968
2806,2,712
2806,3,395
2806,4,299
2806,5,71
2806,6,4
2807,0,364
2807,1,948
2807,2,706
2807,3,435
2807,4,284
2807,5,67
2807,6,3
2808,0,355
2808,1,977
2808,2,689
2808,3,406
2808,4,310
2808,5,67
2808,6,4
2809,0,354
2809,1,967
2809,2,723
2809,3,400
2809,4,290
2809,5,73
2809,6,2
2810,0,343
2810,1,992
2810,2,711
2810,3,389
2810,4,293
2810,5,79
2810,6,3
2811,0,348
2811,1,981
2811,2,707
2811,3,403
2811,4,302
2811,5,67
2811,6,3
2812,0,362
2812,1,962
2812,2,704
2812,3,425
2812,4,289
2812,5,65
2812,6,4
2812,7,1
2813,0,352
2813,1,969
2813,2,701
2813,3,426
2813,4,295
2813,5,69
2813,6,1
2814,0,358
2814,1,990
2814,2,697
2814,3,392
2814,4,300
2814,5,76
2814,6,1
2815,0,350
2815,1,970
2815,2,717
2815,3,414
2815,4,286
2815,5,75
2815,6,3
2816,0,357
2816,1,973
2816,2,707
2816,3,407
2816,4,298
2816,5,70
2816,6,4
2817,0,350
2817,1,974
2817,2,720
2817,3,417
2817,4,285
2817,5,66
2817,6,5
2818,0,370
2818,1,970
2818,2,687
2818,3,405
2818,4,313
2818,5,72
2818,6,1
2819,0,347
2819,1,993
2819,2,690
2819,3,410
2819,4,299
2819,5,79
2819,6,1
2820,0,342
2820,1,994
2820,2,719
2820,3,404
2820,4,290
2820,5,67
2820,6,4
2821,0,362
2821,1,952
2821,2,735
2821,3,401
2821,4,303
2821,5,63
2821,6,5
2822,0,338
2822,1,1009
2822,2,697
2822,3,406
2822,4,296
2822,5,75
2822,6,1
2823,0,363
2823,1,988
2823,2,675
2823,3,409
2823,4,319
2823,5,64
2823,6,5
2824,0,365
2824,1,966
2824,2,711
2824,3,408
2824,4,303
2824,5,66
2824,6,5
2825,0,365
2825,1,943
2825,2,734
2825,3,423
2825,4,286
2825,5,71
2825,6,3
2826,0,346
2826,1,999
2826,2,713
2826,3,390
2826,4,306
2826,5,70
2826,6,2
2827,0,357
2827,1,986
2827,2,690
2827,3,414
2827,4,306
2827,5,71
2827,6,3
2828,0,345
2828,1,984
2828,2,727
2828,3,413
2828,4,287
2828,5,69
2828,6,3
2829,0,363
2829,1,980
2829,2,700
2829,3,413
2829,4,297
2829,5,73
2829,6,3
2830,0,345
2830,1,980
2830,2,732
2830,3,406
2830,4,287
2830,5,77
2830,6,3
2831,0,342
2831,1,1002
2831,2,716
2831,3,409
2831,4,278
2831,5,80
2831,6,4
2832,0,372
2832,1,963
2832,2,704
2832,3,418
2832,4,305
2832,5,68
2832,6,2
2833,0,339
2833,1,1016
2833,2,688
2833,3,407
2833,4,314
2833,5,65
2833,6,4
2834,0,352
2834,1,973
2834,2,742
2834,3,398
2834,4,293
2834,5,74
2834,6,2
2835,0,361
2835,1,982
2835,2,713
2835,3,398
2835,4,307
2835,5,68
2835,6,6
2836,0,355
2836,1,979
2836,2,726
2836,3,407
2836,4,298
2836,5,67
2836,6,4
2837,0,360
2837,1,968
2837,2,715
2837,3,430
2837,4,290
2837,5,70
2837,6,4
2838,0,372
2838,1,971
2838,2,697
2838,3,422
2838,4,298
2838,5,76
2838,6,2
2839,0,365
2839,1,963
2839,2,719
2839,3,429
2839,4,290
2839,5,69
2839,6,4
2840,0,360
2840,1,975
2840,2,722
2840,3,410
2840,4,306
2840,5,61
2840,6,6
2841,0,341
2841,1,1001
2841,2,743
2841,3,373
2841,4,303
2841,5,77
2841,6,3
2842,0,345
2842,1,1002
2842,2,709
2842,3,408
2842,4,301
2842,5,75
2842,6,2
2843,0,357
2843,1,988
2843,2,709
2843,3,418
2843,4,299
2843,5,68
2843,6,4
2844,0,344
2844,1,1009
2844,2,694
2844,3,430
2844,4,289
2844,5,76
2844,6,2
2845,0,349
2845,1,983
2845,2,741
2845,3,412
2845,4,275
2845,5,81
2845,6,4
2846,0,345
2846,1,1004
2846,2,732
2846,3,381
2846,4,304
2846,5,78
2846,6,2
2847,0,363
2847,1,986
2847,2,700
2847,3,427
2847,4,304
2847,5,61
2847,6,6
2848,0,362
2848,1,992
2848,2,697
2848,3,410
2848,4,313
2848,5,73
2848,6,1
2849,0,360
2849,1,973
2849,2,713
2849,3,434
2849,4,297
2849,5,67
2849,6,5
2850,0,393
2850,1,944
2850,2,720
2850,3,410
2850,4,313
2850,5,65
2850,6,5
2851,0,337
2851,1,1027
2851,2,698
2851,3,418
2851,4,294
2851,5,74
2851,6,3
2852,0,345
2852,1,1006
2852,2,718
2852,3,407
2852,4,304
2852,5,67
2852,6,5
2853,0,354
2853,1,1006
2853,2,704
2853,3,407
2853,4,311
2853,5,69
2853,6,2
2854,0,358
2854,1,982
2854,2,716
2854,3,414
2854,4,312
2854,5,68
2854,6,4
2855,0,371
2855,1,991
2855,2,692
2855,3,421
2855,4,309
2855,5,65
2855,6,6
2856,0,361
2856,1,973
2856,2,720
2856,3,439
2856,4,294
2856,5,63
2856,6,6
2857,0,366
2857,1,980
2857,2,709
2857,3,428
2857,4,298
2857,5,73
2857,6,3
2858,0,348
2858,1,1005
2858,2,724
2858,3,419
2858,4,284
2858,5,75
2858,6,3
2859,0,358
2859,1,980
2859,2,732
2859,3,401
2859,4,319
2859,5,63
2859,6,6
2860,0,380
2860,1,968
2860,2,705
2860,3,434
2860,4,299
2860,5,72
2860,6,2
2861,0,355
2861,1,990
2861,2,728
2861,3,418
2861,4,285
2861,5,83
2861,6,2
2862,0,353
2862,1,994
2862,2,729
2862,3,396
2862,4,326
2862,5,59
2862,6,5
2863,0,360
2863,1,978
2863,2,739
2863,3,410
2863,4,298
2863,5,74
2863,6,4
2864,0,373
2864,1,962
2864,2,726
2864,3,432
2864,4,296
2864,5,73
2864,6,2
2865,0,365
2865,1,965
2865,2,748
2865,3,421
2865,4,293
2865,5,67
2865,6,6
2866,0,358
2866,1,1001
2866,2,726
2866,3,405
2866,4,293
2866,5,79
2866,6,4
2867,0,348
2867,1,1002
2867,2,724
2867,3,423
2867,4,294
2867,5,72
2867,6,4
2868,0,363
2868,1,1000
2868,2,704
2868,3,404
2868,4,325
2868,5,70
2868,6,2
2869,0,374
2869,1,965
2869,2,740
2869,3,419
2869,4,285
2869,5,84
2869,6,2
2870,0,369
2870,1,978
2870,2,729
2870,3,418
2870,4,304
2870,5,69
2870,6,3
2871,0,359
2871,1,997
2871,2,717
2871,3,417
2871,4,309
2871,5,68
2871,6,4
2872,0,354
2872,1,999
2872,2,726
2872,3,418
2872,4,303
2872,5,66
2872,6,6
2873,0,357
2873,1,1009
2873,2,711
2873,3,404
2873,4,314
2873,5,75
2873,6,3
2874,0,343
2874,1,1025
2874,2,715
2874,3,419
2874,4,299
2874,5,70
2874,6,3
2875,0,364
2875,1,1010
2875,2,684
2875,3,442
2875,4,303
2875,5,67
2875,6,5
2876,0,365
2876,1,988
2876,2,712
2876,3,435
2876,4,304
2876,5,70
2876,6,1
2876,7,1
2877,0,367
2877,1,987
2877,2,720
2877,3,427
2877,4,301
2877,5,71
2877,6,4
2878,0,368
2878,1,997
2878,2,696
2878,3,430
2878,4,312
2878,5,72
2878,6,3
2879,0,350
2879,1,1000
2879,2,745
2879,3,407
2879,4,302
2879,5,72
2879,6,3
2880,0,357
2880,1,1005
2880,2,732
2880,3,409
2880,4,296
2880,5,77
2880,6,4
2881,0,373
2881,1,980
2881,2,730
2881,3,410
2881,4,309
2881,5,76
2881,6,3
2882,0,361
2882,1,976
2882,2,761
2882,3,417
2882,4,294
2882,5,71
2882,6,2
2883,0,361
2883,1,1028
2883,2,663
2883,3,435
2883,4,325
2883,5,68
2883,6,3
2884,0,367
2884,1,968
2884,2,764
2884,3,420
2884,4,289
2884,5,69
2884,6,7
2885,0,361
2885,1,991
2885,2,740
2885,3,414
2885,4,305
2885,5,72
2885,6,2
2886,0,349
2886,1,1027
2886,2,701
2886,3,434
2886,4,304
2886,5,66
2886,6,5
2887,0,363
2887,1,1006
2887,2,713
2887,3,422
2887,4,301
2887,5,79
2887,6,3
2888,0,375
2888,1,975
2888,2,725
2888,3,438
2888,4,298
2888,5,74
2888,6,3
2889,0,383
2889,1,959
2889,2,752
2889,3,408
2889,4,311
2889,5,75
2889,6,1
2890,0,353
2890,1,1022
2890,2,727
2890,3,406
2890,4,301
2890,5,75
2890,6,6
2891,0,343
2891,1,1017
2891,2,739
2891,3,411
2891,4,306
2891,5,71
2891,6,4
2892,0,369
2892,1,975
2892,2,753
2892,3,422
2892,4,297
2892,5,71
2892,6,5
2893,0,351
2893,1,1002
2893,2,756
2893,3,414
2893,4,284
2893,5,85
2893,6,1
2894,0,371
2894,1,1012
2894,2,692
2894,3,426
2894,4,321
2894,5,69
2894,6,3
2895,0,371
2895,1,998
2895,2,719
2895,3,416
2895,4,313
2895,5,73
2895,6,5
2896,0,362
2896,1,985
2896,2,766
2896,3,409
2896,4,294
2896,5,78
2896,6,2
2897,0,359
2897,1,1021
2897,2,709
2897,3,411
2897,4,322
2897,5,72
2897,6,3
2898,0,358
2898,1,994
2898,2,754
2898,3,417
2898,4,296
2898,5,75
2898,6,4
2899,0,357
2899,1,1025
2899,2,728
2899,3,389
2899,4,318
2899,5,78
2899,6,4
2900,0,383
2900,1,990
2900,2,702
2900,3,437
2900,4,317
2900,5,69
2900,6,2
2901,0,351
2901,1,1018
2901,2,733
2901,3,423
2901,4,299
2901,5,72
2901,6,5
2902,0,356
2902,1,1017
2902,2,713
2902,3,439
2902,4,300
2902,5,74
2902,6,3
2903,0,367
2903,1,1016
2903,2,707
2903,3,416
2903,4,326
2903,5,68
2903,6,3
2904,0,356
2904,1,1003
2904,2,748
2904,3,417
2904,4,308
2904,5,66
2904,6,6
2905,0,342
2905,1,1049
2905,2,729
2905,3,392
2905,4,315
2905,5,74
2905,6,4
2906,0,358
2906,1,1001
2906,2,738
2906,3,424
2906,4,312
2906,5,69
2906,6,4
2907,0,372
2907,1,990
2907,2,729
2907,3,446
2907,4,301
2907,5,63
2907,6,6
2908,0,373
2908,1,1001
2908,2,718
2908,3,434
2908,4,303
2908,5,76
2908,6,3
2909,0,343
2909,1,1028
2909,2,741
2909,3,412
2909,4,312
2909,5,69
2909,6,4
2910,0,374
2910,1,1014
2910,2,706
2910,3,415
2910,4,330
2910,5,66
2910,6,5
2911,0,364
2911,1,996
2911,2,758
2911,3,403
2911,4,312
2911,5,75
2911,6,3
2912,0,388
2912,1,957
2912,2,750
2912,3,446
2912,4,295
2912,5,72
2912,6,4
2913,0,363
2913,1,1022
2913,2,721
2913,3,418
2913,4,313
2913,5,71
2913,6,5
2914,0,371
2914,1,1000
2914,2,734
2914,3,406
2914,4,331
2914,5,68
2914,6,4
2915,0,359
2915,1,1037
2915,2,688
2915,3,449
2915,4,303
2915,5,77
2915,6,2
2916,0,370
2916,1,992
2916,2,741
2916,3,448
2916,4,288
2916,5,73
2916,6,4
2917,0,377
2917,1,988
2917,2,735
2917,3,432
2917,4,301
2917,5,81
2917,6,3
2918,0,364
2918,1,1012
2918,2,739
2918,3,424
2918,4,299
2918,5,77
2918,6,3
2919,0,383
2919,1,973
2919,2,737
2919,3,438
2919,4,313
2919,5,71
2919,6,4
2920,0,357
2920,1,1008
2920,2,763
2920,3,409
2920,4,310
2920,5,68
2920,6,5
2921,0,371
2921,1,995
2921,2,749
2921,3,425
2921,4,305
2921,5,71
2921,6,5
2922,0,378
2922,1,986
2922,2,748
2922,3,424
2922,4,304
2922,5,79
2922,6,3
2923,0,348
2923,1,1034
2923,2,731
2923,3,430
2923,4,298
2923,5,80
2923,6,2
2924,0,392
2924,1,975
2924,2,748
2924,3,417
2924,4,311
2924,5,78
2924,6,3
2925,0,356
2925,1,1028
2925,2,737
2925,3,414
2925,4,312
2925,5,75
2925,6,3
2926,0,350
2926,1,1025
2926,2,763
2926,3,390
2926,4,319
2926,5,75
2926,6,4
2927,0,383
2927,1,971
2927,2,756
2927,3,446
2927,4,295
2927,5,72
2927,6,4
2928,0,393
2928,1,971
2928,2,735
2928,3,449
2928,4,302
2928,5,73
2928,6,5
2929,0,366
2929,1,1032
2929,2,707
2929,3,433
2929,4,319
2929,5,70
2929,6,1
2929,7,1
2930,0,364
2930,1,1004
2930,2,747
2930,3,436
2930,4,301
2930,5,75
2930,6,3
2931,0,362
2931,1,1019
2931,2,752
2931,3,399
2931,4,311
2931,5,84
2931,6,4
2932,0,370
2932,1,1009
2932,2,744
2932,3,426
2932,4,301
2932,5,80
2932,6,2
2933,0,366
2933,1,1000
2933,2,740
2933,3,453
2933,4,303
2933,5,67
2933,6,4
2934,0,383
2934,1,981
2934,2,762
2934,3,417
2934,4,315
2934,5,72
2934,6,4
2935,0,364
2935,1,1010
2935,2,753
2935,3,423
2935,4,306
2935,5,73
2935,6,6
2936,0,366
2936,1,1016
2936,2,727
2936,3,433
2936,4,325
2936,5,65
2936,6,4
2937,0,357
2937,1,1030
2937,2,759
2937,3,423
2937,4,282
2937,5,83
2937,6,3
2938,0,380
2938,1,985
2938,2,755
2938,3,433
2938,4,301
2938,5,82
2938,6,2
2939,0,366
2939,1,1021
2939,2,735
2939,3,429
2939,4,310
2939,5,73
2939,6,5
2940,0,352
2940,1,1046
2940,2,728
2940,3,409
2940,4,328
2940,5,73
2940,6,4
2941,0,389
2941,1,972
2941,2,763
2941,3,434
2941,4,310
2941,5,69
2941,6,4
2942,0,382
2942,1,992
2942,2,752
2942,3,428
2942,4,302
2942,5,85
2942,6,1
2943,0,353
2943,1,1044
2943,2,724
2943,3,440
2943,4,299
2943,5,78
2943,6,5
2944,0,381
2944,1,999
2944,2,749
2944,3,433
2944,4,302
2944,5,75
2944,6,5
2945,0,344
2945,1,1040
2945,2,766
2945,3,408
2945,4,309
2945,5,75
2945,6,3
2946,0,372
2946,1,1005
2946,2,748
2946,3,438
2946,4,298
2946,5,83
2946,6,2
2947,0,375
2947,1,1004
2947,2,757
2947,3,418
2947,4,318
2947,5,71
2947,6,4
2948,0,372
2948,1,1003
2948,2,757
2948,3,429
2948,4,310
2948,5,71
2948,6,6
2949,0,376
2949,1,1026
2949,2,719
2949,3,434
2949,4,314
2949,5,77
2949,6,3
2950,0,369
2950,1,993
2950,2,793
2950,3,412
2950,4,298
2950,5,83
2950,6,2
2951,0,378
2951,1,1003
2951,2,745
2951,3,435
2951,4,308
2951,5,78
2951,6,4
2952,0,375
2952,1,1016
2952,2,748
2952,3,417
2952,4,318
2952,5,74
2952,6,4
2953,0,375
2953,1,1000
2953,2,755
2953,3,432
2953,4,311
2953,5,78
2953,6,2
2954,0,376
2954,1,1016
2954,2,738
2954,3,428
2954,4,318
2954,5,74
2954,6,4
2955,0,360
2955,1,1051
2955,2,735
2955,3,405
2955,4,326
2955,5,73
2955,6,5
2956,0,373
2956,1,1020
2956,2,727
2956,3,449
2956,4,311
2956,5,72
2956,6,4
2957,0,354
2957,1,1053
2957,2,718
2957,3,447
2957,4,309
2957,5,71
2957,6,5
2958,0,363
2958,1,1027
2958,2,748
2958,3,442
2958,4,300
2958,5,74
2958,6,4
2959,0,393
2959,1,983
2959,2,748
2959,3,443
2959,4,312
2959,5,77
2959,6,3
2960,0,374
2960,1,1005
2960,2,744
2960,3,456
2960,4,308
2960,5,69
2960,6,4
2961,0,380
2961,1,1021
2961,2,727
2961,3,439
2961,4,321
2961,5,69
2961,6,4
2962,0,358
2962,1,1051
2962,2,737
2962,3,411
2962,4,330
2962,5,68
2962,6,7
2963,0,403
2963,1,962
2963,2,771
2963,3,425
2963,4,324
2963,5,75
2963,6,3
2964,0,355
2964,1,1023
2964,2,779
2964,3,433
2964,4,293
2964,5,77
2964,6,4
2965,0,368
2965,1,1016
2965,2,766
2965,3,430
2965,4,301
2965,5,78
2965,6,6
2966,0,363
2966,1,1032
2966,2,755
2966,3,430
2966,4,305
2966,5,79
2966,6,2
2967,0,365
2967,1,1042
2967,2,733
2967,3,431
2967,4,318
2967,5,76
2967,6,2
2968,0,380
2968,1,1022
2968,2,746
2968,3,416
2968,4,317
2968,5,82
2968,6,5
2969,0,355
2969,1,1042
2969,2,761
2969,3,413
2969,4,314
2969,5,82
2969,6,2
2970,0,391
2970,1,986
2970,2,751
2970,3,462
2970,4,302
2970,5,75
2970,6,3
2971,0,367
2971,1,1036
2971,2,743
2971,3,433
2971,4,312
2971,5,76
2971,6,4
2972,0,353
2972,1,1059
2972,2,748
2972,3,420
2972,4,305
2972,5,84
2972,6,3
2973,0,364
2973,1,1021
2973,2,744
2973,3,467
2973,4,296
2973,5,79
2973,6,1
2973,7,1
2974,0,383
2974,1,999
2974,2,775
2974,3,430
2974,4,303
2974,5,82
2974,6,2
2975,0,369
2975,1,1043
2975,2,721
2975,3,448
2975,4,318
2975,5,70
2975,6,6
2976,0,363
2976,1,1043
2976,2,749
2976,3,427
2976,4,313
2976,5,79
2976,6,2
2977,0,354
2977,1,1055
2977,2,755
2977,3,411
2977,4,317
2977,5,80
2977,6,5
2978,0,388
2978,1,985
2978,2,788
2978,3,424
2978,4,323
2978,5,64
2978,6,6
2979,0,370
2979,1,1033
2979,2,737
2979,3,439
2979,4,324
2979,5,74
2979,6,2
2980,0,362
2980,1,1049
2980,2,755
2980,3,417
2980,4,313
2980,5,79
2980,6,5
2981,0,372
2981,1,1025
2981,2,757
2981,3,442
2981,4,303
2981,5,78
2981,6,4
2982,0,387
2982,1,1006
2982,2,749
2982,3,437
2982,4,328
2982,5,71
2982,6,4
2983,0,350
2983,1,1058
2983,2,765
2983,3,424
2983,4,303
2983,5,78
2983,6,5
2984,0,382
2984,1,1025
2984,2,732
2984,3,446
2984,4,316
2984,5,79
2984,6,4
2985,0,381
2985,1,1025
2985,2,748
2985,3,432
2985,4,317
2985,5,80
2985,6,2
2986,0,372
2986,1,1006
2986,2,785
2986,3,436
2986,4,307
2986,5,75
2986,6,5
2987,0,396
2987,1,989
2987,2,784
2987,3,415
2987,4,319
2987,5,82
2987,6,2
2988,0,368
2988,1,1038
2988,2,758
2988,3,420
2988,4,325
2988,5,74
2988,6,5
2989,0,384
2989,1,1014
2989,2,743
2989,3,468
2989,4,299
2989,5,78
2989,6,3
2990,0,365
2990,1,1054
2990,2,736
2990,3,431
2990,4,335
2990,5,65
2990,6,4
2991,0,378
2991,1,1012
2991,2,765
2991,3,449
2991,4,305
2991,5,77
2991,6,5
2992,0,367
2992,1,1056
2992,2,737
2992,3,426
2992,4,327
2992,5,74
2992,6,5
2993,0,357
2993,1,1069
2993,2,744
2993,3,417
2993,4,324
2993,5,80
2993,6,2
2994,0,369
2994,1,1025
2994,2,786
2994,3,430
2994,4,306
2994,5,72
2994,6,6
2995,0,370
2995,1,1040
2995,2,753
2995,3,430
2995,4,314
2995,5,85
2995,6,3
2996,0,379
2996,1,1041
2996,2,741
2996,3,441
2996,4,316
2996,5,74
2996,6,4
2997,0,394
2997,1,988
2997,2,787
2997,3,421
2997,4,329
2997,5,72
2997,6,6
2998,0,380
2998,1,1038
2998,2,745
2998,3,431
2998,4,323
2998,5,77
2998,6,4
2999,0,381
2999,1,1028
2999,2,743
2999,3,446
2999,4,325
2999,5,73
2999,6,3
3000,0,340
3000,1,1091
3000,2,758
3000,3,406
3000,4,317
3000,5,87
3000,6,1
3001,0,362
3001,1,1056
3001,2,749
3001,3,440
3001,4,312
3001,5,79
3001,6,3
3002,0,366
3002,1,1058
3002,2,743
3002,3,442
3002,4,314
3002,5,74
3002,6,5
3003,0,390
3003,1,1007
3003,2,757
3003,3,451
3003,4,318
3003,5,75
3003,6,5
3004,0,357
3004,1,1062
3004,2,757
3004,3,430
3004,4,323
3004,5,69
3004,6,6
3005,0,374
3005,1,1044
3005,2,739
3005,3,447
3005,4,321
3005,5,77
3005,6,3
3006,0,375
3006,1,1049
3006,2,749
3006,3,424
3006,4,332
3006,5,72
3006,6,5
3007,0,395
3007,1,1014
3007,2,751
3007,3,439
3007,4,323
3007,5,83
3007,6,2
3008,0,347
3008,1,1070
3008,2,777
3008,3,428
3008,4,303
3008,5,78
3008,6,5
3009,0,373
3009,1,1046
3009,2,748
3009,3,446
3009,4,314
3009,5,79
3009,6,3
3010,0,371
3010,1,1036
3010,2,773
3010,3,439
3010,4,308
3010,5,78
3010,6,5
3011,0,388
3011,1,1001
3011,2,787
3011,3,439
3011,4,312
3011,5,81
3011,6,3
3012,0,371
3012,1,1061
3012,2,754
3012,3,411
3012,4,333
3012,5,77
3012,6,5
3013,0,385
3013,1,1034
3013,2,730
3013,3,457
3013,4,335
3013,5,67
3013,6,5
3014,0,388
3014,1,999
3014,2,790
3014,3,455
3014,4,302
3014,5,76
3014,6,4
3015,0,373
3015,1,1048
3015,2,765
3015,3,424
3015,4,329
3015,5,71
3015,6,5
3016,0,379
3016,1,1043
3016,2,747
3016,3,437
3016,4,336
3016,5,70
3016,6,4
3017,0,374
3017,1,1021
3017,2,794
3017,3,452
3017,4,286
3017,5,86
3017,6,4
3018,0,362
3018,1,1064
3018,2,763
3018,3,424
3018,4,320
3018,5,82
3018,6,3
3019,0,375
3019,1,1042
3019,2,762
3019,3,434
3019,4,330
3019,5,73
3019,6,3
3020,0,365
3020,1,1066
3020,2,745
3020,3,433
3020,4,331
3020,5,74
3020,6,6
3021,0,372
3021,1,1064
3021,2,739
3021,3,447
3021,4,320
3021,5,76
3021,6,3
3022,0,396
3022,1,1007
3022,2,781
3022,3,431
3022,4,322
3022,5,81
3022,6,4
3023,0,392
3023,1,1023
3023,2,744
3023,3,472
3023,4,317
3023,5,71
3023,6,4
3024,0,368
3024,1,1046
3024,2,777
3024,3,430
3024,4,320
3024,5,80
3024,6,3
3025,0,370
3025,1,1062
3025,2,755
3025,3,439
3025,4,318
3025,5,75
3025,6,6
3026,0,368
3026,1,1084
3026,2,727
3026,3,426
3026,4,337
3026,5,81
3026,6,3
3027,0,382
3027,1,1005
3027,2,805
3027,3,448
3027,4,302
3027,5,82
3027,6,3
3028,0,375
3028,1,1062
3028,2,743
3028,3,437
3028,4,332
3028,5,75
3028,6,4
3029,0,390
3029,1,1015
3029,2,781
3029,3,449
3029,4,315
3029,5,73
3029,6,6
3030,0,381
3030,1,1034
3030,2,778
3030,3,439
3030,4,317
3030,5,77
3030,6,4
3031,0,383
3031,1,1012
3031,2,791
3031,3,462
3031,4,303
3031,5,74
3031,6,6
3032,0,390
3032,1,1029
3032,2,777
3032,3,424
3032,4,330
3032,5,78
3032,6,4
3033,0,358
3033,1,1060
3033,2,779
3033,3,443
3033,4,303
3033,5,86
3033,6,4
3034,0,380
3034,1,1059
3034,2,752
3034,3,433
3034,4,330
3034,5,77
3034,6,3
3035,0,385
3035,1,1024
3035,2,776
3035,3,453
3035,4,312
3035,5,81
3035,6,4
3036,0,395
3036,1,1008
3036,2,787
3036,3,451
3036,4,314
3036,5,75
3036,6,6
3037,0,390
3037,1,1051
3037,2,734
3037,3,452
3037,4,325
3037,5,82
3037,6,3
3038,0,375
3038,1,1045
3038,2,769
3038,3,456
3038,4,315
3038,5,75
3038,6,3
3039,0,384
3039,1,1034
3039,2,772
3039,3,449
3039,4,320
3039,5,73
3039,6,7
3040,0,367
3040,1,1061
3040,2,773
3040,3,437
3040,4,318
3040,5,78
3040,6,6
3041,0,402
3041,1,1025
3041,2,762
3041,3,434
3041,4,343
3041,5,71
3041,6,4
3042,0,382
3042,1,1044
3042,2,764
3042,3,436
3042,4,329
3042,5,86
3042,6,1
3043,0,362
3043,1,1079
3043,2,764
3043,3,435
3043,4,314
3043,5,86
3043,6,3
3044,0,390
3044,1,1037
3044,2,764
3044,3,442
3044,4,336
3044,5,69
3044,6,6
3045,0,370
3045,1,1071
3045,2,744
3045,3,458
3045,4,318
3045,5,80
3045,6,4
3046,0,384
3046,1,1037
3046,2,802
3046,3,423
3046,4,310
3046,5,88
3046,6,2
3047,0,372
3047,1,1068
3047,2,761
3047,3,427
3047,4,332
3047,5,83
3047,6,4
3048,0,381
3048,1,1031
3048,2,786
3048,3,462
3048,4,310
3048,5,72
3048,6,6
3049,0,401
3049,1,1003
3049,2,789
3049,3,450
3049,4,336
3049,5,64
3049,6,6
3050,0,363
3050,1,1075
3050,2,777
3050,3,428
3050,4,320
3050,5,84
3050,6,3
3051,0,389
3051,1,1021
3051,2,807
3051,3,437
3051,4,303
3051,5,91
3051,6,3
3052,0,368
3052,1,1088
3052,2,751
3052,3,429
3052,4,328
3052,5,84
3052,6,4
3053,0,381
3053,1,1047
3053,2,762
3053,3,470
3053,4,311
3053,5,79
3053,6,3
3054,0,375
3054,1,1074
3054,2,744
3054,3,460
3054,4,322
3054,5,74
3054,6,5
3055,0,391
3055,1,1031
3055,2,788
3055,3,433
3055,4,327
3055,5,82
3055,6,3
3056,0,371
3056,1,1055
3056,2,779
3056,3,448
3056,4,321
3056,5,78
3056,6,4
3057,0,404
3057,1,1023
3057,2,780
3057,3,440
3057,4,327
3057,5,79
3057,6,4
3058,0,377
3058,1,1070
3058,2,749
3058,3,446
3058,4,338
3058,5,75
3058,6,3
3059,0,392
3059,1,1019
3059,2,804
3059,3,441
3059,4,313
3059,5,88
3059,6,2
3060,0,379
3060,1,1047
3060,2,802
3060,3,426
3060,4,320
3060,5,82
3060,6,4
3061,0,378
3061,1,1057
3061,2,771
3061,3,461
3061,4,312
3061,5,77
3061,6,5
3062,0,361
3062,1,1087
3062,2,754
3062,3,437
3062,4,352
3062,5,65
3062,6,6
3063,0,389
3063,1,1049
3063,2,772
3063,3,446
3063,4,324
3063,5,79
3063,6,4
3064,0,376
3064,1,1083
3064,2,750
3064,3,434
3064,4,338
3064,5,80
3064,6,3
3065,0,385
3065,1,1045
3065,2,787
3065,3,440
3065,4,326
3065,5,76
3065,6,6
3066,0,381
3066,1,1065
3066,2,753
3066,3,454
3066,4,335
3066,5,73
3066,6,5
3067,0,375
3067,1,1065
3067,2,774
3067,3,445
3067,4,330
3067,5,72
3067,6,6
3068,0,379
3068,1,1063
3068,2,767
3068,3,451
3068,4,328
3068,5,76
3068,6,4
3069,0,384
3069,1,1053
3069,2,779
3069,3,439
3069,4,331
3069,5,78
3069,6,5
3070,0,370
3070,1,1069
3070,2,790
3070,3,435
3070,4,322
3070,5,79
3070,6,5
3071,0,374
3071,1,1059
3071,2,794
3071,3,439
3071,4,321
3071,5,80
3071,6,4
3072,0,388
3072,1,1043
3072,2,786
3072,3,452
3072,4,310
3072,5,92
3072,6,1
3073,0,386
3073,1,1048
3073,2,774
3073,3,459
3073,4,330
3073,5,73
3073,6,2
3073,7,1
3074,0,373
3074,1,1085
3074,2,774
3074,3,428
3074,4,323
3074,5,88
3074,6,3
3075,0,372
3075,1,1075
3075,2,770
3075,3,442
3075,4,334
3075,5,78
3075,6,4
3076,0,373
3076,1,1073
3076,2,789
3076,3,432
3076,4,322
3076,5,83
3076,6,4
3077,0,404
3077,1,1030
3077,2,769
3077,3,458
3077,4,330
3077,5,82
3077,6,4
3078,0,375
3078,1,1060
3078,2,808
3078,3,434
3078,4,314
3078,5,79
3078,6,8
3079,0,377
3079,1,1062
3079,2,796
3079,3,438
3079,4,325
3079,5,79
3079,6,2
3080,0,386
3080,1,1065
3080,2,763
3080,3,442
3080,4,343
3080,5,75
3080,6,6
3081,0,381
3081,1,1066
3081,2,770
3081,3,454
3081,4,326
3081,5,82
3081,6,2
3082,0,393
3082,1,1034
3082,2,802
3082,3,449
3082,4,324
3082,5,72
3082,6,8
3083,0,396
3083,1,1043
3083,2,765
3083,3,467
3083,4,339
3083,5,71
3083,6,2
3084,0,373
3084,1,1080
3084,2,760
3084,3,459
3084,4,326
3084,5,83
3084,6,3
3085,0,385
3085,1,1063
3085,2,785
3085,3,441
3085,4,330
3085,5,74
3085,6,7
3086,0,366
3086,1,1083
3086,2,791
3086,3,443
3086,4,317
3086,5,82
3086,6,4
3087,0,405
3087,1,1033
3087,2,783
3087,3,446
3087,4,340
3087,5,75
3087,6,5
3088,0,383
3088,1,1062
3088,2,782
3088,3,447
3088,4,331
3088,5,77
3088,6,6
3089,0,385
3089,1,1052
3089,2,793
3089,3,460
3089,4,309
3089,5,87
3089,6,3
3090,0,378
3090,1,1076
3090,2,774
3090,3,436
3090,4,344
3090,5,79
3090,6,3
3091,0,397
3091,1,1047
3091,2,768
3091,3,464
3091,4,340
3091,5,69
3091,6,6
3092,0,360
3092,1,1094
3092,2,807
3092,3,428
3092,4,311
3092,5,87
3092,6,5
3093,0,395
3093,1,1060
3093,2,764
3093,3,458
3093,4,331
3093,5,82
3093,6,3
3094,0,391
3094,1,1062
3094,2,762
3094,3,458
3094,4,343
3094,5,74
3094,6,4
3095,0,416
3095,1,1016
3095,2,783
3095,3,468
3095,4,335
3095,5,74
3095,6,3
3096,0,393
3096,1,1055
3096,2,776
3096,3,454
3096,4,339
3096,5,72
3096,6,7
3097,0,389
3097,1,1065
3097,2,774
3097,3,469
3097,4,308
3097,5,89
3097,6,3
3098,0,372
3098,1,1086
3098,2,792
3098,3,424
3098,4,339
3098,5,82
3098,6,3
3099,0,383
3099,1,1087
3099,2,747
3099,3,475
3099,4,324
3099,5,79
3099,6,4
3100,0,386
3100,1,1051
3100,2,800
3100,3,457
3100,4,322
3100,5,78
3100,6,6
3101,0,376
3101,1,1067
3101,2,800
3101,3,457
3101,4,316
3101,5,81
3101,6,4
3102,0,397
3102,1,1055
3102,2,781
3102,3,440
3102,4,345
3102,5,79
3102,6,5
3103,0,377
3103,1,1104
3103,2,748
3103,3,458
3103,4,329
3103,5,83
3103,6,4
3104,0,385
3104,1,1056
3104,2,788
3104,3,471
3104,4,329
3104,5,71
3104,6,4
3105,0,401
3105,1,1056
3105,2,780
3105,3,453
3105,4,326
3105,5,84
3105,6,5
3106,0,387
3106,1,1072
3106,2,784
3106,3,438
3106,4,344
3106,5,76
3106,6,5
3107,0,383
3107,1,1082
3107,2,761
3107,3,460
3107,4,346
3107,5,71
3107,6,4
3108,0,389
3108,1,1054
3108,2,811
3108,3,448
3108,4,314
3108,5,87
3108,6,5
3109,0,400
3109,1,1035
3109,2,805
3109,3,466
3109,4,317
3109,5,83
3109,6,3
3110,0,379
3110,1,1068
3110,2,815
3110,3,433
3110,4,323
3110,5,89
3110,6,3
3111,0,390
3111,1,1076
3111,2,762
3111,3,476
3111,4,326
3111,5,76
3111,6,5
3112,0,392
3112,1,1068
3112,2,789
3112,3,436
3112,4,342
3112,5,79
3112,6,6
3113,0,379
3113,1,1078
3113,2,799
3113,3,441
3113,4,331
3113,5,81
3113,6,4
3114,0,362
3114,1,1110
3114,2,773
3114,3,459
3114,4,325
3114,5,82
3114,6,3
3115,0,398
3115,1,1056
3115,2,781
3115,3,463
3115,4,325
3115,5,91
3115,6,1
3116,0,381
3116,1,1083
3116,2,809
3116,3,420
3116,4,329
3116,5,91
3116,6,3
3117,0,381
3117,1,1084
3117,2,795
3117,3,442
3117,4,330
3117,5,78
3117,6,7
3118,0,392
3118,1,1065
3118,2,780
3118,3,460
3118,4,340
3118,5,76
3118,6,5
3119,0,403
3119,1,1041
3119,2,809
3119,3,454
3119,4,332
3119,5,77
3119,6,3
3120,0,392
3120,1,1064
3120,2,781
3120,3,469
3120,4,330
3120,5,78
3120,6,6
3121,0,396
3121,1,1042
3121,2,832
3121,3,436
3121,4,327
3121,5,83
3121,6,5
3122,0,383
3122,1,1096
3122,2,768
3122,3,459
3122,4,328
3122,5,81
3122,6,7
3123,0,380
3123,1,1084
3123,2,787
3123,3,455
3123,4,336
3123,5,79
3123,6,2
3124,0,383
3124,1,1064
3124,2,815
3124,3,453
3124,4,332
3124,5,69
3124,6,8
3125,0,378
3125,1,1108
3125,2,762
3125,3,447
3125,4,339
3125,5,88
3125,6,3
3126,0,388
3126,1,1082
3126,2,779
3126,3,448
3126,4,347
3126,5,78
3126,6,4
3127,0,378
3127,1,1108
3127,2,755
3127,3,474
3127,4,326
3127,5,83
3127,6,3
3128,0,397
3128,1,1060
3128,2,818
3128,3,424
3128,4,349
3128,5,75
3128,6,5
3129,0,387
3129,1,1053
3129,2,805
3129,3,475
3129,4,328
3129,5,74
3129,6,7
3130,0,401
3130,1,1068
3130,2,786
3130,3,462
3130,4,324
3130,5,85
3130,6,4
3131,0,395
3131,1,1065
3131,2,776
3131,3,483
3131,4,331
3131,5,76
3131,6,5
3132,0,380
3132,1,1096
3132,2,795
3132,3,442
3132,4,333
3132,5,81
3132,6,5
3133,0,413
3133,1,1030
3133,2,804
3133,3,466
3133,4,332
3133,5,84
3133,6,4
3134,0,376
3134,1,1113
3134,2,783
3134,3,436
3134,4,344
3134,5,76
3134,6,6
3135,0,390
3135,1,1078
3135,2,785
3135,3,460
3135,4,337
3135,5,81
3135,6,4
3136,0,388
3136,1,1089
3136,2,803
3136,3,431
3136,4,347
3136,5,72
3136,6,6
3137,0,371
3137,1,1074
3137,2,829
3137,3,447
3137,4,327
3137,5,84
3137,6,5
3138,0,375
3138,1,1120
3138,2,764
3138,3,458
3138,4,332
3138,5,87
3138,6,2
3139,0,393
3139,1,1056
3139,2,822
3139,3,451
3139,4,335
3139,5,75
3139,6,7
3140,0,399
3140,1,1057
3140,2,809
3140,3,467
3140,4,329
3140,5,76
3140,6,3
3141,0,380
3141,1,1110
3141,2,771
3141,3,449
3141,4,347
3141,5,78
3141,6,6
3142,0,386
3142,1,1087
3142,2,796
3142,3,458
3142,4,325
3142,5,86
3142,6,4
3143,0,387
3143,1,1082
3143,2,801
3143,3,453
3143,4,332
3143,5,83
3143,6,5
3144,0,388
3144,1,1082
3144,2,792
3144,3,466
3144,4,329
3144,5,83
3144,6,4
3145,0,406
3145,1,1063
3145,2,797
3145,3,455
3145,4,335
3145,5,85
3145,6,4
3146,0,377
3146,1,1079
3146,2,829
3146,3,447
3146,4,320
3146,5,92
3146,6,2
3147,0,385
3147,1,1078
3147,2,828
3147,3,441
3147,4,333
3147,5,75
3147,6,7
3148,0,385
3148,1,1100
3148,2,786
3148,3,450
3148,4,339
3148,5,85
3148,6,3
3149,0,385
3149,1,1098
3149,2,792
3149,3,434
3149,4,359
3149,5,77
3149,6,4
3150,0,380
3150,1,1112
3150,2,783
3150,3,447
3150,4,349
3150,5,74
3150,6,5
3151,0,414
3151,1,1047
3151,2,800
3151,3,462
3151,4,342
3151,5,82
3151,6,4
3152,0,389
3152,1,1081
3152,2,812
3152,3,456
3152,4,332
3152,5,74
3152,6,8
3153,0,382
3153,1,1086
3153,2,813
3153,3,456
3153,4,320
3153,5,93
3153,6,3
3154,0,388
3154,1,1088
3154,2,804
3154,3,454
3154,4,327
3154,5,91
3154,6,2
3155,0,386
3155,1,1088
3155,2,794
3155,3,480
3155,4,322
3155,5,81
3155,6,4
3156,0,392
3156,1,1093
3156,2,798
3156,3,442
3156,4,339
3156,5,88
3156,6,4
3157,0,377
3157,1,1088
3157,2,833
3157,3,434
3157,4,342
3157,5,76
3157,6,7
3158,0,400
3158,1,1088
3158,2,792
3158,3,449
3158,4,336
3158,5,91
3158,6,2
3159,0,381
3159,1,1127
3159,2,771
3159,3,433
3159,4,369
3159,5,75
3159,6,3
3160,0,368
3160,1,1124
3160,2,800
3160,3,446
3160,4,330
3160,5,88
3160,6,4
3161,0,399
3161,1,1083
3161,2,806
3161,3,438
3161,4,352
3161,5,78
3161,6,5
3162,0,384
3162,1,1095
3162,2,802
3162,3,451
3162,4,340
3162,5,86
3162,6,4
3163,0,393
3163,1,1077
3163,2,800
3163,3,477
3163,4,337
3163,5,74
3163,6,5
3164,0,391
3164,1,1092
3164,2,799
3164,3,464
3164,4,338
3164,5,75
3164,6,4
3164,7,1
3165,0,409
3165,1,1083
3165,2,786
3165,3,449
3165,4,353
3165,5,81
3165,6,4
3166,0,390
3166,1,1097
3166,2,785
3166,3,462
3166,4,346
3166,5,81
3166,6,5
3167,0,397
3167,1,1072
3167,2,815
3167,3,477
3167,4,318
3167,5,84
3167,6,4
3168,0,392
3168,1,1082
3168,2,817
3168,3,449
3168,4,340
3168,5,86
3168,6,2
3169,0,408
3169,1,1054
3169,2,824
3169,3,474
3169,4,319
3169,5,85
3169,6,5
3170,0,403
3170,1,1066
3170,2,825
3170,3,447
3170,4,341
3170,5,83
3170,6,5
3171,0,393
3171,1,1082
3171,2,821
3171,3,437
3171,4,350
3171,5,84
3171,6,4
3172,0,391
3172,1,1092
3172,2,810
3172,3,461
3172,4,328
3172,5,86
3172,6,4
3173,0,383
3173,1,1105
3173,2,791
3173,3,469
3173,4,339
3173,5,82
3173,6,4
3174,0,405
3174,1,1053
3174,2,848
3174,3,465
3174,4,312
3174,5,86
3174,6,5
3175,0,401
3175,1,1068
3175,2,819
3175,3,446
3175,4,354
3175,5,81
3175,6,6
3176,0,384
3176,1,1111
3176,2,804
3176,3,454
3176,4,343
3176,5,78
3176,6,2
3177,0,396
3177,1,1089
3177,2,809
3177,3,450
3177,4,339
3177,5,90
3177,6,4
3178,0,377
3178,1,1115
3178,2,825
3178,3,436
3178,4,331
3178,5,88
3178,6,6
3179,0,408
3179,1,1066
3179,2,810
3179,3,467
3179,4,342
3179,5,84
3179,6,2
3180,0,396
3180,1,1099
3180,2,796
3180,3,463
3180,4,344
3180,5,74
3180,6,8
3181,0,399
3181,1,1074
3181,2,819
3181,3,467
3181,4,332
3181,5,86
3181,6,4
3182,0,392
3182,1,1092
3182,2,817
3182,3,452
3182,4,340
3182,5,84
3182,6,5
3183,0,389
3183,1,1098
3183,2,805
3183,3,482
3183,4,317
3183,5,88
3183,6,4
3184,0,424
3184,1,1057
3184,2,798
3184,3,474
3184,4,348
3184,5,81
3184,6,1
3184,7,1
3185,0,389
3185,1,1116
3185,2,776
3185,3,478
3185,4,338
3185,5,84
3185,6,4
3186,0,385
3186,1,1090
3186,2,838
3186,3,449
3186,4,342
3186,5,76
3186,6,6
3187,0,395
3187,1,1113
3187,2,783
3187,3,452
3187,4,356
3187,5,83
3187,6,5
3188,0,385
3188,1,1126
3188,2,777
3188,3,470
3188,4,345
3188,5,82
3188,6,3
3189,0,397
3189,1,1082
3189,2,828
3189,3,462
3189,4,333
3189,5,81
3189,6,6
3190,0,386
3190,1,1104
3190,2,832
3190,3,428
3190,4,352
3190,5,82
3190,6,6
3191,0,391
3191,1,1116
3191,2,766
3191,3,497
3191,4,336
3191,5,84
3191,6,1
3192,0,369
3192,1,1142
3192,2,793
3192,3,460
3192,4,335
3192,5,89
3192,6,4
3193,0,397
3193,1,1086
3193,2,825
3193,3,457
3193,4,345
3193,5,76
3193,6,7
3194,0,402
3194,1,1086
3194,2,816
3194,3,454
3194,4,349
3194,5,84
3194,6,3
3195,0,384
3195,1,1132
3195,2,788
3195,3,444
3195,4,359
3195,5,85
3195,6,3
3196,0,378
3196,1,1116
3196,2,832
3196,3,451
3196,4,331
3196,5,82
3196,6,6
3197,0,417
3197,1,1068
3197,2,811
3197,3,463
3197,4,355
3197,5,77
3197,6,6
3198,0,405
3198,1,1089
3198,2,798
3198,3,481
3198,4,339
3198,5,81
3198,6,5
3199,0,399
3199,1,1096
3199,2,814
3199,3,461
3199,4,340
3199,5,83
3199,6,6
3200,0,382
3200,1,1093
3200,2,843
3200,3,464
3200,4,326
3200,5,88
3200,6,4
3201,0,397
3201,1,1113
3201,2,785
3201,3,478
3201,4,349
3201,5,74
3201,6,5
3202,0,401
3202,1,1094
3202,2,826
3202,3,421
3202,4,372
3202,5,82
3202,6,6
3203,0,408
3203,1,1073
3203,2,841
3203,3,457
3203,4,339
3203,5,81
3203,6,4
3204,0,409
3204,1,1085
3204,2,789
3204,3,497
3204,4,337
3204,5,84
3204,6,3
3205,0,407
3205,1,1073
3205,2,845
3205,3,452
3205,4,337
3205,5,86
3205,6,5
3206,0,386
3206,1,1112
3206,2,815
3206,3,469
3206,4,328
3206,5,92
3206,6,4
3207,0,398
3207,1,1093
3207,2,824
3207,3,469
3207,4,335
3207,5,82
3207,6,6
3208,0,393
3208,1,1100
3208,2,830
3208,3,460
3208,4,336
3208,5,85
3208,6,4
3209,0,379
3209,1,1139
3209,2,796
3209,3,453
3209,4,349
3209,5,89
3209,6,4
3210,0,405
3210,1,1094
3210,2,828
3210,3,437
3210,4,350
3210,5,94
3210,6,2
3211,0,380
3211,1,1108
3211,2,842
3211,3,466
3211,4,328
3211,5,80
3211,6,7
3212,0,408
3212,1,1115
3212,2,766
3212,3,489
3212,4,351
3212,5,79
3212,6,4
3213,0,405
3213,1,1088
3213,2,828
3213,3,443
3213,4,362
3213,5,82
3213,6,5
3214,0,400
3214,1,1084
3214,2,842
3214,3,471
3214,4,322
3214,5,90
3214,6,5
3215,0,418
3215,1,1066
3215,2,820
3215,3,483
3215,4,345
3215,5,79
3215,6,4
3216,0,370
3216,1,1151
3216,2,818
3216,3,441
3216,4,346
3216,5,84
3216,6,6
3217,0,395
3217,1,1119
3217,2,789
3217,3,480
3217,4,342
3217,5,89
3217,6,3
3218,0,412
3218,1,1090
3218,2,815
3218,3,469
3218,4,341
3218,5,89
3218,6,2
3219,0,390
3219,1,1119
3219,2,817
3219,3,456
3219,4,347
3219,5,85
3219,6,5
3220,0,407
3220,1,1076
3220,2,836
3220,3,473
3220,4,339
3220,5,83
3220,6,6
3221,0,386
3221,1,1108
3221,2,843
3221,3,454
3221,4,343
3221,5,82
3221,6,5
3222,0,413
3222,1,1074
3222,2,846
3222,3,461
3222,4,333
3222,5,92
3222,6,3
3223,0,400
3223,1,1100
3223,2,817
3223,3,479
3223,4,338
3223,5,84
3223,6,5
3224,0,412
3224,1,1080
3224,2,820
3224,3,489
3224,4,336
3224,5,81
3224,6,6
3225,0,397
3225,1,1122
3225,2,803
3225,3,457
3225,4,359
3225,5,83
3225,6,4
3226,0,402
3226,1,1093
3226,2,831
3226,3,476
3226,4,334
3226,5,85
3226,6,5
3227,0,410
3227,1,1076
3227,2,835
3227,3,487
3227,4,329
3227,5,83
3227,6,7
3228,0,392
3228,1,1129
3228,2,806
3228,3,457
3228,4,350
3228,5,89
3228,6,5
3229,0,412
3229,1,1086
3229,2,838
3229,3,460
3229,4,343
3229,5,88
3229,6,2
3230,0,393
3230,1,1090
3230,2,866
3230,3,450
3230,4,341
3230,5,85
3230,6,5
3231,0,408
3231,1,1106
3231,2,808
3231,3,464
3231,4,350
3231,5,90
3231,6,5
3232,0,386
3232,1,1109
3232,2,869
3232,3,434
3232,4,340
3232,5,91
3232,6,3
3233,0,414
3233,1,1092
3233,2,805
3233,3,483
3233,4,353
3233,5,82
3233,6,4
3234,0,396
3234,1,1120
3234,2,809
3234,3,495
3234,4,318
3234,5,93
3234,6,3
3235,0,416
3235,1,1077
3235,2,822
3235,3,491
3235,4,341
3235,5,85
3235,6,2
3235,7,1
3236,0,403
3236,1,1117
3236,2,799
3236,3,480
3236,4,356
3236,5,75
3236,6,6
3237,0,395
3237,1,1114
3237,2,836
3237,3,454
3237,4,346
3237,5,85
3237,6,7
3238,0,418
3238,1,1076
3238,2,828
3238,3,484
3238,4,343
3238,5,86
3238,6,3
3239,0,396
3239,1,1106
3239,2,850
3239,3,463
3239,4,332
3239,5,87
3239,6,5
3240,0,404
3240,1,1087
3240,2,842
3240,3,479
3240,4,338
3240,5,85
3240,6,5
3241,0,404
3241,1,1113
3241,2,825
3241,3,462
3241,4,341
3241,5,91
3241,6,5
3242,0,405
3242,1,1113
3242,2,806
3242,3,471
3242,4,363
3242,5,79
3242,6,5
3243,0,388
3243,1,1114
3243,2,869
3243,3,435
3243,4,346
3243,5,84
3243,6,7
3244,0,385
3244,1,1141
3244,2,820
3244,3,462
3244,4,343
3244,5,89
3244,6,4
3245,0,405
3245,1,1108
3245,2,838
3245,3,456
3245,4,334
3245,5,102
3245,6,2
3246,0,400
3246,1,1118
3246,2,822
3246,3,468
3246,4,344
3246,5,90
3246,6,4
3247,0,423
3247,1,1085
3247,2,814
3247,3,491
3247,4,350
3247,5,81
3247,6,3
3248,0,401
3248,1,1094
3248,2,852
3248,3,469
3248,4,352
3248,5,73
3248,6,6
3248,7,1
3249,0,402
3249,1,1110
3249,2,825
3249,3,483
3249,4,337
3249,5,88
3249,6,4
3250,0,416
3250,1,1084
3250,2,849
3250,3,465
3250,4,345
3250,5,87
3250,6,4
3251,0,384
3251,1,1135
3251,2,838
3251,3,461
3251,4,333
3251,5,96
3251,6,4
3252,0,400
3252,1,1097
3252,2,857
3252,3,467
3252,4,336
3252,5,91
3252,6,4
3253,0,402
3253,1,1132
3253,2,807
3253,3,466
3253,4,358
3253,5,83
3253,6,5
3254,0,412
3254,1,1113
3254,2,815
3254,3,470
3254,4,362
3254,5,78
3254,6,4
3255,0,391
3255,1,1128
3255,2,823
3255,3,477
3255,4,343
3255,5,89
3255,6,4
3256,0,396
3256,1,1123
3256,2,830
3256,3,476
3256,4,329
3256,5,96
3256,6,6
3257,0,401
3257,1,1137
3257,2,793
3257,3,473
3257,4,368
3257,5,83
3257,6,2
3258,0,397
3258,1,1115
3258,2,853
3258,3,464
3258,4,332
3258,5,91
3258,6,6
3259,0,420
3259,1,1067
3259,2,865
3259,3,468
3259,4,354
3259,5,80
3259,6,5
3260,0,398
3260,1,1122
3260,2,824
3260,3,485
3260,4,333
3260,5,96
3260,6,2
3261,0,402
3261,1,1120
3261,2,845
3261,3,449
3261,4,349
3261,5,93
3261,6,3
3262,0,413
3262,1,1105
3262,2,829
3262,3,475
3262,4,346
3262,5,89
3262,6,5
3263,0,400
3263,1,1112
3263,2,842
3263,3,495
3263,4,317
3263,5,94
3263,6,3
3264,0,405
3264,1,1107
3264,2,830
3264,3,472
3264,4,365
3264,5,78
3264,6,7
3265,0,400
3265,1,1120
3265,2,843
3265,3,475
3265,4,334
3265,5,87
3265,6,6
3266,0,429
3266,1,1092
3266,2,803
3266,3,497
3266,4,360
3266,5,80
3266,6,5
3267,0,413
3267,1,1092
3267,2,864
3267,3,464
3267,4,342
3267,5,87
3267,6,5
3268,0,407
3268,1,1115
3268,2,827
3268,3,476
3268,4,348
3268,5,93
3268,6,2
3269,0,404
3269,1,1103
3269,2,834
3269,3,505
3269,4,335
3269,5,82
3269,6,6
3270,0,405
3270,1,1141
3270,2,803
3270,3,472
3270,4,359
3270,5,83
3270,6,7
3271,0,415
3271,1,1105
3271,2,823
3271,3,486
3271,4,353
3271,5,86
3271,6,2
3271,7,1
3272,0,409
3272,1,1108
3272,2,850
3272,3,471
3272,4,333
3272,5,97
3272,6,4
3273,0,424
3273,1,1071
3273,2,867
3273,3,472
3273,4,358
3273,5,74
3273,6,7
3274,0,390
3274,1,1151
3274,2,811
3274,3,476
3274,4,351
3274,5,93
3274,6,2
3275,0,403
3275,1,1120
3275,2,861
3275,3,438
3275,4,360
3275,5,88
3275,6,5
3276,0,396
3276,1,1124
3276,2,853
3276,3,464
3276,4,338
3276,5,98
3276,6,3
3277,0,407
3277,1,1113
3277,2,834
3277,3,482
3277,4,357
3277,5,78
3277,6,6
3278,0,409
3278,1,1133
3278,2,817
3278,3,471
3278,4,362
3278,5,81
3278,6,5
3279,0,395
3279,1,1135
3279,2,833
3279,3,474
3279,4,354
3279,5,81
3279,6,7
3280,0,397
3280,1,1156
3280,2,810
3280,3,467
3280,4,355
3280,5,92
3280,6,3
3281,0,387
3281,1,1146
3281,2,850
3281,3,454
3281,4,352
3281,5,89
3281,6,3
3282,0,408
3282,1,1098
3282,2,844
3282,3,496
3282,4,356
3282,5,72
3282,6,8
3283,0,406
3283,1,1119
3283,2,844
3283,3,475
3283,4,344
3283,5,90
3283,6,5
3284,0,388
3284,1,1168
3284,2,813
3284,3,463
3284,4,369
3284,5,78
3284,6,5
3285,0,404
3285,1,1164
3285,2,785
3285,3,486
3285,4,353
3285,5,88
3285,6,5
3286,0,418
3286,1,1093
3286,2,839
3286,3,503
3286,4,341
3286,5,86
3286,6,6
3287,0,403
3287,1,1109
3287,2,878
3287,3,449
3287,4,354
3287,5,91
3287,6,3
3288,0,414
3288,1,1127
3288,2,813
3288,3,492
3288,4,355
3288,5,83
3288,6,4
3289,0,389
3289,1,1160
3289,2,829
3289,3,456
3289,4,358
3289,5,94
3289,6,2
3289,7,1
3290,0,397
3290,1,1142
3290,2,842
3290,3,469
3290,4,345
3290,5,92
3290,6,3
3291,0,421
3291,1,1102
3291,2,855
3291,3,460
3291,4,358
3291,5,90
3291,6,5
3292,0,430
3292,1,1107
3292,2,814
3292,3,498
3292,4,348
3292,5,93
3292,6,2
3293,0,411
3293,1,1097
3293,2,885
3293,3,453
3293,4,353
3293,5,89
3293,6,5
3294,0,398
3294,1,1145
3294,2,842
3294,3,467
3294,4,352
3294,5,84
3294,6,6
3295,0,409
3295,1,1106
3295,2,870
3295,3,448
3295,4,376
3295,5,79
3295,6,7
3296,0,418
3296,1,1119
3296,2,838
3296,3,489
3296,4,338
3296,5,90
3296,6,4
3297,0,395
3297,1,1145
3297,2,845
3297,3,459
3297,4,366
3297,5,81
3297,6,6
3298,0,387
3298,1,1155
3298,2,848
3298,3,456
3298,4,356
3298,5,91
3298,6,5
3299,0,410
3299,1,1148
3299,2,796
3299,3,496
3299,4,358
3299,5,87
3299,6,4
3300,0,400
3300,1,1126
3300,2,850
3300,3,501
3300,4,328
3300,5,90
3300,6,5
3301,0,431
3301,1,1104
3301,2,827
3301,3,488
3301,4,364
3301,5,82
3301,6,5
3302,0,403
3302,1,1124
3302,2,872
3302,3,472
3302,4,330
3302,5,97
3302,6,4
3303,0,394
3303,1,1136
3303,2,852
3303,3,485
3303,4,341
3303,5,91
3303,6,4
3304,0,424
3304,1,1113
3304,2,842
3304,3,470
3304,4,362
3304,5,87
3304,6,6
3305,0,419
3305,1,1099
3305,2,863
3305,3,491
3305,4,346
3305,5,81
3305,6,6
3306,0,394
3306,1,1133
3306,2,878
3306,3,459
3306,4,338
3306,5,100
3306,6,4
3307,0,415
3307,1,1115
3307,2,857
3307,3,462
3307,4,363
3307,5,92
3307,6,3
3308,0,430
3308,1,1107
3308,2,842
3308,3,482
3308,4,351
3308,5,93
3308,6,3
3309,0,399
3309,1,1140
3309,2,846
3309,3,486
3309,4,340
3309,5,95
3309,6,3
3310,0,417
3310,1,1105
3310,2,855
3310,3,502
3310,4,343
3310,5,82
3310,6,6
3311,0,413
3311,1,1163
3311,2,803
3311,3,466
3311,4,367
3311,5,95
3311,6,4
3312,0,387
3312,1,1160
3312,2,847
3312,3,474
3312,4,345
3312,5,96
3312,6,2
3312,7,1
3313,0,416
3313,1,1103
3313,2,868
3313,3,480
3313,4,352
3313,5,90
3313,6,4
3314,0,399
3314,1,1146
3314,2,827
3314,3,514
3314,4,343
3314,5,80
3314,6,5
3315,0,416
3315,1,1106
3315,2,890
3315,3,450
3315,4,359
3315,5,85
3315,6,9
3316,0,410
3316,1,1117
3316,2,877
3316,3,468
3316,4,352
3316,5,88
3316,6,4
3317,0,397
3317,1,1176
3317,2,828
3317,3,452
3317,4,364
3317,5,97
3317,6,3
3318,0,397
3318,1,1162
3318,2,833
3318,3,474
3318,4,357
3318,5,91
3318,6,4
3319,0,407
3319,1,1138
3319,2,842
3319,3,492
3319,4,345
3319,5,91
3319,6,4
3320,0,403
3320,1,1140
3320,2,846
3320,3,487
3320,4,346
3320,5,94
3320,6,4
3321,0,409
3321,1,1161
3321,2,812
3321,3,475
3321,4,381
3321,5,77
3321,6,6
3322,0,411
3322,1,1143
3322,2,839
3322,3,470
3322,4,362
3322,5,94
3322,6,3
3323,0,421
3323,1,1102
3323,2,866
3323,3,504
3323,4,340
3323,5,82
3323,6,8
3324,0,417
3324,1,1138
3324,2,815
3324,3,506
3324,4,355
3324,5,89
3324,6,4
3325,0,423
3325,1,1112
3325,2,867
3325,3,467
3325,4,366
3325,5,83
3325,6,7
3326,0,409
3326,1,1139
3326,2,846
3326,3,483
3326,4,363
3326,5,80
3326,6,6
3327,0,415
3327,1,1114
3327,2,865
3327,3,497
3327,4,338
3327,5,94
3327,6,4
3328,0,421
3328,1,1126
3328,2,845
3328,3,478
3328,4,372
3328,5,80
3328,6,6
3329,0,394
3329,1,1168
3329,2,830
3329,3,498
3329,4,340
3329,5,96
3329,6,3
3330,0,425
3330,1,1107
3330,2,874
3330,3,456
3330,4,380
3330,5,80
3330,6,8
3331,0,424
3331,1,1120
3331,2,849
3331,3,478
3331,4,366
3331,5,90
3331,6,4
3332,0,404
3332,1,1131
3332,2,889
3332,3,471
3332,4,338
3332,5,94
3332,6,5
3333,0,427
3333,1,1110
3333,2,854
3333,3,482
3333,4,374
3333,5,79
3333,6,7
3334,0,396
3334,1,1159
3334,2,861
3334,3,460
3334,4,366
3334,5,88
3334,6,4
3335,0,382
3335,1,1197
3335,2,828
3335,3,487
3335,4,342
3335,5,93
3335,6,6
3336,0,402
3336,1,1153
3336,2,849
3336,3,483
3336,4,358
3336,5,84
3336,6,7
3337,0,406
3337,1,1159
3337,2,820
3337,3,500
3337,4,356
3337,5,93
3337,6,3
3338,0,434
3338,1,1107
3338,2,875
3338,3,463
3338,4,369
3338,5,84
3338,6,6
3339,0,409
3339,1,1137
3339,2,846
3339,3,508
3339,4,345
3339,5,90
3339,6,4
3340,0,415
3340,1,1119
3340,2,866
3340,3,502
3340,4,342
3340,5,92
3340,6,4
3341,0,418
3341,1,1127
3341,2,854
3341,3,497
3341,4,351
3341,5,89
3341,6,5
3342,0,420
3342,1,1134
3342,2,843
3342,3,492
3342,4,351
3342,5,97
3342,6,5
3343,0,422
3343,1,1143
3343,2,841
3343,3,481
3343,4,364
3343,5,88
3343,6,4
3344,0,406
3344,1,1140
3344,2,858
3344,3,499
3344,4,343
3344,5,93
3344,6,5
3345,0,422
3345,1,1160
3345,2,816
3345,3,473
3345,4,386
3345,5,81
3345,6,7
3346,0,415
3346,1,1121
3346,2,865
3346,3,499
3346,4,357
3346,5,84
3346,6,5
3347,0,403
3347,1,1170
3347,2,831
3347,3,485
3347,4,370
3347,5,82
3347,6,6
3348,0,403
3348,1,1151
3348,2,865
3348,3,476
3348,4,361
3348,5,85
3348,6,7
3349,0,421
3349,1,1144
3349,2,835
3349,3,485
3349,4,371
3349,5,87
3349,6,6
3350,0,400
3350,1,1172
3350,2,832
3350,3,499
3350,4,357
3350,5,86
3350,6,4
3351,0,408
3351,1,1168
3351,2,832
3351,3,492
3351,4,351
3351,5,96
3351,6,4
3352,0,416
3352,1,1126
3352,2,865
3352,3,499
3352,4,359
3352,5,82
3352,6,5
3353,0,420
3353,1,1142
3353,2,850
3353,3,472
3353,4,374
3353,5,89
3353,6,6
3354,0,428
3354,1,1127
3354,2,854
3354,3,491
3354,4,368
3354,5,81
3354,6,5
3355,0,402
3355,1,1160
3355,2,853
3355,3,488
3355,4,359
3355,5,86
3355,6,7
3356,0,400
3356,1,1154
3356,2,893
3356,3,457
3356,4,352
3356,5,96
3356,6,4
3357,0,416
3357,1,1154
3357,2,852
3357,3,460
3357,4,378
3357,5,91
3357,6,6
3358,0,396
3358,1,1173
3358,2,864
3358,3,472
3358,4,354
3358,5,94
3358,6,5
3359,0,414
3359,1,1134
3359,2,860
3359,3,503
3359,4,358
3359,5,88
3359,6,2
3360,0,435
3360,1,1123
3360,2,848
3360,3,495
3360,4,360
3360,5,94
3360,6,5
3361,0,386
3361,1,1192
3361,2,838
3361,3,494
3361,4,362
3361,5,83
3361,6,6
3362,0,408
3362,1,1151
3362,2,885
3362,3,454
3362,4,363
3362,5,96
3362,6,5
3363,0,425
3363,1,1131
3363,2,873
3363,3,475
3363,4,369
3363,5,84
3363,6,6
3364,0,416
3364,1,1146
3364,2,845
3364,3,506
3364,4,361
3364,5,84
3364,6,6
3365,0,431
3365,1,1129
3365,2,855
3365,3,488
3365,4,371
3365,5,85
3365,6,6
3366,0,400
3366,1,1178
3366,2,845
3366,3,475
3366,4,369
3366,5,95
3366,6,4
3367,0,399
3367,1,1176
3367,2,859
3367,3,485
3367,4,348
3367,5,98
3367,6,2
3368,0,426
3368,1,1130
3368,2,866
3368,3,490
3368,4,359
3368,5,92
3368,6,5
3369,0,412
3369,1,1151
3369,2,862
3369,3,487
3369,4,365
3369,5,85
3369,6,7
3370,0,409
3370,1,1169
3370,2,842
3370,3,486
3370,4,371
3370,5,88
3370,6,5
3371,0,409
3371,1,1157
3371,2,858
3371,3,500
3371,4,353
3371,5,90
3371,6,4
3372,0,419
3372,1,1150
3372,2,862
3372,3,476
3372,4,365
3372,5,95
3372,6,5
3373,0,407
3373,1,1150
3373,2,862
3373,3,509
3373,4,353
3373,5,85
3373,6,7
3374,0,396
3374,1,1204
3374,2,825
3374,3,478
3374,4,384
3374,5,83
3374,6,4
3375,0,438
3375,1,1139
3375,2,831
3375,3,500
3375,4,372
3375,5,88
3375,6,7
3376,0,417
3376,1,1142
3376,2,878
3376,3,482
3376,4,358
3376,5,95
3376,6,4
3377,0,407
3377,1,1142
3377,2,900
3377,3,487
3377,4,349
3377,5,85
3377,6,7
3378,0,412
3378,1,1162
3378,2,849
3378,3,497
3378,4,358
3378,5,94
3378,6,6
3379,0,430
3379,1,1125
3379,2,876
3379,3,498
3379,4,354
3379,5,93
3379,6,3
3380,0,405
3380,1,1179
3380,2,832
3380,3,505
3380,4,363
3380,5,91
3380,6,5
3381,0,396
3381,1,1189
3381,2,858
3381,3,475
3381,4,364
3381,5,94
3381,6,5
3382,0,431
3382,1,1163
3382,2,828
3382,3,493
3382,4,373
3382,5,88
3382,6,6
3383,0,402
3383,1,1178
3383,2,850
3383,3,485
3383,4,374
3383,5,91
3383,6,3
3384,0,443
3384,1,1117
3384,2,869
3384,3,494
3384,4,366
3384,5,91
3384,6,4
3385,0,424
3385,1,1122
3385,2,902
3385,3,486
3385,4,354
3385,5,89
3385,6,8
3386,0,425
3386,1,1133
3386,2,875
3386,3,507
3386,4,350
3386,5,91
3386,6,5
3387,0,422
3387,1,1135
3387,2,894
3387,3,469
3387,4,369
3387,5,95
3387,6,3
3388,0,397
3388,1,1182
3388,2,878
3388,3,475
3388,4,351
3388,5,99
3388,6,6
3389,0,419
3389,1,1173
3389,2,837
3389,3,491
3389,4,376
3389,5,89
3389,6,4
3390,0,418
3390,1,1141
3390,2,871
3390,3,517
3390,4,346
3390,5,90
3390,6,7
3391,0,428
3391,1,1132
3391,2,892
3391,3,462
3391,4,383
3391,5,87
3391,6,7
3392,0,396
3392,1,1196
3392,2,855
3392,3,492
3392,4,353
3392,5,98
3392,6,2
3393,0,410
3393,1,1162
3393,2,882
3393,3,479
3393,4,358
3393,5,97
3393,6,5
3394,0,429
3394,1,1154
3394,2,844
3394,3,506
3394,4,369
3394,5,86
3394,6,6
3395,0,434
3395,1,1119
3395,2,880
3395,3,499
3395,4,369
3395,5,90
3395,6,4
3396,0,416
3396,1,1171
3396,2,851
3396,3,504
3396,4,363
3396,5,82
3396,6,9
3397,0,440
3397,1,1127
3397,2,870
3397,3,488
3397,4,374
3397,5,92
3397,6,6
3398,0,420
3398,1,1153
3398,2,882
3398,3,485
3398,4,356
3398,5,98
3398,6,4
3399,0,409
3399,1,1174
3399,2,863
3399,3,503
3399,4,350
3399,5,96
3399,6,4
3400,0,427
3400,1,1132
3400,2,883
3400,3,503
3400,4,365
3400,5,84
3400,6,5
3400,7,1
3401,0,413
3401,1,1170
3401,2,852
3401,3,509
3401,4,357
3401,5,98
3401,6,2
3402,0,415
3402,1,1171
3402,2,861
3402,3,492
3402,4,367
3402,5,90
3402,6,6
3403,0,425
3403,1,1140
3403,2,883
3403,3,509
3403,4,348
3403,5,93
3403,6,5
3404,0,415
3404,1,1176
3404,2,859
3404,3,486
3404,4,373
3404,5,89
3404,6,6
3405,0,407
3405,1,1182
3405,2,863
3405,3,477
3405,4,386
3405,5,83
3405,6,7
3406,0,440
3406,1,1144
3406,2,856
3406,3,497
3406,4,373
3406,5,90
3406,6,6
3407,0,443
3407,1,1091
3407,2,924
3407,3,493
3407,4,365
3407,5,86
3407,6,5
3408,0,442
3408,1,1120
3408,2,880
3408,3,514
3408,4,353
3408,5,93
3408,6,6
3409,0,427
3409,1,1155
3409,2,879
3409,3,485
3409,4,361
3409,5,98
3409,6,4
3410,0,399
3410,1,1184
3410,2,876
3410,3,497
3410,4,354
3410,5,97
3410,6,3
3411,0,383
3411,1,1217
3411,2,856
3411,3,503
3411,4,352
3411,5,94
3411,6,6
3412,0,436
3412,1,1141
3412,2,872
3412,3,510
3412,4,352
3412,5,97
3412,6,4
3413,0,434
3413,1,1120
3413,2,900
3413,3,499
3413,4,373
3413,5,79
3413,6,8
3414,0,422
3414,1,1168
3414,2,852
3414,3,504
3414,4,374
3414,5,89
3414,6,5
3415,0,413
3415,1,1195
3415,2,845
3415,3,479
3415,4,390
3415,5,90
3415,6,3
3416,0,415
3416,1,1184
3416,2,860
3416,3,491
3416,4,368
3416,5,92
3416,6,6
3417,0,401
3417,1,1214
3417,2,860
3417,3,474
3417,4,350
3417,5,114
3417,6,4
3418,0,422
3418,1,1148
3418,2,899
3418,3,477
3418,4,367
3418,5,104
3418,6,1
3419,0,427
3419,1,1130
3419,2,893
3419,3,527
3419,4,352
3419,5,82
3419,6,8
3420,0,444
3420,1,1141
3420,2,852
3420,3,520
3420,4,372
3420,5,88
3420,6,2
3420,7,1
3421,0,399
3421,1,1190
3421,2,887
3421,3,491
3421,4,352
3421,5,96
3421,6,6
3422,0,417
3422,1,1172
3422,2,870
3422,3,498
3422,4,370
3422,5,88
3422,6,7
3423,0,423
3423,1,1170
3423,2,867
3423,3,495
3423,4,373
3423,5,89
3423,6,6
3424,0,413
3424,1,1203
3424,2,838
3424,3,494
3424,4,377
3424,5,95
3424,6,4
3425,0,435
3425,1,1130
3425,2,928
3425,3,465
3425,4,369
3425,5,92
3425,6,6
3426,0,407
3426,1,1169
3426,2,894
3426,3,496
3426,4,363
3426,5,94
3426,6,3
3427,0,436
3427,1,1140
3427,2,889
3427,3,504
3427,4,356
3427,5,97
3427,6,5
3428,0,412
3428,1,1198
3428,2,862
3428,3,481
3428,4,379
3428,5,89
3428,6,7
3429,0,415
3429,1,1180
3429,2,878
3429,3,479
3429,4,377
3429,5,97
3429,6,3
3430,0,412
3430,1,1176
3430,2,880
3430,3,517
3430,4,345
3430,5,92
3430,6,8
3431,0,398
3431,1,1196
3431,2,875
3431,3,499
3431,4,365
3431,5,95
3431,6,3
3432,0,463
3432,1,1115
3432,2,871
3432,3,521
3432,4,373
3432,5,82
3432,6,7
3433,0,425
3433,1,1187
3433,2,841
3433,3,508
3433,4,372
3433,5,94
3433,6,6
3434,0,421
3434,1,1161
3434,2,887
3434,3,506
3434,4,364
3434,5,91
3434,6,4
3435,0,437
3435,1,1147
3435,2,878
3435,3,509
3435,4,360
3435,5,101
3435,6,3
3436,0,404
3436,1,1193
3436,2,897
3436,3,462
3436,4,381
3436,5,91
3436,6,8
3437,0,433
3437,1,1159
3437,2,874
3437,3,517
3437,4,353
3437,5,98
3437,6,3
3438,0,418
3438,1,1185
3438,2,871
3438,3,487
3438,4,382
3438,5,87
3438,6,8
3439,0,418
3439,1,1204
3439,2,839
3439,3,495
3439,4,385
3439,5,94
3439,6,4
3440,0,411
3440,1,1171
3440,2,915
3440,3,496
3440,4,338
3440,5,104
3440,6,5
3441,0,398
3441,1,1207
3441,2,887
3441,3,483
3441,4,364
3441,5,99
3441,6,3
3442,0,420
3442,1,1188
3442,2,864
3442,3,487
3442,4,388
3442,5,88
3442,6,7
3443,0,438
3443,1,1136
3443,2,895
3443,3,517
3443,4,370
3443,5,81
3443,6,6
3444,0,438
3444,1,1155
3444,2,874
3444,3,497
3444,4,385
3444,5,91
3444,6,4
3445,0,410
3445,1,1179
3445,2,921
3445,3,481
3445,4,346
3445,5,100
3445,6,8
3446,0,450
3446,1,1124
3446,2,899
3446,3,507
3446,4,377
3446,5,83
3446,6,6
3447,0,413
3447,1,1185
3447,2,883
3447,3,496
3447,4,373
3447,5,89
3447,6,8
3448,0,411
3448,1,1216
3448,2,848
3448,3,495
3448,4,383
3448,5,89
3448,6,6
3449,0,431
3449,1,1164
3449,2,884
3449,3,507
3449,4,373
3449,5,85
3449,6,5
3450,0,419
3450,1,1202
3450,2,840
3450,3,516
3450,4,379
3450,5,89
3450,6,5
3451,0,423
3451,1,1181
3451,2,872
3451,3,488
3451,4,387
3451,5,94
3451,6,6
3452,0,428
3452,1,1162
3452,2,884
3452,3,536
3452,4,349
3452,5,88
3452,6,5
3453,0,457
3453,1,1127
3453,2,908
3453,3,480
3453,4,379
3453,5,95
3453,6,7
3454,0,398
3454,1,1220
3454,2,865
3454,3,503
3454,4,367
3454,5,96
3454,6,5
3455,0,430
3455,1,1165
3455,2,891
3455,3,497
3455,4,375
3455,5,93
3455,6,4
3456,0,433
3456,1,1160
3456,2,886
3456,3,515
3456,4,364
3456,5,91
3456,6,7
3457,0,438
3457,1,1144
3457,2,911
3457,3,495
3457,4,370
3457,5,94
3457,6,5
3458,0,432
3458,1,1156
3458,2,896
3458,3,504
3458,4,374
3458,5,91
3458,6,5
3459,0,404
3459,1,1209
3459,2,897
3459,3,490
3459,4,358
3459,5,95
3459,6,6
3460,0,425
3460,1,1175
3460,2,888
3460,3,490
3460,4,377
3460,5,100
3460,6,5
3461,0,441
3461,1,1165
3461,2,887
3461,3,489
3461,4,379
3461,5,96
3461,6,4
3462,0,416
3462,1,1180
3462,2,894
3462,3,501
3462,4,379
3462,5,86
3462,6,6
3463,0,419
3463,1,1189
3463,2,882
3463,3,513
3463,4,366
3463,5,88
3463,6,5
3463,7,1
3464,0,412
3464,1,1213
3464,2,853
3464,3,514
3464,4,369
3464,5,98
3464,6,5
3465,0,426
3465,1,1174
3465,2,906
3465,3,482
3465,4,375
3465,5,96
3465,6,6
3466,0,441
3466,1,1158
3466,2,873
3466,3,533
3466,4,367
3466,5,90
3466,6,4
3467,0,402
3467,1,1232
3467,2,867
3467,3,490
3467,4,375
3467,5,95
3467,6,6
3468,0,419
3468,1,1184
3468,2,907
3468,3,471
3468,4,385
3468,5,96
3468,6,6
3469,0,434
3469,1,1165
3469,2,888
3469,3,516
3469,4,365
3469,5,96
3469,6,5
3470,0,425
3470,1,1180
3470,2,903
3470,3,484
3470,4,372
3470,5,101
3470,6,5
3471,0,423
3471,1,1177
3471,2,899
3471,3,503
3471,4,369
3471,5,97
3471,6,3
3472,0,452
3472,1,1140
3472,2,886
3472,3,526
3472,4,376
3472,5,84
3472,6,8
3473,0,414
3473,1,1216
3473,2,864
3473,3,487
3473,4,398
3473,5,90
3473,6,4
3474,0,429
3474,1,1178
3474,2,895
3474,3,507
3474,4,362
3474,5,97
3474,6,6
3475,0,419
3475,1,1194
3475,2,885
3475,3,503
3475,4,376
3475,5,92
3475,6,6
3476,0,419
3476,1,1196
3476,2,874
3476,3,519
3476,4,372
3476,5,90
3476,6,6
3477,0,405
3477,1,1235
3477,2,880
3477,3,466
3477,4,390
3477,5,95
3477,6,6
3478,0,421
3478,1,1195
3478,2,870
3478,3,531
3478,4,359
3478,5,99
3478,6,3
3479,0,438
3479,1,1162
3479,2,906
3479,3,493
3479,4,382
3479,5,92
3479,6,6
3480,0,437
3480,1,1188
3480,2,855
3480,3,534
3480,4,371
3480,5,87
3480,6,8
3481,0,425
3481,1,1175
3481,2,912
3481,3,502
3481,4,367
3481,5,94
3481,6,6
3482,0,410
3482,1,1218
3482,2,884
3482,3,474
3482,4,395
3482,5,98
3482,6,3
3483,0,439
3483,1,1168
3483,2,901
3483,3,510
3483,4,359
3483,5,102
3483,6,4
3484,0,447
3484,1,1146
3484,2,894
3484,3,520
3484,4,382
3484,5,89
3484,6,6
3485,0,426
3485,1,1174
3485,2,918
3485,3,498
3485,4,367
3485,5,95
3485,6,7
3486,0,424
3486,1,1202
3486,2,886
3486,3,496
3486,4,368
3486,5,106
3486,6,4
3487,0,416
3487,1,1200
3487,2,891
3487,3,511
3487,4,382
3487,5,80
3487,6,7
3488,0,431
3488,1,1196
3488,2,875
3488,3,500
3488,4,391
3488,5,90
3488,6,5
3489,0,412
3489,1,1216
3489,2,875
3489,3,509
3489,4,375
3489,5,96
3489,6,6
3490,0,444
3490,1,1171
3490,2,890
3490,3,499
3490,4,396
3490,5,83
3490,6,7
3491,0,414
3491,1,1196
3491,2,900
3491,3,520
3491,4,358
3491,5,99
3491,6,4
3492,0,422
3492,1,1191
3492,2,909
3492,3,499
3492,4,365
3492,5,100
3492,6,6
3493,0,424
3493,1,1211
3493,2,878
3493,3,499
3493,4,373
3493,5,102
3493,6,6
3494,0,449
3494,1,1149
3494,2,912
3494,3,523
3494,4,358
3494,5,99
3494,6,4
3495,0,425
3495,1,1193
3495,2,891
3495,3,503
3495,4,388
3495,5,88
3495,6,7
3496,0,437
3496,1,1191
3496,2,872
3496,3,509
3496,4,392
3496,5,89
3496,6,6
3497,0,442
3497,1,1181
3497,2,879
3497,3,529
3497,4,369
3497,5,91
3497,6,6
3498,0,416
3498,1,1214
3498,2,882
3498,3,506
3498,4,374
3498,5,103
3498,6,3
3499,0,419
3499,1,1221
3499,2,881
3499,3,490
3499,4,382
3499,5,103
3499,6,3
3500,0,417
3500,1,1196
3500,2,913
3500,3,501
3500,4,376
3500,5,91
3500,6,6
3501,0,437
3501,1,1204
3501,2,854
3501,3,518
3501,4,387
3501,5,99
3501,6,2
3502,0,427
3502,1,1193
3502,2,885
3502,3,530
3502,4,364
3502,5,98
3502,6,4
3502,7,1
3503,0,441
3503,1,1153
3503,2,922
3503,3,533
3503,4,345
3503,5,106
3503,6,3
3504,0,415
3504,1,1221
3504,2,896
3504,3,493
3504,4,383
3504,5,89
3504,6,7
3505,0,439
3505,1,1180
3505,2,899
3505,3,500
3505,4,390
3505,5,90
3505,6,7
3506,0,434
3506,1,1201
3506,2,868
3506,3,524
3506,4,375
3506,5,101
3506,6,3
3507,0,439
3507,1,1157
3507,2,945
3507,3,487
3507,4,381
3507,5,90
3507,6,8
3508,0,462
3508,1,1129
3508,2,930
3508,3,515
3508,4,367
3508,5,98
3508,6,7
3509,0,429
3509,1,1190
3509,2,894
3509,3,534
3509,4,365
3509,5,93
3509,6,4
3510,0,419
3510,1,1211
3510,2,905
3510,3,489
3510,4,379
3510,5,99
3510,6,8
3511,0,422
3511,1,1224
3511,2,884
3511,3,489
3511,4,386
3511,5,104
3511,6,2
3512,0,412
3512,1,1201
3512,2,948
3512,3,484
3512,4,363
3512,5,98
3512,6,6
3513,0,421
3513,1,1204
3513,2,891
3513,3,508
3513,4,390
3513,5,94
3513,6,5
3514,0,439
3514,1,1165
3514,2,942
3514,3,502
3514,4,364
3514,5,96
3514,6,6
3515,0,446
3515,1,1167
3515,2,897
3515,3,546
3515,4,350
3515,5,104
3515,6,5
3516,0,486
3516,1,1121
3516,2,887
3516,3,543
3516,4,390
3516,5,81
3516,6,8
3517,0,404
3517,1,1211
3517,2,933
3517,3,504
3517,4,362
3517,5,96
3517,6,7
3518,0,443
3518,1,1179
3518,2,905
3518,3,505
3518,4,385
3518,5,94
3518,6,7
3519,0,409
3519,1,1232
3519,2,899
3519,3,501
3519,4,373
3519,5,101
3519,6,4
3520,0,444
3520,1,1170
3520,2,912
3520,3,522
3520,4,365
3520,5,102
3520,6,5
3521,0,433
3521,1,1213
3521,2,885
3521,3,499
3521,4,391
3521,5,94
3521,6,6
3522,0,455
3522,1,1150
3522,2,903
3522,3,547
3522,4,373
3522,5,87
3522,6,7
3523,0,424
3523,1,1199
3523,2,928
3523,3,490
3523,4,377
3523,5,98
3523,6,7
3524,0,432
3524,1,1201
3524,2,893
3524,3,531
3524,4,363
3524,5,100
3524,6,4
3525,0,423
3525,1,1216
3525,2,888
3525,3,508
3525,4,387
3525,5,97
3525,6,6
3526,0,427
3526,1,1215
3526,2,894
3526,3,505
3526,4,397
3526,5,79
3526,6,9
3527,0,442
3527,1,1179
3527,2,914
3527,3,511
3527,4,371
3527,5,107
3527,6,3
3528,0,431
3528,1,1213
3528,2,895
3528,3,503
3528,4,381
3528,5,101
3528,6,4
3529,0,431
3529,1,1190
3529,2,908
3529,3,528
3529,4,373
3529,5,90
3529,6,9
3530,0,422
3530,1,1213
3530,2,904
3530,3,515
3530,4,373
3530,5,97
3530,6,6
3531,0,434
3531,1,1215
3531,2,884
3531,3,519
3531,4,377
3531,5,97
3531,6,5
3532,0,437
3532,1,1193
3532,2,908
3532,3,504
3532,4,390
3532,5,95
3532,6,5
3533,0,434
3533,1,1202
3533,2,893
3533,3,514
3533,4,381
3533,5,106
3533,6,3
3534,0,412
3534,1,1240
3534,2,914
3534,3,486
3534,4,363
3534,5,114
3534,6,5
3535,0,407
3535,1,1239
3535,2,908
3535,3,507
3535,4,373
3535,5,94
3535,6,7
3536,0,437
3536,1,1208
3536,2,894
3536,3,510
3536,4,394
3536,5,90
3536,6,3
3537,0,448
3537,1,1167
3537,2,897
3537,3,542
3537,4,388
3537,5,86
3537,6,9
3538,0,458
3538,1,1185
3538,2,896
3538,3,507
3538,4,385
3538,5,101
3538,6,6
3539,0,428
3539,1,1186
3539,2,933
3539,3,521
3539,4,375
3539,5,91
3539,6,5
3540,0,397
3540,1,1270
3540,2,888
3540,3,490
3540,4,397
3540,5,90
3540,6,8
3541,0,442
3541,1,1192
3541,2,905
3541,3,513
3541,4,389
3541,5,98
3541,6,2
3542,0,433
3542,1,1211
3542,2,918
3542,3,481
3542,4,395
3542,5,97
3542,6,7
3543,0,426
3543,1,1206
3543,2,912
3543,3,511
3543,4,386
3543,5,96
3543,6,6
3544,0,422
3544,1,1250
3544,2,877
3544,3,501
3544,4,395
3544,5,93
3544,6,6
3545,0,425
3545,1,1229
3545,2,880
3545,3,522
3545,4,388
3545,5,97
3545,6,4
3546,0,444
3546,1,1175
3546,2,934
3546,3,505
3546,4,388
3546,5,93
3546,6,7
3547,0,439
3547,1,1195
3547,2,911
3547,3,521
3547,4,376
3547,5,99
3547,6,6
3548,0,433
3548,1,1202
3548,2,899
3548,3,543
3548,4,369
3548,5,96
3548,6,6
3549,0,436
3549,1,1214
3549,2,896
3549,3,514
3549,4,383
3549,5,101
3549,6,5
3550,0,448
3550,1,1183
3550,2,904
3550,3,546
3550,4,370
3550,5,92
3550,6,7
3551,0,431
3551,1,1199
3551,2,926
3551,3,510
3551,4,387
3551,5,93
3551,6,5
3552,0,435
3552,1,1241
3552,2,851
3552,3,530
3552,4,390
3552,5,102
3552,6,3
3553,0,450
3553,1,1187
3553,2,910
3553,3,531
3553,4,365
3553,5,105
3553,6,5
3554,0,431
3554,1,1220
3554,2,894
3554,3,517
3554,4,390
3554,5,97
3554,6,5
3555,0,426
3555,1,1220
3555,2,905
3555,3,524
3555,4,384
3555,5,85
3555,6,11
3556,0,442
3556,1,1203
3556,2,906
3556,3,509
3556,4,397
3556,5,95
3556,6,4
3557,0,421
3557,1,1228
3557,2,930
3557,3,489
3557,4,372
3557,5,114
3557,6,3
3558,0,423
3558,1,1235
3558,2,890
3558,3,526
3558,4,379
3558,5,98
3558,6,7
3559,0,429
3559,1,1219
3559,2,913
3559,3,512
3559,4,382
3559,5,98
3559,6,6
3560,0,465
3560,1,1169
3560,2,900
3560,3,538
3560,4,395
3560,5,86
3560,6,7
3561,0,425
3561,1,1208
3561,2,929
3561,3,522
3561,4,379
3561,5,90
3561,6,8
3562,0,430
3562,1,1213
3562,2,917
3562,3,514
3562,4,377
3562,5,107
3562,6,4
3563,0,446
3563,1,1187
3563,2,923
3563,3,521
3563,4,386
3563,5,93
3563,6,7
3564,0,421
3564,1,1229
3564,2,937
3564,3,492
3564,4,385
3564,5,93
3564,6,7
3565,0,458
3565,1,1172
3565,2,906
3565,3,548
3565,4,386
3565,5,87
3565,6,8
3566,0,454
3566,1,1188
3566,2,906
3566,3,530
3566,4,379
3566,5,105
3566,6,4
3567,0,425
3567,1,1226
3567,2,926
3567,3,509
3567,4,372
3567,5,104
3567,6,5
3568,0,456
3568,1,1156
3568,2,956
3568,3,525
3568,4,376
3568,5,89
3568,6,10
3569,0,448
3569,1,1200
3569,2,908
3569,3,516
3569,4,395
3569,5,97
3569,6,5
3570,0,428
3570,1,1235
3570,2,895
3570,3,529
3570,4,377
3570,5,99
3570,6,7
3571,0,439
3571,1,1198
3571,2,935
3571,3,508
3571,4,386
3571,5,101
3571,6,4
3572,0,445
3572,1,1209
3572,2,890
3572,3,555
3572,4,374
3572,5,93
3572,6,6
3573,0,441
3573,1,1214
3573,2,899
3573,3,528
3573,4,385
3573,5,101
3573,6,5
3574,0,443
3574,1,1216
3574,2,899
3574,3,520
3574,4,388
3574,5,106
3574,6,1
3574,7,1
3575,0,427
3575,1,1224
3575,2,909
3575,3,526
3575,4,393
3575,5,91
3575,6,4
3575,7,1
3576,0,438
3576,1,1225
3576,2,893
3576,3,533
3576,4,381
3576,5,101
3576,6,5
3577,0,442
3577,1,1213
3577,2,922
3577,3,511
3577,4,377
3577,5,108
3577,6,4
3578,0,432
3578,1,1199
3578,2,944
3578,3,529
3578,4,370
3578,5,96
3578,6,8
3579,0,437
3579,1,1220
3579,2,915
3579,3,517
3579,4,381
3579,5,105
3579,6,4
3580,0,434
3580,1,1248
3580,2,876
3580,3,513
3580,4,408
3580,5,93
3580,6,8
3581,0,453
3581,1,1183
3581,2,933
3581,3,533
3581,4,380
3581,5,93
3581,6,6
3582,0,437
3582,1,1213
3582,2,922
3582,3,515
3582,4,386
3582,5,104
3582,6,5
3583,0,430
3583,1,1240
3583,2,888
3583,3,542
3583,4,381
3583,5,97
3583,6,5
3584,0,453
3584,1,1197
3584,2,931
3584,3,500
3584,4,395
3584,5,103
3584,6,5
3585,0,434
3585,1,1198
3585,2,954
3585,3,520
3585,4,382
3585,5,88
3585,6,9
3586,0,450
3586,1,1200
3586,2,919
3586,3,523
3586,4,385
3586,5,105
3586,6,4
3587,0,446
3587,1,1209
3587,2,915
3587,3,533
3587,4,378
3587,5,100
3587,6,6
3588,0,420
3588,1,1239
3588,2,933
3588,3,497
3588,4,392
3588,5,103
3588,6,4
3589,0,416
3589,1,1235
3589,2,948
3589,3,519
3589,4,359
3589,5,107
3589,6,5
3590,0,454
3590,1,1212
3590,2,896
3590,3,524
3590,4,404
3590,5,94
3590,6,6
3591,0,416
3591,1,1258
3591,2,910
3591,3,523
3591,4,370
3591,5,108
3591,6,6
3592,0,432
3592,1,1245
3592,2,891
3592,3,523
3592,4,401
3592,5,93
3592,6,7
3593,0,428
3593,1,1241
3593,2,912
3593,3,502
3593,4,409
3593,5,97
3593,6,4
3594,0,447
3594,1,1215
3594,2,919
3594,3,521
3594,4,388
3594,5,98
3594,6,6
3595,0,430
3595,1,1245
3595,2,894
3595,3,532
3595,4,394
3595,5,94
3595,6,6
3596,0,436
3596,1,1235
3596,2,901
3596,3,524
3596,4,397
3596,5,96
3596,6,7
3597,0,425
3597,1,1253
3597,2,904
3597,3,535
3597,4,375
3597,5,97
3597,6,8
3598,0,449
3598,1,1223
3598,2,896
3598,3,528
3598,4,400
3598,5,97
3598,6,5
3599,0,436
3599,1,1225
3599,2,918
3599,3,531
3599,4,387
3599,5,97
3599,6,5
3600,0,436
3600,1,1214
3600,2,941
3600,3,522
3600,4,390
3600,5,88
3600,6,9
3601,0,436
3601,1,1239
3601,2,910
3601,3,520
3601,4,390
3601,5,99
3601,6,7
3602,0,423
3602,1,1257
3602,2,897
3602,3,533
3602,4,385
3602,5,101
3602,6,6
3603,0,423
3603,1,1262
3603,2,893
3603,3,540
3603,4,371
3603,5,110
3603,6,4
3604,0,457
3604,1,1199
3604,2,930
3604,3,523
3604,4,393
3604,5,95
3604,6,7
3605,0,453
3605,1,1200
3605,2,927
3605,3,541
3605,4,376
3605,5,105
3605,6,3
3606,0,442
3606,1,1225
3606,2,919
3606,3,525
3606,4,391
3606,5,97
3606,6,7
3607,0,446
3607,1,1230
3607,2,903
3607,3,526
3607,4,393
3607,5,104
3607,6,5
3608,0,451
3608,1,1202
3608,2,925
3608,3,535
3608,4,399
3608,5,91
3608,6,5
3609,0,419
3609,1,1265
3609,2,913
3609,3,518
3609,4,380
3609,5,110
3609,6,4
3610,0,441
3610,1,1216
3610,2,962
3610,3,491
3610,4,398
3610,5,95
3610,6,7
3611,0,432
3611,1,1221
3611,2,940
3611,3,530
3611,4,383
3611,5,99
3611,6,6
3612,0,454
3612,1,1214
3612,2,917
3612,3,522
3612,4,397
3612,5,101
3612,6,7
3613,0,416
3613,1,1270
3613,2,919
3613,3,510
3613,4,392
3613,5,101
3613,6,5
3614,0,425
3614,1,1252
3614,2,928
3614,3,518
3614,4,383
3614,5,102
3614,6,6
3615,0,444
3615,1,1238
3615,2,896
3615,3,535
3615,4,398
3615,5,98
3615,6,6
3616,0,433
3616,1,1239
3616,2,921
3616,3,545
3616,4,370
3616,5,102
3616,6,6
3617,0,436
3617,1,1230
3617,2,935
3617,3,504
3617,4,405
3617,5,105
3617,6,2
3618,0,422
3618,1,1255
3618,2,934
3618,3,516
3618,4,384
3618,5,103
3618,6,3
3618,7,1
3619,0,447
3619,1,1230
3619,2,910
3619,3,539
3619,4,391
3619,5,94
3619,6,8
3620,0,451
3620,1,1220
3620,2,902
3620,3,551
3620,4,394
3620,5,96
3620,6,6
3621,0,420
3621,1,1260
3621,2,936
3621,3,512
3621,4,383
3621,5,105
3621,6,5
3622,0,451
3622,1,1234
3622,2,896
3622,3,535
3622,4,397
3622,5,102
3622,6,7
3623,0,450
3623,1,1207
3623,2,967
3623,3,496
3623,4,402
3623,5,93
3623,6,8
3624,0,450
3624,1,1213
3624,2,922
3624,3,554
3624,4,385
3624,5,91
3624,6,9
3625,0,438
3625,1,1253
3625,2,907
3625,3,516
3625,4,404
3625,5,102
3625,6,5
3626,0,430
3626,1,1236
3626,2,937
3626,3,539
3626,4,379
3626,5,97
3626,6,8
3627,0,439
3627,1,1254
3627,2,907
3627,3,528
3627,4,389
3627,5,104
3627,6,6
3628,0,432
3628,1,1265
3628,2,893
3628,3,543
3628,4,389
3628,5,102
3628,6,4
3629,0,455
3629,1,1208
3629,2,943
3629,3,518
3629,4,398
3629,5,100
3629,6,7
3630,0,444
3630,1,1211
3630,2,949
3630,3,549
3630,4,373
3630,5,97
3630,6,7
3631,0,452
3631,1,1225
3631,2,911
3631,3,535
3631,4,406
3631,5,96
3631,6,6
3632,0,451
3632,1,1198
3632,2,977
3632,3,510
3632,4,385
3632,5,104
3632,6,7
3633,0,449
3633,1,1222
3633,2,926
3633,3,542
3633,4,384
3633,5,105
3633,6,5
3634,0,437
3634,1,1246
3634,2,911
3634,3,556
3634,4,381
3634,5,97
3634,6,6
3635,0,444
3635,1,1236
3635,2,935
3635,3,524
3635,4,386
3635,5,105
3635,6,5
3636,0,446
3636,1,1229
3636,2,912
3636,3,549
3636,4,406
3636,5,86
3636,6,8
3637,0,444
3637,1,1231
3637,2,932
3637,3,551
3637,4,366
3637,5,106
3637,6,7
3638,0,439
3638,1,1257
3638,2,902
3638,3,520
3638,4,420
3638,5,95
3638,6,5
3639,0,449
3639,1,1231
3639,2,933
3639,3,527
3639,4,392
3639,5,102
3639,6,5
3640,0,432
3640,1,1265
3640,2,903
3640,3,546
3640,4,388
3640,5,97
3640,6,9
3641,0,429
3641,1,1262
3641,2,924
3641,3,521
3641,4,401
3641,5,98
3641,6,6
3642,0,452
3642,1,1227
3642,2,914
3642,3,549
3642,4,392
3642,5,102
3642,6,6
3643,0,450
3643,1,1228
3643,2,948
3643,3,514
3643,4,394
3643,5,104
3643,6,5
3644,0,452
3644,1,1241
3644,2,903
3644,3,536
3644,4,407
3644,5,101
3644,6,4
3645,0,417
3645,1,1275
3645,2,934
3645,3,522
3645,4,393
3645,5,95
3645,6,9
3646,0,459
3646,1,1208
3646,2,943
3646,3,535
3646,4,402
3646,5,92
3646,6,7
3647,0,452
3647,1,1235
3647,2,904
3647,3,566
3647,4,393
3647,5,89
3647,6,8
3648,0,452
3648,1,1232
3648,2,918
3648,3,546
3648,4,398
3648,5,94
3648,6,8
3649,0,455
3649,1,1226
3649,2,931
3649,3,529
3649,4,392
3649,5,112
3649,6,4
3650,0,419
3650,1,1302
3650,2,894
3650,3,526
3650,4,404
3650,5,99
3650,6,6
3651,0,462
3651,1,1203
3651,2,948
3651,3,534
3651,4,401
3651,5,97
3651,6,6
3652,0,440
3652,1,1235
3652,2,965
3652,3,508
3652,4,399
3652,5,98
3652,6,7
3653,0,439
3653,1,1245
3653,2,959
3653,3,499
3653,4,394
3653,5,115
3653,6,2
3654,0,453
3654,1,1232
3654,2,918
3654,3,558
3654,4,388
3654,5,99
3654,6,6
3655,0,455
3655,1,1230
3655,2,920
3655,3,558
3655,4,382
3655,5,102
3655,6,8
3656,0,439
3656,1,1245
3656,2,935
3656,3,534
3656,4,410
3656,5,84
3656,6,9
3657,0,460
3657,1,1232
3657,2,914
3657,3,543
3657,4,405
3657,5,95
3657,6,8
3658,0,439
3658,1,1271
3658,2,906
3658,3,537
3658,4,394
3658,5,106
3658,6,5
3659,0,441
3659,1,1226
3659,2,981
3659,3,512
3659,4,386
3659,5,109
3659,6,4
3660,0,456
3660,1,1243
3660,2,907
3660,3,556
3660,4,390
3660,5,101
3660,6,7
3661,0,428
3661,1,1274
3661,2,908
3661,3,557
3661,4,390
3661,5,100
3661,6,3
3661,7,1
3662,0,444
3662,1,1239
3662,2,945
3662,3,534
3662,4,394
3662,5,101
3662,6,5
3663,0,443
3663,1,1256
3663,2,936
3663,3,526
3663,4,387
3663,5,110
3663,6,5
3664,0,442
3664,1,1264
3664,2,909
3664,3,532
3664,4,411
3664,5,101
3664,6,5
3665,0,469
3665,1,1197
3665,2,958
3665,3,551
3665,4,382
3665,5,101
3665,6,7
3666,0,413
3666,1,1290
3666,2,938
3666,3,520
3666,4,403
3666,5,97
3666,6,5
3667,0,442
3667,1,1269
3667,2,921
3667,3,523
3667,4,398
3667,5,109
3667,6,5
3668,0,456
3668,1,1235
3668,2,940
3668,3,531
3668,4,393
3668,5,108
3668,6,5
3669,0,431
3669,1,1272
3669,2,922
3669,3,542
3669,4,393
3669,5,102
3669,6,7
3670,0,439
3670,1,1264
3670,2,932
3670,3,533
3670,4,392
3670,5,105
3670,6,5
3671,0,451
3671,1,1230
3671,2,969
3671,3,514
3671,4,401
3671,5,99
3671,6,7
3672,0,438
3672,1,1257
3672,2,921
3672,3,550
3672,4,404
3672,5,94
3672,6,8
3673,0,458
3673,1,1243
3673,2,923
3673,3,548
3673,4,388
3673,5,109
3673,6,4
3674,0,448
3674,1,1254
3674,2,916
3674,3,555
3674,4,393
3674,5,104
3674,6,3
3674,7,1
3675,0,434
3675,1,1262
3675,2,941
3675,3,531
3675,4,400
3675,5,101
3675,6,6
3676,0,457
3676,1,1256
3676,2,926
3676,3,521
3676,4,405
3676,5,103
3676,6,8
3677,0,440
3677,1,1264
3677,2,914
3677,3,555
3677,4,397
3677,5,104
3677,6,3
3678,0,447
3678,1,1250
3678,2,950
3678,3,519
3678,4,395
3678,5,115
3678,6,1
3678,7,1
3679,0,447
3679,1,1226
3679,2,967
3679,3,539
3679,4,402
3679,5,90
3679,6,8
3680,0,435
3680,1,1295
3680,2,907
3680,3,526
3680,4,406
3680,5,103
3680,6,8
3681,0,447
3681,1,1252
3681,2,940
3681,3,527
3681,4,418
3681,5,91
3681,6,6
3682,0,454
3682,1,1247
3682,2,939
3682,3,526
3682,4,400
3682,5,110
3682,6,6
3683,0,452
3683,1,1224
3683,2,969
3683,3,554
3683,4,376
3683,5,103
3683,6,5
3684,0,446
3684,1,1237
3684,2,969
3684,3,540
3684,4,375
3684,5,111
3684,6,6
3685,0,448
3685,1,1243
3685,2,945
3685,3,550
3685,4,388
3685,5,105
3685,6,6
3686,0,459
3686,1,1251
3686,2,919
3686,3,552
3686,4,394
3686,5,107
3686,6,4
3687,0,440
3687,1,1256
3687,2,967
3687,3,520
3687,4,385
3687,5,113
3687,6,6
3688,0,477
3688,1,1195
3688,2,967
3688,3,543
3688,4,395
3688,5,106
3688,6,5
3689,0,453
3689,1,1208
3689,2,988
3689,3,569
3689,4,352
3689,5,112
3689,6,7
3690,0,442
3690,1,1304
3690,2,886
3690,3,531
3690,4,423
3690,5,98
3690,6,6
3691,0,450
3691,1,1227
3691,2,967
3691,3,542
3691,4,407
3691,5,89
3691,6,9
3692,0,454
3692,1,1251
3692,2,934
3692,3,551
3692,4,389
3692,5,107
3692,6,6
3693,0,449
3693,1,1237
3693,2,986
3693,3,519
3693,4,386
3693,5,110
3693,6,6
3694,0,444
3694,1,1248
3694,2,971
3694,3,528
3694,4,388
3694,5,108
3694,6,7
3695,0,469
3695,1,1227
3695,2,950
3695,3,531
3695,4,412
3695,5,102
3695,6,4
3696,0,452
3696,1,1264
3696,2,918
3696,3,559
3696,4,388
3696,5,111
3696,6,3
3696,7,1
3697,0,461
3697,1,1214
3697,2,961
3697,3,565
3697,4,393
3697,5,97
3697,6,6
3698,0,449
3698,1,1243
3698,2,965
3698,3,545
3698,4,383
3698,5,108
3698,6,5
3699,0,462
3699,1,1263
3699,2,915
3699,3,538
3699,4,407
3699,5,110
3699,6,4
3700,0,437
3700,1,1269
3700,2,954
3700,3,540
3700,4,384
3700,5,109
3700,6,7
3701,0,451
3701,1,1240
3701,2,981
3701,3,512
3701,4,406
3701,5,107
3701,6,4
3702,0,445
3702,1,1271
3702,2,912
3702,3,567
3702,4,401
3702,5,100
3702,6,6
3703,0,462
3703,1,1218
3703,2,995
3703,3,527
3703,4,388
3703,5,105
3703,6,8
3704,0,442
3704,1,1277
3704,2,928
3704,3,545
3704,4,395
3704,5,115
3704,6,2
3705,0,448
3705,1,1250
3705,2,971
3705,3,528
3705,4,392
3705,5,109
3705,6,7
3706,0,445
3706,1,1287
3706,2,917
3706,3,538
3706,4,414
3706,5,99
3706,6,6
3707,0,452
3707,1,1248
3707,2,950
3707,3,562
3707,4,385
3707,5,102
3707,6,8
3708,0,482
3708,1,1211
3708,2,946
3708,3,564
3708,4,397
3708,5,100
3708,6,8
3709,0,420
3709,1,1293
3709,2,962
3709,3,527
3709,4,391
3709,5,113
3709,6,3
3710,0,449
3710,1,1258
3710,2,952
3710,3,547
3710,4,398
3710,5,98
3710,6,8
3711,0,435
3711,1,1272
3711,2,966
3711,3,524
3711,4,400
3711,5,108
3711,6,6
3712,0,480
3712,1,1227
3712,2,923
3712,3,581
3712,4,390
3712,5,107
3712,6,4
3713,0,476
3713,1,1197
3713,2,990
3713,3,537
3713,4,413
3713,5,93
3713,6,7
3714,0,430
3714,1,1286
3714,2,966
3714,3,540
3714,4,377
3714,5,107
3714,6,8
3715,0,457
3715,1,1261
3715,2,936
3715,3,523
3715,4,431
3715,5,105
3715,6,1
3715,7,1
3716,0,452
3716,1,1247
3716,2,960
3716,3,573
3716,4,367
3716,5,109
3716,6,8
3717,0,456
3717,1,1251
3717,2,969
3717,3,522
3717,4,417
3717,5,94
3717,6,8
3718,0,451
3718,1,1278
3718,2,927
3718,3,545
3718,4,399
3718,5,112
3718,6,6
3719,0,430
3719,1,1297
3719,2,945
3719,3,544
3719,4,390
3719,5,108
3719,6,5
3720,0,480
3720,1,1219
3720,2,941
3720,3,564
3720,4,406
3720,5,105
3720,6,5
3721,0,467
3721,1,1223
3721,2,985
3721,3,536
3721,4,405
3721,5,97
3721,6,8
3722,0,446
3722,1,1289
3722,2,924
3722,3,539
3722,4,415
3722,5,102
3722,6,7
3723,0,443
3723,1,1272
3723,2,959
3723,3,530
3723,4,411
3723,5,104
3723,6,4
3724,0,469
3724,1,1260
3724,2,939
3724,3,529
3724,4,418
3724,5,101
3724,6,8
3725,0,454
3725,1,1230
3725,2,999
3725,3,544
3725,4,381
3725,5,110
3725,6,7
3726,0,464
3726,1,1262
3726,2,918
3726,3,567
3726,4,406
3726,5,102
3726,6,7
3727,0,457
3727,1,1224
3727,2,994
3727,3,551
3727,4,400
3727,5,94
3727,6,7
3728,0,470
3728,1,1231
3728,2,955
3728,3,576
3728,4,385
3728,5,105
3728,6,6
3729,0,457
3729,1,1264
3729,2,951
3729,3,539
3729,4,404
3729,5,110
3729,6,4
3730,0,466
3730,1,1249
3730,2,955
3730,3,532
3730,4,420
3730,5,101
3730,6,7
3731,0,448
3731,1,1278
3731,2,941
3731,3,549
3731,4,406
3731,5,101
3731,6,8
3732,0,446
3732,1,1264
3732,2,974
3732,3,555
3732,4,373
3732,5,115
3732,6,5
3733,0,451
3733,1,1295
3733,2,933
3733,3,511
3733,4,445
3733,5,88
3733,6,10
3734,0,448
3734,1,1257
3734,2,967
3734,3,558
3734,4,396
3734,5,102
3734,6,6
3735,0,433
3735,1,1310
3735,2,951
3735,3,507
3735,4,421
3735,5,106
3735,6,7
3736,0,448
3736,1,1266
3736,2,955
3736,3,564
3736,4,393
3736,5,102
3736,6,8
3737,0,451
3737,1,1267
3737,2,959
3737,3,554
3737,4,399
3737,5,101
3737,6,6
3738,0,440
3738,1,1311
3738,2,916
3738,3,538
3738,4,424
3738,5,104
3738,6,5
3739,0,454
3739,1,1273
3739,2,948
3739,3,552
3739,4,402
3739,5,104
3739,6,6
3740,0,428
3740,1,1311
3740,2,948
3740,3,534
3740,4,398
3740,5,117
3740,6,4
3741,0,460
3741,1,1271
3741,2,953
3741,3,531
3741,4,417
3741,5,104
3741,6,4
3741,7,1
3742,0,461
3742,1,1271
3742,2,935
3742,3,554
3742,4,422
3742,5,92
3742,6,7
3743,0,440
3743,1,1296
3743,2,930
3743,3,563
3743,4,403
3743,5,104
3743,6,7
3744,0,465
3744,1,1247
3744,2,962
3744,3,553
3744,4,414
3744,5,95
3744,6,8
3745,0,470
3745,1,1261
3745,2,955
3745,3,512
3745,4,436
3745,5,104
3745,6,7
3746,0,438
3746,1,1292
3746,2,956
3746,3,575
3746,4,371
3746,5,110
3746,6,4
3747,0,458
3747,1,1277
3747,2,936
3747,3,553
3747,4,408
3747,5,110
3747,6,5
3748,0,445
3748,1,1304
3748,2,927
3748,3,542
3748,4,427
3748,5,95
3748,6,8
3749,0,462
3749,1,1271
3749,2,938
3749,3,563
3749,4,402
3749,5,108
3749,6,5
3750,0,432
3750,1,1294
3750,2,978
3750,3,544
3750,4,381
3750,5,116
3750,6,5
3751,0,469
3751,1,1241
3751,2,972
3751,3,548
3751,4,410
3751,5,105
3751,6,6
3752,0,480
3752,1,1231
3752,2,969
3752,3,546
3752,4,419
3752,5,100
3752,6,7
3753,0,451
3753,1,1293
3753,2,936
3753,3,563
3753,4,400
3753,5,101
3753,6,9
3754,0,449
3754,1,1266
3754,2,973
3754,3,556
3754,4,403
3754,5,99
3754,6,8
3755,0,455
3755,1,1305
3755,2,919
3755,3,555
3755,4,412
3755,5,102
3755,6,7
3756,0,480
3756,1,1249
3756,2,947
3756,3,558
3756,4,396
3756,5,123
3756,6,3
3757,0,451
3757,1,1253
3757,2,999
3757,3,542
3757,4,400
3757,5,106
3757,6,6
3758,0,465
3758,1,1254
3758,2,986
3758,3,535
3758,4,418
3758,5,91
3758,6,9
3759,0,449
3759,1,1275
3759,2,971
3759,3,549
3759,4,401
3759,5,110
3759,6,4
3760,0,464
3760,1,1260
3760,2,961
3760,3,556
3760,4,404
3760,5,110
3760,6,5
3761,0,448
3761,1,1308
3761,2,939
3761,3,534
3761,4,414
3761,5,113
3761,6,5
3762,0,461
3762,1,1275
3762,2,960
3762,3,538
3762,4,417
3762,5,107
3762,6,3
3762,7,1
3763,0,450
3763,1,1294
3763,2,939
3763,3,560
3763,4,414
3763,5,100
3763,6,6
3764,0,456
3764,1,1263
3764,2,992
3764,3,532
3764,4,409
3764,5,105
3764,6,7
3765,0,446
3765,1,1303
3765,2,940
3765,3,561
3765,4,410
3765,5,97
3765,6,8
3766,0,452
3766,1,1291
3766,2,956
3766,3,558
3766,4,394
3766,5,109
3766,6,6
3767,0,437
3767,1,1314
3767,2,942
3767,3,544
3767,4,417
3767,5,105
3767,6,8
3768,0,449
3768,1,1298
3768,2,938
3768,3,555
3768,4,423
3768,5,98
3768,6,7
3769,0,463
3769,1,1260
3769,2,966
3769,3,569
3769,4,402
3769,5,100
3769,6,9
3770,0,471
3770,1,1264
3770,2,965
3770,3,547
3770,4,416
3770,5,101
3770,6,6
3771,0,447
3771,1,1286
3771,2,972
3771,3,563
3771,4,383
3771,5,113
3771,6,7
3772,0,466
3772,1,1269
3772,2,962
3772,3,547
3772,4,417
3772,5,105
3772,6,6
3773,0,462
3773,1,1262
3773,2,975
3773,3,561
3773,4,397
3773,5,113
3773,6,3
3774,0,462
3774,1,1274
3774,2,953
3774,3,573
3774,4,394
3774,5,110
3774,6,8
3775,0,461
3775,1,1249
3775,2,1024
3775,3,526
3775,4,402
3775,5,105
3775,6,8
3776,0,466
3776,1,1273
3776,2,951
3776,3,564
3776,4,402
3776,5,114
3776,6,6
3777,0,443
3777,1,1312
3777,2,959
3777,3,549
3777,4,400
3777,5,108
3777,6,6
3778,0,486
3778,1,1243
3778,2,961
3778,3,558
3778,4,420
3778,5,101
3778,6,9
3779,0,462
3779,1,1246
3779,2,990
3779,3,573
3779,4,404
3779,5,98
3779,6,6
3780,0,452
3780,1,1289
3780,2,972
3780,3,554
3780,4,389
3780,5,119
3780,6,5
3781,0,448
3781,1,1303
3781,2,948
3781,3,558
3781,4,412
3781,5,104
3781,6,8
3782,0,463
3782,1,1270
3782,2,985
3782,3,548
3782,4,397
3782,5,112
3782,6,7
3783,0,480
3783,1,1221
3783,2,1022
3783,3,560
3783,4,384
3783,5,114
3783,6,2
3784,0,431
3784,1,1323
3784,2,948
3784,3,565
3784,4,400
3784,5,109
3784,6,8
3785,0,472
3785,1,1265
3785,2,982
3785,3,537
3785,4,417
3785,5,105
3785,6,7
3786,0,463
3786,1,1266
3786,2,989
3786,3,545
3786,4,397
3786,5,121
3786,6,5
3787,0,454
3787,1,1296
3787,2,949
3787,3,582
3787,4,401
3787,5,96
3787,6,9
3788,0,508
3788,1,1212
3788,2,963
3788,3,571
3788,4,430
3788,5,100
3788,6,4
3789,0,459
3789,1,1280
3789,2,988
3789,3,538
3789,4,413
3789,5,100
3789,6,11
3790,0,452
3790,1,1302
3790,2,957
3790,3,560
3790,4,411
3790,5,100
3790,6,8
3791,0,471
3791,1,1242
3791,2,1002
3791,3,552
3791,4,410
3791,5,108
3791,6,6
3792,0,478
3792,1,1238
3792,2,1004
3792,3,556
3792,4,402
3792,5,107
3792,6,7
3793,0,466
3793,1,1265
3793,2,978
3793,3,568
3793,4,399
3793,5,112
3793,6,5
3794,0,464
3794,1,1279
3794,2,984
3794,3,546
3794,4,402
3794,5,111
3794,6,8
3795,0,449
3795,1,1299
3795,2,968
3795,3,560
3795,4,403
3795,5,112
3795,6,4
3796,0,460
3796,1,1318
3796,2,925
3796,3,549
3796,4,427
3796,5,111
3796,6,6
3797,0,453
3797,1,1303
3797,2,964
3797,3,547
3797,4,424
3797,5,98
3797,6,8
3798,0,463
3798,1,1275
3798,2,982
3798,3,563
3798,4,398
3798,5,111
3798,6,6
3799,0,451
3799,1,1302
3799,2,962
3799,3,558
3799,4,410
3799,5,111
3799,6,5
3800,0,463
3800,1,1281
3800,2,978
3800,3,569
3800,4,390
3800,5,113
3800,6,6
3801,0,462
3801,1,1295
3801,2,943
3801,3,569
3801,4,426
3801,5,97
3801,6,9
3802,0,471
3802,1,1259
3802,2,1008
3802,3,542
3802,4,402
3802,5,115
3802,6,5
3803,0,444
3803,1,1322
3803,2,952
3803,3,564
3803,4,411
3803,5,104
3803,6,6
3804,0,463
3804,1,1269
3804,2,1012
3804,3,540
3804,4,407
3804,5,103
3804,6,10
3805,0,475
3805,1,1265
3805,2,955
3805,3,578
3805,4,422
3805,5,104
3805,6,6
3806,0,456
3806,1,1289
3806,2,998
3806,3,545
3806,4,406
3806,5,106
3806,6,6
3807,0,441
3807,1,1349
3807,2,930
3807,3,534
3807,4,446
3807,5,101
3807,6,6
3808,0,457
3808,1,1297
3808,2,966
3808,3,574
3808,4,393
3808,5,116
3808,6,5
3809,0,458
3809,1,1283
3809,2,997
3809,3,544
3809,4,406
3809,5,114
3809,6,7
3810,0,459
3810,1,1287
3810,2,997
3810,3,542
3810,4,409
3810,5,111
3810,6,5
3811,0,475
3811,1,1269
3811,2,984
3811,3,565
3811,4,395
3811,5,114
3811,6,9
3812,0,459
3812,1,1293
3812,2,970
3812,3,564
3812,4,413
3812,5,107
3812,6,6
3813,0,466
3813,1,1306
3813,2,951
3813,3,552
3813,4,428
3813,5,102
3813,6,8
3814,0,455
3814,1,1308
3814,2,956
3814,3,583
3814,4,398
3814,5,108
3814,6,5
3814,7,1
3815,0,470
3815,1,1282
3815,2,960
3815,3,571
3815,4,426
3815,5,102
3815,6,4
3816,0,456
3816,1,1288
3816,2,1000
3816,3,556
3816,4,399
3816,5,109
3816,6,8
3817,0,475
3817,1,1266
3817,2,989
3817,3,559
3817,4,412
3817,5,109
3817,6,7
3818,0,482
3818,1,1264
3818,2,975
3818,3,577
3818,4,406
3818,5,108
3818,6,6
3819,0,457
3819,1,1298
3819,2,983
3819,3,554
3819,4,414
3819,5,107
3819,6,6
3820,0,472
3820,1,1279
3820,2,972
3820,3,563
3820,4,416
3820,5,112
3820,6,6
3821,0,454
3821,1,1315
3821,2,971
3821,3,555
3821,4,409
3821,5,111
3821,6,6
3822,0,446
3822,1,1320
3822,2,985
3822,3,539
3822,4,415
3822,5,111
3822,6,6
3823,0,446
3823,1,1322
3823,2,963
3823,3,555
3823,4,428
3823,5,102
3823,6,7
3824,0,464
3824,1,1281
3824,2,1015
3824,3,533
3824,4,416
3824,5,108
3824,6,7
3825,0,461
3825,1,1292
3825,2,982
3825,3,560
3825,4,420
3825,5,104
3825,6,5
3825,7,1
3826,0,460
3826,1,1312
3826,2,975
3826,3,554
3826,4,402
3826,5,116
3826,6,7
3827,0,458
3827,1,1319
3827,2,932
3827,3,589
3827,4,418
3827,5,106
3827,6,5
3828,0,453
3828,1,1306
3828,2,987
3828,3,572
3828,4,392
3828,5,114
3828,6,4
3829,0,477
3829,1,1281
3829,2,967
3829,3,568
3829,4,422
3829,5,106
3829,6,8
3830,0,465
3830,1,1297
3830,2,970
3830,3,570
3830,4,423
3830,5,97
3830,6,8
3831,0,494
3831,1,1267
3831,2,964
3831,3,559
3831,4,436
3831,5,104
3831,6,7
3832,0,453
3832,1,1319
3832,2,985
3832,3,539
3832,4,422
3832,5,104
3832,6,10
3833,0,448
3833,1,1329
3833,2,945
3833,3,576
3833,4,428
3833,5,100
3833,6,7
3834,0,471
3834,1,1285
3834,2,981
3834,3,580
3834,4,398
3834,5,114
3834,6,5
3835,0,467
3835,1,1294
3835,2,985
3835,3,553
3835,4,418
3835,5,114
3835,6,4
3836,0,463
3836,1,1305
3836,2,967
3836,3,578
3836,4,411
3836,5,104
3836,6,8
3837,0,476
3837,1,1295
3837,2,964
3837,3,568
3837,4,428
3837,5,96
3837,6,10
3838,0,463
3838,1,1289
3838,2,1003
3838,3,552
3838,4,418
3838,5,105
3838,6,8
3839,0,461
3839,1,1299
3839,2,983
3839,3,573
3839,4,414
3839,5,100
3839,6,9
3840,0,469
3840,1,1278
3840,2,1017
3840,3,539
3840,4,419
3840,5,112
3840,6,6
3841,0,471
3841,1,1304
3841,2,970
3841,3,572
3841,4,395
3841,5,126
3841,6,3
3842,0,468
3842,1,1286
3842,2,1005
3842,3,558
3842,4,401
3842,5,118
3842,6,6
3843,0,499
3843,1,1237
3843,2,977
3843,3,611
3843,4,405
3843,5,106
3843,6,8
3844,0,456
3844,1,1308
3844,2,996
3844,3,562
3844,4,408
3844,5,107
3844,6,7
3845,0,475
3845,1,1279
3845,2,1021
3845,3,531
3845,4,420
3845,5,111
3845,6,8
3846,0,450
3846,1,1317
3846,2,1015
3846,3,524
3846,4,423
3846,5,112
3846,6,5
3847,0,481
3847,1,1275
3847,2,987
3847,3,562
3847,4,422
3847,5,114
3847,6,6
3848,0,450
3848,1,1320
3848,2,1003
3848,3,539
3848,4,431
3848,5,98
3848,6,7
3849,0,464
3849,1,1314
3849,2,961
3849,3,572
3849,4,430
3849,5,99
3849,6,9
3850,0,469
3850,1,1305
3850,2,970
3850,3,580
3850,4,401
3850,5,120
3850,6,5
3851,0,466
3851,1,1307
3851,2,959
3851,3,594
3851,4,411
3851,5,107
3851,6,7
3852,0,502
3852,1,1231
3852,2,1014
3852,3,583
3852,4,410
3852,5,105
3852,6,7
3853,0,434
3853,1,1350
3853,2,993
3853,3,549
3853,4,407
3853,5,114
3853,6,5
3853,7,1
3854,0,470
3854,1,1293
3854,2,997
3854,3,550
3854,4,423
3854,5,115
3854,6,6
3855,0,459
3855,1,1331
3855,2,960
3855,3,569
3855,4,423
3855,5,108
3855,6,5
3856,0,471
3856,1,1290
3856,2,1008
3856,3,553
3856,4,418
3856,5,110
3856,6,6
3857,0,444
3857,1,1360
3857,2,969
3857,3,535
3857,4,426
3857,5,116
3857,6,7
3858,0,471
3858,1,1294
3858,2,981
3858,3,585
3858,4,410
3858,5,112
3858,6,5
3859,0,470
3859,1,1321
3859,2,966
3859,3,565
3859,4,423
3859,5,109
3859,6,5
3860,0,453
3860,1,1350
3860,2,945
3860,3,563
3860,4,432
3860,5,109
3860,6,8
3861,0,466
3861,1,1305
3861,2,986
3861,3,582
3861,4,408
3861,5,105
3861,6,9
3862,0,469
3862,1,1287
3862,2,1022
3862,3,558
3862,4,412
3862,5,107
3862,6,7
3863,0,458
3863,1,1316
3863,2,974
3863,3,582
3863,4,418
3863,5,110
3863,6,5
3864,0,461
3864,1,1322
3864,2,995
3864,3,546
3864,4,414
3864,5,121
3864,6,5
3865,0,485
3865,1,1264
3865,2,1000
3865,3,590
3865,4,422
3865,5,93
3865,6,11
3866,0,494
3866,1,1259
3866,2,1010
3866,3,566
3866,4,422
3866,5,109
3866,6,6
3867,0,427
3867,1,1387
3867,2,978
3867,3,531
3867,4,413
3867,5,127
3867,6,4
3868,0,454
3868,1,1345
3868,2,950
3868,3,579
3868,4,433
3868,5,97
3868,6,10
3869,0,468
3869,1,1321
3869,2,982
3869,3,555
3869,4,434
3869,5,100
3869,6,9
3870,0,464
3870,1,1310
3870,2,1003
3870,3,555
3870,4,422
3870,5,111
3870,6,5
3871,0,474
3871,1,1297
3871,2,981
3871,3,595
3871,4,408
3871,5,108
3871,6,8
3872,0,466
3872,1,1322
3872,2,967
3872,3,578
3872,4,424
3872,5,111
3872,6,4
3873,0,472
3873,1,1294
3873,2,1013
3873,3,563
3873,4,411
3873,5,112
3873,6,8
3874,0,453
3874,1,1346
3874,2,984
3874,3,547
3874,4,424
3874,5,115
3874,6,5
3875,0,480
3875,1,1304
3875,2,979
3875,3,555
3875,4,449
3875,5,99
3875,6,9
3876,0,484
3876,1,1280
3876,2,1009
3876,3,566
3876,4,423
3876,5,108
3876,6,6
3877,0,462
3877,1,1317
3877,2,1006
3877,3,554
3877,4,414
3877,5,115
3877,6,9
3878,0,476
3878,1,1296
3878,2,993
3878,3,587
3878,4,412
3878,5,108
3878,6,6
3879,0,476
3879,1,1289
3879,2,1012
3879,3,571
3879,4,416
3879,5,107
3879,6,8
3880,0,458
3880,1,1368
3880,2,915
3880,3,594
3880,4,428
3880,5,111
3880,6,5
3880,7,1
3881,0,474
3881,1,1296
3881,2,1014
3881,3,568
3881,4,419
3881,5,101
3881,6,9
3882,0,465
3882,1,1333
3882,2,960
3882,3,582
3882,4,431
3882,5,107
3882,6,4
3883,0,456
3883,1,1313
3883,2,1001
3883,3,572
3883,4,432
3883,5,98
3883,6,11
3884,0,480
3884,1,1304
3884,2,990
3884,3,586
3884,4,409
3884,5,107
3884,6,8
3885,0,474
3885,1,1318
3885,2,976
3885,3,571
3885,4,427
3885,5,114
3885,6,5
3886,0,455
3886,1,1334
3886,2,986
3886,3,576
3886,4,423
3886,5,104
3886,6,8
3887,0,475
3887,1,1307
3887,2,1002
3887,3,563
3887,4,417
3887,5,120
3887,6,3
3888,0,471
3888,1,1333
3888,2,971
3888,3,568
3888,4,423
3888,5,115
3888,6,6
3888,7,1
3889,0,464
3889,1,1317
3889,2,1014
3889,3,543
3889,4,428
3889,5,121
3889,6,2
3890,0,477
3890,1,1311
3890,2,1012
3890,3,530
3890,4,444
3890,5,109
3890,6,7
3891,0,457
3891,1,1338
3891,2,990
3891,3,571
3891,4,410
3891,5,120
3891,6,5
3892,0,466
3892,1,1288
3892,2,1020
3892,3,597
3892,4,414
3892,5,97
3892,6,10
3893,0,484
3893,1,1320
3893,2,966
3893,3,593
3893,4,415
3893,5,107
3893,6,8
3894,0,502
3894,1,1272
3894,2,997
3894,3,569
3894,4,440
3894,5,106
3894,6,8
3895,0,458
3895,1,1319
3895,2,1036
3895,3,542
3895,4,425
3895,5,106
3895,6,9
3896,0,453
3896,1,1335
3896,2,1009
3896,3,560
3896,4,416
3896,5,118
3896,6,5
3897,0,463
3897,1,1339
3897,2,1004
3897,3,541
3897,4,430
3897,5,112
3897,6,8
3898,0,454
3898,1,1333
3898,2,1018
3898,3,557
3898,4,414
3898,5,114
3898,6,8
3899,0,476
3899,1,1311
3899,2,999
3899,3,568
3899,4,430
3899,5,108
3899,6,7
3900,0,474
3900,1,1309
3900,2,1010
3900,3,573
3900,4,414
3900,5,114
3900,6,6
3901,0,461
3901,1,1330
3901,2,1013
3901,3,544
3901,4,418
3901,5,131
3901,6,4
3902,0,490
3902,1,1284
3902,2,1009
3902,3,582
3902,4,427
3902,5,101
3902,6,9
3903,0,471
3903,1,1336
3903,2,979
3903,3,560
3903,4,445
3903,5,107
3903,6,5
3904,0,483
3904,1,1297
3904,2,1015
3904,3,574
3904,4,418
3904,5,109
3904,6,8
3905,0,471
3905,1,1316
3905,2,990
3905,3,599
3905,4,417
3905,5,104
3905,6,8
3906,0,486
3906,1,1283
3906,2,1035
3906,3,560
3906,4,418
3906,5,117
3906,6,7
3907,0,477
3907,1,1323
3907,2,996
3907,3,571
3907,4,423
3907,5,111
3907,6,6
3908,0,478
3908,1,1314
3908,2,992
3908,3,586
3908,4,431
3908,5,99
3908,6,8
3909,0,473
3909,1,1303
3909,2,1010
3909,3,583
3909,4,415
3909,5,119
3909,6,6
3910,0,468
3910,1,1335
3910,2,995
3910,3,569
3910,4,430
3910,5,106
3910,6,6
3910,7,1
3911,0,476
3911,1,1328
3911,2,978
3911,3,584
3911,4,417
3911,5,124
3911,6,4
3912,0,461
3912,1,1332
3912,2,1024
3912,3,561
3912,4,410
3912,5,118
3912,6,6
3913,0,491
3913,1,1288
3913,2,1008
3913,3,586
3913,4,430
3913,5,100
3913,6,10
3914,0,468
3914,1,1318
3914,2,1017
3914,3,576
3914,4,404
3914,5,128
3914,6,3
3915,0,456
3915,1,1355
3915,2,996
3915,3,579
3915,4,404
3915,5,117
3915,6,8
3916,0,476
3916,1,1315
3916,2,994
3916,3,593
3916,4,422
3916,5,108
3916,6,8
3917,0,481
3917,1,1313
3917,2,1025
3917,3,541
3917,4,436
3917,5,115
3917,6,6
3918,0,481
3918,1,1319
3918,2,983
3918,3,582
3918,4,440
3918,5,103
3918,6,10
3919,0,475
3919,1,1327
3919,2,983
3919,3,595
3919,4,433
3919,5,97
3919,6,9
3920,0,455
3920,1,1360
3920,2,1004
3920,3,540
3920,4,443
3920,5,114
3920,6,4
3921,0,452
3921,1,1380
3921,2,968
3921,3,579
3921,4,411
3921,5,124
3921,6,7
3922,0,475
3922,1,1314
3922,2,1013
3922,3,572
3922,4,433
3922,5,107
3922,6,8
3923,0,459
3923,1,1365
3923,2,988
3923,3,550
3923,4,438
3923,5,120
3923,6,3
3924,0,463
3924,1,1347
3924,2,1007
3924,3,555
3924,4,439
3924,5,105
3924,6,8
3925,0,467
3925,1,1327
3925,2,1017
3925,3,558
3925,4,438
3925,5,112
3925,6,6
3926,0,490
3926,1,1302
3926,2,1003
3926,3,590
3926,4,427
3926,5,105
3926,6,9
3927,0,457
3927,1,1362
3927,2,1002
3927,3,557
3927,4,425
3927,5,118
3927,6,6
3928,0,462
3928,1,1333
3928,2,1018
3928,3,581
3928,4,416
3928,5,110
3928,6,8
3929,0,480
3929,1,1335
3929,2,965
3929,3,605
3929,4,428
3929,5,108
3929,6,8
3930,0,459
3930,1,1362
3930,2,1001
3930,3,552
3930,4,437
3930,5,109
3930,6,10
3931,0,485
3931,1,1327
3931,2,986
3931,3,573
3931,4,446
3931,5,109
3931,6,5
3932,0,477
3932,1,1328
3932,2,992
3932,3,589
3932,4,429
3932,5,111
3932,6,6
3933,0,482
3933,1,1293
3933,2,1040
3933,3,589
3933,4,407
3933,5,115
3933,6,7
3934,0,463
3934,1,1369
3934,2,968
3934,3,579
3934,4,434
3934,5,117
3934,6,3
3934,7,1
3935,0,482
3935,1,1291
3935,2,1045
3935,3,574
3935,4,434
3935,5,99
3935,6,10
3936,0,480
3936,1,1325
3936,2,1000
3936,3,583
3936,4,425
3936,5,117
3936,6,6
3937,0,490
3937,1,1278
3937,2,1065
3937,3,585
3937,4,397
3937,5,115
3937,6,7
3938,0,491
3938,1,1304
3938,2,1006
3938,3,588
3938,4,421
3938,5,122
3938,6,6
3939,0,480
3939,1,1330
3939,2,998
3939,3,584
3939,4,423
3939,5,116
3939,6,8
3940,0,476
3940,1,1310
3940,2,1060
3940,3,537
3940,4,441
3940,5,104
3940,6,12
3941,0,491
3941,1,1299
3941,2,1027
3941,3,581
3941,4,427
3941,5,111
3941,6,5
3942,0,467
3942,1,1340
3942,2,1011
3942,3,576
3942,4,421
3942,5,120
3942,6,7
3943,0,483
3943,1,1326
3943,2,1000
3943,3,586
3943,4,428
3943,5,115
3943,6,5
3944,0,497
3944,1,1267
3944,2,1040
3944,3,619
3944,4,403
3944,5,111
3944,6,7
3945,0,476
3945,1,1346
3945,2,1004
3945,3,570
3945,4,422
3945,5,122
3945,6,4
3945,7,1
3946,0,469
3946,1,1328
3946,2,1020
3946,3,589
3946,4,416
3946,5,117
3946,6,7
3947,0,471
3947,1,1321
3947,2,1037
3947,3,587
3947,4,410
3947,5,115
3947,6,6
3948,0,504
3948,1,1321
3948,2,966
3948,3,593
3948,4,449
3948,5,110
3948,6,5
3949,0,463
3949,1,1344
3949,2,1022
3949,3,573
3949,4,430
3949,5,108
3949,6,9
3950,0,486
3950,1,1322
3950,2,988
3950,3,604
3950,4,439
3950,5,104
3950,6,7
3951,0,482
3951,1,1344
3951,2,1002
3951,3,563
3951,4,431
3951,5,121
3951,6,8
3952,0,461
3952,1,1361
3952,2,1008
3952,3,579
3952,4,418
3952,5,122
3952,6,3
3953,0,491
3953,1,1293
3953,2,1031
3953,3,605
3953,4,414
3953,5,112
3953,6,7
3954,0,471
3954,1,1344
3954,2,996
3954,3,603
3954,4,421
3954,5,110
3954,6,9
3955,0,474
3955,1,1351
3955,2,1008
3955,3,566
3955,4,432
3955,5,119
3955,6,4
3955,7,1
3956,0,484
3956,1,1347
3956,2,982
3956,3,575
3956,4,449
3956,5,115
3956,6,4
3957,0,492
3957,1,1302
3957,2,1046
3957,3,570
3957,4,427
3957,5,110
3957,6,10
3958,0,475
3958,1,1315
3958,2,1050
3958,3,570
3958,4,434
3958,5,106
3958,6,8
3959,0,472
3959,1,1349
3959,2,1012
3959,3,572
3959,4,434
3959,5,114
3959,6,6
3960,0,477
3960,1,1347
3960,2,1004
3960,3,580
3960,4,431
3960,5,114
3960,6,7
3961,0,470
3961,1,1345
3961,2,1015
3961,3,575
3961,4,435
3961,5,114
3961,6,7
3962,0,483
3962,1,1325
3962,2,1011
3962,3,597
3962,4,435
3962,5,102
3962,6,9
3963,0,486
3963,1,1309
3963,2,1041
3963,3,579
3963,4,432
3963,5,104
3963,6,12
3964,0,477
3964,1,1366
3964,2,991
3964,3,567
3964,4,443
3964,5,115
3964,6,5
3965,0,462
3965,1,1355
3965,2,1021
3965,3,586
3965,4,414
3965,5,119
3965,6,8
3966,0,481
3966,1,1325
3966,2,1029
3966,3,588
3966,4,418
3966,5,119
3966,6,6
3967,0,486
3967,1,1369
3967,2,938
3967,3,597
3967,4,462
3967,5,107
3967,6,8
3968,0,474
3968,1,1358
3968,2,1025
3968,3,551
3968,4,437
3968,5,120
3968,6,3
3969,0,478
3969,1,1336
3969,2,1004
3969,3,609
3969,4,423
3969,5,109
3969,6,10
3970,0,485
3970,1,1327
3970,2,1024
3970,3,577
3970,4,444
3970,5,105
3970,6,8
3971,0,463
3971,1,1346
3971,2,1047
3971,3,567
3971,4,422
3971,5,119
3971,6,7
3972,0,487
3972,1,1344
3972,2,1008
3972,3,573
3972,4,443
3972,5,109
3972,6,8
3973,0,457
3973,1,1377
3973,2,1000
3973,3,587
3973,4,426
3973,5,118
3973,6,8
3974,0,474
3974,1,1351
3974,2,1006
3974,3,595
3974,4,434
3974,5,104
3974,6,10
3975,0,483
3975,1,1351
3975,2,1007
3975,3,575
3975,4,438
3975,5,116
3975,6,5
3976,0,475
3976,1,1349
3976,2,1018
3976,3,573
3976,4,435
3976,5,120
3976,6,6
3977,0,477
3977,1,1348
3977,2,1025
3977,3,565
3977,4,444
3977,5,111
3977,6,7
3978,0,489
3978,1,1334
3978,2,1015
3978,3,589
3978,4,421
3978,5,125
3978,6,5
3979,0,487
3979,1,1304
3979,2,1063
3979,3,584
3979,4,418
3979,5,115
3979,6,8
3980,0,486
3980,1,1307
3980,2,1053
3980,3,595
3980,4,420
3980,5,110
3980,6,9
3981,0,512
3981,1,1291
3981,2,1011
3981,3,625
3981,4,428
3981,5,106
3981,6,8
3982,0,491
3982,1,1338
3982,2,1018
3982,3,575
3982,4,438
3982,5,116
3982,6,6
3983,0,478
3983,1,1343
3983,2,1015
3983,3,600
3983,4,428
3983,5,112
3983,6,7
3984,0,496
3984,1,1330
3984,2,1014
3984,3,582
3984,4,444
3984,5,108
3984,6,10
3985,0,479
3985,1,1343
3985,2,1034
3985,3,576
3985,4,429
3985,5,118
3985,6,6
3986,0,458
3986,1,1376
3986,2,1013
3986,3,594
3986,4,427
3986,5,108
3986,6,10
3987,0,485
3987,1,1343
3987,2,1016
3987,3,576
3987,4,447
3987,5,113
3987,6,7
3988,0,474
3988,1,1371
3988,2,1016
3988,3,567
3988,4,437
3988,5,117
3988,6,6
3989,0,478
3989,1,1365
3989,2,994
3989,3,599
3989,4,434
3989,5,110
3989,6,9
3990,0,502
3990,1,1303
3990,2,1031
3990,3,601
3990,4,430
3990,5,115
3990,6,8
3991,0,490
3991,1,1307
3991,2,1068
3991,3,584
3991,4,420
3991,5,116
3991,6,5
3991,7,1
3992,0,466
3992,1,1386
3992,2,995
3992,3,579
3992,4,446
3992,5,114
3992,6,6
3993,0,468
3993,1,1371
3993,2,1022
3993,3,585
3993,4,418
3993,5,125
3993,6,4
3994,0,480
3994,1,1332
3994,2,1041
3994,3,580
3994,4,447
3994,5,104
3994,6,10
3995,0,495
3995,1,1325
3995,2,1035
3995,3,598
3995,4,409
3995,5,126
3995,6,7
3996,0,483
3996,1,1327
3996,2,1039
3996,3,605
3996,4,421
3996,5,113
3996,6,8
3997,0,475
3997,1,1345
3997,2,1068
3997,3,563
3997,4,415
3997,5,125
3997,6,6
3998,0,487
3998,1,1353
3998,2,1008
3998,3,571
3998,4,468
3998,5,102
3998,6,9
3999,0,490
3999,1,1349
3999,2,1020
3999,3,571
3999,4,445
3999,5,119
3999,6,5
4000,0,465
4000,1,1415
4000,2,962
4000,3,594
4000,4,435
4000,5,122
4000,6,7
4001,0,473
4001,1,1363
4001,2,1021
4001,3,589
4001,4,439
4001,5,107
4001,6,9
4002,0,491
4002,1,1346
4002,2,1009
4002,3,597
4002,4,434
4002,5,119
4002,6,6
4003,0,496
4003,1,1330
4003,2,1015
4003,3,606
4003,4,442
4003,5,106
4003,6,8
4004,0,464
4004,1,1387
4004,2,1012
4004,3,590
4004,4,422
4004,5,124
4004,6,5
4005,0,481
4005,1,1360
4005,2,1023
4005,3,584
4005,4,433
4005,5,117
4005,6,6
4005,7,1
4006,0,458
4006,1,1367
4006,2,1051
4006,3,574
4006,4,438
4006,5,108
4006,6,10
4007,0,474
4007,1,1370
4007,2,1015
4007,3,586
4007,4,439
4007,5,119
4007,6,4
4008,0,508
4008,1,1295
4008,2,1065
4008,3,583
4008,4,436
4008,5,112
4008,6,9
4009,0,501
4009,1,1322
4009,2,1043
4009,3,589
4009,4,426
4009,5,124
4009,6,4
4010,0,472
4010,1,1392
4010,2,1004
4010,3,571
4010,4,441
4010,5,124
4010,6,6
4011,0,471
4011,1,1362
4011,2,1033
4011,3,592
4011,4,432
4011,5,113
4011,6,8
4012,0,490
4012,1,1326
4012,2,1047
4012,3,606
4012,4,422
4012,5,111
4012,6,10
4013,0,472
4013,1,1374
4013,2,1020
4013,3,580
4013,4,457
4013,5,102
4013,6,7
4013,7,1
4014,0,484
4014,1,1349
4014,2,1027
4014,3,606
4014,4,419
4014,5,124
4014,6,5
4015,0,494
4015,1,1351
4015,2,1025
4015,3,565
4015,4,449
4015,5,124
4015,6,7
4016,0,476
4016,1,1371
4016,2,1021
4016,3,590
4016,4,436
4016,5,116
4016,6,6
4017,0,503
4017,1,1320
4017,2,1055
4017,3,577
4017,4,439
4017,5,116
4017,6,7
4018,0,466
4018,1,1384
4018,2,1037
4018,3,567
4018,4,427
4018,5,132
4018,6,5
4019,0,470
4019,1,1375
4019,2,1021
4019,3,580
4019,4,461
4019,5,104
4019,6,8
4020,0,479
4020,1,1376
4020,2,1016
4020,3,586
4020,4,439
4020,5,118
4020,6,6
4021,0,476
4021,1,1364
4021,2,1032
4021,3,598
4021,4,424
4021,5,119
4021,6,8
4022,0,479
4022,1,1354
4022,2,1038
4022,3,590
4022,4,443
4022,5,111
4022,6,7
4023,0,487
4023,1,1361
4023,2,1040
4023,3,554
4023,4,456
4023,5,116
4023,6,9
4024,0,491
4024,1,1350
4024,2,1025
4024,3,606
4024,4,431
4024,5,114
4024,6,7
4025,0,504
4025,1,1337
4025,2,1000
4025,3,625
4025,4,439
4025,5,111
4025,6,9
4026,0,496
4026,1,1321
4026,2,1067
4026,3,592
4026,4,421
4026,5,120
4026,6,9
4027,0,481
4027,1,1342
4027,2,1061
4027,3,596
4027,4,429
4027,5,109
4027,6,9
4028,0,479
4028,1,1370
4028,2,1018
4028,3,598
4028,4,446
4028,5,113
4028,6,3
4028,7,1
4029,0,503
4029,1,1329
4029,2,1039
4029,3,593
4029,4,438
4029,5,119
4029,6,8
4030,0,477
4030,1,1379
4030,2,1011
4030,3,597
4030,4,439
4030,5,123
4030,6,4
4031,0,484
4031,1,1346
4031,2,1053
4031,3,605
4031,4,422
4031,5,113
4031,6,8
4032,0,494
4032,1,1357
4032,2,1018
4032,3,603
4032,4,428
4032,5,126
4032,6,6
4033,0,495
4033,1,1338
4033,2,1034
4033,3,606
4033,4,446
4033,5,105
4033,6,9
4034,0,470
4034,1,1373
4034,2,1070
4034,3,557
4034,4,427
4034,5,131
4034,6,6
4035,0,491
4035,1,1359
4035,2,1010
4035,3,621
4035,4,435
4035,5,110
4035,6,9
4036,0,496
4036,1,1351
4036,2,1027
4036,3,592
4036,4,447
4036,5,116
4036,6,7
4037,0,493
4037,1,1347
4037,2,1047
4037,3,589
4037,4,435
4037,5,117
4037,6,9
4038,0,485
4038,1,1357
4038,2,1021
4038,3,626
4038,4,427
4038,5,118
4038,6,3
4038,7,1
4039,0,463
4039,1,1417
4039,2,1022
4039,3,559
4039,4,458
4039,5,112
4039,6,8
4040,0,470
4040,1,1371
4040,2,1063
4040,3,570
4040,4,433
4040,5,126
4040,6,7
4041,0,481
4041,1,1373
4041,2,1040
4041,3,575
4041,4,451
4041,5,116
4041,6,5
4042,0,471
4042,1,1396
4042,2,1011
4042,3,595
4042,4,450
4042,5,111
4042,6,8
4043,0,497
4043,1,1362
4043,2,999
4043,3,620
4043,4,447
4043,5,110
4043,6,8
4044,0,467
4044,1,1385
4044,2,1054
4044,3,588
4044,4,418
4044,5,125
4044,6,7
4045,0,491
4045,1,1349
4045,2,1054
4045,3,578
4045,4,456
4045,5,106
4045,6,11
4046,0,489
4046,1,1358
4046,2,1039
4046,3,601
4046,4,439
4046,5,113
4046,6,7
4047,0,490
4047,1,1395
4047,2,983
4047,3,588
4047,4,465
4047,5,119
4047,6,7
4048,0,487
4048,1,1395
4048,2,997
4048,3,599
4048,4,442
4048,5,121
4048,6,7
4049,0,492
4049,1,1332
4049,2,1099
4049,3,565
4049,4,445
4049,5,106
4049,6,10
4050,0,477
4050,1,1360
4050,2,1059
4050,3,596
4050,4,431
4050,5,119
4050,6,8
4051,0,492
4051,1,1347
4051,2,1065
4051,3,567
4051,4,449
4051,5,126
4051,6,5
4052,0,516
4052,1,1329
4052,2,1042
4052,3,597
4052,4,444
4052,5,115
4052,6,9
4053,0,489
4053,1,1350
4053,2,1064
4053,3,599
4053,4,415
4053,5,131
4053,6,5
4054,0,483
4054,1,1392
4054,2,995
4054,3,612
4054,4,463
4054,5,98
4054,6,11
4055,0,473
4055,1,1381
4055,2,1039
4055,3,606
4055,4,439
4055,5,108
4055,6,9
4056,0,475
4056,1,1405
4056,2,1018
4056,3,582
4056,4,447
4056,5,122
4056,6,7
4057,0,501
4057,1,1333
4057,2,1042
4057,3,614
4057,4,452
4057,5,107
4057,6,8
4058,0,491
4058,1,1350
4058,2,1064
4058,3,605
4058,4,425
4058,5,112
4058,6,11
4059,0,491
4059,1,1359
4059,2,1057
4059,3,579
4059,4,443
4059,5,123
4059,6,7
4060,0,508
4060,1,1355
4060,2,1031
4060,3,594
4060,4,447
4060,5,120
4060,6,5
4061,0,495
4061,1,1347
4061,2,1042
4061,3,604
4061,4,453
4061,5,112
4061,6,8
4062,0,488
4062,1,1371
4062,2,1045
4062,3,600
4062,4,428
4062,5,122
4062,6,8
4063,0,482
4063,1,1388
4063,2,1023
4063,3,600
4063,4,453
4063,5,107
4063,6,10
4064,0,492
4064,1,1374
4064,2,1026
4064,3,602
4064,4,443
4064,5,124
4064,6,3
4065,0,464
4065,1,1400
4065,2,1056
4065,3,568
4065,4,451
4065,5,116
4065,6,10
4066,0,501
4066,1,1339
4066,2,1082
4066,3,577
4066,4,434
4066,5,128
4066,6,5
4067,0,464
4067,1,1416
4067,2,1030
4067,3,590
4067,4,427
4067,5,138
4067,6,1
4067,7,1
4068,0,481
4068,1,1382
4068,2,1043
4068,3,597
4068,4,448
4068,5,109
4068,6,8
4069,0,489
4069,1,1370
4069,2,1047
4069,3,589
4069,4,445
4069,5,122
4069,6,7
4070,0,482
4070,1,1376
4070,2,1070
4070,3,567
4070,4,446
4070,5,122
4070,6,7
4071,0,489
4071,1,1356
4071,2,1087
4071,3,578
4071,4,438
4071,5,116
4071,6,7
4072,0,506
4072,1,1358
4072,2,1023
4072,3,613
4072,4,443
4072,5,119
4072,6,10
4073,0,502
4073,1,1324
4073,2,1078
4073,3,614
4073,4,432
4073,5,117
4073,6,6
4074,0,497
4074,1,1362
4074,2,1046
4074,3,595
4074,4,457
4074,5,107
4074,6,10
4075,0,497
4075,1,1381
4075,2,1012
4075,3,617
4075,4,443
4075,5,115
4075,6,10
4076,0,505
4076,1,1369
4076,2,1029
4076,3,580
4076,4,470
4076,5,117
4076,6,6
4077,0,459
4077,1,1386
4077,2,1093
4077,3,600
4077,4,410
4077,5,120
4077,6,9
4078,0,500
4078,1,1360
4078,2,1033
4078,3,619
4078,4,442
4078,5,115
4078,6,9
4079,0,498
4079,1,1378
4079,2,1017
4079,3,601
4079,4,467
4079,5,114
4079,6,4
4080,0,502
4080,1,1346
4080,2,1060
4080,3,624
4080,4,416
4080,5,123
4080,6,9
4081,0,486
4081,1,1373
4081,2,1082
4081,3,565
4081,4,440
4081,5,130
4081,6,5
4082,0,493
4082,1,1369
4082,2,1039
4082,3,614
4082,4,447
4082,5,111
4082,6,9
4083,0,490
4083,1,1367
4083,2,1063
4083,3,589
4083,4,445
4083,5,120
4083,6,9
4084,0,490
4084,1,1388
4084,2,1044
4084,3,590
4084,4,435
4084,5,132
4084,6,5
4085,0,498
4085,1,1353
4085,2,1060
4085,3,598
4085,4,466
4085,5,99
4085,6,11
4086,0,469
4086,1,1421
4086,2,1041
4086,3,578
4086,4,450
4086,5,119
4086,6,8
4087,0,495
4087,1,1374
4087,2,1047
4087,3,584
4087,4,461
4087,5,122
4087,6,3
4087,7,1
4088,0,492
4088,1,1408
4088,2,997
4088,3,619
4088,4,446
4088,5,120
4088,6,6
4089,0,495
4089,1,1369
4089,2,1065
4089,3,604
4089,4,420
4089,5,129
4089,6,7
4090,0,506
4090,1,1328
4090,2,1079
4090,3,601
4090,4,458
4090,5,109
4090,6,9
4091,0,502
4091,1,1368
4091,2,1041
4091,3,622
4091,4,433
4091,5,117
4091,6,8
4092,0,477
4092,1,1381
4092,2,1092
4092,3,575
4092,4,426
4092,5,133
4092,6,8
4093,0,506
4093,1,1361
4093,2,1027
4093,3,620
4093,4,458
4093,5,112
4093,6,9
4094,0,486
4094,1,1365
4094,2,1089
4094,3,590
4094,4,442
4094,5,113
4094,6,9
4095,0,500
4095,1,1370
4095,2,1037
4095,3,622
4095,4,437
4095,5,123
4095,6,6
4096,0,491
4096,1,1379
4096,2,1058
4096,3,597
4096,4,456
4096,5,104
4096,6,11
4097,0,510
4097,1,1345
4097,2,1037
4097,3,637
4097,4,451
4097,5,110
4097,6,7
4098,0,504
4098,1,1374
4098,2,1047
4098,3,595
4098,4,458
4098,5,107
4098,6,13
4099,0,478
4099,1,1402
4099,2,1054
4099,3,595
4099,4,430
4099,5,135
4099,6,5
4100,0,514
4100,1,1315
4100,2,1109
4100,3,594
4100,4,441
4100,5,118
4100,6,9
4101,0,490
4101,1,1406
4101,2,1019
4101,3,606
4101,4,453
4101,5,122
4101,6,5
4102,0,476
4102,1,1410
4102,2,1044
4102,3,607
4102,4,431
4102,5,130
4102,6,3
4102,7,1
4103,0,497
4103,1,1378
4103,2,1030
4103,3,634
4103,4,440
4103,5,115
4103,6,9
4104,0,483
4104,1,1390
4104,2,1067
4104,3,593
4104,4,444
4104,5,122
4104,6,5
4105,0,480
4105,1,1397
4105,2,1049
4105,3,608
4105,4,444
4105,5,118
4105,6,9
4106,0,502
4106,1,1352
4106,2,1080
4106,3,617
4106,4,426
4106,5,122
4106,6,7
4107,0,505
4107,1,1378
4107,2,1037
4107,3,606
4107,4,448
4107,5,125
4107,6,8
4108,0,479
4108,1,1379
4108,2,1102
4108,3,577
4108,4,444
4108,5,116
4108,6,11
4109,0,483
4109,1,1418
4109,2,1032
4109,3,602
4109,4,446
4109,5,125
4109,6,3
4110,0,499
4110,1,1380
4110,2,1035
4110,3,622
4110,4,446
4110,5,120
4110,6,8
4111,0,509
4111,1,1375
4111,2,1051
4111,3,580
4111,4,461
4111,5,129
4111,6,6
4112,0,486
4112,1,1370
4112,2,1091
4112,3,605
4112,4,425
4112,5,128
4112,6,7
4113,0,488
4113,1,1389
4113,2,1063
4113,3,606
4113,4,445
4113,5,114
4113,6,8
4114,0,498
4114,1,1373
4114,2,1073
4114,3,574
4114,4,469
4114,5,118
4114,6,9
4115,0,494
4115,1,1382
4115,2,1043
4115,3,630
4115,4,451
4115,5,105
4115,6,10
4116,0,511
4116,1,1344
4116,2,1096
4116,3,600
4116,4,433
4116,5,126
4116,6,6
4117,0,529
4117,1,1339
4117,2,1060
4117,3,617
4117,4,436
4117,5,128
4117,6,8
4118,0,498
4118,1,1375
4118,2,1051
4118,3,615
4118,4,459
4118,5,112
4118,6,8
4119,0,494
4119,1,1372
4119,2,1079
4119,3,600
4119,4,442
4119,5,123
4119,6,9
4120,0,509
4120,1,1383
4120,2,1054
4120,3,589
4120,4,466
4120,5,112
4120,6,7
4121,0,482
4121,1,1419
4121,2,1017
4121,3,631
4121,4,445
4121,5,121
4121,6,6
4122,0,509
4122,1,1338
4122,2,1100
4122,3,606
4122,4,445
4122,5,113
4122,6,11
4123,0,497
4123,1,1385
4123,2,1054
4123,3,623
4123,4,439
4123,5,115
4123,6,10
4124,0,506
4124,1,1389
4124,2,1032
4124,3,599
4124,4,478
4124,5,114
4124,6,6
4125,0,499
4125,1,1386
4125,2,1071
4125,3,586
4125,4,444
4125,5,131
4125,6,8
4126,0,508
4126,1,1365
4126,2,1069
4126,3,614
4126,4,442
4126,5,121
4126,6,7
4127,0,487
4127,1,1382
4127,2,1083
4127,3,598
4127,4,448
4127,5,124
4127,6,5
4128,0,489
4128,1,1413
4128,2,1048
4128,3,591
4128,4,457
4128,5,123
4128,6,7
4129,0,472
4129,1,1437
4129,2,1044
4129,3,592
4129,4,454
4129,5,122
4129,6,8
4130,0,516
4130,1,1352
4130,2,1059
4130,3,630
4130,4,452
4130,5,114
4130,6,7
4131,0,505
4131,1,1385
4131,2,1040
4131,3,623
4131,4,452
4131,5,115
4131,6,11
4132,0,501
4132,1,1363
4132,2,1097
4132,3,610
4132,4,424
4132,5,130
4132,6,7
4133,0,486
4133,1,1418
4133,2,1037
4133,3,607
4133,4,459
4133,5,121
4133,6,5
4134,0,508
4134,1,1383
4134,2,1044
4134,3,619
4134,4,454
4134,5,115
4134,6,11
4135,0,487
4135,1,1394
4135,2,1084
4135,3,587
4135,4,464
4135,5,111
4135,6,7
4135,7,1
4136,0,493
4136,1,1395
4136,2,1060
4136,3,620
4136,4,429
4136,5,133
4136,6,6
4137,0,505
4137,1,1393
4137,2,1038
4137,3,608
4137,4,473
4137,5,111
4137,6,9
4138,0,493
4138,1,1382
4138,2,1093
4138,3,604
4138,4,433
4138,5,126
4138,6,7
4139,0,493
4139,1,1395
4139,2,1049
4139,3,636
4139,4,438
4139,5,120
4139,6,8
4140,0,490
4140,1,1418
4140,2,1034
4140,3,611
4140,4,460
4140,5,119
4140,6,8
4141,0,488
4141,1,1410
4141,2,1067
4141,3,581
4141,4,466
4141,5,122
4141,6,7
4142,0,486
4142,1,1418
4142,2,1045
4142,3,616
4142,4,453
4142,5,115
4142,6,9
4143,0,481
4143,1,1423
4143,2,1063
4143,3,581
4143,4,467
4143,5,119
4143,6,9
4144,0,488
4144,1,1418
4144,2,1047
4144,3,597
4144,4,481
4144,5,104
4144,6,9
4145,0,481
4145,1,1428
4145,2,1044
4145,3,605
4145,4,455
4145,5,127
4145,6,5
4146,0,501
4146,1,1397
4146,2,1056
4146,3,617
4146,4,447
4146,5,122
4146,6,6
4147,0,490
4147,1,1401
4147,2,1072
4147,3,615
4147,4,447
4147,5,109
4147,6,13
4148,0,478
4148,1,1429
4148,2,1046
4148,3,602
4148,4,464
4148,5,121
4148,6,8
4149,0,510
4149,1,1398
4149,2,1038
4149,3,619
4149,4,450
4149,5,128
4149,6,5
4149,7,1
4150,0,505
4150,1,1398
4150,2,1040
4150,3,624
4150,4,456
4150,5,121
4150,6,6
4151,0,514
4151,1,1348
4151,2,1102
4151,3,620
4151,4,435
4151,5,124
4151,6,8
4152,0,493
4152,1,1399
4152,2,1089
4152,3,594
4152,4,444
4152,5,128
4152,6,5
4153,0,480
4153,1,1442
4153,2,1041
4153,3,585
4153,4,469
4153,5,129
4153,6,7
4154,0,508
4154,1,1380
4154,2,1086
4154,3,602
4154,4,447
4154,5,123
4154,6,8
4155,0,492
4155,1,1389
4155,2,1090
4155,3,603
4155,4,449
4155,5,123
4155,6,9
4156,0,500
4156,1,1389
4156,2,1091
4156,3,579
4156,4,464
4156,5,126
4156,6,7
4157,0,506
4157,1,1374
4157,2,1083
4157,3,623
4157,4,454
4157,5,106
4157,6,11
4158,0,514
4158,1,1370
4158,2,1068
4158,3,637
4158,4,433
4158,5,131
4158,6,5
4159,0,510
4159,1,1350
4159,2,1127
4159,3,617
4159,4,408
4159,5,141
4159,6,5
4159,7,1
4160,0,497
4160,1,1402
4160,2,1043
4160,3,649
4160,4,444
4160,5,118
4160,6,7
4161,0,533
4161,1,1339
4161,2,1078
4161,3,638
4161,4,444
4161,5,120
4161,6,9
4162,0,520
4162,1,1356
4162,2,1090
4162,3,618
4162,4,447
4162,5,122
4162,6,9
4163,0,480
4163,1,1445
4163,2,1055
4163,3,568
4163,4,487
4163,5,121
4163,6,7
4164,0,513
4164,1,1393
4164,2,1046
4164,3,629
4164,4,458
4164,5,117
4164,6,8
4165,0,493
4165,1,1389
4165,2,1125
4165,3,578
4165,4,443
4165,5,127
4165,6,10
4166,0,489
4166,1,1410
4166,2,1083
4166,3,590
4166,4,469
4166,5,119
4166,6,6
4167,0,489
4167,1,1423
4167,2,1064
4167,3,600
4167,4,462
4167,5,120
4167,6,9
4168,0,509
4168,1,1390
4168,2,1061
4168,3,619
4168,4,463
4168,5,116
4168,6,10
4169,0,499
4169,1,1382
4169,2,1090
4169,3,632
4169,4,439
4169,5,119
4169,6,8
4170,0,501
4170,1,1407
4170,2,1059
4170,3,620
4170,4,453
4170,5,123
4170,6,7
4171,0,526
4171,1,1345
4171,2,1108
4171,3,631
4171,4,426
4171,5,129
4171,6,5
4171,7,1
4172,0,522
4172,1,1374
4172,2,1059
4172,3,626
4172,4,456
4172,5,128
4172,6,7
4173,0,491
4173,1,1416
4173,2,1063
4173,3,623
4173,4,450
4173,5,125
4173,6,5
4174,0,492
4174,1,1417
4174,2,1083
4174,3,586
4174,4,470
4174,5,116
4174,6,10
4175,0,501
4175,1,1391
4175,2,1088
4175,3,631
4175,4,427
4175,5,128
4175,6,9
4176,0,513
4176,1,1384
4176,2,1079
4176,3,604
4176,4,462
4176,5,127
4176,6,7
4177,0,490
4177,1,1397
4177,2,1103
4177,3,625
4177,4,426
4177,5,127
4177,6,9
4178,0,487
4178,1,1431
4178,2,1054
4178,3,634
4178,4,444
4178,5,121
4178,6,7
4179,0,516
4179,1,1383
4179,2,1092
4179,3,590
4179,4,463
4179,5,128
4179,6,7
4180,0,529
4180,1,1350
4180,2,1102
4180,3,611
4180,4,448
4180,5,134
4180,6,6
4181,0,503
4181,1,1387
4181,2,1092
4181,3,619
4181,4,451
4181,5,122
4181,6,7
4182,0,513
4182,1,1401
4182,2,1066
4182,3,609
4182,4,459
4182,5,125
4182,6,9
4183,0,533
4183,1,1352
4183,2,1084
4183,3,629
4183,4,463
4183,5,114
4183,6,8
4184,0,486
4184,1,1406
4184,2,1111
4184,3,595
4184,4,459
4184,5,118
4184,6,9
4185,0,488
4185,1,1451
4185,2,1035
4185,3,615
4185,4,459
4185,5,130
4185,6,7
4186,0,506
4186,1,1400
4186,2,1089
4186,3,606
4186,4,454
4186,5,124
4186,6,7
4187,0,494
4187,1,1411
4187,2,1076
4187,3,617
4187,4,463
4187,5,119
4187,6,6
4187,7,1
4188,0,515
4188,1,1374
4188,2,1101
4188,3,628
4188,4,436
4188,5,126
4188,6,8
4189,0,515
4189,1,1381
4189,2,1080
4189,3,634
4189,4,448
4189,5,122
4189,6,9
4190,0,484
4190,1,1458
4190,2,1071
4190,3,573
4190,4,462
4190,5,137
4190,6,5
4191,0,525
4191,1,1361
4191,2,1096
4191,3,640
4191,4,433
4191,5,128
4191,6,8
4192,0,500
4192,1,1422
4192,2,1052
4192,3,622
4192,4,468
4192,5,121
4192,6,7
4193,0,510
4193,1,1376
4193,2,1113
4193,3,605
4193,4,460
4193,5,119
4193,6,10
4194,0,502
4194,1,1411
4194,2,1088
4194,3,596
4194,4,475
4194,5,113
4194,6,9
4195,0,480
4195,1,1464
4195,2,1050
4195,3,612
4195,4,458
4195,5,125
4195,6,6
4196,0,504
4196,1,1412
4196,2,1062
4196,3,619
4196,4,473
4196,5,119
4196,6,6
4196,7,1
4197,0,503
4197,1,1392
4197,2,1106
4197,3,623
4197,4,439
4197,5,127
4197,6,7
4198,0,512
4198,1,1410
4198,2,1063
4198,3,629
4198,4,452
4198,5,123
4198,6,9
4199,0,522
4199,1,1361
4199,2,1110
4199,3,623
4199,4,451
4199,5,126
4199,6,6
4200,0,496
4200,1,1432
4200,2,1080
4200,3,599
4200,4,455
4200,5,130
4200,6,8
4201,0,477
4201,1,1451
4201,2,1075
4201,3,602
4201,4,459
4201,5,133
4201,6,3
4201,7,1
4202,0,485
4202,1,1457
4202,2,1051
4202,3,618
4202,4,461
4202,5,122
4202,6,8
4203,0,508
4203,1,1416
4203,2,1082
4203,3,597
4203,4,471
4203,5,122
4203,6,7
4204,0,493
4204,1,1423
4204,2,1088
4204,3,589
4204,4,481
4204,5,124
4204,6,6
4205,0,514
4205,1,1382
4205,2,1105
4205,3,620
4205,4,453
4205,5,122
4205,6,9
4206,0,515
4206,1,1381
4206,2,1122
4206,3,613
4206,4,443
4206,5,120
4206,6,12
4207,0,509
4207,1,1418
4207,2,1065
4207,3,613
4207,4,466
4207,5,130
4207,6,6
4208,0,479
4208,1,1472
4208,2,1055
4208,3,597
4208,4,470
4208,5,127
4208,6,8
4209,0,513
4209,1,1397
4209,2,1092
4209,3,615
4209,4,466
4209,5,119
4209,6,7
4210,0,504
4210,1,1412
4210,2,1090
4210,3,612
4210,4,454
4210,5,131
4210,6,7
4211,0,494
4211,1,1418
4211,2,1103
4211,3,621
4211,4,438
4211,5,130
4211,6,7
4212,0,485
4212,1,1457
4212,2,1075
4212,3,583
4212,4,480
4212,5,126
4212,6,6
4213,0,494
4213,1,1434
4213,2,1074
4213,3,629
4213,4,457
4213,5,116
4213,6,9
4214,0,500
4214,1,1407
4214,2,1104
4214,3,621
4214,4,453
4214,5,119
4214,6,10
4215,0,504
4215,1,1417
4215,2,1083
4215,3,614
4215,4,464
4215,5,123
4215,6,10
4216,0,522
4216,1,1394
4216,2,1075
4216,3,648
4216,4,446
4216,5,123
4216,6,8
4217,0,539
4217,1,1361
4217,2,1112
4217,3,604
4217,4,466
4217,5,125
4217,6,10
4218,0,497
4218,1,1434
4218,2,1062
4218,3,635
4218,4,460
4218,5,122
4218,6,8
4219,0,508
4219,1,1419
4219,2,1062
4219,3,636
4219,4,464
4219,5,123
4219,6,7
4220,0,496
4220,1,1442
4220,2,1068
4220,3,630
4220,4,451
4220,5,126
4220,6,7
4221,0,503
4221,1,1430
4221,2,1082
4221,3,594
4221,4,484
4221,5,118
4221,6,10
4222,0,497
4222,1,1427
4222,2,1098
4222,3,617
4222,4,448
4222,5,127
4222,6,8
4223,0,491
4223,1,1437
4223,2,1090
4223,3,591
4223,4,485
4223,5,122
4223,6,7
4224,0,501
4224,1,1433
4224,2,1072
4224,3,638
4224,4,452
4224,5,118
4224,6,10
4225,0,493
4225,1,1428
4225,2,1093
4225,3,623
4225,4,458
4225,5,122
4225,6,7
4225,7,1
4226,0,542
4226,1,1351
4226,2,1094
4226,3,665
4226,4,444
4226,5,124
4226,6,6
4227,0,509
4227,1,1415
4227,2,1088
4227,3,633
4227,4,441
4227,5,132
4227,6,9
4228,0,496
4228,1,1440
4228,2,1078
4228,3,616
4228,4,459
4228,5,132
4228,6,7
4229,0,500
4229,1,1426
4229,2,1096
4229,3,620
4229,4,449
4229,5,130
4229,6,8
4230,0,515
4230,1,1407
4230,2,1100
4230,3,609
4230,4,463
4230,5,129
4230,6,7
4231,0,491
4231,1,1428
4231,2,1107
4231,3,627
4231,4,443
4231,5,125
4231,6,10
4232,0,493
4232,1,1444
4232,2,1088
4232,3,600
4232,4,478
4232,5,122
4232,6,7
4233,0,521
4233,1,1410
4233,2,1085
4233,3,623
4233,4,461
4233,5,124
4233,6,9
4234,0,499
4234,1,1443
4234,2,1053
4234,3,658
4234,4,449
4234,5,127
4234,6,5
4235,0,537
4235,1,1376
4235,2,1089
4235,3,635
4235,4,466
4235,5,119
4235,6,13
4236,0,523
4236,1,1394
4236,2,1095
4236,3,627
4236,4,473
4236,5,117
4236,6,7
4237,0,519
4237,1,1393
4237,2,1100
4237,3,627
4237,4,474
4237,5,111
4237,6,13
4238,0,527
4238,1,1390
4238,2,1103
4238,3,628
4238,4,458
4238,5,123
4238,6,9
4239,0,512
4239,1,1419
4239,2,1085
4239,3,626
4239,4,457
4239,5,134
4239,6,6
4240,0,522
4240,1,1401
4240,2,1095
4240,3,633
4240,4,462
4240,5,118
4240,6,9
4241,0,502
4241,1,1415
4241,2,1115
4241,3,611
4241,4,460
4241,5,131
4241,6,7
4242,0,513
4242,1,1416
4242,2,1091
4242,3,637
4242,4,445
4242,5,130
4242,6,10
4243,0,491
4243,1,1458
4243,2,1069
4243,3,617
4243,4,492
4243,5,106
4243,6,10
4244,0,504
4244,1,1422
4244,2,1100
4244,3,631
4244,4,456
4244,5,121
4244,6,10
4245,0,496
4245,1,1471
4245,2,1044
4245,3,623
4245,4,477
4245,5,127
4245,6,7
4246,0,509
4246,1,1439
4246,2,1070
4246,3,627
4246,4,473
4246,5,119
4246,6,9
4247,0,493
4247,1,1446
4247,2,1089
4247,3,634
4247,4,448
4247,5,128
4247,6,9
4248,0,503
4248,1,1431
4248,2,1089
4248,3,633
4248,4,458
4248,5,128
4248,6,6
4249,0,527
4249,1,1399
4249,2,1102
4249,3,614
4249,4,477
4249,5,121
4249,6,9
4250,0,476
4250,1,1500
4250,2,1050
4250,3,618
4250,4,471
4250,5,127
4250,6,8
4251,0,509
4251,1,1454
4251,2,1047
4251,3,635
4251,4,478
4251,5,122
4251,6,5
4251,7,1
4252,0,474
4252,1,1486
4252,2,1073
4252,3,623
4252,4,456
4252,5,133
4252,6,7
4253,0,524
4253,1,1400
4253,2,1104
4253,3,624
4253,4,475
4253,5,117
4253,6,9
4254,0,526
4254,1,1382
4254,2,1128
4254,3,614
4254,4,477
4254,5,118
4254,6,9
4255,0,505
4255,1,1423
4255,2,1124
4255,3,617
4255,4,445
4255,5,128
4255,6,13
4256,0,501
4256,1,1451
4256,2,1069
4256,3,629
4256,4,474
4256,5,127
4256,6,5
4257,0,511
4257,1,1446
4257,2,1071
4257,3,622
4257,4,478
4257,5,121
4257,6,7
4257,7,1
4258,0,506
4258,1,1415
4258,2,1110
4258,3,649
4258,4,441
4258,5,127
4258,6,10
4259,0,521
4259,1,1403
4259,2,1119
4259,3,616
4259,4,468
4259,5,125
4259,6,7
4260,0,492
4260,1,1471
4260,2,1060
4260,3,634
4260,4,463
4260,5,133
4260,6,7
4261,0,501
4261,1,1457
4261,2,1072
4261,3,631
4261,4,461
4261,5,131
4261,6,8
4262,0,510
4262,1,1438
4262,2,1092
4262,3,615
4262,4,477
4262,5,124
4262,6,6
4263,0,510
4263,1,1418
4263,2,1113
4263,3,631
4263,4,453
4263,5,130
4263,6,8
4264,0,480
4264,1,1465
4264,2,1113
4264,3,610
4264,4,466
4264,5,120
4264,6,10
4265,0,514
4265,1,1444
4265,2,1056
4265,3,649
4265,4,464
4265,5,129
4265,6,9
4266,0,507
4266,1,1418
4266,2,1138
4266,3,610
4266,4,460
4266,5,125
4266,6,8
4267,0,510
4267,1,1421
4267,2,1110
4267,3,624
4267,4,464
4267,5,132
4267,6,6
4268,0,525
4268,1,1419
4268,2,1092
4268,3,633
4268,4,466
4268,5,123
4268,6,10
4269,0,523
4269,1,1417
4269,2,1096
4269,3,624
4269,4,475
4269,5,126
4269,6,8
4270,0,547
4270,1,1365
4270,2,1120
4270,3,653
4270,4,449
4270,5,126
4270,6,10
4271,0,503
4271,1,1423
4271,2,1116
4271,3,627
4271,4,471
4271,5,123
4271,6,8
4272,0,510
4272,1,1395
4272,2,1173
4272,3,612
4272,4,445
4272,5,128
4272,6,9
4273,0,534
4273,1,1422
4273,2,1060
4273,3,648
4273,4,465
4273,5,138
4273,6,6
4274,0,497
4274,1,1445
4274,2,1122
4274,3,612
4274,4,462
4274,5,126
4274,6,10
4275,0,527
4275,1,1403
4275,2,1105
4275,3,639
4275,4,470
4275,5,122
4275,6,9
4276,0,512
4276,1,1441
4276,2,1078
4276,3,639
4276,4,474
4276,5,126
4276,6,6
4277,0,506
4277,1,1464
4277,2,1083
4277,3,610
4277,4,477
4277,5,128
4277,6,9
4278,0,533
4278,1,1389
4278,2,1117
4278,3,640
4278,4,472
4278,5,120
4278,6,6
4278,7,1
4279,0,518
4279,1,1436
4279,2,1071
4279,3,651
4279,4,475
4279,5,120
4279,6,8
4280,0,522
4280,1,1424
4280,2,1084
4280,3,653
4280,4,464
4280,5,123
4280,6,10
4281,0,503
4281,1,1457
4281,2,1081
4281,3,638
4281,4,467
4281,5,125
4281,6,10
4282,0,509
4282,1,1423
4282,2,1149
4282,3,597
4282,4,477
4282,5,118
4282,6,9
4283,0,508
4283,1,1438
4283,2,1098
4283,3,633
4283,4,476
4283,5,119
4283,6,11
4284,0,477
4284,1,1508
4284,2,1074
4284,3,610
4284,4,481
4284,5,126
4284,6,8
4285,0,518
4285,1,1457
4285,2,1060
4285,3,639
4285,4,475
4285,5,130
4285,6,6
4286,0,503
4286,1,1436
4286,2,1113
4286,3,638
4286,4,462
4286,5,124
4286,6,10
4287,0,516
4287,1,1449
4287,2,1109
4287,3,584
4287,4,493
4287,5,129
4287,6,7
4288,0,500
4288,1,1441
4288,2,1139
4288,3,604
4288,4,461
4288,5,134
4288,6,9
4289,0,527
4289,1,1425
4289,2,1080
4289,3,646
4289,4,489
4289,5,114
4289,6,8
4290,0,523
4290,1,1415
4290,2,1111
4290,3,643
4290,4,464
4290,5,124
4290,6,10
4291,0,522
4291,1,1444
4291,2,1074
4291,3,658
4291,4,461
4291,5,122
4291,6,10
4292,0,484
4292,1,1478
4292,2,1092
4292,3,635
4292,4,458
4292,5,140
4292,6,5
4293,0,524
4293,1,1422
4293,2,1109
4293,3,630
4293,4,470
4293,5,132
4293,6,6
4294,0,530
4294,1,1407
4294,2,1127
4294,3,623
4294,4,478
4294,5,118
4294,6,11
4295,0,499
4295,1,1466
4295,2,1100
4295,3,638
4295,4,456
4295,5,127
4295,6,9
4296,0,523
4296,1,1448
4296,2,1053
4296,3,652
4296,4,490
4296,5,122
4296,6,8
4297,0,486
4297,1,1462
4297,2,1134
4297,3,617
4297,4,464
4297,5,124
4297,6,10
4298,0,496
4298,1,1476
4298,2,1094
4298,3,623
4298,4,466
4298,5,135
4298,6,8
4299,0,509
4299,1,1449
4299,2,1101
4299,3,643
4299,4,450
4299,5,142
4299,6,5
4300,0,511
4300,1,1461
4300,2,1074
4300,3,647
4300,4,479
4300,5,120
4300,6,7
4300,7,1
4301,0,501
4301,1,1466
4301,2,1109
4301,3,622
4301,4,462
4301,5,132
4301,6,9
4302,0,513
4302,1,1443
4302,2,1112
4302,3,629
4302,4,468
4302,5,130
4302,6,6
4302,7,1
4303,0,503
4303,1,1463
4303,2,1078
4303,3,638
4303,4,491
4303,5,123
4303,6,7
4304,0,529
4304,1,1421
4304,2,1111
4304,3,640
4304,4,466
4304,5,128
4304,6,9
4305,0,516
4305,1,1447
4305,2,1102
4305,3,645
4305,4,452
4305,5,135
4305,6,8
4306,0,505
4306,1,1438
4306,2,1136
4306,3,636
4306,4,457
4306,5,126
4306,6,8
4307,0,526
4307,1,1417
4307,2,1125
4307,3,638
4307,4,462
4307,5,131
4307,6,8
4308,0,504
4308,1,1475
4308,2,1089
4308,3,621
4308,4,486
4308,5,124
4308,6,9
4309,0,532
4309,1,1399
4309,2,1137
4309,3,641
4309,4,462
4309,5,129
4309,6,9
4310,0,516
4310,1,1445
4310,2,1112
4310,3,632
4310,4,474
4310,5,118
4310,6,13
4311,0,529
4311,1,1425
4311,2,1099
4311,3,644
4311,4,485
4311,5,122
4311,6,7
4312,0,512
4312,1,1466
4312,2,1068
4312,3,659
4312,4,465
4312,5,132
4312,6,10
4313,0,517
4313,1,1451
4313,2,1097
4313,3,647
4313,4,468
4313,5,127
4313,6,6
4314,0,518
4314,1,1430
4314,2,1118
4314,3,660
4314,4,441
4314,5,140
4314,6,7
4315,0,526
4315,1,1431
4315,2,1133
4315,3,615
4315,4,463
4315,5,142
4315,6,5
4316,0,517
4316,1,1447
4316,2,1097
4316,3,657
4316,4,462
4316,5,129
4316,6,6
4316,7,1
4317,0,515
4317,1,1442
4317,2,1129
4317,3,602
4317,4,494
4317,5,127
4317,6,8
4318,0,545
4318,1,1411
4318,2,1092
4318,3,665
4318,4,471
4318,5,128
4318,6,6
4319,0,520
4319,1,1437
4319,2,1129
4319,3,632
4319,4,455
4319,5,136
4319,6,10
4320,0,524
4320,1,1417
4320,2,1164
4320,3,603
4320,4,470
4320,5,134
4320,6,8
4321,0,503
4321,1,1462
4321,2,1114
4321,3,634
4321,4,476
4321,5,126
4321,6,5
4321,7,1
4322,0,474
4322,1,1536
4322,2,1095
4322,3,594
4322,4,475
4322,5,142
4322,6,6
4323,0,524
4323,1,1415
4323,2,1137
4323,3,648
4323,4,455
4323,5,138
4323,6,6
4324,0,498
4324,1,1480
4324,2,1117
4324,3,625
4324,4,467
4324,5,128
4324,6,9
4325,0,531
4325,1,1415
4325,2,1128
4325,3,641
4325,4,483
4325,5,115
4325,6,12
4326,0,499
4326,1,1481
4326,2,1107
4326,3,634
4326,4,466
4326,5,132
4326,6,7
4327,0,537
4327,1,1416
4327,2,1106
4327,3,672
4327,4,455
4327,5,132
4327,6,8
4327,7,1
4328,0,544
4328,1,1406
4328,2,1122
4328,3,646
4328,4,475
4328,5,129
4328,6,6
4329,0,510
4329,1,1450
4329,2,1139
4329,3,619
4329,4,471
4329,5,132
4329,6,8
4330,0,525
4330,1,1472
4330,2,1066
4330,3,643
4330,4,488
4330,5,129
4330,6,7
4331,0,526
4331,1,1419
4331,2,1140
4331,3,643
4331,4,482
4331,5,106
4331,6,15
4332,0,525
4332,1,1464
4332,2,1087
4332,3,621
4332,4,499
4332,5,131
4332,6,5
4333,0,497
4333,1,1481
4333,2,1131
4333,3,601
4333,4,488
4333,5,125
4333,6,10
4334,0,532
4334,1,1417
4334,2,1114
4334,3,675
4334,4,465
4334,5,121
4334,6,10
4335,0,494
4335,1,1515
4335,2,1088
4335,3,612
4335,4,491
4335,5,126
4335,6,9
4336,0,513
4336,1,1443
4336,2,1133
4336,3,646
4336,4,467
4336,5,124
4336,6,10
4337,0,499
4337,1,1466
4337,2,1122
4337,3,659
4337,4,452
4337,5,129
4337,6,10
4338,0,536
4338,1,1448
4338,2,1111
4338,3,613
4338,4,489
4338,5,133
4338,6,8
4339,0,518
4339,1,1439
4339,2,1124
4339,3,665
4339,4,452
4339,5,136
4339,6,5
4340,0,510
4340,1,1468
4340,2,1119
4340,3,630
4340,4,473
4340,5,131
4340,6,9
4341,0,542
4341,1,1430
4341,2,1110
4341,3,631
4341,4,481
4341,5,140
4341,6,7
4342,0,514
4342,1,1467
4342,2,1111
4342,3,635
4342,4,480
4342,5,126
4342,6,9
4343,0,534
4343,1,1412
4343,2,1148
4343,3,657
4343,4,450
4343,5,133
4343,6,9
4344,0,508
4344,1,1471
4344,2,1118
4344,3,629
4344,4,481
4344,5,128
4344,6,9
4345,0,497
4345,1,1504
4345,2,1093
4345,3,631
4345,4,488
4345,5,120
4345,6,12
4346,0,510
4346,1,1482
4346,2,1101
4346,3,648
4346,4,463
4346,5,134
4346,6,8
4347,0,507
4347,1,1473
4347,2,1122
4347,3,618
4347,4,496
4347,5,123
4347,6,8
4348,0,513
4348,1,1475
4348,2,1114
4348,3,628
4348,4,470
4348,5,140
4348,6,8
4349,0,520
4349,1,1464
4349,2,1103
4349,3,650
4349,4,478
4349,5,126
4349,6,8
4350,0,540
4350,1,1413
4350,2,1130
4350,3,664
4350,4,471
4350,5,122
4350,6,10
4351,0,538
4351,1,1423
4351,2,1115
4351,3,672
4351,4,463
4351,5,132
4351,6,8
4352,0,520
4352,1,1447
4352,2,1122
4352,3,658
4352,4,470
4352,5,128
4352,6,7
4353,0,521
4353,1,1458
4353,2,1133
4353,3,623
4353,4,484
4353,5,126
4353,6,8
4354,0,524
4354,1,1476
4354,2,1087
4354,3,636
4354,4,496
4354,5,127
4354,6,7
4354,7,1
4355,0,498
4355,1,1474
4355,2,1150
4355,3,632
4355,4,462
4355,5,130
4355,6,9
4356,0,514
4356,1,1471
4356,2,1108
4356,3,644
4356,4,484
4356,5,127
4356,6,8
4357,0,547
4357,1,1445
4357,2,1086
4357,3,652
4357,4,486
4357,5,133
4357,6,8
4358,0,512
4358,1,1466
4358,2,1116
4358,3,662
4358,4,463
4358,5,130
4358,6,9
4359,0,505
4359,1,1494
4359,2,1109
4359,3,626
4359,4,480
4359,5,139
4359,6,6
4360,0,532
4360,1,1426
4360,2,1163
4360,3,624
4360,4,486
4360,5,115
4360,6,14
4361,0,496
4361,1,1508
4361,2,1095
4361,3,657
4361,4,465
4361,5,134
4361,6,6
4362,0,546
4362,1,1446
4362,2,1099
4362,3,624
4362,4,516
4362,5,121
4362,6,10
4363,0,520
4363,1,1423
4363,2,1188
4363,3,634
4363,4,449
4363,5,141
4363,6,8
4364,0,523
4364,1,1486
4364,2,1087
4364,3,639
4364,4,488
4364,5,134
4364,6,7
4365,0,509
4365,1,1451
4365,2,1167
4365,3,637
4365,4,451
4365,5,140
4365,6,10
4366,0,506
4366,1,1498
4366,2,1114
4366,3,615
4366,4,497
4366,5,129
4366,6,7
4367,0,524
4367,1,1455
4367,2,1128
4367,3,638
4367,4,489
4367,5,123
4367,6,10
4368,0,537
4368,1,1413
4368,2,1173
4368,3,642
4368,4,460
4368,5,136
4368,6,6
4368,7,1
4369,0,513
4369,1,1468
4369,2,1140
4369,3,638
4369,4,471
4369,5,132
4369,6,7
4370,0,505
4370,1,1511
4370,2,1084
4370,3,639
4370,4,491
4370,5,132
4370,6,8
4371,0,508
4371,1,1473
4371,2,1147
4371,3,632
4371,4,479
4371,5,120
4371,6,11
4371,7,1
4372,0,546
4372,1,1415
4372,2,1147
4372,3,658
4372,4,460
4372,5,139
4372,6,7
4373,0,505
4373,1,1493
4373,2,1118
4373,3,633
4373,4,484
4373,5,133
4373,6,7
4374,0,529
4374,1,1443
4374,2,1147
4374,3,642
4374,4,474
4374,5,128
4374,6,11
4375,0,527
4375,1,1474
4375,2,1107
4375,3,637
4375,4,489
4375,5,134
4375,6,7
4376,0,533
4376,1,1449
4376,2,1127
4376,3,645
4376,4,491
4376,5,122
4376,6,9
4377,0,510
4377,1,1472
4377,2,1143
4377,3,638
4377,4,480
4377,5,125
4377,6,9
4378,0,515
4378,1,1471
4378,2,1140
4378,3,637
4378,4,472
4378,5,132
4378,6,11
4379,0,521
4379,1,1469
4379,2,1112
4379,3,661
4379,4,484
4379,5,123
4379,6,9
4380,0,525
4380,1,1450
4380,2,1160
4380,3,634
4380,4,458
4380,5,146
4380,6,7
4381,0,540
4381,1,1467
4381,2,1102
4381,3,633
4381,4,504
4381,5,129
4381,6,6
4382,0,489
4382,1,1500
4382,2,1144
4382,3,636
4382,4,474
4382,5,129
4382,6,10
4383,0,520
4383,1,1470
4383,2,1130
4383,3,646
4383,4,472
4383,5,135
4383,6,10
4384,0,522
4384,1,1487
4384,2,1105
4384,3,644
4384,4,499
4384,5,114
4384,6,13
4385,0,524
4385,1,1475
4385,2,1126
4385,3,627
4385,4,493
4385,5,133
4385,6,7
4386,0,522
4386,1,1493
4386,2,1112
4386,3,634
4386,4,475
4386,5,140
4386,6,10
4387,0,528
4387,1,1423
4387,2,1166
4387,3,669
4387,4,469
4387,5,123
4387,6,9
4388,0,529
4388,1,1481
4388,2,1101
4388,3,651
4388,4,493
4388,5,123
4388,6,10
4389,0,512
4389,1,1482
4389,2,1131
4389,3,647
4389,4,486
4389,5,121
4389,6,10
4390,0,526
4390,1,1469
4390,2,1120
4390,3,662
4390,4,464
4390,5,140
4390,6,9
4391,0,508
4391,1,1488
4391,2,1157
4391,3,621
4391,4,473
4391,5,135
4391,6,9
4392,0,529
4392,1,1474
4392,2,1108
4392,3,659
4392,4,477
4392,5,137
4392,6,8
4393,0,546
4393,1,1450
4393,2,1117
4393,3,646
4393,4,504
4393,5,124
4393,6,6
4394,0,527
4394,1,1437
4394,2,1152
4394,3,685
4394,4,454
4394,5,127
4394,6,12
4395,0,535
4395,1,1455
4395,2,1115
4395,3,689
4395,4,465
4395,5,126
4395,6,10
4396,0,519
4396,1,1464
4396,2,1184
4396,3,592
4396,4,490
4396,5,139
4396,6,8
4397,0,518
4397,1,1491
4397,2,1121
4397,3,655
4397,4,466
4397,5,135
4397,6,11
4398,0,507
4398,1,1475
4398,2,1170
4398,3,628
4398,4,486
4398,5,121
4398,6,11
4399,0,548
4399,1,1435
4399,2,1135
4399,3,651
4399,4,488
4399,5,134
4399,6,8
4400,0,530
4400,1,1476
4400,2,1124
4400,3,644
4400,4,481
4400,5,138
4400,6,7
4401,0,513
4401,1,1487
4401,2,1118
4401,3,670
4401,4,480
4401,5,125
4401,6,8
4402,0,548
4402,1,1446
4402,2,1129
4402,3,655
4402,4,479
4402,5,137
4402,6,8
4403,0,535
4403,1,1415
4403,2,1210
4403,3,634
4403,4,465
4403,5,135
4403,6,9
4404,0,504
4404,1,1536
4404,2,1113
4404,3,607
4404,4,501
4404,5,134
4404,6,9
4405,0,544
4405,1,1425
4405,2,1150
4405,3,675
4405,4,478
4405,5,122
4405,6,11
4406,0,544
4406,1,1459
4406,2,1119
4406,3,657
4406,4,488
4406,5,130
4406,6,8
4406,7,1
4407,0,508
4407,1,1514
4407,2,1113
4407,3,647
4407,4,486
4407,5,131
4407,6,8
4408,0,540
4408,1,1459
4408,2,1123
4408,3,670
4408,4,482
4408,5,125
4408,6,9
4409,0,538
4409,1,1465
4409,2,1107
4409,3,674
4409,4,496
4409,5,116
4409,6,13
4410,0,524
4410,1,1457
4410,2,1159
4410,3,660
4410,4,471
4410,5,133
4410,6,6
4411,0,510
4411,1,1492
4411,2,1165
4411,3,616
4411,4,477
4411,5,141
4411,6,10
4412,0,521
4412,1,1507
4412,2,1099
4412,3,669
4412,4,460
4412,5,150
4412,6,6
4413,0,543
4413,1,1445
4413,2,1140
4413,3,663
4413,4,487
4413,5,125
4413,6,10
4414,0,491
4414,1,1534
4414,2,1132
4414,3,642
4414,4,473
4414,5,133
4414,6,9
4415,0,529
4415,1,1471
4415,2,1138
4415,3,657
4415,4,486
4415,5,124
4415,6,10
4416,0,524
4416,1,1494
4416,2,1111
4416,3,657
4416,4,490
4416,5,131
4416,6,9
4417,0,529
4417,1,1468
4417,2,1142
4417,3,659
4417,4,487
4417,5,118
4417,6,14
4418,0,513
4418,1,1492
4418,2,1160
4418,3,627
4418,4,481
4418,5,141
4418,6,4
4419,0,522
4419,1,1496
4419,2,1118
4419,3,654
4419,4,491
4419,5,127
4419,6,11
4420,0,520
4420,1,1486
4420,2,1143
4420,3,642
4420,4,494
4420,5,123
4420,6,12
4421,0,515
4421,1,1529
4421,2,1114
4421,3,610
4421,4,511
4421,5,132
4421,6,10
4422,0,506
4422,1,1499
4422,2,1146
4422,3,660
4422,4,468
4422,5,136
4422,6,7
4423,0,530
4423,1,1465
4423,2,1150
4423,3,661
4423,4,474
4423,5,135
4423,6,8
4424,0,497
4424,1,1519
4424,2,1145
4424,3,648
4424,4,468
4424,5,139
4424,6,8
4425,0,521
4425,1,1502
4425,2,1132
4425,3,632
4425,4,501
4425,5,127
4425,6,10
4426,0,541
4426,1,1470
4426,2,1132
4426,3,640
4426,4,499
4426,5,137
4426,6,7
4427,0,545
4427,1,1459
4427,2,1122
4427,3,677
4427,4,502
4427,5,108
4427,6,14
4428,0,512
4428,1,1503
4428,2,1136
4428,3,664
4428,4,464
4428,5,142
4428,6,7
4429,0,547
4429,1,1460
4429,2,1140
4429,3,641
4429,4,502
4429,5,130
4429,6,9
4430,0,532
4430,1,1470
4430,2,1145
4430,3,661
4430,4,475
4430,5,140
4430,6,7
4431,0,522
4431,1,1507
4431,2,1139
4431,3,629
4431,4,479
4431,5,148
4431,6,7
4432,0,508
4432,1,1488
4432,2,1187
4432,3,626
4432,4,483
4432,5,130
4432,6,10
4433,0,525
4433,1,1490
4433,2,1119
4433,3,688
4433,4,466
4433,5,137
4433,6,8
4434,0,544
4434,1,1460
4434,2,1157
4434,3,640
4434,4,502
4434,5,121
4434,6,10
4435,0,517
4435,1,1498
4435,2,1139
4435,3,655
4435,4,488
4435,5,127
4435,6,11
4436,0,521
4436,1,1520
4436,2,1109
4436,3,648
4436,4,499
4436,5,133
4436,6,5
4436,7,1
4437,0,543
4437,1,1469
4437,2,1138
4437,3,648
4437,4,492
4437,5,140
4437,6,7
4438,0,538
4438,1,1494
4438,2,1127
4438,3,642
4438,4,495
4438,5,132
4438,6,10
4439,0,540
4439,1,1455
4439,2,1157
4439,3,646
4439,4,504
4439,5,128
4439,6,9
4440,0,515
4440,1,1507
4440,2,1154
4440,3,634
4440,4,487
4440,5,133
4440,6,10
4441,0,517
4441,1,1502
4441,2,1124
4441,3,682
4441,4,480
4441,5,128
4441,6,7
4441,7,1
4442,0,532
4442,1,1488
4442,2,1153
4442,3,638
4442,4,494
4442,5,130
4442,6,7
4443,0,546
4443,1,1464
4443,2,1125
4443,3,688
4443,4,470
4443,5,145
4443,6,4
4443,7,1
4444,0,529
4444,1,1509
4444,2,1117
4444,3,647
4444,4,494
4444,5,142
4444,6,6
4445,0,533
4445,1,1456
4445,2,1167
4445,3,678
4445,4,467
4445,5,137
4445,6,7
4446,0,536
4446,1,1483
4446,2,1167
4446,3,621
4446,4,494
4446,5,136
4446,6,8
4446,7,1
4447,0,515
4447,1,1497
4447,2,1157
4447,3,654
4447,4,468
4447,5,148
4447,6,8
4448,0,558
4448,1,1416
4448,2,1189
4448,3,676
4448,4,472
4448,5,126
4448,6,11
4449,0,536
4449,1,1473
4449,2,1151
4449,3,661
4449,4,495
4449,5,121
4449,6,12
4450,0,541
4450,1,1478
4450,2,1142
4450,3,669
4450,4,476
4450,5,135
4450,6,9
4451,0,515
4451,1,1506
4451,2,1153
4451,3,644
4451,4,494
4451,5,129
4451,6,10
4452,0,540
4452,1,1472
4452,2,1146
4452,3,659
4452,4,489
4452,5,139
4452,6,7
4453,0,516
4453,1,1524
4453,2,1152
4453,3,622
4453,4,483
4453,5,146
4453,6,10
4454,0,537
4454,1,1488
4454,2,1118
4454,3,684
4454,4,491
4454,5,129
4454,6,7
4455,0,541
4455,1,1484
4455,2,1119
4455,3,666
4455,4,512
4455,5,122
4455,6,11
4456,0,530
4456,1,1502
4456,2,1137
4456,3,671
4456,4,476
4456,5,130
4456,6,10
4457,0,523
4457,1,1499
4457,2,1142
4457,3,678
4457,4,474
4457,5,131
4457,6,10
4458,0,524
4458,1,1512
4458,2,1139
4458,3,641
4458,4,494
4458,5,141
4458,6,7
4459,0,549
4459,1,1461
4459,2,1149
4459,3,679
4459,4,471
4459,5,141
4459,6,9
4460,0,493
4460,1,1545
4460,2,1158
4460,3,629
4460,4,489
4460,5,136
4460,6,10
4461,0,537
4461,1,1470
4461,2,1149
4461,3,682
4461,4,480
4461,5,134
4461,6,9
4462,0,544
4462,1,1446
4462,2,1212
4462,3,640
4462,4,476
4462,5,134
4462,6,10
4463,0,548
4463,1,1471
4463,2,1133
4463,3,678
4463,4,504
4463,5,119
4463,6,10
4464,0,530
4464,1,1482
4464,2,1170
4464,3,664
4464,4,461
4464,5,148
4464,6,9
4465,0,533
4465,1,1486
4465,2,1157
4465,3,663
4465,4,485
4465,5,131
4465,6,10
4466,0,527
4466,1,1464
4466,2,1205
4466,3,653
4466,4,469
4466,5,138
4466,6,10
4467,0,554
4467,1,1462
4467,2,1158
4467,3,661
4467,4,481
4467,5,143
4467,6,8
4468,0,512
4468,1,1526
4468,2,1146
4468,3,649
4468,4,496
4468,5,128
4468,6,11
4469,0,536
4469,1,1490
4469,2,1156
4469,3,638
4469,4,509
4469,5,132
4469,6,8
4470,0,539
4470,1,1460
4470,2,1166
4470,3,706
4470,4,450
4470,5,142
4470,6,7
4471,0,539
4471,1,1483
4471,2,1170
4471,3,652
4471,4,488
4471,5,127
4471,6,12
4472,0,526
4472,1,1508
4472,2,1148
4472,3,654
4472,4,478
4472,5,154
4472,6,4
4473,0,530
4473,1,1499
4473,2,1164
4473,3,642
4473,4,496
4473,5,132
4473,6,9
4473,7,1
4474,0,533
4474,1,1488
4474,2,1153
4474,3,672
4474,4,479
4474,5,143
4474,6,6
4475,0,555
4475,1,1446
4475,2,1172
4475,3,691
4475,4,463
4475,5,140
4475,6,8
4476,0,536
4476,1,1497
4476,2,1150
4476,3,640
4476,4,519
4476,5,123
4476,6,11
4477,0,537
4477,1,1477
4477,2,1187
4477,3,649
4477,4,481
4477,5,136
4477,6,10
4478,0,516
4478,1,1531
4478,2,1149
4478,3,640
4478,4,490
4478,5,144
4478,6,8
4479,0,537
4479,1,1494
4479,2,1154
4479,3,647
4479,4,517
4479,5,118
4479,6,12
4480,0,546
4480,1,1486
4480,2,1144
4480,3,671
4480,4,479
4480,5,147
4480,6,7
4481,0,524
4481,1,1505
4481,2,1177
4481,3,636
4481,4,493
4481,5,137
4481,6,9
4482,0,542
4482,1,1479
4482,2,1154
4482,3,696
4482,4,471
4482,5,133
4482,6,6
4482,7,1
4483,0,541
4483,1,1489
4483,2,1161
4483,3,648
4483,4,510
4483,5,124
4483,6,10
4484,0,515
4484,1,1528
4484,2,1132
4484,3,676
4484,4,480
4484,5,144
4484,6,9
4485,0,520
4485,1,1545
4485,2,1123
4485,3,652
4485,4,505
4485,5,131
4485,6,9
4486,0,537
4486,1,1502
4486,2,1145
4486,3,656
4486,4,497
4486,5,144
4486,6,5
4487,0,505
4487,1,1530
4487,2,1176
4487,3,649
4487,4,479
4487,5,137
4487,6,11
4488,0,549
4488,1,1507
4488,2,1118
4488,3,664
4488,4,511
4488,5,130
4488,6,9
4489,0,531
4489,1,1489
4489,2,1189
4489,3,633
4489,4,504
4489,5,132
4489,6,11
4490,0,549
4490,1,1475
4490,2,1154
4490,3,716
4490,4,439
4490,5,152
4490,6,4
4490,7,1
4491,0,553
4491,1,1466
4491,2,1156
4491,3,683
4491,4,485
4491,5,140
4491,6,8
4492,0,538
4492,1,1491
4492,2,1183
4492,3,635
4492,4,511
4492,5,120
4492,6,14
4493,0,516
4493,1,1544
4493,2,1127
4493,3,659
4493,4,504
4493,5,135
4493,6,8
4494,0,543
4494,1,1480
4494,2,1196
4494,3,642
4494,4,484
4494,5,141
4494,6,8
4495,0,500
4495,1,1553
4495,2,1125
4495,3,690
4495,4,483
4495,5,135
4495,6,9
4496,0,526
4496,1,1529
4496,2,1165
4496,3,623
4496,4,511
4496,5,134
4496,6,8
4497,0,526
4497,1,1508
4497,2,1159
4497,3,670
4497,4,488
4497,5,138
4497,6,8
4498,0,553
4498,1,1507
4498,2,1133
4498,3,636
4498,4,527
4498,5,134
4498,6,8
4499,0,530
4499,1,1501
4499,2,1160
4499,3,681
4499,4,486
4499,5,132
4499,6,9
4500,0,530
4500,1,1490
4500,2,1205
4500,3,647
4500,4,482
4500,5,137
4500,6,8
4500,7,1
4501,0,541
4501,1,1517
4501,2,1155
4501,3,625
4501,4,507
4501,5,148
4501,6,8
4502,0,521
4502,1,1511
4502,2,1171
4502,3,662
4502,4,503
4502,5,125
4502,6,9
4503,0,549
4503,1,1491
4503,2,1161
4503,3,658
4503,4,496
4503,5,137
4503,6,11
4504,0,517
4504,1,1534
4504,2,1191
4504,3,610
4504,4,500
4504,5,145
4504,6,7
4505,0,529
4505,1,1499
4505,2,1172
4505,3,677
4505,4,485
4505,5,134
4505,6,9
4506,0,550
4506,1,1519
4506,2,1109
4506,3,672
4506,4,513
4506,5,134
4506,6,9
4507,0,546
4507,1,1493
4507,2,1142
4507,3,694
4507,4,499
4507,5,122
4507,6,11
4508,0,512
4508,1,1527
4508,2,1193
4508,3,637
4508,4,499
4508,5,129
4508,6,11
4509,0,520
4509,1,1523
4509,2,1172
4509,3,661
4509,4,488
4509,5,135
4509,6,10
4510,0,547
4510,1,1508
4510,2,1148
4510,3,644
4510,4,514
4510,5,139
4510,6,10
4511,0,541
4511,1,1491
4511,2,1181
4511,3,671
4511,4,491
4511,5,124
4511,6,12
4512,0,555
4512,1,1490
4512,2,1141
4512,3,683
4512,4,496
4512,5,138
4512,6,9
4513,0,534
4513,1,1501
4513,2,1172
4513,3,668
4513,4,497
4513,5,133
4513,6,7
4513,7,1
4514,0,536
4514,1,1518
4514,2,1153
4514,3,679
4514,4,487
4514,5,133
4514,6,8
4515,0,534
4515,1,1511
4515,2,1173
4515,3,642
4515,4,508
4515,5,138
4515,6,9
4516,0,536
4516,1,1534
4516,2,1129
4516,3,671
4516,4,498
4516,5,140
4516,6,8
4517,0,521
4517,1,1515
4517,2,1175
4517,3,689
4517,4,483
4517,5,120
4517,6,14
4518,0,519
4518,1,1536
4518,2,1163
4518,3,653
4518,4,495
4518,5,140
4518,6,12
4519,0,541
4519,1,1507
4519,2,1155
4519,3,667
4519,4,503
4519,5,139
4519,6,7
4520,0,515
4520,1,1566
4520,2,1139
4520,3,657
4520,4,493
4520,5,143
4520,6,7
4521,0,534
4521,1,1532
4521,2,1136
4521,3,674
4521,4,503
4521,5,132
4521,6,10
4522,0,546
4522,1,1497
4522,2,1158
4522,3,670
4522,4,520
4522,5,119
4522,6,12
4523,0,532
4523,1,1524
4523,2,1150
4523,3,671
4523,4,501
4523,5,138
4523,6,6
4523,7,1
4524,0,549
4524,1,1483
4524,2,1197
4524,3,673
4524,4,458
4524,5,157
4524,6,7
4525,0,515
4525,1,1566
4525,2,1123
4525,3,667
4525,4,514
4525,5,130
4525,6,10
4526,0,546
4526,1,1488
4526,2,1168
4526,3,689
4526,4,497
4526,5,128
4526,6,10
4527,0,536
4527,1,1506
4527,2,1195
4527,3,645
4527,4,493
4527,5,144
4527,6,8
4528,0,539
4528,1,1515
4528,2,1170
4528,3,662
4528,4,502
4528,5,128
4528,6,12
4529,0,569
4529,1,1455
4529,2,1170
4529,3,709
4529,4,476
4529,5,142
4529,6,8
4530,0,528
4530,1,1552
4530,2,1138
4530,3,655
4530,4,512
4530,5,136
4530,6,9
4531,0,517
4531,1,1548
4531,2,1158
4531,3,675
4531,4,492
4531,5,128
4531,6,13
4532,0,544
4532,1,1486
4532,2,1205
4532,3,642
4532,4,512
4532,5,129
4532,6,14
4533,0,541
4533,1,1521
4533,2,1161
4533,3,652
4533,4,518
4533,5,131
4533,6,9
4534,0,541
4534,1,1526
4534,2,1155
4534,3,656
4534,4,514
4534,5,134
4534,6,8
4535,0,551
4535,1,1499
4535,2,1158
4535,3,676
4535,4,514
4535,5,126
4535,6,11
4536,0,526
4536,1,1522
4536,2,1187
4536,3,662
4536,4,494
4536,5,134
4536,6,11
4537,0,564
4537,1,1482
4537,2,1159
4537,3,684
4537,4,498
4537,5,144
4537,6,6
4538,0,536
4538,1,1518
4538,2,1169
4538,3,688
4538,4,481
4538,5,137
4538,6,9
4539,0,521
4539,1,1548
4539,2,1161
4539,3,673
4539,4,482
4539,5,140
4539,6,14
4540,0,531
4540,1,1493
4540,2,1226
4540,3,664
4540,4,482
4540,5,137
4540,6,7
4541,0,570
4541,1,1483
4541,2,1161
4541,3,664
4541,4,519
4541,5,134
4541,6,10
4542,0,529
4542,1,1542
4542,2,1172
4542,3,656
4542,4,499
4542,5,135
4542,6,9
4543,0,506
4543,1,1580
4543,2,1141
4543,3,659
4543,4,509
4543,5,137
4543,6,11
4544,0,554
4544,1,1494
4544,2,1170
4544,3,683
4544,4,496
4544,5,140
4544,6,7
4545,0,525
4545,1,1555
4545,2,1152
4545,3,668
4545,4,501
4545,5,136
4545,6,8
4546,0,568
4546,1,1463
4546,2,1193
4546,3,696
4546,4,477
4546,5,136
4546,6,13
4547,0,567
4547,1,1454
4547,2,1192
4547,3,701
4547,4,494
4547,5,127
4547,6,12
4548,0,550
4548,1,1508
4548,2,1175
4548,3,658
4548,4,502
4548,5,150
4548,6,5
4549,0,557
4549,1,1490
4549,2,1183
4549,3,655
4549,4,530
4549,5,126
4549,6,7
4549,7,1
4550,0,551
4550,1,1482
4550,2,1205
4550,3,690
4550,4,465
4550,5,148
4550,6,9
4551,0,536
4551,1,1531
4551,2,1166
4551,3,666
4551,4,508
4551,5,133
4551,6,11
4552,0,550
4552,1,1511
4552,2,1178
4552,3,662
4552,4,503
4552,5,140
4552,6,7
4552,7,1
4553,0,531
4553,1,1536
4553,2,1155
4553,3,702
4553,4,485
4553,5,134
4553,6,10
4554,0,529
4554,1,1528
4554,2,1180
4554,3,680
4554,4,496
4554,5,131
4554,6,10
4555,0,555
4555,1,1529
4555,2,1129
4555,3,671
4555,4,524
4555,5,141
4555,6,6
4556,0,538
4556,1,1513
4556,2,1205
4556,3,656
4556,4,493
4556,5,142
4556,6,9
4557,0,529
4557,1,1520
4557,2,1202
4557,3,684
4557,4,467
4557,5,144
4557,6,11
4558,0,530
4558,1,1552
4558,2,1155
4558,3,682
4558,4,488
4558,5,140
4558,6,11
4559,0,556
4559,1,1511
4559,2,1149
4559,3,674
4559,4,533
4559,5,126
4559,6,10
4560,0,537
4560,1,1518
4560,2,1205
4560,3,650
4560,4,496
4560,5,145
4560,6,9
4561,0,533
4561,1,1561
4561,2,1137
4561,3,677
4561,4,509
4561,5,137
4561,6,7
4562,0,524
4562,1,1542
4562,2,1182
4562,3,690
4562,4,470
4562,5,141
4562,6,13
4563,0,529
4563,1,1562
4563,2,1164
4563,3,629
4563,4,531
4563,5,141
4563,6,6
4563,7,1
4564,0,531
4564,1,1533
4564,2,1176
4564,3,686
4564,4,485
4564,5,144
4564,6,9
4565,0,570
4565,1,1506
4565,2,1162
4565,3,660
4565,4,525
4565,5,134
4565,6,8
4566,0,522
4566,1,1549
4566,2,1172
4566,3,678
4566,4,489
4566,5,148
4566,6,8
4567,0,563
4567,1,1491
4567,2,1183
4567,3,679
4567,4,506
4567,5,137
4567,6,7
4567,7,1
4568,0,543
4568,1,1524
4568,2,1175
4568,3,687
4568,4,488
4568,5,141
4568,6,10
4569,0,553
4569,1,1498
4569,2,1189
4569,3,693
4569,4,493
4569,5,136
4569,6,7
4570,0,539
4570,1,1533
4570,2,1175
4570,3,672
4570,4,497
4570,5,147
4570,6,7
4571,0,535
4571,1,1541
4571,2,1184
4571,3,651
4571,4,512
4571,5,137
4571,6,11
4572,0,526
4572,1,1547
4572,2,1203
4572,3,642
4572,4,501
4572,5,142
4572,6,11
4573,0,551
4573,1,1520
4573,2,1177
4573,3,677
4573,4,504
4573,5,135
4573,6,9
4574,0,546
4574,1,1512
4574,2,1184
4574,3,680
4574,4,511
4574,5,131
4574,6,10
4575,0,537
4575,1,1512
4575,2,1213
4575,3,669
4575,4,480
4575,5,156
4575,6,8
4576,0,527
4576,1,1577
4576,2,1172
4576,3,639
4576,4,513
4576,5,138
4576,6,10
4577,0,549
4577,1,1514
4577,2,1184
4577,3,667
4577,4,525
4577,5,128
4577,6,10
4578,0,533
4578,1,1532
4578,2,1219
4578,3,640
4578,4,500
4578,5,146
4578,6,8
4579,0,535
4579,1,1526
4579,2,1201
4579,3,674
4579,4,497
4579,5,133
4579,6,13
4580,0,568
4580,1,1480
4580,2,1196
4580,3,701
4580,4,483
4580,5,142
4580,6,10
4581,0,550
4581,1,1531
4581,2,1171
4581,3,665
4581,4,514
4581,5,141
4581,6,9
4582,0,538
4582,1,1527
4582,2,1226
4582,3,642
4582,4,492
4582,5,149
4582,6,8
4583,0,560
4583,1,1498
4583,2,1173
4583,3,689
4583,4,520
4583,5,136
4583,6,7
4584,0,558
4584,1,1521
4584,2,1182
4584,3,665
4584,4,523
4584,5,121
4584,6,14
4585,0,530
4585,1,1553
4585,2,1178
4585,3,666
4585,4,509
4585,5,140
4585,6,9
4586,0,552
4586,1,1527
4586,2,1163
4586,3,704
4586,4,489
4586,5,143
4586,6,8
4587,0,538
4587,1,1515
4587,2,1222
4587,3,665
4587,4,498
4587,5,137
4587,6,12
4588,0,557
4588,1,1531
4588,2,1146
4588,3,696
4588,4,510
4588,5,138
4588,6,10
4589,0,552
4589,1,1540
4589,2,1138
4589,3,714
4589,4,510
4589,5,129
4589,6,5
4589,7,1
4590,0,531
4590,1,1540
4590,2,1195
4590,3,681
4590,4,487
4590,5,147
4590,6,8
4590,7,1
4591,0,537
4591,1,1568
4591,2,1151
4591,3,680
4591,4,507
4591,5,141
4591,6,7
4592,0,517
4592,1,1569
4592,2,1178
4592,3,684
4592,4,487
4592,5,148
4592,6,9
4593,0,557
4593,1,1523
4593,2,1165
4593,3,692
4593,4,515
4593,5,133
4593,6,8
4594,0,531
4594,1,1566
4594,2,1189
4594,3,645
4594,4,501
4594,5,156
4594,6,6
4595,0,572
4595,1,1485
4595,2,1199
4595,3,694
4595,4,498
4595,5,134
4595,6,13
4596,0,528
4596,1,1544
4596,2,1194
4596,3,675
4596,4,509
4596,5,136
4596,6,10
4597,0,553
4597,1,1537
4597,2,1169
4597,3,674
4597,4,515
4597,5,139
4597,6,10
4598,0,550
4598,1,1523
4598,2,1207
4598,3,677
4598,4,487
4598,5,148
4598,6,6
4599,0,509
4599,1,1587
4599,2,1203
4599,3,628
4599,4,517
4599,5,145
4599,6,10
4600,0,539
4600,1,1538
4600,2,1207
4600,3,664
4600,4,507
4600,5,132
4600,6,13
4601,0,568
4601,1,1508
4601,2,1192
4601,3,666
4601,4,515
4601,5,145
4601,6,7
4602,0,528
4602,1,1544
4602,2,1227
4602,3,643
4602,4,506
4602,5,147
4602,6,6
4602,7,1
4603,0,554
4603,1,1527
4603,2,1189
4603,3,682
4603,4,492
4603,5,150
4603,6,9
4604,0,543
4604,1,1533
4604,2,1192
4604,3,689
4604,4,504
4604,5,131
4604,6,12
4605,0,533
4605,1,1562
4605,2,1168
4605,3,679
4605,4,522
4605,5,133
4605,6,8
4606,0,528
4606,1,1581
4606,2,1155
4606,3,688
4606,4,506
4606,5,136
4606,6,12
4607,0,545
4607,1,1541
4607,2,1172
4607,3,699
4607,4,513
4607,5,126
4607,6,10
4607,7,1
4608,0,540
4608,1,1554
4608,2,1182
4608,3,673
4608,4,503
4608,5,146
4608,6,10
4609,0,536
4609,1,1544
4609,2,1188
4609,3,705
4609,4,494
4609,5,132
4609,6,10
4610,0,566
4610,1,1513
4610,2,1185
4610,3,686
4610,4,515
4610,5,134
4610,6,11
4611,0,559
4611,1,1526
4611,2,1172
4611,3,706
4611,4,492
4611,5,148
4611,6,8
4612,0,570
4612,1,1497
4612,2,1196
4612,3,686
4612,4,521
4612,5,130
4612,6,12
4613,0,564
4613,1,1520
4613,2,1183
4613,3,687
4613,4,515
4613,5,136
4613,6,8
4614,0,549
4614,1,1544
4614,2,1171
4614,3,690
4614,4,519
4614,5,130
4614,6,11
4615,0,540
4615,1,1571
4615,2,1174
4615,3,652
4615,4,529
4615,5,141
4615,6,8
4616,0,554
4616,1,1513
4616,2,1227
4616,3,666
4616,4,500
4616,5,144
4616,6,12
4617,0,534
4617,1,1570
4617,2,1187
4617,3,665
4617,4,511
4617,5,140
4617,6,10
4618,0,533
4618,1,1543
4618,2,1208
4618,3,690
4618,4,500
4618,5,133
4618,6,11
4619,0,566
4619,1,1496
4619,2,1207
4619,3,708
4619,4,495
4619,5,138
4619,6,9
4620,0,535
4620,1,1563
4620,2,1200
4620,3,667
4620,4,500
4620,5,144
4620,6,11
4621,0,538
4621,1,1544
4621,2,1215
4621,3,662
4621,4,508
4621,5,144
4621,6,10
4622,0,556
4622,1,1534
4622,2,1195
4622,3,675
4622,4,509
4622,5,142
4622,6,11
4623,0,553
4623,1,1515
4623,2,1235
4623,3,664
4623,4,510
4623,5,134
4623,6,12
4624,0,562
4624,1,1513
4624,2,1221
4624,3,675
4624,4,502
4624,5,141
4624,6,10
4625,0,542
4625,1,1541
4625,2,1213
4625,3,665
4625,4,508
4625,5,149
4625,6,7
4626,0,534
4626,1,1568
4626,2,1181
4626,3,680
4626,4,514
4626,5,140
4626,6,9
4627,0,558
4627,1,1526
4627,2,1228
4627,3,657
4627,4,504
4627,5,144
4627,6,10
4628,0,532
4628,1,1548
4628,2,1222
4628,3,683
4628,4,487
4628,5,147
4628,6,9
4629,0,545
4629,1,1565
4629,2,1158
4629,3,698
4629,4,513
4629,5,139
4629,6,11
4630,0,562
4630,1,1522
4630,2,1206
4630,3,677
4630,4,514
4630,5,137
4630,6,12
4631,0,563
4631,1,1513
4631,2,1207
4631,3,695
4631,4,506
4631,5,137
4631,6,10
4632,0,576
4632,1,1498
4632,2,1217
4632,3,695
4632,4,488
4632,5,150
4632,6,8
4633,0,550
4633,1,1509
4633,2,1234
4633,3,713
4633,4,467
4633,5,151
4633,6,9
4634,0,565
4634,1,1538
4634,2,1176
4634,3,680
4634,4,533
4634,5,134
4634,6,7
4634,7,1
4635,0,541
4635,1,1578
4635,2,1185
4635,3,662
4635,4,509
4635,5,151
4635,6,9
4636,0,549
4636,1,1557
4636,2,1157
4636,3,724
4636,4,499
4636,5,141
4636,6,9
4637,0,515
4637,1,1626
4637,2,1177
4637,3,638
4637,4,530
4637,5,140
4637,6,11
4638,0,540
4638,1,1559
4638,2,1193
4638,3,688
4638,4,504
4638,5,146
4638,6,8
4639,0,539
4639,1,1549
4639,2,1234
4639,3,655
4639,4,506
4639,5,146
4639,6,10
4640,0,552
4640,1,1535
4640,2,1208
4640,3,692
4640,4,506
4640,5,137
4640,6,10
4641,0,555
4641,1,1533
4641,2,1199
4641,3,689
4641,4,512
4641,5,141
4641,6,12
4642,0,539
4642,1,1571
4642,2,1196
4642,3,674
4642,4,513
4642,5,140
4642,6,9
4643,0,559
4643,1,1546
4643,2,1187
4643,3,681
4643,4,522
4643,5,138
4643,6,10
4644,0,537
4644,1,1565
4644,2,1198
4644,3,686
4644,4,510
4644,5,139
4644,6,9
4645,0,566
4645,1,1510
4645,2,1223
4645,3,683
4645,4,512
4645,5,139
4645,6,12
4646,0,558
4646,1,1562
4646,2,1171
4646,3,686
4646,4,524
4646,5,133
4646,6,12
4647,0,541
4647,1,1572
4647,2,1181
4647,3,690
4647,4,513
4647,5,142
4647,6,8
4648,0,582
4648,1,1496
4648,2,1199
4648,3,710
4648,4,522
4648,5,127
4648,6,12
4649,0,531
4649,1,1565
4649,2,1221
4649,3,669
4649,4,510
4649,5,143
4649,6,10
4650,0,560
4650,1,1538
4650,2,1207
4650,3,680
4650,4,508
4650,5,146
4650,6,11
4651,0,541
4651,1,1569
4651,2,1206
4651,3,673
4651,4,513
4651,5,138
4651,6,11
4652,0,530
4652,1,1592
4652,2,1178
4652,3,686
4652,4,513
4652,5,145
4652,6,8
4653,0,559
4653,1,1520
4653,2,1227
4653,3,693
4653,4,510
4653,5,131
4653,6,13
4654,0,544
4654,1,1544
4654,2,1221
4654,3,701
4654,4,486
4654,5,150
4654,6,8
4655,0,573
4655,1,1526
4655,2,1186
4655,3,698
4655,4,525
4655,5,139
4655,6,8
4656,0,539
4656,1,1570
4656,2,1203
4656,3,692
4656,4,501
4656,5,137
4656,6,14
4657,0,562
4657,1,1513
4657,2,1255
4657,3,661
4657,4,512
4657,5,146
4657,6,8
4658,0,564
4658,1,1522
4658,2,1225
4658,3,683
4658,4,516
4658,5,141
4658,6,6
4658,7,1
4659,0,551
4659,1,1542
4659,2,1212
4659,3,694
4659,4,515
4659,5,132
4659,6,13
4660,0,555
4660,1,1587
4660,2,1170
4660,3,652
4660,4,539
4660,5,148
4660,6,9
4661,0,550
4661,1,1554
4661,2,1203
4661,3,686
4661,4,522
4661,5,137
4661,6,9
4662,0,562
4662,1,1532
4662,2,1201
4662,3,725
4662,4,491
4662,5,139
4662,6,12
4663,0,563
4663,1,1546
4663,2,1165
4663,3,717
4663,4,532
4663,5,129
4663,6,11
4664,0,528
4664,1,1595
4664,2,1201
4664,3,686
4664,4,489
4664,5,155
4664,6,10
4665,0,565
4665,1,1539
4665,2,1212
4665,3,680
4665,4,519
4665,5,140
4665,6,10
4666,0,565
4666,1,1529
4666,2,1201
4666,3,708
4666,4,516
4666,5,136
4666,6,11
4667,0,557
4667,1,1567
4667,2,1186
4667,3,680
4667,4,522
4667,5,147
4667,6,8
4668,0,551
4668,1,1557
4668,2,1198
4668,3,692
4668,4,528
4668,5,129
4668,6,13
4669,0,535
4669,1,1585
4669,2,1207
4669,3,684
4669,4,499
4669,5,150
4669,6,9
4670,0,549
4670,1,1563
4670,2,1225
4670,3,664
4670,4,502
4670,5,161
4670,6,6
4671,0,576
4671,1,1524
4671,2,1196
4671,3,721
4671,4,506
4671,5,140
4671,6,8
4672,0,542
4672,1,1560
4672,2,1233
4672,3,655
4672,4,523
4672,5,147
4672,6,12
4673,0,554
4673,1,1543
4673,2,1223
4673,3,685
4673,4,519
4673,5,142
4673,6,7
4674,0,560
4674,1,1556
4674,2,1198
4674,3,692
4674,4,518
4674,5,141
4674,6,9
4675,0,544
4675,1,1577
4675,2,1199
4675,3,690
4675,4,507
4675,5,146
4675,6,12
4676,0,568
4676,1,1560
4676,2,1180
4676,3,703
4676,4,508
4676,5,148
4676,6,9
4677,0,548
4677,1,1560
4677,2,1206
4677,3,713
4677,4,499
4677,5,142
4677,6,7
4677,7,2
4678,0,561
4678,1,1530
4678,2,1212
4678,3,722
4678,4,506
4678,5,137
4678,6,10
4679,0,535
4679,1,1571
4679,2,1222
4679,3,685
4679,4,517
4679,5,134
4679,6,15
4680,0,560
4680,1,1551
4680,2,1213
4680,3,703
4680,4,498
4680,5,143
4680,6,12
4681,0,570
4681,1,1556
4681,2,1195
4681,3,670
4681,4,528
4681,5,156
4681,6,6
4682,0,558
4682,1,1535
4682,2,1239
4682,3,689
4682,4,508
4682,5,144
4682,6,9
4683,0,588
4683,1,1489
4683,2,1256
4683,3,692
4683,4,503
4683,5,143
4683,6,12
4684,0,576
4684,1,1526
4684,2,1216
4684,3,688
4684,4,523
4684,5,148
4684,6,7
4685,0,547
4685,1,1544
4685,2,1240
4685,3,700
4685,4,510
4685,5,131
4685,6,13
4686,0,540
4686,1,1601
4686,2,1203
4686,3,649
4686,4,535
4686,5,150
4686,6,8
4687,0,548
4687,1,1564
4687,2,1228
4687,3,689
4687,4,494
4687,5,152
4687,6,12
4688,0,551
4688,1,1559
4688,2,1211
4688,3,709
4688,4,501
4688,5,151
4688,6,6
4689,0,546
4689,1,1555
4689,2,1243
4689,3,681
4689,4,517
4689,5,134
4689,6,13
4690,0,568
4690,1,1551
4690,2,1218
4690,3,677
4690,4,512
4690,5,154
4690,6,10
4691,0,564
4691,1,1559
4691,2,1201
4691,3,692
4691,4,524
4691,5,145
4691,6,5
4691,7,1
4692,0,557
4692,1,1547
4692,2,1202
4692,3,744
4692,4,494
4692,5,137
4692,6,11
4693,0,571
4693,1,1533
4693,2,1225
4693,3,694
4693,4,520
4693,5,137
4693,6,13
4694,0,559
4694,1,1553
4694,2,1215
4694,3,695
4694,4,528
4694,5,134
4694,6,10
4695,0,585
4695,1,1534
4695,2,1202
4695,3,689
4695,4,536
4695,5,138
4695,6,11
4696,0,534
4696,1,1590
4696,2,1193
4696,3,718
4696,4,524
4696,5,123
4696,6,14
4697,0,543
4697,1,1638
4697,2,1143
4697,3,686
4697,4,527
4697,5,153
4697,6,6
4697,7,1
4698,0,529
4698,1,1609
4698,2,1191
4698,3,687
4698,4,537
4698,5,132
4698,6,13
4699,0,538
4699,1,1606
4699,2,1204
4699,3,683
4699,4,517
4699,5,142
4699,6,9
4700,0,551
4700,1,1578
4700,2,1223
4700,3,668
4700,4,512
4700,5,161
4700,6,7
4701,0,533
4701,1,1603
4701,2,1194
4701,3,698
4701,4,516
4701,5,148
4701,6,9
4702,0,566
4702,1,1552
4702,2,1223
4702,3,707
4702,4,503
4702,5,141
4702,6,10
4703,0,552
4703,1,1599
4703,2,1164
4703,3,709
4703,4,522
4703,5,149
4703,6,8
4704,0,559
4704,1,1555
4704,2,1215
4704,3,703
4704,4,517
4704,5,145
4704,6,10
4705,0,561
4705,1,1556
4705,2,1238
4705,3,684
4705,4,510
4705,5,144
4705,6,12
4706,0,542
4706,1,1611
4706,2,1178
4706,3,692
4706,4,535
4706,5,136
4706,6,12
4707,0,554
4707,1,1570
4707,2,1199
4707,3,725
4707,4,504
4707,5,148
4707,6,7
4708,0,563
4708,1,1553
4708,2,1228
4708,3,695
4708,4,519
4708,5,139
4708,6,11
4709,0,563
4709,1,1531
4709,2,1269
4709,3,672
4709,4,521
4709,5,142
4709,6,11
4710,0,543
4710,1,1620
4710,2,1200
4710,3,651
4710,4,534
4710,5,155
4710,6,7
4711,0,524
4711,1,1614
4711,2,1224
4711,3,677
4711,4,513
4711,5,145
4711,6,14
4712,0,556
4712,1,1604
4712,2,1154
4712,3,725
4712,4,523
4712,5,144
4712,6,5
4712,7,1
4713,0,543
4713,1,1577
4713,2,1240
4713,3,684
4713,4,514
4713,5,144
4713,6,11
4714,0,554
4714,1,1580
4714,2,1209
4714,3,698
4714,4,524
4714,5,141
4714,6,8
4715,0,546
4715,1,1577
4715,2,1247
4715,3,667
4715,4,517
4715,5,148
4715,6,13
4716,0,552
4716,1,1581
4716,2,1220
4716,3,687
4716,4,518
4716,5,147
4716,6,11
4717,0,555
4717,1,1568
4717,2,1255
4717,3,657
4717,4,514
4717,5,161
4717,6,7
4718,0,563
4718,1,1555
4718,2,1228
4718,3,715
4718,4,508
4718,5,140
4718,6,9
4719,0,565
4719,1,1576
4719,2,1207
4719,3,690
4719,4,519
4719,5,154
4719,6,8
4720,0,534
4720,1,1610
4720,2,1183
4720,3,727
4720,4,529
4720,5,122
4720,6,15
4721,0,564
4721,1,1565
4721,2,1220
4721,3,698
4721,4,512
4721,5,156
4721,6,6
4722,0,570
4722,1,1548
4722,2,1224
4722,3,711
4722,4,510
4722,5,151
4722,6,8
4723,0,561
4723,1,1571
4723,2,1206
4723,3,714
4723,4,517
4723,5,144
4723,6,9
4723,7,1
4724,0,586
4724,1,1534
4724,2,1229
4724,3,705
4724,4,512
4724,5,149
4724,6,9
4725,0,533
4725,1,1629
4725,2,1205
4725,3,670
4725,4,533
4725,5,146
4725,6,9
4726,0,545
4726,1,1611
4726,2,1198
4726,3,680
4726,4,535
4726,5,147
4726,6,10
4727,0,560
4727,1,1550
4727,2,1242
4727,3,721
4727,4,504
4727,5,138
4727,6,12
4728,0,546
4728,1,1619
4728,2,1185
4728,3,694
4728,4,529
4728,5,144
4728,6,11
4729,0,560
4729,1,1563
4729,2,1243
4729,3,702
4729,4,502
4729,5,148
4729,6,11
4730,0,556
4730,1,1584
4730,2,1204
4730,3,694
4730,4,544
4730,5,138
4730,6,10
4731,0,548
4731,1,1596
4731,2,1213
4731,3,707
4731,4,512
4731,5,145
4731,6,10
4732,0,569
4732,1,1555
4732,2,1228
4732,3,697
4732,4,536
4732,5,134
4732,6,13
4733,0,553
4733,1,1577
4733,2,1246
4733,3,696
4733,4,497
4733,5,156
4733,6,8
4734,0,561
4734,1,1585
4734,2,1212
4734,3,687
4734,4,535
4734,5,142
4734,6,12
4735,0,545
4735,1,1620
4735,2,1175
4735,3,693
4735,4,545
4735,5,150
4735,6,7
4736,0,554
4736,1,1586
4736,2,1244
4736,3,677
4736,4,521
4736,5,142
4736,6,12
4737,0,553
4737,1,1593
4737,2,1211
4737,3,706
4737,4,524
4737,5,136
4737,6,14
4738,0,558
4738,1,1589
4738,2,1222
4738,3,669
4738,4,545
4738,5,149
4738,6,6
4739,0,563
4739,1,1594
4739,2,1186
4739,3,710
4739,4,539
4739,5,135
4739,6,12
4740,0,545
4740,1,1584
4740,2,1245
4740,3,702
4740,4,513
4740,5,138
4740,6,13
4741,0,584
4741,1,1551
4741,2,1214
4741,3,716
4741,4,523
4741,5,141
4741,6,12
4742,0,549
4742,1,1584
4742,2,1232
4742,3,693
4742,4,545
4742,5,128
4742,6,11
4743,0,562
4743,1,1571
4743,2,1231
4743,3,698
4743,4,532
4743,5,137
4743,6,12
4744,0,562
4744,1,1574
4744,2,1243
4744,3,697
4744,4,497
4744,5,162
4744,6,9
4745,0,567
4745,1,1592
4745,2,1189
4745,3,716
4745,4,526
4745,5,147
4745,6,7
4745,7,1
4746,0,565
4746,1,1545
4746,2,1266
4746,3,717
4746,4,485
4746,5,160
4746,6,8
4747,0,563
4747,1,1553
4747,2,1263
4747,3,691
4747,4,514
4747,5,155
4747,6,7
4747,7,1
4748,0,582
4748,1,1554
4748,2,1245
4748,3,696
4748,4,511
4748,5,152
4748,6,8
4749,0,560
4749,1,1568
4749,2,1236
4749,3,702
4749,4,534
4749,5,137
4749,6,12
4750,0,582
4750,1,1536
4750,2,1251
4750,3,714
4750,4,502
4750,5,154
4750,6,11
4751,0,541
4751,1,1583
4751,2,1285
4751,3,686
4751,4,490
4751,5,154
4751,6,12
4752,0,579
4752,1,1570
4752,2,1192
4752,3,710
4752,4,559
4752,5,132
4752,6,10
4753,0,559
4753,1,1587
4753,2,1239
4753,3,690
4753,4,507
4753,5,162
4753,6,9
4754,0,562
4754,1,1574
4754,2,1242
4754,3,717
4754,4,499
4754,5,151
4754,6,9
4755,0,555
4755,1,1573
4755,2,1259
4755,3,690
4755,4,525
4755,5,142
4755,6,11
4756,0,597
4756,1,1551
4756,2,1196
4756,3,738
4756,4,508
4756,5,160
4756,6,5
4756,7,1
4757,0,547
4757,1,1599
4757,2,1245
4757,3,693
4757,4,519
4757,5,142
4757,6,12
4758,0,528
4758,1,1640
4758,2,1212
4758,3,691
4758,4,522
4758,5,154
4758,6,11
4759,0,560
4759,1,1596
4759,2,1234
4759,3,668
4759,4,552
4759,5,138
4759,6,11
4760,0,576
4760,1,1563
4760,2,1243
4760,3,693
4760,4,524
4760,5,152
4760,6,9
4761,0,555
4761,1,1578
4761,2,1255
4761,3,705
4761,4,501
4761,5,156
4761,6,11
4762,0,566
4762,1,1588
4762,2,1208
4762,3,711
4762,4,542
4762,5,134
4762,6,13
4763,0,589
4763,1,1517
4763,2,1284
4763,3,717
4763,4,496
4763,5,151
4763,6,9
4764,0,572
4764,1,1571
4764,2,1232
4764,3,701
4764,4,539
4764,5,137
4764,6,12
4765,0,565
4765,1,1616
4765,2,1169
4765,3,713
4765,4,559
4765,5,132
4765,6,11
4766,0,555
4766,1,1580
4766,2,1268
4766,3,676
4766,4,535
4766,5,142
4766,6,9
4766,7,1
4767,0,570
4767,1,1576
4767,2,1239
4767,3,703
4767,4,514
4767,5,158
4767,6,7
4768,0,569
4768,1,1600
4768,2,1218
4768,3,676
4768,4,546
4768,5,149
4768,6,10
4769,0,562
4769,1,1561
4769,2,1278
4769,3,709
4769,4,503
4769,5,144
4769,6,12
4770,0,568
4770,1,1579
4770,2,1237
4770,3,694
4770,4,533
4770,5,150
4770,6,8
4770,7,1
4771,0,550
4771,1,1639
4771,2,1192
4771,3,694
4771,4,534
4771,5,156
4771,6,6
4772,0,565
4772,1,1593
4772,2,1212
4772,3,731
4772,4,508
4772,5,156
4772,6,6
4772,7,1
4773,0,554
4773,1,1613
4773,2,1209
4773,3,704
4773,4,553
4773,5,130
4773,6,10
4774,0,543
4774,1,1617
4774,2,1227
4774,3,716
4774,4,505
4774,5,159
4774,6,7
4775,0,562
4775,1,1579
4775,2,1251
4775,3,704
4775,4,524
4775,5,143
4775,6,12
4776,0,558
4776,1,1618
4776,2,1238
4776,3,664
4776,4,531
4776,5,155
4776,6,12
4777,0,553
4777,1,1609
4777,2,1219
4777,3,713
4777,4,529
4777,5,144
4777,6,10
4778,0,565
4778,1,1577
4778,2,1255
4778,3,713
4778,4,502
4778,5,157
4778,6,9
4779,0,597
4779,1,1536
4779,2,1246
4779,3,729
4779,4,512
4779,5,149
4779,6,10
4780,0,569
4780,1,1545
4780,2,1287
4780,3,707
4780,4,525
4780,5,131
4780,6,16
4781,0,567
4781,1,1570
4781,2,1267
4781,3,698
4781,4,521
4781,5,149
4781,6,9
4782,0,562
4782,1,1622
4782,2,1202
4782,3,708
4782,4,525
4782,5,154
4782,6,9
4783,0,561
4783,1,1585
4783,2,1246
4783,3,706
4783,4,525
4783,5,150
4783,6,10
4784,0,579
4784,1,1560
4784,2,1249
4784,3,721
4784,4,528
4784,5,132
4784,6,15
4785,0,559
4785,1,1600
4785,2,1229
4785,3,725
4785,4,524
4785,5,136
4785,6,12
4786,0,574
4786,1,1578
4786,2,1247
4786,3,685
4786,4,547
4786,5,144
4786,6,11
4787,0,568
4787,1,1579
4787,2,1258
4787,3,709
4787,4,509
4787,5,153
4787,6,11
4788,0,562
4788,1,1604
4788,2,1241
4788,3,687
4788,4,533
4788,5,153
4788,6,8
4789,0,564
4789,1,1608
4789,2,1234
4789,3,689
4789,4,528
4789,5,159
4789,6,7
4790,0,566
4790,1,1588
4790,2,1244
4790,3,701
4790,4,532
4790,5,149
4790,6,9
4790,7,1
4791,0,552
4791,1,1609
4791,2,1245
4791,3,718
4791,4,501
4791,5,157
4791,6,9
4792,0,571
4792,1,1591
4792,2,1204
4792,3,745
4792,4,535
4792,5,136
4792,6,10
4793,0,562
4793,1,1614
4793,2,1224
4793,3,694
4793,4,542
4793,5,146
4793,6,11
4794,0,554
4794,1,1611
4794,2,1241
4794,3,707
4794,4,518
4794,5,153
4794,6,10
4795,0,572
4795,1,1559
4795,2,1279
4795,3,704
4795,4,527
4795,5,140
4795,6,14
4796,0,602
4796,1,1538
4796,2,1265
4796,3,712
4796,4,519
4796,5,149
4796,6,11
4797,0,570
4797,1,1587
4797,2,1233
4797,3,730
4797,4,507
4797,5,159
4797,6,11
4798,0,575
4798,1,1586
4798,2,1221
4798,3,733
4798,4,538
4798,5,136
4798,6,9
4799,0,563
4799,1,1598
4799,2,1253
4799,3,701
4799,4,523
4799,5,148
4799,6,13
4800,0,566
4800,1,1606
4800,2,1214
4800,3,730
4800,4,535
4800,5,137
4800,6,12
4801,0,575
4801,1,1597
4801,2,1224
4801,3,693
4801,4,559
4801,5,143
4801,6,10
4802,0,558
4802,1,1632
4802,2,1214
4802,3,701
4802,4,542
4802,5,146
4802,6,9
4803,0,584
4803,1,1579
4803,2,1227
4803,3,709
4803,4,549
4803,5,145
4803,6,9
4803,7,1
4804,0,538
4804,1,1627
4804,2,1257
4804,3,725
4804,4,489
4804,5,158
4804,6,10
4805,0,552
4805,1,1624
4805,2,1214
4805,3,713
4805,4,563
4805,5,127
4805,6,12
4806,0,564
4806,1,1591
4806,2,1283
4806,3,696
4806,4,502
4806,5,160
4806,6,10
4807,0,579
4807,1,1579
4807,2,1239
4807,3,712
4807,4,538
4807,5,149
4807,6,11
4808,0,543
4808,1,1647
4808,2,1239
4808,3,682
4808,4,539
4808,5,150
4808,6,8
4809,0,568
4809,1,1613
4809,2,1216
4809,3,710
4809,4,553
4809,5,138
4809,6,11
4810,0,574
4810,1,1587
4810,2,1250
4810,3,705
4810,4,537
4810,5,147
4810,6,9
4810,7,1
4811,0,565
4811,1,1622
4811,2,1226
4811,3,702
4811,4,538
4811,5,148
4811,6,10
4812,0,590
4812,1,1557
4812,2,1250
4812,3,729
4812,4,524
4812,5,150
4812,6,12
4813,0,593
4813,1,1565
4813,2,1222
4813,3,761
4813,4,513
4813,5,152
4813,6,7
4814,0,552
4814,1,1617
4814,2,1265
4814,3,682
4814,4,544
4814,5,143
4814,6,11
4815,0,537
4815,1,1656
4815,2,1241
4815,3,696
4815,4,523
4815,5,148
4815,6,14
4816,0,574
4816,1,1595
4816,2,1236
4816,3,706
4816,4,545
4816,5,149
4816,6,11
4817,0,538
4817,1,1622
4817,2,1285
4817,3,698
4817,4,514
4817,5,147
4817,6,13
4818,0,585
4818,1,1562
4818,2,1281
4818,3,704
4818,4,535
4818,5,138
4818,6,13
4819,0,555
4819,1,1629
4819,2,1236
4819,3,704
4819,4,523
4819,5,162
4819,6,10
4820,0,568
4820,1,1591
4820,2,1270
4820,3,700
4820,4,540
4820,5,140
4820,6,11
4821,0,567
4821,1,1602
4821,2,1264
4821,3,691
4821,4,534
4821,5,152
4821,6,11
4822,0,578
4822,1,1592
4822,2,1241
4822,3,709
4822,4,538
4822,5,155
4822,6,9
4823,0,575
4823,1,1566
4823,2,1293
4823,3,716
4823,4,510
4823,5,152
4823,6,11
4824,0,598
4824,1,1571
4824,2,1232
4824,3,728
4824,4,546
4824,5,138
4824,6,11
4825,0,567
4825,1,1608
4825,2,1252
4825,3,709
4825,4,529
4825,5,148
4825,6,12
4826,0,566
4826,1,1624
4826,2,1221
4826,3,703
4826,4,558
4826,5,147
4826,6,7
4827,0,589
4827,1,1576
4827,2,1261
4827,3,710
4827,4,521
4827,5,162
4827,6,8
4828,0,568
4828,1,1600
4828,2,1252
4828,3,734
4828,4,507
4828,5,159
4828,6,7
4828,7,1
4829,0,578
4829,1,1562
4829,2,1282
4829,3,734
4829,4,519
4829,5,138
4829,6,16
4830,0,552
4830,1,1628
4830,2,1265
4830,3,700
4830,4,515
4830,5,160
4830,6,10
4831,0,560
4831,1,1649
4831,2,1198
4831,3,714
4831,4,556
4831,5,146
4831,6,7
4831,7,1
4832,0,601
4832,1,1554
4832,2,1272
4832,3,714
4832,4,534
4832,5,146
4832,6,11
4833,0,566
4833,1,1593
4833,2,1277
4833,3,710
4833,4,526
4833,5,151
4833,6,9
4833,7,1
4834,0,588
4834,1,1605
4834,2,1201
4834,3,740
4834,4,543
4834,5,146
4834,6,11
4835,0,539
4835,1,1645
4835,2,1264
4835,3,687
4835,4,531
4835,5,161
4835,6,8
4836,0,549
4836,1,1660
4836,2,1220
4836,3,729
4836,4,519
4836,5,150
4836,6,9
4837,0,557
4837,1,1645
4837,2,1231
4837,3,707
4837,4,525
4837,5,162
4837,6,10
4838,0,568
4838,1,1596
4838,2,1261
4838,3,716
4838,4,543
4838,5,142
4838,6,12
4839,0,572
4839,1,1617
4839,2,1252
4839,3,687
4839,4,556
4839,5,144
4839,6,11
4840,0,564
4840,1,1623
4840,2,1246
4840,3,715
4840,4,532
4840,5,150
4840,6,10
4841,0,589
4841,1,1620
4841,2,1179
4841,3,756
4841,4,537
4841,5,149
4841,6,11
4842,0,559
4842,1,1586
4842,2,1315
4842,3,711
4842,4,519
4842,5,133
4842,6,19
4843,0,586
4843,1,1579
4843,2,1256
4843,3,727
4843,4,540
4843,5,145
4843,6,10
4844,0,589
4844,1,1579
4844,2,1279
4844,3,703
4844,4,528
4844,5,156
4844,6,10
4845,0,578
4845,1,1601
4845,2,1265
4845,3,707
4845,4,527
4845,5,157
4845,6,10
4846,0,546
4846,1,1655
4846,2,1248
4846,3,687
4846,4,542
4846,5,158
4846,6,10
4847,0,571
4847,1,1582
4847,2,1312
4847,3,682
4847,4,541
4847,5,149
4847,6,10
4848,0,565
4848,1,1629
4848,2,1241
4848,3,724
4848,4,528
4848,5,152
4848,6,9
4849,0,562
4849,1,1611
4849,2,1278
4849,3,723
4849,4,513
4849,5,152
4849,6,10
4850,0,585
4850,1,1609
4850,2,1222
4850,3,729
4850,4,543
4850,5,152
4850,6,10
4851,0,586
4851,1,1608
4851,2,1239
4851,3,708
4851,4,553
4851,5,143
4851,6,14
4852,0,573
4852,1,1626
4852,2,1226
4852,3,725
4852,4,551
4852,5,143
4852,6,7
4852,7,1
4853,0,560
4853,1,1639
4853,2,1240
4853,3,710
4853,4,538
4853,5,154
4853,6,12
4854,0,574
4854,1,1587
4854,2,1290
4854,3,728
4854,4,517
4854,5,147
4854,6,11
4855,0,576
4855,1,1619
4855,2,1237
4855,3,722
4855,4,549
4855,5,139
4855,6,13
4856,0,532
4856,1,1689
4856,2,1229
4856,3,714
4856,4,528
4856,5,155
4856,6,9
4857,0,602
4857,1,1577
4857,2,1257
4857,3,723
4857,4,537
4857,5,148
4857,6,13
4858,0,562
4858,1,1624
4858,2,1265
4858,3,700
4858,4,555
4858,5,141
4858,6,11
4859,0,575
4859,1,1594
4859,2,1266
4859,3,732
4859,4,541
4859,5,139
4859,6,12
4860,0,587
4860,1,1598
4860,2,1281
4860,3,698
4860,4,523
4860,5,164
4860,6,9
4861,0,558
4861,1,1627
4861,2,1255
4861,3,739
4861,4,519
4861,5,152
4861,6,11
4862,0,563
4862,1,1623
4862,2,1277
4862,3,705
4862,4,521
4862,5,163
4862,6,10
4863,0,580
4863,1,1600
4863,2,1279
4863,3,710
4863,4,535
4863,5,148
4863,6,11
4864,0,595
4864,1,1593
4864,2,1235
4864,3,728
4864,4,560
4864,5,140
4864,6,13
4865,0,581
4865,1,1620
4865,2,1237
4865,3,742
4865,4,518
4865,5,159
4865,6,8
4866,0,561
4866,1,1655
4866,2,1219
4866,3,722
4866,4,552
4866,5,147
4866,6,9
4866,7,1
4867,0,572
4867,1,1621
4867,2,1280
4867,3,693
4867,4,548
4867,5,141
4867,6,12
4868,0,573
4868,1,1611
4868,2,1267
4868,3,711
4868,4,542
4868,5,154
4868,6,10
4869,0,553
4869,1,1652
4869,2,1266
4869,3,707
4869,4,522
4869,5,159
4869,6,10
4870,0,569
4870,1,1638
4870,2,1235
4870,3,716
4870,4,548
4870,5,156
4870,6,7
4870,7,1
4871,0,560
4871,1,1638
4871,2,1264
4871,3,730
4871,4,516
4871,5,156
4871,6,7
4872,0,573
4872,1,1630
4872,2,1226
4872,3,739
4872,4,546
4872,5,147
4872,6,10
4872,7,1
4873,0,576
4873,1,1611
4873,2,1284
4873,3,707
4873,4,523
4873,5,164
4873,6,8
4874,0,574
4874,1,1578
4874,2,1327
4874,3,720
4874,4,498
4874,5,169
4874,6,8
4875,0,577
4875,1,1646
4875,2,1229
4875,3,710
4875,4,544
4875,5,159
4875,6,10
4876,0,588
4876,1,1588
4876,2,1273
4876,3,732
4876,4,543
4876,5,138
4876,6,14
4877,0,555
4877,1,1663
4877,2,1225
4877,3,732
4877,4,547
4877,5,148
4877,6,7
4878,0,575
4878,1,1621
4878,2,1275
4878,3,706
4878,4,531
4878,5,158
4878,6,12
4879,0,571
4879,1,1624
4879,2,1253
4879,3,743
4879,4,537
4879,5,139
4879,6,12
4880,0,601
4880,1,1582
4880,2,1266
4880,3,735
4880,4,529
4880,5,154
4880,6,13
4881,0,543
4881,1,1687
4881,2,1242
4881,3,692
4881,4,553
4881,5,154
4881,6,10
4882,0,571
4882,1,1631
4882,2,1281
4882,3,690
4882,4,533
4882,5,169
4882,6,7
4883,0,547
4883,1,1666
4883,2,1268
4883,3,704
4883,4,533
4883,5,155
4883,6,10
4884,0,572
4884,1,1602
4884,2,1303
4884,3,719
4884,4,527
4884,5,151
4884,6,10
4885,0,588
4885,1,1572
4885,2,1302
4885,3,728
4885,4,539
4885,5,141
4885,6,15
4886,0,566
4886,1,1639
4886,2,1268
4886,3,719
4886,4,518
4886,5,170
4886,6,5
4886,7,1
4887,0,593
4887,1,1597
4887,2,1263
4887,3,746
4887,4,522
4887,5,160
4887,6,5
4887,7,1
4888,0,578
4888,1,1614
4888,2,1283
4888,3,707
4888,4,546
4888,5,147
4888,6,13
4889,0,607
4889,1,1577
4889,2,1268
4889,3,729
4889,4,547
4889,5,148
4889,6,13
4890,0,568
4890,1,1631
4890,2,1285
4890,3,708
4890,4,535
4890,5,155
4890,6,8
4891,0,582
4891,1,1643
4891,2,1244
4891,3,693
4891,4,564
4891,5,155
4891,6,10
4892,0,578
4892,1,1619
4892,2,1247
4892,3,754
4892,4,536
4892,5,148
4892,6,9
4892,7,1
4893,0,569
4893,1,1628
4893,2,1283
4893,3,723
4893,4,529
4893,5,150
4893,6,11
4894,0,556
4894,1,1663
4894,2,1274
4894,3,688
4894,4,548
4894,5,152
4894,6,13
4895,0,571
4895,1,1601
4895,2,1301
4895,3,715
4895,4,550
4895,5,147
4895,6,10
4896,0,574
4896,1,1644
4896,2,1267
4896,3,717
4896,4,533
4896,5,146
4896,6,15
4897,0,582
4897,1,1630
4897,2,1251
4897,3,723
4897,4,544
4897,5,159
4897,6,8
4898,0,591
4898,1,1592
4898,2,1289
4898,3,730
4898,4,530
4898,5,159
4898,6,7
4899,0,600
4899,1,1578
4899,2,1297
4899,3,729
4899,4,524
4899,5,160
4899,6,11
4900,0,563
4900,1,1656
4900,2,1260
4900,3,710
4900,4,548
4900,5,153
4900,6,10
4901,0,572
4901,1,1638
4901,2,1252
4901,3,745
4901,4,533
4901,5,150
4901,6,11
4902,0,587
4902,1,1625
4902,2,1275
4902,3,698
4902,4,560
4902,5,144
4902,6,13
4903,0,566
4903,1,1615
4903,2,1314
4903,3,712
4903,4,532
4903,5,149
4903,6,15
4904,0,594
4904,1,1577
4904,2,1316
4904,3,718
4904,4,537
4904,5,151
4904,6,11
4905,0,577
4905,1,1645
4905,2,1249
4905,3,740
4905,4,516
4905,5,168
4905,6,10
4906,0,587
4906,1,1636
4906,2,1251
4906,3,697
4906,4,577
4906,5,148
4906,6,10
4907,0,574
4907,1,1632
4907,2,1274
4907,3,736
4907,4,536
4907,5,142
4907,6,13
4908,0,543
4908,1,1683
4908,2,1259
4908,3,725
4908,4,532
4908,5,153
4908,6,13
4909,0,575
4909,1,1616
4909,2,1298
4909,3,736
4909,4,513
4909,5,159
4909,6,12
4910,0,591
4910,1,1630
4910,2,1253
4910,3,714
4910,4,564
4910,5,148
4910,6,10
4911,0,534
4911,1,1680
4911,2,1274
4911,3,736
4911,4,531
4911,5,142
4911,6,14
4912,0,600
4912,1,1598
4912,2,1290
4912,3,720
4912,4,539
4912,5,152
4912,6,13
4913,0,584
4913,1,1645
4913,2,1237
4913,3,733
4913,4,548
4913,5,158
4913,6,8
4914,0,598
4914,1,1586
4914,2,1318
4914,3,703
4914,4,538
4914,5,160
4914,6,11
4915,0,599
4915,1,1599
4915,2,1276
4915,3,738
4915,4,534
4915,5,160
4915,6,9
4916,0,554
4916,1,1675
4916,2,1263
4916,3,717
4916,4,543
4916,5,153
4916,6,11
4917,0,590
4917,1,1625
4917,2,1248
4917,3,746
4917,4,547
4917,5,151
4917,6,9
4917,7,1
4918,0,587
4918,1,1628
4918,2,1269
4918,3,733
4918,4,538
4918,5,151
4918,6,12
4919,0,561
4919,1,1635
4919,2,1292
4919,3,730
4919,4,546
4919,5,143
4919,6,12
4920,0,582
4920,1,1629
4920,2,1280
4920,3,731
4920,4,535
4920,5,151
4920,6,12
4921,0,587
4921,1,1592
4921,2,1343
4921,3,695
4921,4,530
4921,5,162
4921,6,12
4922,0,601
4922,1,1595
4922,2,1280
4922,3,747
4922,4,538
4922,5,150
4922,6,11
4923,0,574
4923,1,1653
4923,2,1272
4923,3,713
4923,4,542
4923,5,159
4923,6,10
4924,0,590
4924,1,1637
4924,2,1229
4924,3,760
4924,4,546
4924,5,153
4924,6,8
4924,7,1
4925,0,563
4925,1,1665
4925,2,1278
4925,3,706
4925,4,561
4925,5,138
4925,6,14
4926,0,581
4926,1,1608
4926,2,1325
4926,3,707
4926,4,532
4926,5,165
4926,6,8
4927,0,612
4927,1,1582
4927,2,1281
4927,3,736
4927,4,555
4927,5,152
4927,6,9
4928,0,580
4928,1,1613
4928,2,1313
4928,3,736
4928,4,518
4928,5,156
4928,6,12
4929,0,587
4929,1,1619
4929,2,1285
4929,3,730
4929,4,545
4929,5,152
4929,6,11
4930,0,585
4930,1,1622
4930,2,1291
4930,3,725
4930,4,542
4930,5,153
4930,6,12
4931,0,569
4931,1,1671
4931,2,1268
4931,3,701
4931,4,560
4931,5,154
4931,6,7
4931,7,1
4932,0,580
4932,1,1632
4932,2,1287
4932,3,725
4932,4,544
4932,5,150
4932,6,14
4933,0,578
4933,1,1625
4933,2,1313
4933,3,707
4933,4,531
4933,5,172
4933,6,7
4934,0,585
4934,1,1634
4934,2,1275
4934,3,731
4934,4,551
4934,5,148
4934,6,10
4935,0,588
4935,1,1625
4935,2,1272
4935,3,741
4935,4,552
4935,5,143
4935,6,14
4936,0,574
4936,1,1659
4936,2,1286
4936,3,704
4936,4,548
4936,5,150
4936,6,15
4937,0,585
4937,1,1630
4937,2,1285
4937,3,719
4937,4,544
4937,5,166
4937,6,8
4938,0,587
4938,1,1625
4938,2,1300
4938,3,722
4938,4,536
4938,5,158
4938,6,10
4939,0,588
4939,1,1602
4939,2,1304
4939,3,739
4939,4,547
4939,5,146
4939,6,13
4940,0,585
4940,1,1627
4940,2,1290
4940,3,741
4940,4,530
4940,5,153
4940,6,14
4941,0,580
4941,1,1635
4941,2,1314
4941,3,684
4941,4,570
4941,5,149
4941,6,9
4942,0,580
4942,1,1651
4942,2,1269
4942,3,727
4942,4,548
4942,5,156
4942,6,11
4943,0,569
4943,1,1651
4943,2,1288
4943,3,724
4943,4,542
4943,5,159
4943,6,10
4944,0,570
4944,1,1675
4944,2,1233
4944,3,749
4944,4,562
4944,5,143
4944,6,12
4945,0,554
4945,1,1707
4945,2,1263
4945,3,714
4945,4,536
4945,5,160
4945,6,10
4945,7,1
4946,0,572
4946,1,1700
4946,2,1204
4946,3,735
4946,4,575
4946,5,151
4946,6,9
4947,0,598
4947,1,1593
4947,2,1307
4947,3,740
4947,4,554
4947,5,142
4947,6,13
4948,0,593
4948,1,1629
4948,2,1285
4948,3,738
4948,4,538
4948,5,156
4948,6,8
4948,7,1
4949,0,579
4949,1,1672
4949,2,1264
4949,3,691
4949,4,590
4949,5,138
4949,6,15
4950,0,592
4950,1,1619
4950,2,1292
4950,3,738
4950,4,544
4950,5,154
4950,6,11
4951,0,571
4951,1,1634
4951,2,1308
4951,3,749
4951,4,521
4951,5,157
4951,6,10
4951,7,1
4952,0,590
4952,1,1630
4952,2,1299
4952,3,712
4952,4,558
4952,5,151
4952,6,12
4953,0,584
4953,1,1666
4953,2,1235
4953,3,747
4953,4,558
4953,5,155
4953,6,8
4954,0,602
4954,1,1596
4954,2,1325
4954,3,719
4954,4,538
4954,5,163
4954,6,11
4955,0,564
4955,1,1662
4955,2,1297
4955,3,728
4955,4,538
4955,5,155
4955,6,11
4956,0,578
4956,1,1649
4956,2,1269
4956,3,768
4956,4,529
4956,5,150
4956,6,13
4957,0,596
4957,1,1631
4957,2,1267
4957,3,764
4957,4,532
4957,5,155
4957,6,12
4958,0,568
4958,1,1682
4958,2,1257
4958,3,723
4958,4,568
4958,5,152
4958,6,8
4959,0,582
4959,1,1634
4959,2,1290
4959,3,752
4959,4,537
4959,5,151
4959,6,13
4960,0,567
4960,1,1691
4960,2,1261
4960,3,740
4960,4,525
4960,5,166
4960,6,10
4961,0,577
4961,1,1649
4961,2,1311
4961,3,697
4961,4,555
4961,5,163
4961,6,9
4962,0,612
4962,1,1590
4962,2,1310
4962,3,738
4962,4,549
4962,5,151
4962,6,12
4963,0,559
4963,1,1671
4963,2,1297
4963,3,721
4963,4,548
4963,5,156
4963,6,11
4964,0,569
4964,1,1683
4964,2,1270
4964,3,726
4964,4,548
4964,5,156
4964,6,12
4965,0,592
4965,1,1620
4965,2,1318
4965,3,725
4965,4,540
4965,5,160
4965,6,10
4966,0,600
4966,1,1607
4966,2,1320
4966,3,737
4966,4,537
4966,5,154
4966,6,10
4966,7,1
4967,0,599
4967,1,1613
4967,2,1280
4967,3,769
4967,4,549
4967,5,142
4967,6,15
4968,0,617
4968,1,1595
4968,2,1298
4968,3,746
4968,4,543
4968,5,161
4968,6,8
4969,0,575
4969,1,1675
4969,2,1271
4969,3,723
4969,4,558
4969,5,157
4969,6,10
4970,0,595
4970,1,1640
4970,2,1287
4970,3,738
4970,4,542
4970,5,154
4970,6,14
4971,0,583
4971,1,1621
4971,2,1312
4971,3,738
4971,4,559
4971,5,146
4971,6,12
4972,0,604
4972,1,1670
4972,2,1236
4972,3,719
4972,4,569
4972,5,164
4972,6,10
4973,0,553
4973,1,1684
4973,2,1309
4973,3,723
4973,4,539
4973,5,159
4973,6,6
4974,0,593
4974,1,1630
4974,2,1321
4974,3,695
4974,4,568
4974,5,155
4974,6,12
4975,0,568
4975,1,1661
4975,2,1305
4975,3,733
4975,4,539
4975,5,157
4975,6,11
4975,7,1
4976,0,598
4976,1,1628
4976,2,1290
4976,3,752
4976,4,531
4976,5,169
4976,6,8
4977,0,608
4977,1,1608
4977,2,1306
4977,3,731
4977,4,558
4977,5,154
4977,6,12
4978,0,583
4978,1,1640
4978,2,1331
4978,3,717
4978,4,540
4978,5,157
4978,6,10
4979,0,571
4979,1,1637
4979,2,1352
4979,3,708
4979,4,537
4979,5,162
4979,6,12
4980,0,580
4980,1,1689
4980,2,1246
4980,3,736
4980,4,563
4980,5,153
4980,6,13
4981,0,585
4981,1,1659
4981,2,1275
4981,3,732
4981,4,571
4981,5,150
4981,6,8
4981,7,1
4982,0,561
4982,1,1717
4982,2,1270
4982,3,713
4982,4,543
4982,5,168
4982,6,10
4983,0,578
4983,1,1663
4983,2,1277
4983,3,751
4983,4,549
4983,5,158
4983,6,7
4984,0,565
4984,1,1681
4984,2,1297
4984,3,712
4984,4,563
4984,5,150
4984,6,16
4985,0,620
4985,1,1612
4985,2,1300
4985,3,715
4985,4,574
4985,5,154
4985,6,10
4986,0,578
4986,1,1670
4986,2,1281
4986,3,741
4986,4,546
4986,5,160
4986,6,10
4987,0,596
4987,1,1631
4987,2,1301
4987,3,756
4987,4,536
4987,5,156
4987,6,11
4988,0,576
4988,1,1681
4988,2,1260
4988,3,746
4988,4,566
4988,5,143
4988,6,16
4989,0,584
4989,1,1660
4989,2,1285
4989,3,735
4989,4,562
4989,5,155
4989,6,7
4989,7,1
4990,0,586
4990,1,1662
4990,2,1295
4990,3,734
4990,4,541
4990,5,160
4990,6,12
4991,0,547
4991,1,1709
4991,2,1284
4991,3,752
4991,4,524
4991,5,168
4991,6,7
4992,0,598
4992,1,1641
4992,2,1291
4992,3,742
4992,4,551
4992,5,159
4992,6,10
4993,0,580
4993,1,1680
4993,2,1284
4993,3,701
4993,4,583
4993,5,155
4993,6,10
4994,0,569
4994,1,1684
4994,2,1293
4994,3,737
4994,4,548
4994,5,151
4994,6,12
4995,0,602
4995,1,1654
4995,2,1272
4995,3,733
4995,4,563
4995,5,161
4995,6,9
4995,7,1
4996,0,599
4996,1,1630
4996,2,1292
4996,3,767
4996,4,548
4996,5,150
4996,6,10
4997,0,616
4997,1,1634
4997,2,1261
4997,3,752
4997,4,569
4997,5,156
4997,6,9
4998,0,562
4998,1,1671
4998,2,1327
4998,3,730
4998,4,540
4998,5,156
4998,6,12
4999,0,571
4999,1,1689
4999,2,1263
4999,3,771
4999,4,542
4999,5,151
4999,6,11
4999,7,1
5000,0,613
5000,1,1618
5000,2,1299
5000,3,753
5000,4,546
5000,5,159
5000,6,12
5001,0,598
5001,1,1633
5001,2,1314
5001,3,726
5001,4,568
5001,5,149
5001,6,13
5002,0,569
5002,1,1691
5002,2,1308
5002,3,713
5002,4,550
5002,5,157
5002,6,14
5003,0,563
5003,1,1694
5003,2,1299
5003,3,711
5003,4,563
5003,5,163
5003,6,10
5004,0,577
5004,1,1659
5004,2,1344
5004,3,707
5004,4,534
5004,5,175
5004,6,8
5005,0,606
5005,1,1650
5005,2,1275
5005,3,750
5005,4,557
5005,5,153
5005,6,14
5006,0,592
5006,1,1644
5006,2,1297
5006,3,758
5006,4,546
5006,5,159
5006,6,10
5007,0,592
5007,1,1642
5007,2,1316
5007,3,750
5007,4,539
5007,5,159
5007,6,9
5008,0,601
5008,1,1620
5008,2,1343
5008,3,733
5008,4,536
5008,5,164
5008,6,10
5008,7,1
5009,0,580
5009,1,1652
5009,2,1301
5009,3,777
5009,4,533
5009,5,154
5009,6,12
5010,0,607
5010,1,1662
5010,2,1247
5010,3,756
5010,4,571
5010,5,156
5010,6,11
5011,0,619
5011,1,1587
5011,2,1342
5011,3,754
5011,4,545
5011,5,153
5011,6,11
5012,0,574
5012,1,1696
5012,2,1284
5012,3,722
5012,4,558
5012,5,168
5012,6,10
5013,0,576
5013,1,1696
5013,2,1280
5013,3,726
5013,4,571
5013,5,154
5013,6,10
5014,0,568
5014,1,1684
5014,2,1333
5014,3,694
5014,4,570
5014,5,152
5014,6,13
5015,0,548
5015,1,1739
5015,2,1261
5015,3,765
5015,4,516
5015,5,176
5015,6,10
5016,0,604
5016,1,1628
5016,2,1324
5016,3,748
5016,4,553
5016,5,147
5016,6,12
5017,0,587
5017,1,1667
5017,2,1281
5017,3,741
5017,4,576
5017,5,157
5017,6,7
5017,7,1
5018,0,601
5018,1,1655
5018,2,1302
5018,3,730
5018,4,562
5018,5,157
5018,6,11
5019,0,576
5019,1,1702
5019,2,1271
5019,3,744
5019,4,558
5019,5,156
5019,6,12
5020,0,570
5020,1,1693
5020,2,1305
5020,3,723
5020,4,549
5020,5,167
5020,6,12
5020,7,1
5021,0,576
5021,1,1682
5021,2,1310
5021,3,740
5021,4,545
5021,5,159
5021,6,9
5022,0,581
5022,1,1673
5022,2,1309
5022,3,727
5022,4,560
5022,5,158
5022,6,14
5023,0,557
5023,1,1737
5023,2,1272
5023,3,724
5023,4,556
5023,5,169
5023,6,8
5024,0,580
5024,1,1677
5024,2,1292
5024,3,756
5024,4,552
5024,5,155
5024,6,12
5025,0,596
5025,1,1633
5025,2,1343
5025,3,738
5025,4,541
5025,5,163
5025,6,11
5026,0,591
5026,1,1658
5026,2,1315
5026,3,730
5026,4,574
5026,5,144
5026,6,14
5027,0,604
5027,1,1654
5027,2,1289
5027,3,735
5027,4,585
5027,5,148
5027,6,12
5028,0,578
5028,1,1685
5028,2,1307
5028,3,751
5028,4,525
5028,5,171
5028,6,11
5029,0,582
5029,1,1722
5029,2,1226
5029,3,758
5029,4,581
5029,5,147
5029,6,13
5030,0,599
5030,1,1641
5030,2,1303
5030,3,766
5030,4,571
5030,5,136
5030,6,14
5031,0,608
5031,1,1666
5031,2,1268
5031,3,752
5031,4,563
5031,5,164
5031,6,10
5032,0,586
5032,1,1663
5032,2,1310
5032,3,764
5032,4,549
5032,5,145
5032,6,15
5033,0,606
5033,1,1627
5033,2,1339
5033,3,724
5033,4,578
5033,5,145
5033,6,14
5034,0,573
5034,1,1697
5034,2,1306
5034,3,745
5034,4,544
5034,5,156
5034,6,13
5035,0,571
5035,1,1708
5035,2,1286
5035,3,729
5035,4,570
5035,5,157
5035,6,14
5036,0,570
5036,1,1694
5036,2,1303
5036,3,738
5036,4,567
5036,5,154
5036,6,10
5037,0,608
5037,1,1646
5037,2,1321
5037,3,725
5037,4,570
5037,5,154
5037,6,13
5038,0,605
5038,1,1669
5038,2,1268
5038,3,773
5038,4,563
5038,5,150
5038,6,9
5038,7,1
5039,0,599
5039,1,1670
5039,2,1277
5039,3,768
5039,4,544
5039,5,173
5039,6,8
5040,0,578
5040,1,1718
5040,2,1258
5040,3,757
5040,4,561
5040,5,156
5040,6,12
5041,0,580
5041,1,1672
5041,2,1309
5041,3,765
5041,4,546
5041,5,157
5041,6,12
5042,0,582
5042,1,1679
5042,2,1313
5042,3,748
5042,4,552
5042,5,157
5042,6,11
5043,0,573
5043,1,1712
5043,2,1285
5043,3,732
5043,4,568
5043,5,163
5043,6,10
5044,0,612
5044,1,1641
5044,2,1324
5044,3,731
5044,4,573
5044,5,149
5044,6,14
5045,0,612
5045,1,1632
5045,2,1310
5045,3,790
5045,4,534
5045,5,155
5045,6,12
5046,0,610
5046,1,1647
5046,2,1295
5046,3,752
5046,4,578
5046,5,150
5046,6,14
5047,0,592
5047,1,1676
5047,2,1300
5047,3,766
5047,4,533
5047,5,168
5047,6,12
5048,0,583
5048,1,1685
5048,2,1322
5048,3,729
5048,4,557
5048,5,162
5048,6,10
5049,0,573
5049,1,1701
5049,2,1304
5049,3,735
5049,4,559
5049,5,170
5049,6,7
5050,0,579
5050,1,1713
5050,2,1301
5050,3,731
5050,4,544
5050,5,168
5050,6,14
5051,0,585
5051,1,1668
5051,2,1305
5051,3,786
5051,4,548
5051,5,148
5051,6,11
5052,0,614
5052,1,1645
5052,2,1314
5052,3,733
5052,4,579
5052,5,153
5052,6,14
5053,0,608
5053,1,1648
5053,2,1312
5053,3,751
5053,4,562
5053,5,161
5053,6,11
5054,0,589
5054,1,1673
5054,2,1324
5054,3,748
5054,4,554
5054,5,153
5054,6,13
5055,0,580
5055,1,1684
5055,2,1332
5055,3,733
5055,4,554
5055,5,158
5055,6,14
5056,0,588
5056,1,1677
5056,2,1336
5056,3,728
5056,4,546
5056,5,172
5056,6,9
5057,0,616
5057,1,1645
5057,2,1312
5057,3,743
5057,4,574
5057,5,154
5057,6,13
5058,0,592
5058,1,1683
5058,2,1288
5058,3,761
5058,4,567
5058,5,156
5058,6,11
5059,0,589
5059,1,1691
5059,2,1293
5059,3,767
5059,4,544
5059,5,165
5059,6,10
5060,0,592
5060,1,1665
5060,2,1328
5060,3,742
5060,4,564
5060,5,158
5060,6,11
5061,0,582
5061,1,1699
5061,2,1293
5061,3,754
5061,4,565
5061,5,154
5061,6,14
5062,0,587
5062,1,1673
5062,2,1320
5062,3,772
5062,4,543
5062,5,155
5062,6,12
5063,0,632
5063,1,1631
5063,2,1305
5063,3,751
5063,4,577
5063,5,157
5063,6,9
5063,7,1
5064,0,607
5064,1,1654
5064,2,1340
5064,3,732
5064,4,559
5064,5,163
5064,6,8
5064,7,1
5065,0,547
5065,1,1768
5065,2,1270
5065,3,756
5065,4,545
5065,5,169
5065,6,10
5066,0,563
5066,1,1713
5066,2,1320
5066,3,736
5066,4,563
5066,5,159
5066,6,12
5067,0,618
5067,1,1648
5067,2,1319
5067,3,745
5067,4,569
5067,5,156
5067,6,12
5068,0,586
5068,1,1682
5068,2,1316
5068,3,777
5068,4,527
5068,5,170
5068,6,9
5068,7,1
5069,0,605
5069,1,1662
5069,2,1314
5069,3,765
5069,4,548
5069,5,164
5069,6,11
5070,0,609
5070,1,1655
5070,2,1298
5070,3,790
5070,4,543
5070,5,164
5070,6,11
5071,0,599
5071,1,1685
5071,2,1302
5071,3,753
5071,4,563
5071,5,156
5071,6,13
5072,0,564
5072,1,1732
5072,2,1295
5072,3,747
5072,4,572
5072,5,148
5072,6,14
5073,0,608
5073,1,1659
5073,2,1326
5073,3,746
5073,4,557
5073,5,169
5073,6,7
5073,7,1
5074,0,612
5074,1,1672
5074,2,1299
5074,3,740
5074,4,571
5074,5,172
5074,6,8
5075,0,598
5075,1,1657
5075,2,1342
5075,3,756
5075,4,550
5075,5,161
5075,6,11
5076,0,598
5076,1,1685
5076,2,1320
5076,3,732
5076,4,573
5076,5,156
5076,6,12
5077,0,591
5077,1,1671
5077,2,1330
5077,3,759
5077,4,555
5077,5,160
5077,6,10
5077,7,1
5078,0,606
5078,1,1684
5078,2,1299
5078,3,737
5078,4,587
5078,5,153
5078,6,12
5079,0,596
5079,1,1677
5079,2,1318
5079,3,763
5079,4,559
5079,5,154
5079,6,12
5080,0,619
5080,1,1669
5080,2,1294
5080,3,735
5080,4,597
5080,5,152
5080,6,14
5081,0,601
5081,1,1650
5081,2,1359
5081,3,752
5081,4,552
5081,5,158
5081,6,9
5082,0,591
5082,1,1692
5082,2,1288
5082,3,798
5082,4,531
5082,5,170
5082,6,12
5083,0,621
5083,1,1647
5083,2,1319
5083,3,772
5083,4,551
5083,5,162
5083,6,11
5084,0,577
5084,1,1711
5084,2,1293
5084,3,782
5084,4,555
5084,5,152
5084,6,14
5085,0,595
5085,1,1674
5085,2,1348
5085,3,742
5085,4,549
5085,5,163
5085,6,14
5086,0,580
5086,1,1715
5086,2,1292
5086,3,767
5086,4,555
5086,5,166
5086,6,11
5087,0,611
5087,1,1660
5087,2,1337
5087,3,740
5087,4,573
5087,5,152
5087,6,14
5088,0,602
5088,1,1662
5088,2,1335
5088,3,765
5088,4,555
5088,5,154
5088,6,15
5089,0,571
5089,1,1713
5089,2,1336
5089,3,743
5089,4,551
5089,5,166
5089,6,9
5090,0,597
5090,1,1703
5090,2,1292
5090,3,756
5090,4,571
5090,5,158
5090,6,13
5091,0,610
5091,1,1668
5091,2,1315
5091,3,737
5091,4,604
5091,5,144
5091,6,13
5092,0,614
5092,1,1653
5092,2,1330
5092,3,755
5092,4,576
5092,5,150
5092,6,14
5093,0,585
5093,1,1693
5093,2,1366
5093,3,715
5093,4,561
5093,5,160
5093,6,13
5094,0,576
5094,1,1729
5094,2,1272
5094,3,773
5094,4,578
5094,5,155
5094,6,11
5095,0,593
5095,1,1718
5095,2,1298
5095,3,760
5095,4,541
5095,5,176
5095,6,9
5096,0,615
5096,1,1653
5096,2,1315
5096,3,783
5096,4,569
5096,5,147
5096,6,14
5097,0,614
5097,1,1686
5097,2,1290
5097,3,759
5097,4,572
5097,5,162
5097,6,14
5098,0,592
5098,1,1681
5098,2,1352
5098,3,746
5098,4,560
5098,5,155
5098,6,11
5098,7,1
5099,0,590
5099,1,1708
5099,2,1296
5099,3,760
5099,4,566
5099,5,169
5099,6,10
5100,0,588
5100,1,1714
5100,2,1299
5100,3,761
5100,4,577
5100,5,149
5100,6,11
5100,7,1
5101,0,597
5101,1,1678
5101,2,1342
5101,3,749
5101,4,559
5101,5,163
5101,6,13
5102,0,616
5102,1,1653
5102,2,1341
5102,3,761
5102,4,564
5102,5,155
5102,6,12
5103,0,591
5103,1,1700
5103,2,1317
5103,3,766
5103,4,558
5103,5,160
5103,6,11
5104,0,596
5104,1,1692
5104,2,1314
5104,3,749
5104,4,585
5104,5,156
5104,6,12
5105,0,594
5105,1,1713
5105,2,1287
5105,3,786
5105,4,556
5105,5,155
5105,6,14
5106,0,584
5106,1,1715
5106,2,1337
5106,3,721
5106,4,574
5106,5,163
5106,6,12
5107,0,617
5107,1,1655
5107,2,1339
5107,3,753
5107,4,566
5107,5,163
5107,6,14
5108,0,611
5108,1,1699
5108,2,1303
5108,3,752
5108,4,570
5108,5,165
5108,6,7
5108,7,1
5109,0,568
5109,1,1748
5109,2,1272
5109,3,796
5109,4,552
5109,5,163
5109,6,9
5109,7,1
5110,0,611
5110,1,1670
5110,2,1317
5110,3,787
5110,4,550
5110,5,165
5110,6,10
5111,0,619
5111,1,1654
5111,2,1324
5111,3,767
5111,4,577
5111,5,160
5111,6,10
5112,0,591
5112,1,1705
5112,2,1343
5112,3,728
5112,4,556
5112,5,177
5112,6,12
5113,0,590
5113,1,1714
5113,2,1297
5113,3,768
5113,4,578
5113,5,156
5113,6,10
5114,0,608
5114,1,1680
5114,2,1343
5114,3,739
5114,4,564
5114,5,171
5114,6,9
5115,0,584
5115,1,1715
5115,2,1319
5115,3,773
5115,4,555
5115,5,154
5115,6,14
5115,7,1
5116,0,595
5116,1,1702
5116,2,1326
5116,3,746
5116,4,577
5116,5,156
5116,6,14
5117,0,593
5117,1,1712
5117,2,1315
5117,3,748
5117,4,582
5117,5,156
5117,6,11
5118,0,583
5118,1,1744
5118,2,1301
5118,3,736
5118,4,562
5118,5,182
5118,6,10
5119,0,611
5119,1,1649
5119,2,1391
5119,3,732
5119,4,564
5119,5,160
5119,6,12
5120,0,615
5120,1,1678
5120,2,1302
5120,3,795
5120,4,562
5120,5,155
5120,6,13
5121,0,597
5121,1,1690
5121,2,1340
5121,3,748
5121,4,572
5121,5,165
5121,6,9
5122,0,574
5122,1,1713
5122,2,1361
5122,3,742
5122,4,552
5122,5,167
5122,6,13
5123,0,571
5123,1,1770
5123,2,1275
5123,3,743
5123,4,597
5123,5,158
5123,6,9
5124,0,597
5124,1,1699
5124,2,1342
5124,3,740
5124,4,578
5124,5,151
5124,6,17
5125,0,619
5125,1,1699
5125,2,1262
5125,3,812
5125,4,564
5125,5,160
5125,6,9
5126,0,603
5126,1,1690
5126,2,1337
5126,3,744
5126,4,570
5126,5,172
5126,6,10
5127,0,592
5127,1,1704
5127,2,1367
5127,3,724
5127,4,566
5127,5,161
5127,6,12
5127,7,1
5128,0,614
5128,1,1701
5128,2,1277
5128,3,766
5128,4,596
5128,5,165
5128,6,9
5129,0,602
5129,1,1694
5129,2,1351
5129,3,739
5129,4,573
5129,5,160
5129,6,10
5130,0,610
5130,1,1685
5130,2,1326
5130,3,763
5130,4,566
5130,5,170
5130,6,10
5131,0,610
5131,1,1657
5131,2,1374
5131,3,765
5131,4,560
5131,5,150
5131,6,15
5132,0,567
5132,1,1727
5132,2,1361
5132,3,739
5132,4,560
5132,5,168
5132,6,10
5133,0,594
5133,1,1728
5133,2,1314
5133,3,757
5133,4,547
5133,5,182
5133,6,11
5134,0,614
5134,1,1691
5134,2,1289
5134,3,792
5134,4,589
5134,5,148
5134,6,11
5135,0,603
5135,1,1685
5135,2,1355
5135,3,749
5135,4,581
5135,5,146
5135,6,16
5136,0,604
5136,1,1695
5136,2,1330
5136,3,786
5136,4,541
5136,5,168
5136,6,12
5137,0,617
5137,1,1659
5137,2,1356
5137,3,752
5137,4,581
5137,5,155
5137,6,17
5138,0,626
5138,1,1646
5138,2,1372
5138,3,755
5138,4,565
5138,5,165
5138,6,9
5139,0,631
5139,1,1645
5139,2,1345
5139,3,783
5139,4,567
5139,5,157
5139,6,11
5140,0,595
5140,1,1706
5140,2,1343
5140,3,756
5140,4,555
5140,5,173
5140,6,12
5141,0,572
5141,1,1744
5141,2,1344
5141,3,751
5141,4,544
5141,5,172
5141,6,14
5142,0,581
5142,1,1729
5142,2,1328
5142,3,761
5142,4,573
5142,5,158
5142,6,12
5143,0,612
5143,1,1681
5143,2,1361
5143,3,738
5143,4,570
5143,5,171
5143,6,10
5144,0,618
5144,1,1679
5144,2,1352
5144,3,749
5144,4,570
5144,5,167
5144,6,9
5145,0,589
5145,1,1743
5145,2,1293
5145,3,777
5145,4,558
5145,5,175
5145,6,9
5145,7,1
5146,0,621
5146,1,1648
5146,2,1371
5146,3,772
5146,4,553
5146,5,172
5146,6,8
5146,7,1
5147,0,617
5147,1,1666
5147,2,1368
5147,3,761
5147,4,557
5147,5,166
5147,6,12
5148,0,621
5148,1,1676
5148,2,1338
5148,3,773
5148,4,567
5148,5,161
5148,6,12
5149,0,588
5149,1,1728
5149,2,1338
5149,3,742
5149,4,574
5149,5,166
5149,6,13
5150,0,596
5150,1,1686
5150,2,1361
5150,3,772
5150,4,575
5150,5,149
5150,6,10
5150,7,1
5151,0,623
5151,1,1700
5151,2,1304
5151,3,779
5151,4,572
5151,5,163
5151,6,10
5152,0,604
5152,1,1682
5152,2,1362
5152,3,765
5152,4,560
5152,5,167
5152,6,12
5153,0,619
5153,1,1678
5153,2,1346
5153,3,751
5153,4,585
5153,5,161
5153,6,12
5153,7,1
5154,0,595
5154,1,1723
5154,2,1340
5154,3,757
5154,4,564
5154,5,164
5154,6,11
5155,0,605
5155,1,1699
5155,2,1341
5155,3,749
5155,4,588
5155,5,163
5155,6,10
5156,0,610
5156,1,1714
5156,2,1319
5156,3,762
5156,4,576
5156,5,163
5156,6,12
5157,0,580
5157,1,1718
5157,2,1358
5157,3,757
5157,4,566
5157,5,165
5157,6,13
5158,0,596
5158,1,1717
5158,2,1358
5158,3,729
5158,4,594
5158,5,149
5158,6,15
5159,0,607
5159,1,1698
5159,2,1342
5159,3,787
5159,4,539
5159,5,176
5159,6,9
5159,7,1
5160,0,615
5160,1,1698
5160,2,1341
5160,3,752
5160,4,571
5160,5,172
5160,6,11
5161,0,615
5161,1,1694
5161,2,1322
5161,3,792
5161,4,561
5161,5,167
5161,6,9
5161,7,1
5162,0,598
5162,1,1710
5162,2,1354
5162,3,754
5162,4,571
5162,5,164
5162,6,11
5163,0,608
5163,1,1710
5163,2,1320
5163,3,783
5163,4,571
5163,5,160
5163,6,11
5164,0,596
5164,1,1702
5164,2,1370
5164,3,761
5164,4,559
5164,5,160
5164,6,16
5165,0,628
5165,1,1688
5165,2,1307
5165,3,778
5165,4,602
5165,5,151
5165,6,11
5166,0,581
5166,1,1754
5166,2,1326
5166,3,753
5166,4,578
5166,5,161
5166,6,13
5167,0,598
5167,1,1721
5167,2,1345
5167,3,747
5167,4,573
5167,5,172
5167,6,11
5168,0,636
5168,1,1661
5168,2,1328
5168,3,810
5168,4,568
5168,5,151
5168,6,14
5169,0,564
5169,1,1759
5169,2,1364
5169,3,746
5169,4,553
5169,5,170
5169,6,13
5170,0,604
5170,1,1743
5170,2,1301
5170,3,753
5170,4,588
5170,5,172
5170,6,9
5171,0,584
5171,1,1748
5171,2,1337
5171,3,748
5171,4,573
5171,5,171
5171,6,10
5172,0,582
5172,1,1762
5172,2,1307
5172,3,762
5172,4,583
5172,5,164
5172,6,11
5172,7,1
5173,0,630
5173,1,1661
5173,2,1371
5173,3,764
5173,4,562
5173,5,180
5173,6,4
5173,7,1
5174,0,577
5174,1,1768
5174,2,1300
5174,3,789
5174,4,570
5174,5,155
5174,6,15
5175,0,622
5175,1,1692
5175,2,1359
5175,3,734
5175,4,590
5175,5,165
5175,6,13
5176,0,603
5176,1,1709
5176,2,1365
5176,3,757
5176,4,551
5176,5,181
5176,6,10
5177,0,612
5177,1,1700
5177,2,1348
5177,3,785
5177,4,562
5177,5,155
5177,6,15
5178,0,601
5178,1,1722
5178,2,1309
5178,3,795
5178,4,580
5178,5,159
5178,6,12
5179,0,586
5179,1,1737
5179,2,1373
5179,3,728
5179,4,581
5179,5,160
5179,6,14
5180,0,615
5180,1,1699
5180,2,1329
5180,3,800
5180,4,565
5180,5,158
5180,6,14
5181,0,619
5181,1,1702
5181,2,1322
5181,3,782
5181,4,591
5181,5,152
5181,6,13
5182,0,602
5182,1,1714
5182,2,1373
5182,3,748
5182,4,562
5182,5,166
5182,6,17
5183,0,610
5183,1,1711
5183,2,1332
5183,3,776
5183,4,573
5183,5,172
5183,6,9
5184,0,627
5184,1,1695
5184,2,1328
5184,3,764
5184,4,604
5184,5,153
5184,6,13
5185,0,591
5185,1,1717
5185,2,1380
5185,3,763
5185,4,545
5185,5,179
5185,6,9
5185,7,1
5186,0,608
5186,1,1713
5186,2,1349
5186,3,756
5186,4,591
5186,5,154
5186,6,15
5187,0,621
5187,1,1689
5187,2,1361
5187,3,772
5187,4,564
5187,5,170
5187,6,10
5188,0,604
5188,1,1716
5188,2,1350
5188,3,768
5188,4,581
5188,5,156
5188,6,13
5189,0,611
5189,1,1706
5189,2,1354
5189,3,764
5189,4,569
5189,5,175
5189,6,10
5190,0,594
5190,1,1737
5190,2,1346
5190,3,773
5190,4,552
5190,5,173
5190,6,15
5191,0,613
5191,1,1694
5191,2,1357
5191,3,790
5191,4,570
5191,5,154
5191,6,13
5192,0,635
5192,1,1686
5192,2,1336
5192,3,774
5192,4,585
5192,5,165
5192,6,11
5193,0,600
5193,1,1717
5193,2,1357
5193,3,785
5193,4,554
5193,5,167
5193,6,13
5194,0,597
5194,1,1734
5194,2,1352
5194,3,756
5194,4,567
5194,5,177
5194,6,11
5195,0,616
5195,1,1723
5195,2,1314
5195,3,776
5195,4,593
5195,5,164
5195,6,9
5196,0,620
5196,1,1650
5196,2,1433
5196,3,763
5196,4,547
5196,5,171
5196,6,12
5197,0,603
5197,1,1723
5197,2,1358
5197,3,763
5197,4,567
5197,5,169
5197,6,14
5198,0,608
5198,1,1717
5198,2,1346
5198,3,773
5198,4,583
5198,5,161
5198,6,10
5199,0,584
5199,1,1760
5199,2,1334
5199,3,777
5199,4,579
5199,5,149
5199,6,16
5200,0,602
5200,1,1719
5200,2,1356
5200,3,768
5200,4,581
5200,5,159
5200,6,15
5201,0,622
5201,1,1709
5201,2,1353
5201,3,730
5201,4,617
5201,5,156
5201,6,14
5202,0,606
5202,1,1722
5202,2,1352
5202,3,775
5202,4,573
5202,5,161
5202,6,13
5203,0,630
5203,1,1672
5203,2,1370
5203,3,790
5203,4,562
5203,5,165
5203,6,14
5204,0,634
5204,1,1671
5204,2,1373
5204,3,774
5204,4,576
5204,5,163
5204,6,13
5205,0,617
5205,1,1720
5205,2,1323
5205,3,796
5205,4,565
5205,5,173
5205,6,11
5206,0,585
5206,1,1746
5206,2,1370
5206,3,759
5206,4,563
5206,5,174
5206,6,9
5207,0,606
5207,1,1739
5207,2,1350
5207,3,753
5207,4,578
5207,5,167
5207,6,14
5208,0,623
5208,1,1694
5208,2,1349
5208,3,783
5208,4,582
5208,5,166
5208,6,11
5209,0,604
5209,1,1728
5209,2,1370
5209,3,744
5209,4,580
5209,5,171
5209,6,12
5210,0,634
5210,1,1668
5210,2,1382
5210,3,783
5210,4,568
5210,5,161
5210,6,14
5211,0,603
5211,1,1737
5211,2,1341
5211,3,772
5211,4,575
5211,5,171
5211,6,12
5212,0,602
5212,1,1717
5212,2,1383
5212,3,774
5212,4,556
5212,5,166
5212,6,14
5213,0,609
5213,1,1725
5213,2,1332
5213,3,790
5213,4,596
5213,5,149
5213,6,11
5213,7,1
5214,0,582
5214,1,1774
5214,2,1334
5214,3,767
5214,4,580
5214,5,165
5214,6,12
5215,0,624
5215,1,1732
5215,2,1323
5215,3,760
5215,4,591
5215,5,172
5215,6,13
5216,0,592
5216,1,1735
5216,2,1368
5216,3,786
5216,4,568
5216,5,152
5216,6,15
5217,0,623
5217,1,1704
5217,2,1368
5217,3,752
5217,4,589
5217,5,170
5217,6,11
5218,0,600
5218,1,1718
5218,2,1378
5218,3,776
5218,4,568
5218,5,168
5218,6,9
5218,7,1
5219,0,596
5219,1,1753
5219,2,1358
5219,3,742
5219,4,592
5219,5,166
5219,6,12
5220,0,615
5220,1,1749
5220,2,1305
5220,3,786
5220,4,583
5220,5,167
5220,6,15
5221,0,595
5221,1,1749
5221,2,1355
5221,3,755
5221,4,594
5221,5,166
5221,6,7
5222,0,586
5222,1,1761
5222,2,1370
5222,3,766
5222,4,550
5222,5,178
5222,6,11
5223,0,621
5223,1,1727
5223,2,1322
5223,3,778
5223,4,600
5223,5,165
5223,6,9
5223,7,1
5224,0,607
5224,1,1727
5224,2,1360
5224,3,760
5224,4,604
5224,5,154
5224,6,12
5225,0,608
5225,1,1752
5225,2,1349
5225,3,751
5225,4,585
5225,5,171
5225,6,9
5226,0,602
5226,1,1727
5226,2,1373
5226,3,781
5226,4,558
5226,5,171
5226,6,13
5226,7,1
5227,0,598
5227,1,1735
5227,2,1371
5227,3,752
5227,4,593
5227,5,167
5227,6,11
5228,0,628
5228,1,1715
5228,2,1338
5228,3,784
5228,4,603
5228,5,146
5228,6,14
5229,0,602
5229,1,1723
5229,2,1386
5229,3,763
5229,4,566
5229,5,179
5229,6,10
5230,0,620
5230,1,1728
5230,2,1347
5230,3,778
5230,4,572
5230,5,174
5230,6,11
5231,0,578
5231,1,1790
5231,2,1371
5231,3,716
5231,4,589
5231,5,177
5231,6,9
5231,7,1
5232,0,627
5232,1,1707
5232,2,1339
5232,3,801
5232,4,586
5232,5,157
5232,6,15
5233,0,609
5233,1,1709
5233,2,1388
5233,3,793
5233,4,552
5233,5,169
5233,6,13
5234,0,623
5234,1,1720
5234,2,1349
5234,3,777
5234,4,587
5234,5,167
5234,6,11
5235,0,611
5235,1,1723
5235,2,1353
5235,3,799
5235,4,572
5235,5,161
5235,6,16
5236,0,618
5236,1,1729
5236,2,1354
5236,3,772
5236,4,590
5236,5,162
5236,6,11
5237,0,630
5237,1,1720
5237,2,1343
5237,3,761
5237,4,608
5237,5,162
5237,6,13
5238,0,628
5238,1,1694
5238,2,1372
5238,3,786
5238,4,587
5238,5,158
5238,6,13
5239,0,580
5239,1,1760
5239,2,1403
5239,3,733
5239,4,579
5239,5,172
5239,6,12
5240,0,623
5240,1,1705
5240,2,1398
5240,3,742
5240,4,596
5240,5,163
5240,6,12
5240,7,1
5241,0,607
5241,1,1743
5241,2,1356
5241,3,779
5241,4,566
5241,5,180
5241,6,10
5242,0,595
5242,1,1741
5242,2,1410
5242,3,722
5242,4,589
5242,5,172
5242,6,13
5243,0,598
5243,1,1782
5243,2,1316
5243,3,786
5243,4,585
5243,5,165
5243,6,11
5244,0,620
5244,1,1716
5244,2,1368
5244,3,776
5244,4,588
5244,5,165
5244,6,11
5245,0,623
5245,1,1704
5245,2,1398
5245,3,764
5245,4,563
5245,5,182
5245,6,11
5246,0,620
5246,1,1742
5246,2,1317
5246,3,802
5246,4,592
5246,5,160
5246,6,13
5247,0,609
5247,1,1733
5247,2,1355
5247,3,807
5247,4,566
5247,5,163
5247,6,14
5248,0,623
5248,1,1714
5248,2,1376
5248,3,777
5248,4,582
5248,5,167
5248,6,8
5248,7,1
5249,0,613
5249,1,1748
5249,2,1329
5249,3,796
5249,4,582
5249,5,166
5249,6,15
5250,0,615
5250,1,1728
5250,2,1381
5250,3,769
5250,4,580
5250,5,164
5250,6,13
5251,0,623
5251,1,1697
5251,2,1391
5251,3,790
5251,4,576
5251,5,160
5251,6,14
5252,0,626
5252,1,1733
5252,2,1341
5252,3,774
5252,4,587
5252,5,183
5252,6,7
5252,7,1
5253,0,660
5253,1,1648
5253,2,1398
5253,3,794
5253,4,573
5253,5,168
5253,6,12
5254,0,579
5254,1,1770
5254,2,1384
5254,3,777
5254,4,568
5254,5,160
5254,6,16
5255,0,599
5255,1,1760
5255,2,1356
5255,3,769
5255,4,592
5255,5,167
5255,6,12
5256,0,636
5256,1,1713
5256,2,1359
5256,3,778
5256,4,599
5256,5,156
5256,6,15
5257,0,602
5257,1,1784
5257,2,1313
5257,3,796
5257,4,572
5257,5,178
5257,6,12
5258,0,607
5258,1,1752
5258,2,1358
5258,3,772
5258,4,601
5258,5,158
5258,6,10
5259,0,619
5259,1,1740
5259,2,1350
5259,3,787
5259,4,587
5259,5,159
5259,6,17
5260,0,604
5260,1,1784
5260,2,1321
5260,3,763
5260,4,610
5260,5,166
5260,6,11
5260,7,1
5261,0,595
5261,1,1767
5261,2,1361
5261,3,767
5261,4,600
5261,5,157
5261,6,14
5262,0,599
5262,1,1754
5262,2,1384
5262,3,762
5262,4,585
5262,5,167
5262,6,11
5263,0,633
5263,1,1719
5263,2,1359
5263,3,789
5263,4,581
5263,5,168
5263,6,14
5264,0,597
5264,1,1771
5264,2,1349
5264,3,785
5264,4,595
5264,5,151
5264,6,16
5265,0,636
5265,1,1692
5265,2,1372
5265,3,813
5265,4,587
5265,5,146
5265,6,19
5266,0,675
5266,1,1623
5266,2,1422
5266,3,787
5266,4,580
5266,5,164
5266,6,15
5267,0,617
5267,1,1730
5267,2,1364
5267,3,805
5267,4,564
5267,5,178
5267,6,9
5268,0,585
5268,1,1776
5268,2,1393
5268,3,758
5268,4,566
5268,5,181
5268,6,9
5269,0,610
5269,1,1784
5269,2,1329
5269,3,757
5269,4,592
5269,5,187
5269,6,10
5270,0,618
5270,1,1716
5270,2,1417
5270,3,769
5270,4,558
5270,5,185
5270,6,7
5271,0,591
5271,1,1800
5271,2,1343
5271,3,760
5271,4,588
5271,5,177
5271,6,12
5272,0,615
5272,1,1726
5272,2,1404
5272,3,757
5272,4,598
5272,5,158
5272,6,14
5273,0,619
5273,1,1737
5273,2,1355
5273,3,792
5273,4,592
5273,5,165
5273,6,13
5274,0,595
5274,1,1795
5274,2,1348
5274,3,763
5274,4,590
5274,5,172
5274,6,10
5274,7,1
5275,0,621
5275,1,1729
5275,2,1385
5275,3,760
5275,4,599
5275,5,169
5275,6,11
5275,7,1
5276,0,580
5276,1,1813
5276,2,1346
5276,3,771
5276,4,575
5276,5,182
5276,6,9
5277,0,602
5277,1,1768
5277,2,1366
5277,3,777
5277,4,586
5277,5,166
5277,6,12
5278,0,629
5278,1,1704
5278,2,1420
5278,3,767
5278,4,573
5278,5,172
5278,6,13
5279,0,638
5279,1,1699
5279,2,1356
5279,3,844
5279,4,565
5279,5,163
5279,6,14
5280,0,612
5280,1,1759
5280,2,1361
5280,3,778
5280,4,588
5280,5,171
5280,6,11
5281,0,629
5281,1,1710
5281,2,1404
5281,3,777
5281,4,578
5281,5,171
5281,6,11
5281,7,1
5282,0,632
5282,1,1715
5282,2,1363
5282,3,799
5282,4,600
5282,5,162
5282,6,11
5283,0,628
5283,1,1702
5283,2,1413
5283,3,793
5283,4,563
5283,5,169
5283,6,15
5284,0,621
5284,1,1772
5284,2,1332
5284,3,779
5284,4,598
5284,5,169
5284,6,13
5285,0,599
5285,1,1775
5285,2,1348
5285,3,800
5285,4,589
5285,5,162
5285,6,12
5286,0,628
5286,1,1722
5286,2,1395
5286,3,775
5286,4,579
5286,5,173
5286,6,14
5287,0,614
5287,1,1719
5287,2,1435
5287,3,761
5287,4,572
5287,5,172
5287,6,14
5288,0,633
5288,1,1729
5288,2,1347
5288,3,813
5288,4,595
5288,5,156
5288,6,15
5289,0,606
5289,1,1758
5289,2,1387
5289,3,773
5289,4,591
5289,5,159
5289,6,15
5290,0,606
5290,1,1769
5290,2,1365
5290,3,768
5290,4,609
5290,5,158
5290,6,15
5291,0,615
5291,1,1737
5291,2,1392
5291,3,790
5291,4,576
5291,5,170
5291,6,11
5292,0,635
5292,1,1722
5292,2,1388
5292,3,775
5292,4,585
5292,5,172
5292,6,15
5293,0,641
5293,1,1693
5293,2,1415
5293,3,782
5293,4,579
5293,5,171
5293,6,12
5294,0,633
5294,1,1727
5294,2,1368
5294,3,797
5294,4,586
5294,5,172
5294,6,10
5294,7,1
5295,0,600
5295,1,1798
5295,2,1322
5295,3,811
5295,4,573
5295,5,183
5295,6,8
5296,0,576
5296,1,1842
5296,2,1335
5296,3,752
5296,4,613
5296,5,165
5296,6,13
5297,0,616
5297,1,1742
5297,2,1384
5297,3,799
5297,4,575
5297,5,168
5297,6,13
5298,0,623
5298,1,1755
5298,2,1370
5298,3,775
5298,4,587
5298,5,174
5298,6,14
5299,0,635
5299,1,1729
5299,2,1373
5299,3,795
5299,4,592
5299,5,162
5299,6,13
5300,0,630
5300,1,1718
5300,2,1395
5300,3,784
5300,4,589
5300,5,173
5300,6,11
5301,0,591
5301,1,1789
5301,2,1381
5301,3,772
5301,4,583
5301,5,172
5301,6,13
5302,0,607
5302,1,1764
5302,2,1386
5302,3,789
5302,4,566
5302,5,176
5302,6,14
5303,0,623
5303,1,1745
5303,2,1383
5303,3,779
5303,4,596
5303,5,164
5303,6,12
5303,7,1
5304,0,629
5304,1,1725
5304,2,1384
5304,3,809
5304,4,569
5304,5,177
5304,6,11
5305,0,628
5305,1,1727
5305,2,1397
5305,3,788
5305,4,585
5305,5,170
5305,6,10
5306,0,613
5306,1,1778
5306,2,1344
5306,3,813
5306,4,568
5306,5,176
5306,6,14
5307,0,625
5307,1,1758
5307,2,1367
5307,3,774
5307,4,588
5307,5,184
5307,6,11
5308,0,595
5308,1,1787
5308,2,1378
5308,3,778
5308,4,589
5308,5,167
5308,6,14
5309,0,588
5309,1,1810
5309,2,1364
5309,3,778
5309,4,588
5309,5,167
5309,6,14
5310,0,641
5310,1,1713
5310,2,1401
5310,3,768
5310,4,616
5310,5,155
5310,6,16
5311,0,622
5311,1,1743
5311,2,1393
5311,3,777
5311,4,597
5311,5,166
5311,6,13
5312,0,636
5312,1,1710
5312,2,1394
5312,3,809
5312,4,590
5312,5,161
5312,6,11
5312,7,1
5313,0,621
5313,1,1745
5313,2,1387
5313,3,788
5313,4,592
5313,5,167
5313,6,13
5314,0,634
5314,1,1728
5314,2,1389
5314,3,802
5314,4,569
5314,5,182
5314,6,10
5315,0,611
5315,1,1797
5315,2,1351
5315,3,779
5315,4,583
5315,5,184
5315,6,10
5316,0,636
5316,1,1713
5316,2,1403
5316,3,800
5316,4,583
5316,5,169
5316,6,12
5317,0,621
5317,1,1748
5317,2,1394
5317,3,778
5317,4,599
5317,5,159
5317,6,18
5318,0,627
5318,1,1709
5318,2,1424
5318,3,807
5318,4,568
5318,5,174
5318,6,8
5318,7,1
5319,0,637
5319,1,1744
5319,2,1380
5319,3,772
5319,4,605
5319,5,169
5319,6,12
5320,0,624
5320,1,1761
5320,2,1355
5320,3,800
5320,4,604
5320,5,163
5320,6,13
5321,0,632
5321,1,1737
5321,2,1382
5321,3,807
5321,4,575
5321,5,179
5321,6,9
5322,0,620
5322,1,1762
5322,2,1388
5322,3,764
5322,4,612
5322,5,161
5322,6,14
5322,7,1
5323,0,606
5323,1,1785
5323,2,1372
5323,3,775
5323,4,608
5323,5,164
5323,6,13
5324,0,607
5324,1,1802
5324,2,1356
5324,3,763
5324,4,612
5324,5,174
5324,6,10
5325,0,606
5325,1,1759
5325,2,1438
5325,3,762
5325,4,562
5325,5,183
5325,6,15
5326,0,619
5326,1,1747
5326,2,1413
5326,3,778
5326,4,583
5326,5,174
5326,6,12
5327,0,610
5327,1,1777
5327,2,1365
5327,3,802
5327,4,586
5327,5,176
5327,6,11
5328,0,627
5328,1,1738
5328,2,1406
5328,3,790
5328,4,588
5328,5,167
5328,6,11
5328,7,1
5329,0,616
5329,1,1788
5329,2,1358
5329,3,792
5329,4,579
5329,5,186
5329,6,9
5329,7,1
5330,0,590
5330,1,1790
5330,2,1397
5330,3,789
5330,4,579
5330,5,173
5330,6,12
5331,0,649
5331,1,1709
5331,2,1402
5331,3,807
5331,4,577
5331,5,175
5331,6,12
5332,0,620
5332,1,1759
5332,2,1394
5332,3,793
5332,4,592
5332,5,155
5332,6,19
5333,0,637
5333,1,1720
5333,2,1416
5333,3,778
5333,4,602
5333,5,169
5333,6,11
5334,0,613
5334,1,1781
5334,2,1375
5334,3,797
5334,4,573
5334,5,184
5334,6,11
5335,0,619
5335,1,1770
5335,2,1384
5335,3,793
5335,4,578
5335,5,178
5335,6,13
5336,0,592
5336,1,1806
5336,2,1383
5336,3,781
5336,4,590
5336,5,168
5336,6,16
5337,0,645
5337,1,1721
5337,2,1377
5337,3,821
5337,4,596
5337,5,164
5337,6,13
5338,0,668
5338,1,1705
5338,2,1392
5338,3,785
5338,4,613
5338,5,162
5338,6,12
5338,7,1
5339,0,624
5339,1,1785
5339,2,1341
5339,3,788
5339,4,624
5339,5,163
5339,6,14
5340,0,621
5340,1,1774
5340,2,1373
5340,3,803
5340,4,588
5340,5,172
5340,6,9
5341,0,601
5341,1,1780
5341,2,1413
5341,3,768
5341,4,588
5341,5,176
5341,6,15
5342,0,623
5342,1,1774
5342,2,1365
5342,3,797
5342,4,610
5342,5,161
5342,6,12
5343,0,634
5343,1,1756
5343,2,1392
5343,3,785
5343,4,585
5343,5,180
5343,6,11
5344,0,611
5344,1,1774
5344,2,1400
5344,3,778
5344,4,587
5344,5,182
5344,6,12
5345,0,617
5345,1,1748
5345,2,1426
5345,3,794
5345,4,579
5345,5,165
5345,6,16
5346,0,644
5346,1,1722
5346,2,1388
5346,3,824
5346,4,593
5346,5,160
5346,6,15
5347,0,605
5347,1,1819
5347,2,1368
5347,3,755
5347,4,617
5347,5,169
5347,6,14
5348,0,622
5348,1,1780
5348,2,1371
5348,3,806
5348,4,578
5348,5,184
5348,6,6
5348,7,1
5349,0,633
5349,1,1725
5349,2,1432
5349,3,791
5349,4,576
5349,5,181
5349,6,11
5350,0,638
5350,1,1736
5350,2,1390
5350,3,806
5350,4,603
5350,5,161
5350,6,16
5351,0,616
5351,1,1797
5351,2,1370
5351,3,793
5351,4,589
5351,5,173
5351,6,13
5352,0,631
5352,1,1739
5352,2,1427
5352,3,767
5352,4,607
5352,5,167
5352,6,14
5353,0,615
5353,1,1786
5353,2,1349
5353,3,846
5353,4,573
5353,5,173
5353,6,10
5353,7,1
5354,0,624
5354,1,1773
5354,2,1388
5354,3,769
5354,4,628
5354,5,158
5354,6,14
5355,0,643
5355,1,1717
5355,2,1427
5355,3,785
5355,4,603
5355,5,163
5355,6,17
5356,0,599
5356,1,1796
5356,2,1410
5356,3,801
5356,4,558
5356,5,180
5356,6,12
5357,0,611
5357,1,1808
5357,2,1363
5357,3,773
5357,4,617
5357,5,174
5357,6,11
5358,0,618
5358,1,1788
5358,2,1376
5358,3,795
5358,4,599
5358,5,162
5358,6,20
5359,0,626
5359,1,1774
5359,2,1373
5359,3,801
5359,4,608
5359,5,167
5359,6,10
5360,0,641
5360,1,1768
5360,2,1379
5360,3,776
5360,4,611
5360,5,171
5360,6,14
5361,0,616
5361,1,1777
5361,2,1394
5361,3,803
5361,4,580
5361,5,181
5361,6,10
5362,0,615
5362,1,1824
5362,2,1335
5362,3,782
5362,4,629
5362,5,163
5362,6,14
5363,0,601
5363,1,1811
5363,2,1395
5363,3,777
5363,4,591
5363,5,176
5363,6,12
5364,0,630
5364,1,1764
5364,2,1414
5364,3,764
5364,4,603
5364,5,180
5364,6,9
5365,0,630
5365,1,1747
5365,2,1391
5365,3,834
5365,4,576
5365,5,172
5365,6,15
5366,0,618
5366,1,1779
5366,2,1399
5366,3,781
5366,4,609
5366,5,168
5366,6,12
5367,0,593
5367,1,1811
5367,2,1419
5367,3,752
5367,4,606
5367,5,175
5367,6,10
5367,7,1
5368,0,633
5368,1,1774
5368,2,1375
5368,3,802
5368,4,607
5368,5,164
5368,6,13
5369,0,623
5369,1,1734
5369,2,1461
5369,3,795
5369,4,573
5369,5,166
5369,6,17
5370,0,627
5370,1,1761
5370,2,1398
5370,3,805
5370,4,598
5370,5,169
5370,6,11
5370,7,1
5371,0,637
5371,1,1757
5371,2,1403
5371,3,799
5371,4,587
5371,5,176
5371,6,12
5372,0,628
5372,1,1778
5372,2,1370
5372,3,818
5372,4,591
5372,5,179
5372,6,7
5372,7,1
5373,0,621
5373,1,1787
5373,2,1387
5373,3,791
5373,4,608
5373,5,162
5373,6,17
5374,0,622
5374,1,1761
5374,2,1435
5374,3,784
5374,4,585
5374,5,174
5374,6,13
5375,0,638
5375,1,1761
5375,2,1413
5375,3,754
5375,4,620
5375,5,175
5375,6,14
5376,0,619
5376,1,1786
5376,2,1395
5376,3,801
5376,4,578
5376,5,188
5376,6,9
5377,0,663
5377,1,1697
5377,2,1431
5377,3,811
5377,4,591
5377,5,170
5377,6,14
5378,0,615
5378,1,1801
5378,2,1383
5378,3,799
5378,4,596
5378,5,175
5378,6,9
5379,0,590
5379,1,1846
5379,2,1382
5379,3,778
5379,4,586
5379,5,185
5379,6,10
5379,7,2
5380,0,649
5380,1,1749
5380,2,1382
5380,3,819
5380,4,593
5380,5,175
5380,6,13
5381,0,599
5381,1,1820
5381,2,1392
5381,3,798
5381,4,589
5381,5,174
5381,6,9
5382,0,628
5382,1,1780
5382,2,1400
5382,3,763
5382,4,616
5382,5,182
5382,6,13
5383,0,631
5383,1,1759
5383,2,1422
5383,3,799
5383,4,582
5383,5,176
5383,6,14
5384,0,632
5384,1,1763
5384,2,1403
5384,3,804
5384,4,605
5384,5,162
5384,6,15
5385,0,630
5385,1,1777
5385,2,1385
5385,3,822
5385,4,586
5385,5,171
5385,6,14
5386,0,619
5386,1,1770
5386,2,1424
5386,3,786
5386,4,617
5386,5,153
5386,6,17
5387,0,635
5387,1,1775
5387,2,1384
5387,3,813
5387,4,590
5387,5,178
5387,6,12
5388,0,637
5388,1,1785
5388,2,1355
5388,3,826
5388,4,607
5388,5,163
5388,6,15
5389,0,605
5389,1,1828
5389,2,1376
5389,3,786
5389,4,608
5389,5,174
5389,6,12
5390,0,624
5390,1,1791
5390,2,1401
5390,3,801
5390,4,581
5390,5,180
5390,6,11
5390,7,1
5391,0,614
5391,1,1793
5391,2,1408
5391,3,781
5391,4,620
5391,5,159
5391,6,16
5392,0,646
5392,1,1754
5392,2,1410
5392,3,787
5392,4,610
5392,5,171
5392,6,14
5393,0,616
5393,1,1771
5393,2,1426
5393,3,803
5393,4,608
5393,5,149
5393,6,20
5394,0,625
5394,1,1804
5394,2,1377
5394,3,798
5394,4,602
5394,5,179
5394,6,9
5395,0,645
5395,1,1731
5395,2,1459
5395,3,776
5395,4,599
5395,5,170
5395,6,15
5396,0,618
5396,1,1784
5396,2,1412
5396,3,792
5396,4,595
5396,5,182
5396,6,13
5397,0,614
5397,1,1824
5397,2,1391
5397,3,772
5397,4,596
5397,5,188
5397,6,12
5398,0,628
5398,1,1770
5398,2,1421
5398,3,812
5398,4,576
5398,5,177
5398,6,14
5399,0,631
5399,1,1772
5399,2,1417
5399,3,789
5399,4,612
5399,5,161
5399,6,17
5400,0,601
5400,1,1835
5400,2,1369
5400,3,814
5400,4,601
5400,5,167
5400,6,13
5401,0,624
5401,1,1800
5401,2,1387
5401,3,793
5401,4,613
5401,5,173
5401,6,10
5401,7,1
5402,0,620
5402,1,1800
5402,2,1394
5402,3,797
5402,4,603
5402,5,177
5402,6,11
5403,0,655
5403,1,1749
5403,2,1408
5403,3,793
5403,4,616
5403,5,168
5403,6,14
5404,0,635
5404,1,1774
5404,2,1408
5404,3,792
5404,4,605
5404,5,178
5404,6,12
5405,0,591
5405,1,1837
5405,2,1395
5405,3,813
5405,4,584
5405,5,167
5405,6,18
5406,0,619
5406,1,1833
5406,2,1376
5406,3,767
5406,4,628
5406,5,174
5406,6,9
5407,0,614
5407,1,1797
5407,2,1405
5407,3,809
5407,4,596
5407,5,172
5407,6,14
5408,0,648
5408,1,1748
5408,2,1425
5408,3,817
5408,4,573
5408,5,187
5408,6,9
5408,7,1
5409,0,639
5409,1,1746
5409,2,1440
5409,3,805
5409,4,585
5409,5,180
5409,6,14
5410,0,623
5410,1,1808
5410,2,1381
5410,3,807
5410,4,606
5410,5,174
5410,6,11
5411,0,660
5411,1,1721
5411,2,1450
5411,3,786
5411,4,615
5411,5,163
5411,6,16
5412,0,649
5412,1,1727
5412,2,1458
5412,3,803
5412,4,586
5412,5,177
5412,6,12
5413,0,633
5413,1,1759
5413,2,1449
5413,3,783
5413,4,589
5413,5,184
5413,6,16
5414,0,639
5414,1,1781
5414,2,1403
5414,3,807
5414,4,599
5414,5,173
5414,6,12
5415,0,628
5415,1,1780
5415,2,1430
5415,3,785
5415,4,599
5415,5,182
5415,6,11
5416,0,622
5416,1,1798
5416,2,1402
5416,3,806
5416,4,601
5416,5,174
5416,6,13
5417,0,666
5417,1,1752
5417,2,1377
5417,3,807
5417,4,640
5417,5,163
5417,6,11
5417,7,1
5418,0,638
5418,1,1768
5418,2,1419
5418,3,825
5418,4,567
5418,5,189
5418,6,12
5419,0,645
5419,1,1738
5419,2,1465
5419,3,788
5419,4,601
5419,5,171
5419,6,11
5420,0,601
5420,1,1836
5420,2,1384
5420,3,797
5420,4,616
5420,5,174
5420,6,11
5420,7,1
5421,0,632
5421,1,1787
5421,2,1421
5421,3,791
5421,4,596
5421,5,180
5421,6,14
5422,0,624
5422,1,1815
5422,2,1391
5422,3,788
5422,4,617
5422,5,174
5422,6,13
5423,0,602
5423,1,1837
5423,2,1379
5423,3,820
5423,4,599
5423,5,174
5423,6,12
5424,0,601
5424,1,1816
5424,2,1450
5424,3,779
5424,4,593
5424,5,169
5424,6,16
5425,0,642
5425,1,1787
5425,2,1395
5425,3,801
5425,4,604
5425,5,185
5425,6,11
5426,0,611
5426,1,1818
5426,2,1412
5426,3,798
5426,4,597
5426,5,180
5426,6,9
5426,7,1
5427,0,637
5427,1,1809
5427,2,1371
5427,3,801
5427,4,621
5427,5,177
5427,6,11
5428,0,623
5428,1,1801
5428,2,1415
5428,3,794
5428,4,609
5428,5,173
5428,6,12
5428,7,1
5429,0,640
5429,1,1798
5429,2,1377
5429,3,811
5429,4,624
5429,5,164
5429,6,15
5430,0,643
5430,1,1781
5430,2,1383
5430,3,824
5430,4,619
5430,5,168
5430,6,11
5430,7,1
5431,0,617
5431,1,1818
5431,2,1413
5431,3,800
5431,4,596
5431,5,173
5431,6,14
5432,0,630
5432,1,1791
5432,2,1411
5432,3,825
5432,4,576
5432,5,188
5432,6,11
5433,0,651
5433,1,1759
5433,2,1419
5433,3,817
5433,4,601
5433,5,172
5433,6,14
5434,0,638
5434,1,1765
5434,2,1434
5434,3,806
5434,4,608
5434,5,169
5434,6,14
5435,0,624
5435,1,1809
5435,2,1402
5435,3,799
5435,4,616
5435,5,173
5435,6,11
5435,7,1
5436,0,622
5436,1,1821
5436,2,1401
5436,3,794
5436,4,609
5436,5,173
5436,6,16
5437,0,620
5437,1,1816
5437,2,1401
5437,3,791
5437,4,632
5437,5,162
5437,6,15
5438,0,636
5438,1,1814
5438,2,1368
5438,3,823
5438,4,615
5438,5,171
5438,6,11
5439,0,636
5439,1,1798
5439,2,1396
5439,3,806
5439,4,619
5439,5,168
5439,6,16
5440,0,641
5440,1,1758
5440,2,1440
5440,3,825
5440,4,583
5440,5,182
5440,6,11
5441,0,624
5441,1,1810
5441,2,1421
5441,3,793
5441,4,605
5441,5,174
5441,6,14
5442,0,653
5442,1,1790
5442,2,1370
5442,3,815
5442,4,623
5442,5,177
5442,6,14
5443,0,609
5443,1,1805
5443,2,1453
5443,3,815
5443,4,571
5443,5,175
5443,6,15
5444,0,637
5444,1,1784
5444,2,1427
5444,3,790
5444,4,613
5444,5,179
5444,6,14
5445,0,640
5445,1,1741
5445,2,1480
5445,3,802
5445,4,601
5445,5,165
5445,6,16
5446,0,636
5446,1,1793
5446,2,1417
5446,3,819
5446,4,592
5446,5,175
5446,6,14
5447,0,639
5447,1,1782
5447,2,1450
5447,3,767
5447,4,611
5447,5,185
5447,6,13
5448,0,641
5448,1,1787
5448,2,1399
5448,3,824
5448,4,618
5448,5,165
5448,6,14
5449,0,650
5449,1,1768
5449,2,1418
5449,3,830
5449,4,592
5449,5,178
5449,6,13
5450,0,633
5450,1,1792
5450,2,1416
5450,3,811
5450,4,617
5450,5,165
5450,6,16
5451,0,666
5451,1,1733
5451,2,1435
5451,3,831
5451,4,596
5451,5,174
5451,6,16
5452,0,645
5452,1,1769
5452,2,1418
5452,3,839
5452,4,597
5452,5,170
5452,6,14
5453,0,615
5453,1,1836
5453,2,1416
5453,3,796
5453,4,585
5453,5,193
5453,6,12
5454,0,608
5454,1,1844
5454,2,1401
5454,3,794
5454,4,620
5454,5,174
5454,6,12
5454,7,1
5455,0,613
5455,1,1837
5455,2,1415
5455,3,790
5455,4,613
5455,5,175
5455,6,12
5456,0,625
5456,1,1826
5456,2,1380
5456,3,834
5456,4,593
5456,5,189
5456,6,9
5457,0,622
5457,1,1822
5457,2,1404
5457,3,832
5457,4,592
5457,5,174
5457,6,9
5457,7,2
5458,0,624
5458,1,1825
5458,2,1404
5458,3,790
5458,4,629
5458,5,173
5458,6,12
5458,7,1
5459,0,633
5459,1,1804
5459,2,1399
5459,3,834
5459,4,602
5459,5,174
5459,6,13
5460,0,628
5460,1,1827
5460,2,1406
5460,3,794
5460,4,607
5460,5,189
5460,6,9
5461,0,634
5461,1,1795
5461,2,1422
5461,3,818
5461,4,615
5461,5,160
5461,6,17
5462,0,640
5462,1,1771
5462,2,1456
5462,3,808
5462,4,590
5462,5,183
5462,6,14
5463,0,663
5463,1,1772
5463,2,1419
5463,3,811
5463,4,606
5463,5,177
5463,6,15
5464,0,647
5464,1,1743
5464,2,1474
5464,3,803
5464,4,605
5464,5,181
5464,6,11
5465,0,651
5465,1,1770
5465,2,1428
5465,3,824
5465,4,605
5465,5,171
5465,6,16
5466,0,661
5466,1,1753
5466,2,1445
5466,3,814
5466,4,602
5466,5,179
5466,6,12
5467,0,638
5467,1,1793
5467,2,1440
5467,3,809
5467,4,590
5467,5,182
5467,6,15
5468,0,610
5468,1,1839
5468,2,1421
5468,3,814
5468,4,585
5468,5,184
5468,6,15
5469,0,650
5469,1,1778
5469,2,1422
5469,3,817
5469,4,617
5469,5,172
5469,6,12
5469,7,1
5470,0,626
5470,1,1825
5470,2,1419
5470,3,799
5470,4,609
5470,5,181
5470,6,11
5471,0,669
5471,1,1739
5471,2,1430
5471,3,844
5471,4,595
5471,5,182
5471,6,12
5472,0,662
5472,1,1735
5472,2,1487
5472,3,812
5472,4,573
5472,5,189
5472,6,14
5473,0,601
5473,1,1844
5473,2,1437
5473,3,793
5473,4,605
5473,5,180
5473,6,13
5474,0,664
5474,1,1752
5474,2,1464
5474,3,806
5474,4,588
5474,5,186
5474,6,14
5475,0,642
5475,1,1767
5475,2,1480
5475,3,788
5475,4,606
5475,5,176
5475,6,16
5476,0,643
5476,1,1793
5476,2,1427
5476,3,806
5476,4,617
5476,5,176
5476,6,14
5477,0,644
5477,1,1782
5477,2,1431
5477,3,839
5477,4,591
5477,5,174
5477,6,16
5478,0,656
5478,1,1763
5478,2,1445
5478,3,801
5478,4,618
5478,5,185
5478,6,10
5479,0,634
5479,1,1814
5479,2,1429
5479,3,798
5479,4,618
5479,5,171
5479,6,15
5480,0,643
5480,1,1797
5480,2,1426
5480,3,821
5480,4,602
5480,5,180
5480,6,11
5481,0,619
5481,1,1840
5481,2,1389
5481,3,850
5481,4,592
5481,5,180
5481,6,10
5481,7,1
5482,0,657
5482,1,1769
5482,2,1449
5482,3,808
5482,4,590
5482,5,200
5482,6,9
5483,0,627
5483,1,1829
5483,2,1416
5483,3,799
5483,4,632
5483,5,167
5483,6,12
5483,7,1
5484,0,673
5484,1,1766
5484,2,1385
5484,3,854
5484,4,637
5484,5,154
5484,6,15
5485,0,644
5485,1,1785
5485,2,1449
5485,3,814
5485,4,594
5485,5,185
5485,6,14
5486,0,610
5486,1,1836
5486,2,1437
5486,3,811
5486,4,593
5486,5,187
5486,6,12
5487,0,625
5487,1,1824
5487,2,1439
5487,3,788
5487,4,621
5487,5,175
5487,6,15
5488,0,651
5488,1,1808
5488,2,1396
5488,3,826
5488,4,617
5488,5,175
5488,6,15
5489,0,644
5489,1,1795
5489,2,1427
5489,3,822
5489,4,608
5489,5,180
5489,6,13
5490,0,659
5490,1,1786
5490,2,1434
5490,3,809
5490,4,615
5490,5,171
5490,6,16
5491,0,620
5491,1,1832
5491,2,1427
5491,3,820
5491,4,591
5491,5,188
5491,6,13
5492,0,627
5492,1,1817
5492,2,1428
5492,3,817
5492,4,618
5492,5,173
5492,6,12
5493,0,644
5493,1,1768
5493,2,1482
5493,3,817
5493,4,583
5493,5,189
5493,6,9
5493,7,1
5494,0,634
5494,1,1829
5494,2,1410
5494,3,821
5494,4,598
5494,5,190
5494,6,12
5495,0,652
5495,1,1773
5495,2,1459
5495,3,816
5495,4,605
5495,5,175
5495,6,15
5496,0,651
5496,1,1775
5496,2,1477
5496,3,788
5496,4,610
5496,5,184
5496,6,11
5497,0,642
5497,1,1808
5497,2,1428
5497,3,816
5497,4,608
5497,5,178
5497,6,17
5498,0,631
5498,1,1801
5498,2,1464
5498,3,793
5498,4,629
5498,5,165
5498,6,15
5499,0,636
5499,1,1814
5499,2,1438
5499,3,817
5499,4,591
5499,5,194
5499,6,9
5500,0,642
5500,1,1814
5500,2,1422
5500,3,802
5500,4,628
5500,5,177
5500,6,14
5500,7,1
5501,0,635
5501,1,1827
5501,2,1413
5501,3,842
5501,4,596
5501,5,175
5501,6,13
5502,0,656
5502,1,1774
5502,2,1450
5502,3,809
5502,4,619
5502,5,177
5502,6,17
5503,0,636
5503,1,1823
5503,2,1422
5503,3,811
5503,4,618
5503,5,183
5503,6,10
5504,0,647
5504,1,1814
5504,2,1409
5504,3,836
5504,4,605
5504,5,180
5504,6,13
5505,0,639
5505,1,1779
5505,2,1482
5505,3,809
5505,4,605
5505,5,173
5505,6,18
5506,0,645
5506,1,1825
5506,2,1412
5506,3,821
5506,4,607
5506,5,182
5506,6,14
5507,0,666
5507,1,1774
5507,2,1409
5507,3,858
5507,4,614
5507,5,176
5507,6,10
5508,0,631
5508,1,1820
5508,2,1444
5508,3,815
5508,4,610
5508,5,175
5508,6,12
5508,7,1
5509,0,643
5509,1,1826
5509,2,1400
5509,3,836
5509,4,606
5509,5,183
5509,6,15
5510,0,639
5510,1,1808
5510,2,1439
5510,3,827
5510,4,615
5510,5,167
5510,6,15
5511,0,623
5511,1,1834
5511,2,1425
5511,3,843
5511,4,580
5511,5,194
5511,6,12
5512,0,653
5512,1,1816
5512,2,1404
5512,3,830
5512,4,620
5512,5,176
5512,6,13
5513,0,640
5513,1,1782
5513,2,1476
5513,3,814
5513,4,621
5513,5,164
5513,6,16
5514,0,659
5514,1,1806
5514,2,1429
5514,3,790
5514,4,641
5514,5,175
5514,6,14
5515,0,601
5515,1,1864
5515,2,1440
5515,3,820
5515,4,597
5515,5,178
5515,6,14
5515,7,1
5516,0,629
5516,1,1853
5516,2,1423
5516,3,797
5516,4,609
5516,5,195
5516,6,10
5517,0,607
5517,1,1876
5517,2,1422
5517,3,801
5517,4,615
5517,5,181
5517,6,15
5518,0,635
5518,1,1820
5518,2,1447
5518,3,809
5518,4,606
5518,5,189
5518,6,12
5519,0,643
5519,1,1809
5519,2,1451
5519,3,810
5519,4,614
5519,5,181
5519,6,10
5519,7,1
5520,0,638
5520,1,1838
5520,2,1391
5520,3,843
5520,4,622
5520,5,176
5520,6,12
5521,0,650
5521,1,1808
5521,2,1455
5521,3,784
5521,4,630
5521,5,182
5521,6,11
5521,7,1
5522,0,621
5522,1,1834
5522,2,1461
5522,3,789
5522,4,625
5522,5,179
5522,6,13
5523,0,642
5523,1,1797
5523,2,1465
5523,3,829
5523,4,595
5523,5,180
5523,6,15
5524,0,653
5524,1,1828
5524,2,1395
5524,3,839
5524,4,611
5524,5,187
5524,6,10
5524,7,1
5525,0,655
5525,1,1774
5525,2,1476
5525,3,813
5525,4,619
5525,5,175
5525,6,13
5526,0,656
5526,1,1796
5526,2,1453
5526,3,813
5526,4,618
5526,5,172
5526,6,18
5527,0,615
5527,1,1849
5527,2,1436
5527,3,816
5527,4,622
5527,5,173
5527,6,16
5528,0,659
5528,1,1778
5528,2,1480
5528,3,813
5528,4,609
5528,5,176
5528,6,13
5529,0,644
5529,1,1822
5529,2,1432
5529,3,830
5529,4,591
5529,5,196
5529,6,14
5530,0,651
5530,1,1794
5530,2,1431
5530,3,845
5530,4,636
5530,5,157
5530,6,16
5531,0,660
5531,1,1787
5531,2,1431
5531,3,868
5531,4,589
5531,5,180
5531,6,16
5532,0,645
5532,1,1840
5532,2,1394
5532,3,846
5532,4,605
5532,5,192
5532,6,10
5533,0,654
5533,1,1789
5533,2,1468
5533,3,822
5533,4,605
5533,5,182
5533,6,13
5534,0,626
5534,1,1836
5534,2,1456
5534,3,807
5534,4,623
5534,5,170
5534,6,16
5535,0,659
5535,1,1801
5535,2,1433
5535,3,837
5535,4,609
5535,5,183
5535,6,13
5536,0,677
5536,1,1738
5536,2,1480
5536,3,851
5536,4,590
5536,5,184
5536,6,16
5537,0,663
5537,1,1789
5537,2,1451
5537,3,811
5537,4,647
5537,5,160
5537,6,16
5538,0,629
5538,1,1860
5538,2,1417
5538,3,823
5538,4,607
5538,5,188
5538,6,14
5539,0,646
5539,1,1816
5539,2,1443
5539,3,827
5539,4,622
5539,5,172
5539,6,13
5540,0,639
5540,1,1833
5540,2,1431
5540,3,815
5540,4,623
5540,5,183
5540,6,16
5541,0,633
5541,1,1832
5541,2,1465
5541,3,787
5541,4,632
5541,5,178
5541,6,14
5542,0,641
5542,1,1830
5542,2,1427
5542,3,845
5542,4,609
5542,5,176
5542,6,14
5543,0,652
5543,1,1808
5543,2,1434
5543,3,849
5543,4,619
5543,5,166
5543,6,14
5543,7,1
5544,0,636
5544,1,1850
5544,2,1416
5544,3,834
5544,4,620
5544,5,174
5544,6,14
5545,0,633
5545,1,1842
5545,2,1442
5545,3,818
5545,4,604
5545,5,194
5545,6,12
5546,0,642
5546,1,1842
5546,2,1429
5546,3,825
5546,4,597
5546,5,201
5546,6,10
5547,0,637
5547,1,1812
5547,2,1484
5547,3,815
5547,4,601
5547,5,187
5547,6,11
5548,0,624
5548,1,1882
5548,2,1400
5548,3,810
5548,4,637
5548,5,181
5548,6,13
5548,7,1
5549,0,658
5549,1,1796
5549,2,1484
5549,3,801
5549,4,604
5549,5,193
5549,6,13
5550,0,661
5550,1,1809
5550,2,1451
5550,3,808
5550,4,628
5550,5,181
5550,6,12
5551,0,633
5551,1,1841
5551,2,1424
5551,3,835
5551,4,631
5551,5,172
5551,6,15
5552,0,650
5552,1,1817
5552,2,1433
5552,3,849
5552,4,610
5552,5,182
5552,6,11
5553,0,636
5553,1,1850
5553,2,1428
5553,3,838
5553,4,596
5553,5,191
5553,6,13
5553,7,1
5554,0,652
5554,1,1798
5554,2,1459
5554,3,837
5554,4,622
5554,5,172
5554,6,14
5555,0,656
5555,1,1823
5555,2,1443
5555,3,811
5555,4,636
5555,5,172
5555,6,14
5556,0,665
5556,1,1779
5556,2,1473
5556,3,837
5556,4,604
5556,5,183
5556,6,15
5557,0,643
5557,1,1824
5557,2,1449
5557,3,847
5557,4,606
5557,5,171
5557,6,17
5558,0,654
5558,1,1825
5558,2,1421
5558,3,848
5558,4,602
5558,5,195
5558,6,13
5559,0,648
5559,1,1818
5559,2,1461
5559,3,812
5559,4,629
5559,5,181
5559,6,10
5560,0,625
5560,1,1846
5560,2,1458
5560,3,844
5560,4,581
5560,5,191
5560,6,14
5560,7,1
5561,0,643
5561,1,1841
5561,2,1438
5561,3,816
5561,4,636
5561,5,172
5561,6,14
5561,7,1
5562,0,650
5562,1,1840
5562,2,1421
5562,3,824
5562,4,638
5562,5,178
5562,6,11
5563,0,632
5563,1,1862
5563,2,1432
5563,3,818
5563,4,616
5563,5,191
5563,6,12
5564,0,644
5564,1,1816
5564,2,1488
5564,3,808
5564,4,615
5564,5,180
5564,6,12
5564,7,1
5565,0,630
5565,1,1871
5565,2,1409
5565,3,826
5565,4,636
5565,5,180
5565,6,13
5566,0,619
5566,1,1899
5566,2,1418
5566,3,795
5566,4,637
5566,5,186
5566,6,12
5567,0,649
5567,1,1860
5567,2,1401
5567,3,834
5567,4,634
5567,5,173
5567,6,16
5568,0,647
5568,1,1835
5568,2,1419
5568,3,853
5568,4,634
5568,5,163
5568,6,17
5569,0,657
5569,1,1834
5569,2,1431
5569,3,828
5569,4,627
5569,5,179
5569,6,13
5570,0,647
5570,1,1815
5570,2,1462
5570,3,824
5570,4,637
5570,5,170
5570,6,14
5570,7,1
5571,0,620
5571,1,1855
5571,2,1476
5571,3,822
5571,4,593
5571,5,195
5571,6,10
5572,0,614
5572,1,1895
5572,2,1432
5572,3,822
5572,4,609
5572,5,186
5572,6,14
5573,0,634
5573,1,1841
5573,2,1447
5573,3,851
5573,4,597
5573,5,189
5573,6,14
5574,0,661
5574,1,1838
5574,2,1450
5574,3,774
5574,4,652
5574,5,184
5574,6,15
5575,0,622
5575,1,1861
5575,2,1448
5575,3,831
5575,4,627
5575,5,172
5575,6,14
5576,0,638
5576,1,1857
5576,2,1439
5576,3,829
5576,4,621
5576,5,181
5576,6,10
5576,7,1
5577,0,650
5577,1,1821
5577,2,1475
5577,3,820
5577,4,593
5577,5,206
5577,6,12
5578,0,649
5578,1,1823
5578,2,1436
5578,3,875
5578,4,601
5578,5,177
5578,6,17
5579,0,664
5579,1,1782
5579,2,1503
5579,3,815
5579,4,627
5579,5,173
5579,6,15
5580,0,663
5580,1,1829
5580,2,1460
5580,3,798
5580,4,618
5580,5,202
5580,6,10
5581,0,636
5581,1,1837
5581,2,1458
5581,3,837
5581,4,628
5581,5,168
5581,6,17
5582,0,628
5582,1,1890
5582,2,1416
5582,3,823
5582,4,621
5582,5,190
5582,6,14
5583,0,626
5583,1,1881
5583,2,1421
5583,3,850
5583,4,617
5583,5,174
5583,6,14
5584,0,640
5584,1,1882
5584,2,1403
5584,3,813
5584,4,671
5584,5,158
5584,6,16
5584,7,1
5585,0,657
5585,1,1826
5585,2,1441
5585,3,833
5585,4,635
5585,5,181
5585,6,12
5586,0,643
5586,1,1846
5586,2,1449
5586,3,833
5586,4,621
5586,5,179
5586,6,15
5587,0,645
5587,1,1823
5587,2,1485
5587,3,806
5587,4,637
5587,5,178
5587,6,13
5588,0,660
5588,1,1822
5588,2,1438
5588,3,858
5588,4,616
5588,5,182
5588,6,12
5589,0,651
5589,1,1861
5589,2,1433
5589,3,797
5589,4,648
5589,5,186
5589,6,12
5589,7,1
5590,0,624
5590,1,1856
5590,2,1485
5590,3,827
5590,4,598
5590,5,186
5590,6,14
5591,0,638
5591,1,1851
5591,2,1457
5591,3,816
5591,4,628
5591,5,190
5591,6,11
5592,0,665
5592,1,1804
5592,2,1462
5592,3,849
5592,4,617
5592,5,180
5592,6,15
5593,0,682
5593,1,1809
5593,2,1447
5593,3,832
5593,4,624
5593,5,186
5593,6,13
5594,0,646
5594,1,1815
5594,2,1488
5594,3,844
5594,4,607
5594,5,180
5594,6,13
5594,7,1
5595,0,666
5595,1,1797
5595,2,1482
5595,3,849
5595,4,590
5595,5,198
5595,6,13
5596,0,613
5596,1,1886
5596,2,1452
5596,3,839
5596,4,607
5596,5,183
5596,6,16
5597,0,683
5597,1,1802
5597,2,1460
5597,3,818
5597,4,640
5597,5,177
5597,6,17
5598,0,638
5598,1,1853
5598,2,1464
5598,3,829
5598,4,614
5598,5,187
5598,6,13
5599,0,656
5599,1,1835
5599,2,1448
5599,3,842
5599,4,625
5599,5,177
5599,6,16
5600,0,633
5600,1,1884
5600,2,1424
5600,3,837
5600,4,622
5600,5,190
5600,6,10
5601,0,645
5601,1,1833
5601,2,1505
5601,3,790
5601,4,634
5601,5,176
5601,6,18
5602,0,657
5602,1,1821
5602,2,1465
5602,3,826
5602,4,634
5602,5,188
5602,6,11
5603,0,642
5603,1,1910
5603,2,1373
5603,3,835
5603,4,656
5603,5,176
5603,6,10
5603,7,1
5604,0,642
5604,1,1846
5604,2,1474
5604,3,827
5604,4,611
5604,5,187
5604,6,17
5605,0,655
5605,1,1843
5605,2,1446
5605,3,827
5605,4,645
5605,5,177
5605,6,12
5606,0,634
5606,1,1868
5606,2,1461
5606,3,837
5606,4,600
5606,5,191
5606,6,15
5607,0,654
5607,1,1841
5607,2,1453
5607,3,837
5607,4,640
5607,5,163
5607,6,19
5608,0,629
5608,1,1886
5608,2,1452
5608,3,807
5608,4,640
5608,5,182
5608,6,12
5609,0,648
5609,1,1856
5609,2,1441
5609,3,824
5609,4,644
5609,5,187
5609,6,9
5610,0,634
5610,1,1876
5610,2,1453
5610,3,822
5610,4,636
5610,5,171
5610,6,18
5611,0,637
5611,1,1878
5611,2,1418
5611,3,858
5611,4,630
5611,5,176
5611,6,13
5611,7,1
5612,0,639
5612,1,1865
5612,2,1465
5612,3,803
5612,4,657
5612,5,167
5612,6,16
5613,0,656
5613,1,1838
5613,2,1470
5613,3,845
5613,4,604
5613,5,185
5613,6,15
5614,0,647
5614,1,1860
5614,2,1445
5614,3,828
5614,4,636
5614,5,183
5614,6,15
5615,0,625
5615,1,1897
5615,2,1439
5615,3,827
5615,4,631
5615,5,181
5615,6,15
5616,0,655
5616,1,1859
5616,2,1436
5616,3,842
5616,4,623
5616,5,186
5616,6,15
5617,0,664
5617,1,1780
5617,2,1521
5617,3,879
5617,4,576
5617,5,179
5617,6,18
5618,0,682
5618,1,1787
5618,2,1501
5618,3,823
5618,4,622
5618,5,192
5618,6,11
5619,0,654
5619,1,1841
5619,2,1455
5619,3,858
5619,4,602
5619,5,200
5619,6,9
5620,0,651
5620,1,1843
5620,2,1448
5620,3,858
5620,4,641
5620,5,162
5620,6,16
5620,7,1
5621,0,637
5621,1,1886
5621,2,1462
5621,3,814
5621,4,619
5621,5,185
5621,6,18
5622,0,662
5622,1,1848
5622,2,1435
5622,3,843
5622,4,639
5622,5,181
5622,6,13
5622,7,1
5623,0,654
5623,1,1824
5623,2,1495
5623,3,832
5623,4,620
5623,5,184
5623,6,13
5623,7,1
5624,0,639
5624,1,1883
5624,2,1443
5624,3,845
5624,4,601
5624,5,205
5624,6,8
5625,0,655
5625,1,1862
5625,2,1409
5625,3,872
5625,4,629
5625,5,187
5625,6,11
5626,0,644
5626,1,1848
5626,2,1495
5626,3,830
5626,4,610
5626,5,184
5626,6,15
5627,0,675
5627,1,1796
5627,2,1497
5627,3,834
5627,4,631
5627,5,181
5627,6,12
5627,7,1
5628,0,658
5628,1,1852
5628,2,1458
5628,3,825
5628,4,640
5628,5,181
5628,6,14
5629,0,659
5629,1,1847
5629,2,1463
5629,3,829
5629,4,638
5629,5,174
5629,6,19
5630,0,642
5630,1,1867
5630,2,1464
5630,3,835
5630,4,626
5630,5,181
5630,6,15
5631,0,634
5631,1,1874
5631,2,1498
5631,3,794
5631,4,618
5631,5,200
5631,6,13
5632,0,643
5632,1,1863
5632,2,1482
5632,3,827
5632,4,619
5632,5,183
5632,6,15
5633,0,644
5633,1,1838
5633,2,1471
5633,3,875
5633,4,610
5633,5,177
5633,6,18
5634,0,651
5634,1,1853
5634,2,1494
5634,3,810
5634,4,615
5634,5,201
5634,6,10
5635,0,645
5635,1,1863
5635,2,1474
5635,3,820
5635,4,636
5635,5,182
5635,6,15
5636,0,668
5636,1,1836
5636,2,1459
5636,3,849
5636,4,628
5636,5,180
5636,6,16
5637,0,651
5637,1,1879
5637,2,1422
5637,3,859
5637,4,629
5637,5,185
5637,6,11
5637,7,1
5638,0,631
5638,1,1885
5638,2,1474
5638,3,830
5638,4,621
5638,5,183
5638,6,14
5639,0,680
5639,1,1795
5639,2,1527
5639,3,796
5639,4,641
5639,5,186
5639,6,14
5640,0,660
5640,1,1817
5640,2,1486
5640,3,874
5640,4,608
5640,5,178
5640,6,17
5641,0,650
5641,1,1867
5641,2,1460
5641,3,843
5641,4,607
5641,5,204
5641,6,10
5642,0,666
5642,1,1830
5642,2,1487
5642,3,832
5642,4,625
5642,5,190
5642,6,12
5643,0,672
5643,1,1796
5643,2,1526
5643,3,829
5643,4,630
5643,5,171
5643,6,19
5644,0,660
5644,1,1820
5644,2,1503
5644,3,849
5644,4,605
5644,5,196
5644,6,11
5645,0,666
5645,1,1866
5645,2,1439
5645,3,842
5645,4,630
5645,5,187
5645,6,15
5646,0,644
5646,1,1876
5646,2,1465
5646,3,836
5646,4,623
5646,5,187
5646,6,15
5647,0,636
5647,1,1884
5647,2,1459
5647,3,837
5647,4,637
5647,5,178
5647,6,16
5648,0,655
5648,1,1854
5648,2,1456
5648,3,871
5648,4,625
5648,5,169
5648,6,18
5649,0,653
5649,1,1855
5649,2,1480
5649,3,816
5649,4,642
5649,5,191
5649,6,12
5650,0,639
5650,1,1885
5650,2,1483
5650,3,808
5650,4,638
5650,5,181
5650,6,16
5651,0,659
5651,1,1838
5651,2,1494
5651,3,848
5651,4,597
5651,5,204
5651,6,11
5652,0,658
5652,1,1858
5652,2,1470
5652,3,823
5652,4,645
5652,5,180
5652,6,18
5653,0,657
5653,1,1841
5653,2,1472
5653,3,863
5653,4,633
5653,5,171
5653,6,16
5654,0,670
5654,1,1857
5654,2,1438
5654,3,854
5654,4,640
5654,5,183
5654,6,11
5654,7,1
5655,0,638
5655,1,1875
5655,2,1451
5655,3,887
5655,4,603
5655,5,191
5655,6,9
5655,7,1
5656,0,676
5656,1,1814
5656,2,1513
5656,3,825
5656,4,633
5656,5,176
5656,6,19
5657,0,651
5657,1,1874
5657,2,1462
5657,3,834
5657,4,642
5657,5,177
5657,6,17
5658,0,628
5658,1,1912
5658,2,1446
5658,3,848
5658,4,615
5658,5,199
5658,6,10
5659,0,643
5659,1,1880
5659,2,1482
5659,3,802
5659,4,663
5659,5,170
5659,6,19
5660,0,656
5660,1,1887
5660,2,1432
5660,3,851
5660,4,628
5660,5,192
5660,6,14
5661,0,643
5661,1,1861
5661,2,1496
5661,3,851
5661,4,611
5661,5,183
5661,6,16
5662,0,657
5662,1,1876
5662,2,1447
5662,3,823
5662,4,664
5662,5,181
5662,6,13
5662,7,1
5663,0,678
5663,1,1822
5663,2,1470
5663,3,867
5663,4,637
5663,5,174
5663,6,15
5664,0,633
5664,1,1910
5664,2,1457
5664,3,821
5664,4,640
5664,5,188
5664,6,15
5665,0,666
5665,1,1812
5665,2,1525
5665,3,855
5665,4,609
5665,5,182
5665,6,16
5666,0,707
5666,1,1818
5666,2,1455
5666,3,820
5666,4,666
5666,5,190
5666,6,10
5667,0,635
5667,1,1901
5667,2,1429
5667,3,888
5667,4,611
5667,5,189
5667,6,13
5667,7,1
5668,0,646
5668,1,1870
5668,2,1481
5668,3,864
5668,4,604
5668,5,187
5668,6,16
5669,0,681
5669,1,1844
5669,2,1437
5669,3,879
5669,4,622
5669,5,194
5669,6,12
5670,0,669
5670,1,1851
5670,2,1481
5670,3,823
5670,4,655
5670,5,175
5670,6,16
5671,0,636
5671,1,1872
5671,2,1500
5671,3,831
5671,4,636
5671,5,181
5671,6,15
5672,0,658
5672,1,1861
5672,2,1489
5672,3,832
5672,4,630
5672,5,187
5672,6,15
5673,0,638
5673,1,1887
5673,2,1477
5673,3,855
5673,4,606
5673,5,200
5673,6,9
5673,7,1
5674,0,645
5674,1,1867
5674,2,1497
5674,3,845
5674,4,608
5674,5,199
5674,6,13
5675,0,652
5675,1,1846
5675,2,1529
5675,3,806
5675,4,648
5675,5,179
5675,6,15
5676,0,621
5676,1,1939
5676,2,1450
5676,3,833
5676,4,627
5676,5,191
5676,6,15
5677,0,686
5677,1,1816
5677,2,1491
5677,3,853
5677,4,631
5677,5,188
5677,6,11
5677,7,1
5678,0,663
5678,1,1840
5678,2,1512
5678,3,818
5678,4,645
5678,5,186
5678,6,14
5679,0,650
5679,1,1893
5679,2,1464
5679,3,837
5679,4,631
5679,5,190
5679,6,13
5679,7,1
5680,0,662
5680,1,1849
5680,2,1475
5680,3,882
5680,4,609
5680,5,189
5680,6,14
5681,0,651
5681,1,1893
5681,2,1443
5681,3,858
5681,4,645
5681,5,176
5681,6,15
5682,0,679
5682,1,1836
5682,2,1497
5682,3,815
5682,4,658
5682,5,179
5682,6,18
5683,0,671
5683,1,1840
5683,2,1493
5683,3,838
5683,4,650
5683,5,179
5683,6,12
5684,0,647
5684,1,1856
5684,2,1503
5684,3,869
5684,4,613
5684,5,181
5684,6,15
5685,0,656
5685,1,1887
5685,2,1457
5685,3,842
5685,4,631
5685,5,197
5685,6,15
5686,0,663
5686,1,1889
5686,2,1457
5686,3,826
5686,4,650
5686,5,190
5686,6,10
5686,7,1
5687,0,650
5687,1,1862
5687,2,1502
5687,3,853
5687,4,623
5687,5,183
5687,6,14
5688,0,677
5688,1,1808
5688,2,1524
5688,3,842
5688,4,646
5688,5,174
5688,6,17
5689,0,650
5689,1,1892
5689,2,1467
5689,3,841
5689,4,636
5689,5,188
5689,6,15
5690,0,651
5690,1,1905
5690,2,1454
5690,3,838
5690,4,644
5690,5,183
5690,6,15
5691,0,679
5691,1,1827
5691,2,1484
5691,3,868
5691,4,629
5691,5,190
5691,6,14
5692,0,643
5692,1,1897
5692,2,1504
5692,3,811
5692,4,631
5692,5,191
5692,6,15
5693,0,667
5693,1,1855
5693,2,1446
5693,3,910
5693,4,614
5693,5,190
5693,6,10
5693,7,1
5694,0,649
5694,1,1876
5694,2,1498
5694,3,842
5694,4,625
5694,5,191
5694,6,13
5695,0,642
5695,1,1897
5695,2,1487
5695,3,828
5695,4,634
5695,5,193
5695,6,14
5696,0,680
5696,1,1860
5696,2,1454
5696,3,859
5696,4,629
5696,5,204
5696,6,10
5697,0,648
5697,1,1838
5697,2,1543
5697,3,867
5697,4,606
5697,5,180
5697,6,14
5697,7,1
5698,0,705
5698,1,1814
5698,2,1479
5698,3,853
5698,4,640
5698,5,191
5698,6,16
5699,0,641
5699,1,1900
5699,2,1466
5699,3,871
5699,4,634
5699,5,171
5699,6,16
5700,0,659
5700,1,1869
5700,2,1483
5700,3,837
5700,4,656
5700,5,179
5700,6,17
5701,0,665
5701,1,1888
5701,2,1480
5701,3,817
5701,4,647
5701,5,188
5701,6,16
5702,0,654
5702,1,1890
5702,2,1461
5702,3,842
5702,4,652
5702,5,190
5702,6,13
5703,0,664
5703,1,1859
5703,2,1507
5703,3,838
5703,4,629
5703,5,193
5703,6,13
5704,0,664
5704,1,1847
5704,2,1535
5704,3,833
5704,4,625
5704,5,183
5704,6,17
5705,0,643
5705,1,1898
5705,2,1488
5705,3,819
5705,4,649
5705,5,196
5705,6,11
5705,7,1
5706,0,664
5706,1,1877
5706,2,1470
5706,3,866
5706,4,621
5706,5,197
5706,6,10
5706,7,1
5707,0,673
5707,1,1843
5707,2,1491
5707,3,880
5707,4,630
5707,5,173
5707,6,17
5708,0,673
5708,1,1874
5708,2,1459
5708,3,845
5708,4,656
5708,5,187
5708,6,14
5709,0,660
5709,1,1878
5709,2,1477
5709,3,865
5709,4,631
5709,5,184
5709,6,14
5710,0,676
5710,1,1868
5710,2,1473
5710,3,836
5710,4,640
5710,5,205
5710,6,12
5711,0,657
5711,1,1856
5711,2,1527
5711,3,850
5711,4,620
5711,5,187
5711,6,14
5712,0,655
5712,1,1853
5712,2,1518
5712,3,874
5712,4,608
5712,5,190
5712,6,13
5712,7,1
5713,0,638
5713,1,1914
5713,2,1495
5713,3,820
5713,4,638
5713,5,192
5713,6,16
5714,0,652
5714,1,1868
5714,2,1512
5714,3,863
5714,4,612
5714,5,192
5714,6,15
5715,0,686
5715,1,1861
5715,2,1464
5715,3,850
5715,4,648
5715,5,191
5715,6,15
5716,0,644
5716,1,1914
5716,2,1473
5716,3,846
5716,4,641
5716,5,185
5716,6,13
5717,0,667
5717,1,1873
5717,2,1459
5717,3,879
5717,4,643
5717,5,179
5717,6,17
5718,0,681
5718,1,1856
5718,2,1493
5718,3,839
5718,4,643
5718,5,192
5718,6,14
5719,0,660
5719,1,1875
5719,2,1500
5719,3,848
5719,4,642
5719,5,175
5719,6,19
5720,0,651
5720,1,1883
5720,2,1479
5720,3,883
5720,4,618
5720,5,193
5720,6,13
5721,0,656
5721,1,1869
5721,2,1530
5721,3,824
5721,4,631
5721,5,196
5721,6,15
5722,0,676
5722,1,1864
5722,2,1478
5722,3,870
5722,4,630
5722,5,190
5722,6,14
5723,0,641
5723,1,1913
5723,2,1472
5723,3,860
5723,4,637
5723,5,183
5723,6,17
5724,0,647
5724,1,1915
5724,2,1477
5724,3,840
5724,4,655
5724,5,176
5724,6,14
5725,0,674
5725,1,1873
5725,2,1467
5725,3,875
5725,4,635
5725,5,188
5725,6,11
5725,7,2
5726,0,671
5726,1,1861
5726,2,1487
5726,3,866
5726,4,647
5726,5,180
5726,6,14
5727,0,650
5727,1,1939
5727,2,1412
5727,3,883
5727,4,629
5727,5,203
5727,6,10
5727,7,1
5728,0,660
5728,1,1913
5728,2,1454
5728,3,852
5728,4,646
5728,5,192
5728,6,11
5729,0,632
5729,1,1897
5729,2,1555
5729,3,795
5729,4,631
5729,5,204
5729,6,15
5730,0,670
5730,1,1870
5730,2,1517
5730,3,827
5730,4,649
5730,5,181
5730,6,16
5731,0,666
5731,1,1871
5731,2,1503
5731,3,843
5731,4,635
5731,5,200
5731,6,13
5732,0,644
5732,1,1886
5732,2,1529
5732,3,841
5732,4,634
5732,5,183
5732,6,15
5733,0,662
5733,1,1872
5733,2,1511
5733,3,854
5733,4,634
5733,5,183
5733,6,17
5734,0,684
5734,1,1874
5734,2,1460
5734,3,853
5734,4,657
5734,5,193
5734,6,13
5735,0,670
5735,1,1862
5735,2,1530
5735,3,842
5735,4,614
5735,5,203
5735,6,14
5736,0,648
5736,1,1923
5736,2,1465
5736,3,851
5736,4,651
5736,5,184
5736,6,14
5737,0,663
5737,1,1873
5737,2,1499
5737,3,864
5737,4,630
5737,5,195
5737,6,13
5738,0,680
5738,1,1877
5738,2,1468
5738,3,860
5738,4,649
5738,5,191
5738,6,12
5738,7,1
5739,0,671
5739,1,1854
5739,2,1522
5739,3,854
5739,4,645
5739,5,177
5739,6,16
5740,0,686
5740,1,1820
5740,2,1534
5740,3,876
5740,4,618
5740,5,187
5740,6,19
5741,0,678
5741,1,1874
5741,2,1479
5741,3,868
5741,4,646
5741,5,187
5741,6,7
5741,7,2
5742,0,654
5742,1,1899
5742,2,1468
5742,3,902
5742,4,605
5742,5,199
5742,6,15
5743,0,665
5743,1,1896
5743,2,1470
5743,3,868
5743,4,644
5743,5,184
5743,6,16
5744,0,661
5744,1,1897
5744,2,1482
5744,3,863
5744,4,638
5744,5,191
5744,6,12
5745,0,654
5745,1,1892
5745,2,1508
5745,3,842
5745,4,650
5745,5,185
5745,6,14
5746,0,665
5746,1,1876
5746,2,1525
5746,3,830
5746,4,634
5746,5,201
5746,6,15
5747,0,632
5747,1,1934
5747,2,1527
5747,3,804
5747,4,641
5747,5,191
5747,6,18
5748,0,673
5748,1,1883
5748,2,1477
5748,3,851
5748,4,675
5748,5,174
5748,6,14
5748,7,1
5749,0,651
5749,1,1901
5749,2,1502
5749,3,848
5749,4,644
5749,5,189
5749,6,14
5750,0,661
5750,1,1877
5750,2,1511
5750,3,874
5750,4,628
5750,5,186
5750,6,13
5751,0,660
5751,1,1930
5751,2,1458
5751,3,837
5751,4,660
5751,5,188
5751,6,18
5752,0,650
5752,1,1930
5752,2,1462
5752,3,854
5752,4,651
5752,5,191
5752,6,14
5753,0,687
5753,1,1844
5753,2,1515
5753,3,855
5753,4,660
5753,5,176
5753,6,16
5754,0,655
5754,1,1899
5754,2,1483
5754,3,885
5754,4,629
5754,5,188
5754,6,15
5755,0,684
5755,1,1865
5755,2,1505
5755,3,854
5755,4,644
5755,5,188
5755,6,14
5755,7,1
5756,0,646
5756,1,1929
5756,2,1456
5756,3,889
5756,4,631
5756,5,191
5756,6,14
5757,0,686
5757,1,1841
5757,2,1532
5757,3,865
5757,4,632
5757,5,180
5757,6,21
5758,0,670
5758,1,1880
5758,2,1511
5758,3,842
5758,4,643
5758,5,201
5758,6,11
5759,0,664
5759,1,1888
5759,2,1511
5759,3,851
5759,4,633
5759,5,201
5759,6,11
5760,0,676
5760,1,1882
5760,2,1481
5760,3,870
5760,4,653
5760,5,180
5760,6,18
5761,0,649
5761,1,1923
5761,2,1480
5761,3,867
5761,4,642
5761,5,185
5761,6,15
5762,0,669
5762,1,1884
5762,2,1498
5762,3,875
5762,4,634
5762,5,189
5762,6,12
5762,7,1
5763,0,656
5763,1,1901
5763,2,1481
5763,3,901
5763,4,619
5763,5,192
5763,6,13
5764,0,665
5764,1,1901
5764,2,1483
5764,3,868
5764,4,641
5764,5,189
5764,6,17
5765,0,676
5765,1,1884
5765,2,1514
5765,3,835
5765,4,646
5765,5,196
5765,6,14
5766,0,691
5766,1,1850
5766,2,1516
5766,3,871
5766,4,622
5766,5,204
5766,6,12
5767,0,656
5767,1,1890
5767,2,1532
5767,3,832
5767,4,653
5767,5,187
5767,6,17
5768,0,659
5768,1,1896
5768,2,1521
5768,3,859
5768,4,625
5768,5,194
5768,6,14
5769,0,692
5769,1,1868
5769,2,1478
5769,3,886
5769,4,634
5769,5,197
5769,6,13
5769,7,1
5770,0,665
5770,1,1884
5770,2,1510
5770,3,877
5770,4,627
5770,5,191
5770,6,16
5771,0,668
5771,1,1893
5771,2,1499
5771,3,871
5771,4,641
5771,5,186
5771,6,13
5772,0,671
5772,1,1897
5772,2,1485
5772,3,869
5772,4,644
5772,5,189
5772,6,17
5773,0,664
5773,1,1913
5773,2,1467
5773,3,868
5773,4,667
5773,5,178
5773,6,16
5774,0,672
5774,1,1880
5774,2,1549
5774,3,830
5774,4,631
5774,5,198
5774,6,14
5775,0,662
5775,1,1900
5775,2,1502
5775,3,847
5775,4,662
5775,5,181
5775,6,21
5776,0,682
5776,1,1845
5776,2,1534
5776,3,890
5776,4,622
5776,5,187
5776,6,16
5777,0,684
5777,1,1858
5777,2,1540
5777,3,864
5777,4,622
5777,5,193
5777,6,16
5778,0,670
5778,1,1857
5778,2,1541
5778,3,878
5778,4,628
5778,5,186
5778,6,18
5779,0,665
5779,1,1878
5779,2,1550
5779,3,834
5779,4,648
5779,5,190
5779,6,14
5780,0,665
5780,1,1900
5780,2,1516
5780,3,843
5780,4,646
5780,5,195
5780,6,15
5781,0,676
5781,1,1883
5781,2,1526
5781,3,854
5781,4,641
5781,5,185
5781,6,16
5782,0,662
5782,1,1892
5782,2,1522
5782,3,864
5782,4,629
5782,5,200
5782,6,12
5782,7,1
5783,0,675
5783,1,1897
5783,2,1491
5783,3,857
5783,4,664
5783,5,182
5783,6,17
5784,0,666
5784,1,1911
5784,2,1484
5784,3,873
5784,4,643
5784,5,195
5784,6,12
5785,0,678
5785,1,1913
5785,2,1451
5785,3,896
5785,4,643
5785,5,189
5785,6,15
5786,0,668
5786,1,1918
5786,2,1450
5786,3,889
5786,4,665
5786,5,180
5786,6,16
5787,0,656
5787,1,1918
5787,2,1531
5787,3,832
5787,4,649
5787,5,185
5787,6,15
5787,7,1
5788,0,655
5788,1,1906
5788,2,1522
5788,3,857
5788,4,646
5788,5,186
5788,6,16
5789,0,639
5789,1,1981
5789,2,1455
5789,3,834
5789,4,686
5789,5,178
5789,6,16
5790,0,659
5790,1,1926
5790,2,1507
5790,3,830
5790,4,647
5790,5,214
5790,6,7
5791,0,683
5791,1,1858
5791,2,1531
5791,3,875
5791,4,641
5791,5,186
5791,6,16
5791,7,1
5792,0,686
5792,1,1904
5792,2,1441
5792,3,900
5792,4,658
5792,5,189
5792,6,14
5793,0,677
5793,1,1880
5793,2,1550
5793,3,825
5793,4,669
5793,5,175
5793,6,17
5794,0,662
5794,1,1919
5794,2,1498
5794,3,868
5794,4,632
5794,5,199
5794,6,16
5795,0,654
5795,1,1920
5795,2,1509
5795,3,858
5795,4,652
5795,5,186
5795,6,16
5796,0,659
5796,1,1923
5796,2,1484
5796,3,902
5796,4,620
5796,5,197
5796,6,10
5796,7,1
5797,0,672
5797,1,1915
5797,2,1487
5797,3,861
5797,4,663
5797,5,181
5797,6,18
5798,0,660
5798,1,1929
5798,2,1487
5798,3,868
5798,4,644
5798,5,197
5798,6,13
5799,0,655
5799,1,1905
5799,2,1520
5799,3,877
5799,4,640
5799,5,184
5799,6,18
5800,0,680
5800,1,1896
5800,2,1507
5800,3,859
5800,4,660
5800,5,178
5800,6,20
5801,0,676
5801,1,1883
5801,2,1532
5801,3,860
5801,4,634
5801,5,200
5801,6,16
5802,0,674
5802,1,1886
5802,2,1539
5802,3,847
5802,4,651
5802,5,191
5802,6,14
5803,0,665
5803,1,1918
5803,2,1507
5803,3,843
5803,4,661
5803,5,196
5803,6,13
5804,0,665
5804,1,1890
5804,2,1563
5804,3,842
5804,4,627
5804,5,205
5804,6,11
5804,7,1
5805,0,680
5805,1,1869
5805,2,1548
5805,3,871
5805,4,625
5805,5,193
5805,6,19
5806,0,658
5806,1,1926
5806,2,1487
5806,3,883
5806,4,656
5806,5,181
5806,6,15
5807,0,682
5807,1,1914
5807,2,1471
5807,3,878
5807,4,654
5807,5,195
5807,6,12
5807,7,1
5808,0,658
5808,1,1923
5808,2,1498
5808,3,883
5808,4,637
5808,5,196
5808,6,13
5809,0,688
5809,1,1913
5809,2,1467
5809,3,868
5809,4,665
5809,5,192
5809,6,16
5810,0,679
5810,1,1892
5810,2,1517
5810,3,862
5810,4,659
5810,5,194
5810,6,6
5810,7,1
5811,0,690
5811,1,1861
5811,2,1546
5811,3,860
5811,4,641
5811,5,195
5811,6,18
5812,0,660
5812,1,1937
5812,2,1486
5812,3,882
5812,4,645
5812,5,183
5812,6,19
5813,0,647
5813,1,1943
5813,2,1512
5813,3,866
5813,4,634
5813,5,198
5813,6,13
5814,0,677
5814,1,1852
5814,2,1577
5814,3,871
5814,4,628
5814,5,196
5814,6,12
5814,7,1
5815,0,722
5815,1,1826
5815,2,1539
5815,3,873
5815,4,640
5815,5,202
5815,6,12
5815,7,1
5816,0,647
5816,1,1914
5816,2,1556
5816,3,866
5816,4,616
5816,5,203
5816,6,14
5817,0,673
5817,1,1906
5817,2,1522
5817,3,853
5817,4,649
5817,5,198
5817,6,16
5818,0,681
5818,1,1903
5818,2,1493
5818,3,886
5818,4,654
5818,5,189
5818,6,12
5819,0,668
5819,1,1926
5819,2,1501
5819,3,865
5819,4,652
5819,5,193
5819,6,14
5820,0,694
5820,1,1880
5820,2,1530
5820,3,851
5820,4,652
5820,5,194
5820,6,19
5821,0,670
5821,1,1919
5821,2,1471
5821,3,909
5821,4,653
5821,5,188
5821,6,10
5821,7,1
5822,0,643
5822,1,1936
5822,2,1556
5822,3,838
5822,4,643
5822,5,189
5822,6,17
5823,0,680
5823,1,1887
5823,2,1548
5823,3,845
5823,4,649
5823,5,198
5823,6,16
5824,0,677
5824,1,1879
5824,2,1563
5824,3,845
5824,4,650
5824,5,192
5824,6,18
5825,0,648
5825,1,1972
5825,2,1487
5825,3,849
5825,4,657
5825,5,200
5825,6,12
5826,0,648
5826,1,1925
5826,2,1560
5826,3,857
5826,4,617
5826,5,206
5826,6,12
5826,7,1
5827,0,666
5827,1,1935
5827,2,1479
5827,3,877
5827,4,666
5827,5,188
5827,6,16
5828,0,670
5828,1,1917
5828,2,1519
5828,3,849
5828,4,673
5828,5,184
5828,6,16
5829,0,670
5829,1,1945
5829,2,1481
5829,3,852
5829,4,681
5829,5,186
5829,6,13
5829,7,1
5830,0,671
5830,1,1917
5830,2,1521
5830,3,870
5830,4,640
5830,5,198
5830,6,13
5831,0,686
5831,1,1911
5831,2,1487
5831,3,874
5831,4,666
5831,5,193
5831,6,14
5832,0,650
5832,1,1932
5832,2,1542
5832,3,869
5832,4,627
5832,5,198
5832,6,14
5833,0,660
5833,1,1918
5833,2,1547
5833,3,842
5833,4,660
5833,5,184
5833,6,22
5834,0,680
5834,1,1882
5834,2,1550
5834,3,881
5834,4,628
5834,5,203
5834,6,10
5835,0,647
5835,1,1974
5835,2,1483
5835,3,857
5835,4,672
5835,5,189
5835,6,12
5835,7,1
5836,0,671
5836,1,1931
5836,2,1483
5836,3,884
5836,4,673
5836,5,175
5836,6,19
5837,0,671
5837,1,1916
5837,2,1556
5837,3,828
5837,4,653
5837,5,197
5837,6,16
5838,0,676
5838,1,1921
5838,2,1486
5838,3,886
5838,4,672
5838,5,181
5838,6,16
5839,0,677
5839,1,1892
5839,2,1553
5839,3,874
5839,4,629
5839,5,198
5839,6,16
5840,0,666
5840,1,1907
5840,2,1556
5840,3,853
5840,4,657
5840,5,184
5840,6,17
5841,0,670
5841,1,1935
5841,2,1518
5841,3,837
5841,4,664
5841,5,203
5841,6,14
5842,0,669
5842,1,1935
5842,2,1493
5842,3,873
5842,4,665
5842,5,191
5842,6,16
5843,0,669
5843,1,1908
5843,2,1552
5843,3,856
5843,4,647
5843,5,199
5843,6,11
5843,7,1
5844,0,658
5844,1,1943
5844,2,1518
5844,3,886
5844,4,622
5844,5,204
5844,6,13
5845,0,650
5845,1,1963
5845,2,1521
5845,3,834
5845,4,660
5845,5,200
5845,6,17
5846,0,658
5846,1,1953
5846,2,1502
5846,3,869
5846,4,664
5846,5,183
5846,6,17
5847,0,672
5847,1,1950
5847,2,1460
5847,3,889
5847,4,685
5847,5,173
5847,6,18
5848,0,687
5848,1,1902
5848,2,1520
5848,3,882
5848,4,640
5848,5,205
5848,6,12
5849,0,674
5849,1,1931
5849,2,1483
5849,3,901
5849,4,651
5849,5,194
5849,6,14
5849,7,1
5850,0,655
5850,1,1952
5850,2,1498
5850,3,902
5850,4,641
5850,5,185
5850,6,17
5851,0,674
5851,1,1905
5851,2,1543
5851,3,876
5851,4,644
5851,5,194
5851,6,15
5852,0,658
5852,1,1966
5852,2,1488
5852,3,877
5852,4,657
5852,5,186
5852,6,20
5853,0,687
5853,1,1903
5853,2,1518
5853,3,891
5853,4,641
5853,5,199
5853,6,14
5854,0,678
5854,1,1916
5854,2,1524
5854,3,863
5854,4,661
5854,5,197
5854,6,15
5855,0,670
5855,1,1931
5855,2,1534
5855,3,844
5855,4,681
5855,5,178
5855,6,17
5856,0,677
5856,1,1939
5856,2,1487
5856,3,870
5856,4,675
5856,5,194
5856,6,14
5857,0,660
5857,1,1926
5857,2,1536
5857,3,902
5857,4,621
5857,5,193
5857,6,19
5858,0,665
5858,1,1949
5858,2,1518
5858,3,837
5858,4,683
5858,5,189
5858,6,17
5859,0,674
5859,1,1936
5859,2,1506
5859,3,876
5859,4,652
5859,5,202
5859,6,13
5860,0,643
5860,1,1969
5860,2,1538
5860,3,851
5860,4,652
5860,5,189
5860,6,18
5861,0,671
5861,1,1925
5861,2,1530
5861,3,876
5861,4,647
5861,5,193
5861,6,19
5862,0,652
5862,1,1990
5862,2,1453
5862,3,887
5862,4,672
5862,5,195
5862,6,13
5863,0,674
5863,1,1939
5863,2,1489
5863,3,889
5863,4,677
5863,5,178
5863,6,16
5863,7,1
5864,0,684
5864,1,1927
5864,2,1480
5864,3,918
5864,4,654
5864,5,187
5864,6,14
5865,0,691
5865,1,1906
5865,2,1512
5865,3,899
5865,4,652
5865,5,191
5865,6,13
5865,7,1
5866,0,663
5866,1,1960
5866,2,1494
5866,3,880
5866,4,663
5866,5,190
5866,6,16
5867,0,681
5867,1,1921
5867,2,1531
5867,3,864
5867,4,655
5867,5,201
5867,6,14
5868,0,654
5868,1,1949
5868,2,1537
5868,3,882
5868,4,632
5868,5,198
5868,6,16
5869,0,699
5869,1,1877
5869,2,1538
5869,3,894
5869,4,662
5869,5,178
5869,6,21
5870,0,680
5870,1,1936
5870,2,1499
5870,3,867
5870,4,690
5870,5,180
5870,6,18
5871,0,682
5871,1,1915
5871,2,1508
5871,3,926
5871,4,627
5871,5,199
5871,6,14
5872,0,683
5872,1,1917
5872,2,1544
5872,3,853
5872,4,665
5872,5,192
5872,6,18
5873,0,674
5873,1,1918
5873,2,1554
5873,3,847
5873,4,669
5873,5,197
5873,6,14
5874,0,689
5874,1,1897
5874,2,1560
5874,3,863
5874,4,651
5874,5,198
5874,6,16
5875,0,693
5875,1,1882
5875,2,1553
5875,3,893
5875,4,644
5875,5,194
5875,6,16
5876,0,679
5876,1,1926
5876,2,1516
5876,3,886
5876,4,668
5876,5,182
5876,6,19
5877,0,654
5877,1,1955
5877,2,1552
5877,3,853
5877,4,648
5877,5,204
5877,6,11
5878,0,690
5878,1,1914
5878,2,1518
5878,3,889
5878,4,652
5878,5,197
5878,6,18
5879,0,672
5879,1,1944
5879,2,1498
5879,3,896
5879,4,663
5879,5,194
5879,6,11
5879,7,1
5880,0,687
5880,1,1916
5880,2,1538
5880,3,868
5880,4,658
5880,5,199
5880,6,14
5881,0,683
5881,1,1937
5881,2,1495
5881,3,903
5881,4,648
5881,5,201
5881,6,14
5882,0,683
5882,1,1914
5882,2,1549
5882,3,867
5882,4,656
5882,5,196
5882,6,17
5883,0,675
5883,1,1949
5883,2,1499
5883,3,869
5883,4,696
5883,5,177
5883,6,17
5883,7,1
5884,0,665
5884,1,1975
5884,2,1497
5884,3,874
5884,4,651
5884,5,211
5884,6,11
5885,0,682
5885,1,1901
5885,2,1553
5885,3,887
5885,4,663
5885,5,180
5885,6,19
5886,0,642
5886,1,2005
5886,2,1510
5886,3,858
5886,4,649
5886,5,205
5886,6,17
5887,0,646
5887,1,1957
5887,2,1570
5887,3,859
5887,4,638
5887,5,202
5887,6,15
5888,0,666
5888,1,1945
5888,2,1533
5888,3,879
5888,4,653
5888,5,198
5888,6,14
5889,0,693
5889,1,1935
5889,2,1463
5889,3,915
5889,4,687
5889,5,184
5889,6,11
5889,7,1
5890,0,669
5890,1,1947
5890,2,1545
5890,3,882
5890,4,612
5890,5,224
5890,6,10
5890,7,1
5891,0,686
5891,1,1894
5891,2,1571
5891,3,864
5891,4,668
5891,5,194
5891,6,14
5892,0,682
5892,1,1922
5892,2,1555
5892,3,871
5892,4,647
5892,5,196
5892,6,19
5893,0,660
5893,1,1988
5893,2,1474
5893,3,884
5893,4,688
5893,5,186
5893,6,12
5893,7,1
5894,0,652
5894,1,1966
5894,2,1536
5894,3,889
5894,4,643
5894,5,190
5894,6,18
5895,0,657
5895,1,2000
5895,2,1492
5895,3,860
5895,4,664
5895,5,207
5895,6,15
5896,0,713
5896,1,1887
5896,2,1504
5896,3,912
5896,4,674
5896,5,191
5896,6,15
5897,0,678
5897,1,1914
5897,2,1564
5897,3,890
5897,4,643
5897,5,194
5897,6,14
5898,0,702
5898,1,1872
5898,2,1576
5898,3,897
5898,4,640
5898,5,189
5898,6,22
5899,0,675
5899,1,1956
5899,2,1508
5899,3,886
5899,4,660
5899,5,202
5899,6,12
5900,0,677
5900,1,1943
5900,2,1522
5900,3,887
5900,4,657
5900,5,201
5900,6,13
5901,0,664
5901,1,1988
5901,2,1494
5901,3,877
5901,4,662
5901,5,204
5901,6,11
5901,7,1
5902,0,662
5902,1,1975
5902,2,1529
5902,3,856
5902,4,665
5902,5,197
5902,6,18
5903,0,700
5903,1,1896
5903,2,1540
5903,3,892
5903,4,665
5903,5,195
5903,6,15
5904,0,706
5904,1,1894
5904,2,1524
5904,3,911
5904,4,668
5904,5,186
5904,6,15
5905,0,704
5905,1,1897
5905,2,1569
5905,3,845
5905,4,679
5905,5,195
5905,6,15
5905,7,1
5906,0,669
5906,1,1931
5906,2,1549
5906,3,895
5906,4,658
5906,5,187
5906,6,17
5907,0,687
5907,1,1948
5907,2,1510
5907,3,883
5907,4,669
5907,5,194
5907,6,16
5908,0,682
5908,1,1901
5908,2,1578
5908,3,900
5908,4,633
5908,5,201
5908,6,12
5908,7,1
5909,0,719
5909,1,1883
5909,2,1522
5909,3,901
5909,4,685
5909,5,182
5909,6,17
5910,0,650
5910,1,1983
5910,2,1534
5910,3,880
5910,4,650
5910,5,195
5910,6,18
5911,0,670
5911,1,1960
5911,2,1522
5911,3,875
5911,4,685
5911,5,184
5911,6,15
5912,0,699
5912,1,1919
5912,2,1520
5912,3,906
5912,4,660
5912,5,190
5912,6,18
5913,0,686
5913,1,1933
5913,2,1538
5913,3,879
5913,4,665
5913,5,199
5913,6,12
5913,7,1
5914,0,671
5914,1,1948
5914,2,1549
5914,3,865
5914,4,672
5914,5,192
5914,6,17
5915,0,669
5915,1,1934
5915,2,1573
5915,3,884
5915,4,626
5915,5,216
5915,6,13
5916,0,681
5916,1,1952
5916,2,1524
5916,3,894
5916,4,650
5916,5,200
5916,6,15
5917,0,672
5917,1,1963
5917,2,1523
5917,3,882
5917,4,667
5917,5,192
5917,6,18
5918,0,681
5918,1,1922
5918,2,1598
5918,3,820
5918,4,682
5918,5,196
5918,6,19
5919,0,665
5919,1,1950
5919,2,1579
5919,3,852
5919,4,657
5919,5,202
5919,6,14
5920,0,666
5920,1,1956
5920,2,1551
5920,3,886
5920,4,646
5920,5,196
5920,6,19
5921,0,687
5921,1,1925
5921,2,1557
5921,3,887
5921,4,645
5921,5,206
5921,6,14
5922,0,667
5922,1,1959
5922,2,1535
5922,3,871
5922,4,690
5922,5,183
5922,6,17
5923,0,688
5923,1,1983
5923,2,1463
5923,3,911
5923,4,658
5923,5,206
5923,6,13
5923,7,1
5924,0,691
5924,1,1920
5924,2,1541
5924,3,895
5924,4,675
5924,5,188
5924,6,14
5925,0,679
5925,1,1948
5925,2,1524
5925,3,907
5925,4,662
5925,5,187
5925,6,18
5926,0,681
5926,1,1928
5926,2,1571
5926,3,882
5926,4,645
5926,5,203
5926,6,16
5927,0,673
5927,1,1964
5927,2,1521
5927,3,895
5927,4,669
5927,5,189
5927,6,16
5928,0,702
5928,1,1913
5928,2,1549
5928,3,881
5928,4,683
5928,5,182
5928,6,18
5929,0,688
5929,1,1933
5929,2,1541
5929,3,894
5929,4,657
5929,5,199
5929,6,17
5930,0,665
5930,1,1982
5930,2,1512
5930,3,893
5930,4,668
5930,5,196
5930,6,14
5931,0,678
5931,1,1962
5931,2,1517
5931,3,885
5931,4,683
5931,5,191
5931,6,15
5932,0,686
5932,1,1967
5932,2,1504
5932,3,897
5932,4,657
5932,5,206
5932,6,14
5932,7,1
5933,0,683
5933,1,1956
5933,2,1522
5933,3,885
5933,4,682
5933,5,189
5933,6,15
5933,7,1
5934,0,701
5934,1,1908
5934,2,1554
5934,3,906
5934,4,656
5934,5,191
5934,6,18
5935,0,679
5935,1,1948
5935,2,1537
5935,3,895
5935,4,663
5935,5,198
5935,6,15
5936,0,691
5936,1,1950
5936,2,1519
5936,3,912
5936,4,644
5936,5,208
5936,6,12
5937,0,690
5937,1,1915
5937,2,1579
5937,3,875
5937,4,668
5937,5,190
5937,6,20
5938,0,692
5938,1,1918
5938,2,1568
5938,3,890
5938,4,660
5938,5,192
5938,6,18
5939,0,661
5939,1,1982
5939,2,1560
5939,3,863
5939,4,638
5939,5,223
5939,6,12
5940,0,669
5940,1,1954
5940,2,1576
5940,3,866
5940,4,659
5940,5,201
5940,6,15
5941,0,697
5941,1,1942
5941,2,1521
5941,3,883
5941,4,689
5941,5,189
5941,6,20
5942,0,698
5942,1,1904
5942,2,1580
5942,3,893
5942,4,662
5942,5,187
5942,6,18
5943,0,692
5943,1,1938
5943,2,1543
5943,3,894
5943,4,661
5943,5,197
5943,6,18
5944,0,682
5944,1,1961
5944,2,1497
5944,3,938
5944,4,668
5944,5,182
5944,6,16
5945,0,672
5945,1,1979
5945,2,1532
5945,3,873
5945,4,679
5945,5,194
5945,6,15
5945,7,1
5946,0,675
5946,1,1967
5946,2,1539
5946,3,901
5946,4,646
5946,5,203
5946,6,15
5947,0,679
5947,1,1976
5947,2,1522
5947,3,865
5947,4,695
5947,5,192
5947,6,18
5948,0,714
5948,1,1896
5948,2,1569
5948,3,892
5948,4,672
5948,5,193
5948,6,12
5949,0,699
5949,1,1915
5949,2,1545
5949,3,919
5949,4,661
5949,5,189
5949,6,21
5950,0,693
5950,1,1941
5950,2,1548
5950,3,914
5950,4,633
5950,5,206
5950,6,14
5950,7,1
5951,0,676
5951,1,1958
5951,2,1562
5951,3,874
5951,4,670
5951,5,197
5951,6,14
5952,0,676
5952,1,1934
5952,2,1578
5952,3,883
5952,4,673
5952,5,188
5952,6,20
5953,0,690
5953,1,1955
5953,2,1545
5953,3,886
5953,4,647
5953,5,216
5953,6,14
5954,0,692
5954,1,1939
5954,2,1565
5954,3,876
5954,4,666
5954,5,200
5954,6,16
5955,0,670
5955,1,1949
5955,2,1596
5955,3,858
5955,4,659
5955,5,208
5955,6,15
5956,0,669
5956,1,1992
5956,2,1530
5956,3,880
5956,4,667
5956,5,205
5956,6,12
5956,7,1
5957,0,686
5957,1,1951
5957,2,1552
5957,3,887
5957,4,674
5957,5,194
5957,6,13
5958,0,693
5958,1,1948
5958,2,1530
5958,3,915
5958,4,648
5958,5,209
5958,6,15
5959,0,674
5959,1,1968
5959,2,1558
5959,3,875
5959,4,677
5959,5,186
5959,6,21
5960,0,708
5960,1,1893
5960,2,1596
5960,3,883
5960,4,661
5960,5,206
5960,6,13
5961,0,693
5961,1,1950
5961,2,1533
5961,3,905
5961,4,675
5961,5,187
5961,6,18
5962,0,698
5962,1,1942
5962,2,1547
5962,3,885
5962,4,678
5962,5,200
5962,6,11
5962,7,1
5963,0,675
5963,1,1969
5963,2,1551
5963,3,904
5963,4,645
5963,5,202
5963,6,17
5964,0,675
5964,1,1976
5964,2,1515
5964,3,919
5964,4,661
5964,5,206
5964,6,11
5964,7,1
5965,0,675
5965,1,1962
5965,2,1591
5965,3,872
5965,4,638
5965,5,213
5965,6,14
5966,0,680
5966,1,1967
5966,2,1544
5966,3,881
5966,4,681
5966,5,197
5966,6,16
5967,0,689
5967,1,1948
5967,2,1562
5967,3,890
5967,4,668
5967,5,192
5967,6,18
5968,0,675
5968,1,1976
5968,2,1544
5968,3,882
5968,4,680
5968,5,194
5968,6,17
5969,0,701
5969,1,1934
5969,2,1547
5969,3,914
5969,4,666
5969,5,189
5969,6,18
5970,0,708
5970,1,1905
5970,2,1587
5970,3,896
5970,4,667
5970,5,190
5970,6,17
5971,0,679
5971,1,1968
5971,2,1550
5971,3,899
5971,4,646
5971,5,217
5971,6,12
5972,0,688
5972,1,1920
5972,2,1600
5972,3,883
5972,4,667
5972,5,200
5972,6,13
5972,7,1
5973,0,684
5973,1,1982
5973,2,1532
5973,3,887
5973,4,668
5973,5,206
5973,6,13
5973,7,1
5974,0,685
5974,1,1939
5974,2,1602
5974,3,875
5974,4,659
5974,5,196
5974,6,18
5975,0,655
5975,1,2020
5975,2,1538
5975,3,882
5975,4,663
5975,5,203
5975,6,14
5976,0,688
5976,1,1966
5976,2,1544
5976,3,884
5976,4,678
5976,5,201
5976,6,15
5977,0,698
5977,1,1939
5977,2,1575
5977,3,863
5977,4,687
5977,5,199
5977,6,16
5978,0,719
5978,1,1893
5978,2,1607
5978,3,864
5978,4,676
5978,5,204
5978,6,15
5979,0,675
5979,1,1984
5979,2,1543
5979,3,900
5979,4,668
5979,5,192
5979,6,16
5979,7,1
5980,0,688
5980,1,1958
5980,2,1527
5980,3,932
5980,4,660
5980,5,199
5980,6,16
5981,0,705
5981,1,1960
5981,2,1522
5981,3,897
5981,4,690
5981,5,191
5981,6,16
5982,0,712
5982,1,1906
5982,2,1601
5982,3,885
5982,4,669
5982,5,190
5982,6,19
5983,0,663
5983,1,1977
5983,2,1579
5983,3,893
5983,4,653
5983,5,198
5983,6,20
5984,0,679
5984,1,1974
5984,2,1574
5984,3,868
5984,4,665
5984,5,215
5984,6,9
5985,0,674
5985,1,1971
5985,2,1568
5985,3,892
5985,4,664
5985,5,198
5985,6,18
5986,0,709
5986,1,1949
5986,2,1524
5986,3,914
5986,4,677
5986,5,197
5986,6,15
5986,7,1
5987,0,692
5987,1,1963
5987,2,1564
5987,3,883
5987,4,662
5987,5,208
5987,6,15
5988,0,662
5988,1,2004
5988,2,1540
5988,3,902
5988,4,670
5988,5,191
5988,6,19
5989,0,686
5989,1,1969
5989,2,1538
5989,3,917
5989,4,662
5989,5,200
5989,6,17
5990,0,675
5990,1,1988
5990,2,1579
5990,3,847
5990,4,690
5990,5,198
5990,6,12
5990,7,1
5991,0,664
5991,1,1985
5991,2,1575
5991,3,885
5991,4,667
5991,5,199
5991,6,16
5992,0,698
5992,1,1931
5992,2,1603
5992,3,866
5992,4,677
5992,5,203
5992,6,13
5992,7,1
5993,0,698
5993,1,1953
5993,2,1554
5993,3,916
5993,4,648
5993,5,208
5993,6,16
5994,0,685
5994,1,1968
5994,2,1547
5994,3,916
5994,4,666
5994,5,197
5994,6,15
5995,0,688
5995,1,1961
5995,2,1582
5995,3,868
5995,4,673
5995,5,209
5995,6,14
5996,0,687
5996,1,1993
5996,2,1549
5996,3,870
5996,4,668
5996,5,217
5996,6,12
5997,0,679
5997,1,1961
5997,2,1579
5997,3,908
5997,4,656
5997,5,196
5997,6,18
5998,0,689
5998,1,1972
5998,2,1551
5998,3,897
5998,4,674
5998,5,196
5998,6,19
5999,0,723
5999,1,1900
5999,2,1570
5999,3,943
5999,4,653
5999,5,195
5999,6,14
5999,7,1
6000,0,698
6000,1,1938
6000,2,1576
6000,3,903
6000,4,670
6000,5,202
6000,6,12
6000,7,1
6001,0,715
6001,1,1919
6001,2,1581
6001,3,907
6001,4,652
6001,5,212
6001,6,15
6002,0,688
6002,1,1986
6002,2,1531
6002,3,909
6002,4,666
6002,5,209
6002,6,13
6003,0,675
6003,1,1983
6003,2,1593
6003,3,855
6003,4,682
6003,5,194
6003,6,21
6004,0,674
6004,1,1988
6004,2,1570
6004,3,902
6004,4,636
6004,5,224
6004,6,9
6004,7,1
6005,0,670
6005,1,1997
6005,2,1574
6005,3,862
6005,4,678
6005,5,213
6005,6,10
6005,7,1
6006,0,707
6006,1,1920
6006,2,1603
6006,3,906
6006,4,651
6006,5,204
6006,6,15
6007,0,706
6007,1,1939
6007,2,1577
6007,3,895
6007,4,666
6007,5,206
6007,6,18
6008,0,708
6008,1,1920
6008,2,1594
6008,3,913
6008,4,672
6008,5,185
6008,6,16
6009,0,674
6009,1,1991
6009,2,1557
6009,3,911
6009,4,663
6009,5,192
6009,6,21
6010,0,702
6010,1,1955
6010,2,1566
6010,3,876
6010,4,699
6010,5,197
6010,6,15
6011,0,674
6011,1,1994
6011,2,1549
6011,3,911
6011,4,668
6011,5,199
6011,6,15
6011,7,1
6012,0,695
6012,1,1950
6012,2,1572
6012,3,922
6012,4,657
6012,5,200
6012,6,16
6013,0,665
6013,1,2005
6013,2,1587
6013,3,877
6013,4,653
6013,5,212
6013,6,14
6014,0,703
6014,1,1956
6014,2,1561
6014,3,893
6014,4,689
6014,5,196
6014,6,16
6015,0,666
6015,1,2029
6015,2,1527
6015,3,892
6015,4,682
6015,5,209
6015,6,9
6015,7,1
6016,0,686
6016,1,1995
6016,2,1555
6016,3,883
6016,4,662
6016,5,221
6016,6,14
6017,0,693
6017,1,1946
6017,2,1598
6017,3,907
6017,4,662
6017,5,192
6017,6,18
6017,7,1
6018,0,700
6018,1,1977
6018,2,1563
6018,3,872
6018,4,690
6018,5,199
6018,6,17
6019,0,685
6019,1,1974
6019,2,1554
6019,3,911
6019,4,685
6019,5,193
6019,6,16
6019,7,1
6020,0,704
6020,1,1952
6020,2,1577
6020,3,896
6020,4,687
6020,5,186
6020,6,18
6021,0,727
6021,1,1895
6021,2,1633
6021,3,884
6021,4,654
6021,5,213
6021,6,15
6022,0,674
6022,1,1993
6022,2,1556
6022,3,930
6022,4,642
6022,5,213
6022,6,14
6023,0,730
6023,1,1886
6023,2,1632
6023,3,886
6023,4,663
6023,5,208
6023,6,18
6024,0,695
6024,1,1949
6024,2,1600
6024,3,890
6024,4,679
6024,5,196
6024,6,15
6025,0,673
6025,1,2010
6025,2,1557
6025,3,900
6025,4,668
6025,5,201
6025,6,16
6026,0,693
6026,1,1985
6026,2,1548
6026,3,905
6026,4,676
6026,5,203
6026,6,15
6026,7,1
6027,0,737
6027,1,1911
6027,2,1549
6027,3,938
6027,4,689
6027,5,184
6027,6,19
6028,0,695
6028,1,1958
6028,2,1596
6028,3,899
6028,4,655
6028,5,207
6028,6,18
6029,0,686
6029,1,1975
6029,2,1590
6029,3,898
6029,4,660
6029,5,205
6029,6,15
6030,0,711
6030,1,1953
6030,2,1552
6030,3,924
6030,4,679
6030,5,196
6030,6,15
6031,0,669
6031,1,2018
6031,2,1566
6031,3,876
6031,4,671
6031,5,219
6031,6,12
6032,0,672
6032,1,2000
6032,2,1587
6032,3,887
6032,4,658
6032,5,218
6032,6,8
6032,7,2
6033,0,700
6033,1,1967
6033,2,1559
6033,3,927
6033,4,667
6033,5,195
6033,6,17
6033,7,1
6034,0,659
6034,1,2054
6034,2,1525
6034,3,883
6034,4,699
6034,5,202
6034,6,12
6035,0,705
6035,1,1976
6035,2,1547
6035,3,904
6035,4,691
6035,5,196
6035,6,16
6036,0,687
6036,1,1979
6036,2,1578
6036,3,914
6036,4,647
6036,5,212
6036,6,19
6037,0,698
6037,1,2002
6037,2,1539
6037,3,877
6037,4,710
6037,5,195
6037,6,16
6038,0,708
6038,1,1944
6038,2,1575
6038,3,926
6038,4,680
6038,5,186
6038,6,19
6039,0,705
6039,1,1925
6039,2,1637
6039,3,893
6039,4,652
6039,5,210
6039,6,17
6040,0,708
6040,1,1962
6040,2,1570
6040,3,904
6040,4,677
6040,5,203
6040,6,16
6041,0,675
6041,1,1979
6041,2,1608
6041,3,909
6041,4,648
6041,5,206
6041,6,16
6042,0,710
6042,1,1951
6042,2,1587
6042,3,898
6042,4,679
6042,5,200
6042,6,17
6043,0,672
6043,1,2008
6043,2,1577
6043,3,884
6043,4,675
6043,5,210
6043,6,17
6044,0,693
6044,1,1990
6044,2,1577
6044,3,897
6044,4,672
6044,5,201
6044,6,14
6045,0,708
6045,1,1953
6045,2,1576
6045,3,920
6045,4,662
6045,5,206
6045,6,20
6046,0,669
6046,1,2018
6046,2,1575
6046,3,882
6046,4,698
6046,5,185
6046,6,19
6047,0,690
6047,1,1988
6047,2,1569
6047,3,902
6047,4,686
6047,5,196
6047,6,16
6048,0,728
6048,1,1908
6048,2,1608
6048,3,920
6048,4,664
6048,5,202
6048,6,18
6049,0,702
6049,1,1978
6049,2,1581
6049,3,880
6049,4,699
6049,5,193
6049,6,15
6049,7,1
6050,0,689
6050,1,1994
6050,2,1564
6050,3,901
6050,4,676
6050,5,214
6050,6,12
6051,0,690
6051,1,1989
6051,2,1578
6051,3,894
6051,4,675
6051,5,205
6051,6,20
6052,0,670
6052,1,2013
6052,2,1582
6052,3,900
6052,4,673
6052,5,196
6052,6,17
6052,7,1
6053,0,700
6053,1,1973
6053,2,1556
6053,3,936
6053,4,672
6053,5,207
6053,6,9
6054,0,716
6054,1,1952
6054,2,1583
6054,3,900
6054,4,683
6054,5,204
6054,6,15
6054,7,1
6055,0,670
6055,1,2032
6055,2,1574
6055,3,881
6055,4,669
6055,5,214
6055,6,15
6056,0,664
6056,1,2040
6056,2,1552
6056,3,887
6056,4,699
6056,5,194
6056,6,20
6057,0,710
6057,1,1967
6057,2,1575
6057,3,916
6057,4,672
6057,5,203
6057,6,14
6058,0,677
6058,1,2014
6058,2,1571
6058,3,903
6058,4,666
6058,5,211
6058,6,16
6059,0,681
6059,1,1985
6059,2,1595
6059,3,915
6059,4,667
6059,5,202
6059,6,13
6059,7,1
6060,0,697
6060,1,1976
6060,2,1617
6060,3,869
6060,4,669
6060,5,214
6060,6,18
6061,0,686
6061,1,1983
6061,2,1616
6061,3,894
6061,4,645
6061,5,223
6061,6,14
6062,0,738
6062,1,1938
6062,2,1545
6062,3,931
6062,4,693
6062,5,205
6062,6,12
6063,0,706
6063,1,1946
6063,2,1613
6063,3,918
6063,4,660
6063,5,205
6063,6,14
6063,7,1
6064,0,702
6064,1,1988
6064,2,1554
6064,3,921
6064,4,677
6064,5,208
6064,6,14
6065,0,674
6065,1,2011
6065,2,1599
6065,3,877
6065,4,686
6065,5,201
6065,6,17
6066,0,705
6066,1,1953
6066,2,1639
6066,3,885
6066,4,649
6066,5,219
6066,6,15
6066,7,1
6067,0,725
6067,1,1963
6067,2,1535
6067,3,912
6067,4,733
6067,5,181
6067,6,18
6068,0,650
6068,1,2059
6068,2,1560
6068,3,921
6068,4,667
6068,5,194
6068,6,17
6069,0,689
6069,1,2014
6069,2,1566
6069,3,893
6069,4,687
6069,5,203
6069,6,17
6070,0,708
6070,1,1976
6070,2,1570
6070,3,921
6070,4,667
6070,5,213
6070,6,14
6070,7,1
6071,0,695
6071,1,2004
6071,2,1546
6071,3,937
6071,4,678
6071,5,195
6071,6,16
6072,0,692
6072,1,1988
6072,2,1622
6072,3,838
6072,4,705
6072,5,210
6072,6,17
6073,0,659
6073,1,2041
6073,2,1586
6073,3,907
6073,4,659
6073,5,206
6073,6,15
6074,0,668
6074,1,2040
6074,2,1550
6074,3,912
6074,4,681
6074,5,205
6074,6,18
6075,0,665
6075,1,2036
6075,2,1600
6075,3,868
6075,4,679
6075,5,216
6075,6,10
6075,7,1
6076,0,711
6076,1,1970
6076,2,1587
6076,3,907
6076,4,681
6076,5,204
6076,6,15
6076,7,1
6077,0,710
6077,1,1980
6077,2,1554
6077,3,930
6077,4,699
6077,5,183
6077,6,21
6078,0,701
6078,1,1985
6078,2,1584
6078,3,905
6078,4,687
6078,5,203
6078,6,12
6078,7,1
6079,0,686
6079,1,2011
6079,2,1588
6079,3,890
6079,4,677
6079,5,212
6079,6,15
6080,0,726
6080,1,1923
6080,2,1640
6080,3,901
6080,4,671
6080,5,200
6080,6,19
6081,0,711
6081,1,1947
6081,2,1610
6081,3,901
6081,4,694
6081,5,202
6081,6,16
6082,0,693
6082,1,1986
6082,2,1613
6082,3,896
6082,4,677
6082,5,198
6082,6,19
6083,0,714
6083,1,1978
6083,2,1571
6083,3,921
6083,4,680
6083,5,207
6083,6,11
6083,7,1
6084,0,687
6084,1,1997
6084,2,1585
6084,3,922
6084,4,677
6084,5,200
6084,6,16
6085,0,713
6085,1,1976
6085,2,1553
6085,3,949
6085,4,667
6085,5,208
6085,6,19
6086,0,701
6086,1,1976
6086,2,1640
6086,3,875
6086,4,670
6086,5,206
6086,6,18
6087,0,702
6087,1,1974
6087,2,1589
6087,3,922
6087,4,684
6087,5,200
6087,6,16
6088,0,682
6088,1,2018
6088,2,1577
6088,3,914
6088,4,665
6088,5,219
6088,6,13
6089,0,692
6089,1,2005
6089,2,1583
6089,3,905
6089,4,683
6089,5,204
6089,6,17
6090,0,725
6090,1,1965
6090,2,1594
6090,3,879
6090,4,704
6090,5,206
6090,6,17
6091,0,730
6091,1,1960
6091,2,1569
6091,3,929
6091,4,682
6091,5,206
6091,6,15
6092,0,730
6092,1,1932
6092,2,1596
6092,3,942
6092,4,690
6092,5,181
6092,6,21
6093,0,713
6093,1,1975
6093,2,1582
6093,3,908
6093,4,696
6093,5,202
6093,6,16
6093,7,1
6094,0,707
6094,1,2002
6094,2,1555
6094,3,916
6094,4,701
6094,5,196
6094,6,17
6095,0,682
6095,1,2011
6095,2,1611
6095,3,898
6095,4,666
6095,5,210
6095,6,17
6096,0,698
6096,1,1989
6096,2,1587
6096,3,932
6096,4,666
6096,5,207
6096,6,17
6097,0,703
6097,1,1971
6097,2,1609
6097,3,925
6097,4,667
6097,5,206
6097,6,15
6097,7,1
6098,0,694
6098,1,1980
6098,2,1605
6098,3,942
6098,4,657
6098,5,203
6098,6,17
6099,0,704
6099,1,1991
6099,2,1593
6099,3,913
6099,4,672
6099,5,208
6099,6,18
6100,0,688
6100,1,2019
6100,2,1581
6100,3,902
6100,4,688
6100,5,205
6100,6,16
6100,7,1
6101,0,684
6101,1,2054
6101,2,1529
6101,3,911
6101,4,708
6101,5,201
6101,6,14
6102,0,703
6102,1,2004
6102,2,1600
6102,3,879
6102,4,687
6102,5,213
6102,6,16
6103,0,670
6103,1,2037
6103,2,1598
6103,3,898
6103,4,680
6103,5,200
6103,6,20
6104,0,698
6104,1,2011
6104,2,1563
6104,3,917
6104,4,698
6104,5,204
6104,6,13
6105,0,713
6105,1,1990
6105,2,1562
6105,3,948
6105,4,670
6105,5,203
6105,6,19
6106,0,683
6106,1,2029
6106,2,1597
6106,3,884
6106,4,696
6106,5,198
6106,6,19
6107,0,695
6107,1,1990
6107,2,1621
6107,3,896
6107,4,690
6107,5,198
6107,6,17
6108,0,705
6108,1,1978
6108,2,1618
6108,3,893
6108,4,688
6108,5,211
6108,6,15
6109,0,696
6109,1,1979
6109,2,1640
6109,3,912
6109,4,650
6109,5,220
6109,6,11
6109,7,1
6110,0,702
6110,1,2012
6110,2,1570
6110,3,901
6110,4,702
6110,5,211
6110,6,12
6111,0,716
6111,1,1980
6111,2,1595
6111,3,911
6111,4,689
6111,5,201
6111,6,19
6112,0,701
6112,1,1976
6112,2,1632
6112,3,910
6112,4,673
6112,5,200
6112,6,20
6113,0,690
6113,1,2019
6113,2,1579
6113,3,921
6113,4,675
6113,5,213
6113,6,15
6113,7,1
6114,0,731
6114,1,1946
6114,2,1613
6114,3,912
6114,4,696
6114,5,201
6114,6,15
6115,0,710
6115,1,1981
6115,2,1584
6115,3,947
6115,4,684
6115,5,189
6115,6,19
6115,7,1
6116,0,697
6116,1,1994
6116,2,1600
6116,3,931
6116,4,665
6116,5,216
6116,6,13
6117,0,683
6117,1,2062
6117,2,1575
6117,3,868
6117,4,700
6117,5,217
6117,6,12
6118,0,679
6118,1,2024
6118,2,1622
6118,3,889
6118,4,677
6118,5,209
6118,6,18
6119,0,689
6119,1,2037
6119,2,1555
6119,3,937
6119,4,675
6119,5,210
6119,6,16
6120,0,707
6120,1,1949
6120,2,1668
6120,3,909
6120,4,659
6120,5,209
6120,6,19
6121,0,718
6121,1,1958
6121,2,1644
6121,3,874
6121,4,704
6121,5,206
6121,6,17
6122,0,719
6122,1,1951
6122,2,1655
6122,3,905
6122,4,667
6122,5,208
6122,6,16
6122,7,1
6123,0,710
6123,1,1970
6123,2,1622
6123,3,919
6123,4,681
6123,5,202
6123,6,19
6124,0,725
6124,1,1965
6124,2,1610
6124,3,914
6124,4,695
6124,5,196
6124,6,19
6125,0,687
6125,1,2055
6125,2,1545
6125,3,935
6125,4,666
6125,5,226
6125,6,11
6126,0,728
6126,1,1956
6126,2,1601
6126,3,930
6126,4,704
6126,5,187
6126,6,20
6127,0,716
6127,1,1992
6127,2,1585
6127,3,917
6127,4,698
6127,5,206
6127,6,12
6127,7,1
6128,0,678
6128,1,2043
6128,2,1577
6128,3,940
6128,4,673
6128,5,199
6128,6,17
6128,7,1
6129,0,684
6129,1,2056
6129,2,1570
6129,3,912
6129,4,676
6129,5,214
6129,6,17
6130,0,680
6130,1,2033
6130,2,1586
6130,3,924
6130,4,682
6130,5,210
6130,6,15
6131,0,721
6131,1,1943
6131,2,1674
6131,3,884
6131,4,695
6131,5,197
6131,6,17
6132,0,703
6132,1,2005
6132,2,1591
6132,3,937
6132,4,674
6132,5,200
6132,6,22
6133,0,716
6133,1,1972
6133,2,1611
6133,3,927
6133,4,679
6133,5,213
6133,6,15
6134,0,696
6134,1,2042
6134,2,1559
6134,3,917
6134,4,695
6134,5,211
6134,6,14
6135,0,716
6135,1,1985
6135,2,1599
6135,3,931
6135,4,679
6135,5,210
6135,6,14
6135,7,1
6136,0,697
6136,1,2042
6136,2,1576
6136,3,887
6136,4,721
6136,5,193
6136,6,20
6137,0,738
6137,1,1963
6137,2,1585
6137,3,945
6137,4,692
6137,5,194
6137,6,20
6138,0,660
6138,1,2061
6138,2,1608
6138,3,912
6138,4,666
6138,5,214
6138,6,16
6138,7,1
6139,0,712
6139,1,1969
6139,2,1622
6139,3,927
6139,4,698
6139,5,195
6139,6,16
6140,0,704
6140,1,2022
6140,2,1571
6140,3,951
6140,4,664
6140,5,212
6140,6,16
6141,0,711
6141,1,1993
6141,2,1616
6141,3,906
6141,4,692
6141,5,206
6141,6,17
6142,0,709
6142,1,2002
6142,2,1591
6142,3,923
6142,4,697
6142,5,197
6142,6,23
6143,0,717
6143,1,1984
6143,2,1620
6143,3,916
6143,4,691
6143,5,203
6143,6,12
6144,0,678
6144,1,2058
6144,2,1578
6144,3,908
6144,4,701
6144,5,202
6144,6,19
6145,0,706
6145,1,2003
6145,2,1617
6145,3,902
6145,4,693
6145,5,205
6145,6,19
6146,0,704
6146,1,2004
6146,2,1616
6146,3,908
6146,4,692
6146,5,205
6146,6,17
6147,0,701
6147,1,2017
6147,2,1587
6147,3,932
6147,4,689
6147,5,204
6147,6,16
6147,7,1
6148,0,677
6148,1,2064
6148,2,1601
6148,3,888
6148,4,687
6148,5,219
6148,6,12
6149,0,699
6149,1,2039
6149,2,1578
6149,3,914
6149,4,687
6149,5,215
6149,6,17
6150,0,718
6150,1,1978
6150,2,1613
6150,3,922
6150,4,700
6150,5,200
6150,6,19
6151,0,718
6151,1,1977
6151,2,1628
6151,3,935
6151,4,672
6151,5,207
6151,6,13
6151,7,1
6152,0,702
6152,1,2043
6152,2,1564
6152,3,923
6152,4,689
6152,5,214
6152,6,17
6153,0,686
6153,1,2019
6153,2,1635
6153,3,899
6153,4,699
6153,5,197
6153,6,18
6154,0,696
6154,1,2038
6154,2,1608
6154,3,886
6154,4,687
6154,5,226
6154,6,13
6155,0,698
6155,1,2015
6155,2,1609
6155,3,944
6155,4,667
6155,5,204
6155,6,17
6155,7,1
6156,0,723
6156,1,1984
6156,2,1585
6156,3,944
6156,4,700
6156,5,205
6156,6,15
6157,0,695
6157,1,2004
6157,2,1641
6157,3,925
6157,4,671
6157,5,202
6157,6,19
6158,0,718
6158,1,1987
6158,2,1627
6158,3,904
6158,4,715
6158,5,183
6158,6,24
6159,0,689
6159,1,2068
6159,2,1581
6159,3,886
6159,4,692
6159,5,232
6159,6,11
6160,0,705
6160,1,2016
6160,2,1616
6160,3,912
6160,4,674
6160,5,222
6160,6,15
6161,0,715
6161,1,1988
6161,2,1628
6161,3,923
6161,4,690
6161,5,199
6161,6,18
6162,0,691
6162,1,2009
6162,2,1635
6162,3,927
6162,4,685
6162,5,196
6162,6,19
6163,0,697
6163,1,2055
6163,2,1570
6163,3,894
6163,4,729
6163,5,197
6163,6,21
6164,0,704
6164,1,2019
6164,2,1591
6164,3,938
6164,4,685
6164,5,215
6164,6,11
6164,7,1
6165,0,725
6165,1,1991
6165,2,1632
6165,3,898
6165,4,687
6165,5,216
6165,6,16
6166,0,684
6166,1,2050
6166,2,1612
6166,3,903
6166,4,682
6166,5,218
6166,6,17
6167,0,711
6167,1,2007
6167,2,1591
6167,3,967
6167,4,662
6167,5,212
6167,6,16
6167,7,1
6168,0,734
6168,1,1976
6168,2,1633
6168,3,889
6168,4,725
6168,5,195
6168,6,16
6169,0,713
6169,1,1995
6169,2,1586
6169,3,985
6169,4,677
6169,5,196
6169,6,16
6169,7,1
6170,0,739
6170,1,1939
6170,2,1663
6170,3,914
6170,4,686
6170,5,213
6170,6,16
6171,0,686
6171,1,2059
6171,2,1587
6171,3,916
6171,4,697
6171,5,210
6171,6,15
6171,7,1
6172,0,716
6172,1,2013
6172,2,1620
6172,3,890
6172,4,716
6172,5,200
6172,6,17
6173,0,711
6173,1,1997
6173,2,1606
6173,3,967
6173,4,664
6173,5,213
6173,6,15
6174,0,706
6174,1,2022
6174,2,1625
6174,3,902
6174,4,698
6174,5,205
6174,6,15
6174,7,1
6175,0,707
6175,1,2049
6175,2,1553
6175,3,948
6175,4,693
6175,5,209
6175,6,16
6176,0,709
6176,1,2023
6176,2,1600
6176,3,916
6176,4,704
6176,5,209
6176,6,14
6176,7,1
6177,0,701
6177,1,1995
6177,2,1667
6177,3,907
6177,4,688
6177,5,201
6177,6,17
6177,7,1
6178,0,735
6178,1,1997
6178,2,1571
6178,3,964
6178,4,682
6178,5,211
6178,6,18
6179,0,727
6179,1,1976
6179,2,1635
6179,3,912
6179,4,707
6179,5,205
6179,6,17
6180,0,702
6180,1,2024
6180,2,1632
6180,3,908
6180,4,685
6180,5,213
6180,6,16
6181,0,711
6181,1,2024
6181,2,1582
6181,3,952
6181,4,702
6181,5,190
6181,6,20
6182,0,716
6182,1,2022
6182,2,1622
6182,3,899
6182,4,676
6182,5,234
6182,6,13
6183,0,695
6183,1,2030
6183,2,1595
6183,3,959
6183,4,676
6183,5,209
6183,6,19
6184,0,717
6184,1,2003
6184,2,1639
6184,3,915
6184,4,678
6184,5,217
6184,6,15
6185,0,726
6185,1,1973
6185,2,1632
6185,3,948
6185,4,684
6185,5,204
6185,6,18
6186,0,710
6186,1,2025
6186,2,1620
6186,3,919
6186,4,678
6186,5,217
6186,6,17
6187,0,727
6187,1,1988
6187,2,1620
6187,3,934
6187,4,699
6187,5,201
6187,6,18
6188,0,730
6188,1,1963
6188,2,1666
6188,3,911
6188,4,692
6188,5,209
6188,6,17
6189,0,696
6189,1,2020
6189,2,1662
6189,3,908
6189,4,658
6189,5,229
6189,6,16
6190,0,730
6190,1,1986
6190,2,1634
6190,3,920
6190,4,687
6190,5,215
6190,6,18
6191,0,700
6191,1,2070
6191,2,1563
6191,3,930
6191,4,710
6191,5,203
6191,6,14
6191,7,1
6192,0,694
6192,1,2026
6192,2,1634
6192,3,928
6192,4,691
6192,5,201
6192,6,18
6193,0,690
6193,1,2063
6193,2,1593
6193,3,918
6193,4,698
6193,5,213
6193,6,17
6193,7,1
6194,0,736
6194,1,1972
6194,2,1646
6194,3,932
6194,4,688
6194,5,205
6194,6,15
6195,0,697
6195,1,2050
6195,2,1609
6195,3,906
6195,4,704
6195,5,211
6195,6,18
6196,0,704
6196,1,2054
6196,2,1613
6196,3,893
6196,4,702
6196,5,212
6196,6,18
6197,0,698
6197,1,2019
6197,2,1625
6197,3,948
6197,4,693
6197,5,193
6197,6,21
6198,0,732
6198,1,1989
6198,2,1635
6198,3,915
6198,4,689
6198,5,229
6198,6,7
6198,7,2
6199,0,707
6199,1,2011
6199,2,1635
6199,3,940
6199,4,694
6199,5,196
6199,6,15
6199,7,1
6200,0,720
6200,1,2025
6200,2,1618
6200,3,894
6200,4,707
6200,5,225
6200,6,11
6201,0,705
6201,1,2026
6201,2,1621
6201,3,923
6201,4,707
6201,5,199
6201,6,20
6202,0,708
6202,1,2018
6202,2,1658
6202,3,903
6202,4,687
6202,5,210
6202,6,18
6203,0,708
6203,1,2044
6203,2,1587
6203,3,913
6203,4,720
6203,5,218
6203,6,13
6204,0,711
6204,1,2027
6204,2,1645
6204,3,914
6204,4,675
6204,5,215
6204,6,17
6205,0,738
6205,1,1965
6205,2,1625
6205,3,974
6205,4,677
6205,5,211
6205,6,14
6205,7,1
6206,0,705
6206,1,2047
6206,2,1599
6206,3,926
6206,4,710
6206,5,199
6206,6,20
6207,0,694
6207,1,2058
6207,2,1640
6207,3,878
6207,4,718
6207,5,202
6207,6,17
6208,0,702
6208,1,2074
6208,2,1560
6208,3,925
6208,4,715
6208,5,219
6208,6,12
6208,7,1
6209,0,698
6209,1,2041
6209,2,1632
6209,3,909
6209,4,708
6209,5,203
6209,6,18
6210,0,695
6210,1,2026
6210,2,1648
6210,3,950
6210,4,668
6210,5,204
6210,6,19
6211,0,712
6211,1,2032
6211,2,1637
6211,3,883
6211,4,722
6211,5,208
6211,6,17
6212,0,722
6212,1,1997
6212,2,1623
6212,3,975
6212,4,651
6212,5,226
6212,6,18
6213,0,693
6213,1,2074
6213,2,1606
6213,3,919
6213,4,698
6213,5,203
6213,6,20
6214,0,715
6214,1,2039
6214,2,1609
6214,3,917
6214,4,704
6214,5,216
6214,6,14
6215,0,696
6215,1,2057
6215,2,1625
6215,3,917
6215,4,685
6215,5,220
6215,6,14
6215,7,1
6216,0,720
6216,1,2000
6216,2,1631
6216,3,948
6216,4,682
6216,5,222
6216,6,13
6217,0,708
6217,1,2010
6217,2,1667
6217,3,933
6217,4,673
6217,5,205
6217,6,21
6218,0,701
6218,1,2039
6218,2,1621
6218,3,932
6218,4,697
6218,5,213
6218,6,15
6219,0,723
6219,1,2021
6219,2,1634
6219,3,910
6219,4,697
6219,5,218
6219,6,16
6220,0,717
6220,1,1991
6220,2,1670
6220,3,948
6220,4,665
6220,5,210
6220,6,18
6220,7,1
6221,0,742
6221,1,1968
6221,2,1655
6221,3,933
6221,4,693
6221,5,215
6221,6,14
6221,7,1
6222,0,718
6222,1,1993
6222,2,1680
6222,3,911
6222,4,700
6222,5,199
6222,6,21
6223,0,717
6223,1,2047
6223,2,1574
6223,3,941
6223,4,726
6223,5,198
6223,6,20
6224,0,727
6224,1,2012
6224,2,1621
6224,3,943
6224,4,695
6224,5,212
6224,6,14
6225,0,710
6225,1,2044
6225,2,1616
6225,3,926
6225,4,689
6225,5,222
6225,6,17
6225,7,1
6226,0,723
6226,1,2022
6226,2,1606
6226,3,969
6226,4,681
6226,5,209
6226,6,16
6227,0,711
6227,1,2023
6227,2,1632
6227,3,946
6227,4,693
6227,5,205
6227,6,17
6228,0,737
6228,1,1962
6228,2,1705
6228,3,901
6228,4,682
6228,5,226
6228,6,15
6229,0,702
6229,1,2052
6229,2,1638
6229,3,900
6229,4,717
6229,5,201
6229,6,19
6230,0,715
6230,1,2035
6230,2,1629
6230,3,912
6230,4,707
6230,5,220
6230,6,11
6230,7,1
6231,0,704
6231,1,2015
6231,2,1664
6231,3,941
6231,4,681
6231,5,208
6231,6,18
6232,0,737
6232,1,1982
6232,2,1659
6232,3,925
6232,4,702
6232,5,207
6232,6,20
6233,0,732
6233,1,2028
6233,2,1600
6233,3,942
6233,4,703
6233,5,213
6233,6,15
6234,0,708
6234,1,2032
6234,2,1624
6234,3,955
6234,4,692
6234,5,209
6234,6,14
6235,0,726
6235,1,1991
6235,2,1673
6235,3,937
6235,4,671
6235,5,218
6235,6,19
6236,0,713
6236,1,2042
6236,2,1633
6236,3,915
6236,4,698
6236,5,220
6236,6,15
6237,0,707
6237,1,2058
6237,2,1624
6237,3,919
6237,4,696
6237,5,216
6237,6,16
6237,7,1
6238,0,722
6238,1,2003
6238,2,1650
6238,3,953
6238,4,679
6238,5,214
6238,6,17
6239,0,736
6239,1,1986
6239,2,1661
6239,3,937
6239,4,684
6239,5,219
6239,6,16
6240,0,721
6240,1,1987
6240,2,1701
6240,3,926
6240,4,677
6240,5,208
6240,6,20
6241,0,701
6241,1,2050
6241,2,1637
6241,3,908
6241,4,714
6241,5,214
6241,6,16
6241,7,1
6242,0,686
6242,1,2103
6242,2,1607
6242,3,921
6242,4,690
6242,5,217
6242,6,18
6243,0,713
6243,1,2041
6243,2,1624
6243,3,926
6243,4,713
6243,5,210
6243,6,16
6244,0,707
6244,1,2070
6244,2,1623
6244,3,905
6244,4,701
6244,5,225
6244,6,13
6245,0,714
6245,1,2032
6245,2,1647
6245,3,925
6245,4,693
6245,5,218
6245,6,16
6246,0,713
6246,1,2038
6246,2,1641
6246,3,931
6246,4,680
6246,5,228
6246,6,14
6246,7,1
6247,0,702
6247,1,2066
6247,2,1635
6247,3,921
6247,4,690
6247,5,219
6247,6,14
6248,0,729
6248,1,2009
6248,2,1635
6248,3,932
6248,4,728
6248,5,196
6248,6,19
6249,0,702
6249,1,2085
6249,2,1561
6249,3,981
6249,4,699
6249,5,204
6249,6,17
6250,0,711
6250,1,2052
6250,2,1649
6250,3,907
6250,4,696
6250,5,217
6250,6,18
6251,0,727
6251,1,2020
6251,2,1635
6251,3,936
6251,4,704
6251,5,211
6251,6,17
6251,7,1
6252,0,721
6252,1,2017
6252,2,1645
6252,3,945
6252,4,698
6252,5,211
6252,6,15
6253,0,701
6253,1,2048
6253,2,1666
6253,3,904
6253,4,714
6253,5,199
6253,6,21
6254,0,734
6254,1,2038
6254,2,1607
6254,3,922
6254,4,723
6254,5,216
6254,6,14
6255,0,713
6255,1,2021
6255,2,1659
6255,3,963
6255,4,669
6255,5,210
6255,6,19
6255,7,1
6256,0,723
6256,1,2039
6256,2,1605
6256,3,968
6256,4,693
6256,5,214
6256,6,13
6256,7,1
6257,0,728
6257,1,2024
6257,2,1638
6257,3,930
6257,4,701
6257,5,217
6257,6,19
6258,0,700
6258,1,2052
6258,2,1642
6258,3,956
6258,4,681
6258,5,209
6258,6,18
6259,0,722
6259,1,2034
6259,2,1643
6259,3,933
6259,4,696
6259,5,214
6259,6,17
6260,0,691
6260,1,2049
6260,2,1676
6260,3,934
6260,4,667
6260,5,228
6260,6,15
6261,0,716
6261,1,2035
6261,2,1671
6261,3,901
6261,4,701
6261,5,218
6261,6,19
6262,0,733
6262,1,2018
6262,2,1640
6262,3,935
6262,4,705
6262,5,212
6262,6,19
6263,0,732
6263,1,2042
6263,2,1617
6263,3,929
6263,4,716
6263,5,211
6263,6,16
6264,0,731
6264,1,1993
6264,2,1672
6264,3,957
6264,4,682
6264,5,215
6264,6,13
6264,7,1
6265,0,685
6265,1,2094
6265,2,1641
6265,3,907
6265,4,694
6265,5,227
6265,6,17
6266,0,702
6266,1,2057
6266,2,1637
6266,3,969
6266,4,667
6266,5,215
6266,6,19
6267,0,773
6267,1,1964
6267,2,1606
6267,3,1005
6267,4,705
6267,5,197
6267,6,17
6268,0,743
6268,1,1991
6268,2,1665
6268,3,934
6268,4,709
6268,5,210
6268,6,15
6268,7,1
6269,0,737
6269,1,2012
6269,2,1651
6269,3,929
6269,4,719
6269,5,202
6269,6,19
6270,0,731
6270,1,2040
6270,2,1617
6270,3,943
6270,4,705
6270,5,215
6270,6,19
6271,0,715
6271,1,2035
6271,2,1647
6271,3,956
6271,4,690
6271,5,211
6271,6,17
6272,0,728
6272,1,2030
6272,2,1660
6272,3,905
6272,4,714
6272,5,222
6272,6,12
6272,7,1
6273,0,715
6273,1,2052
6273,2,1622
6273,3,966
6273,4,685
6273,5,213
6273,6,20
6274,0,690
6274,1,2076
6274,2,1679
6274,3,888
6274,4,699
6274,5,227
6274,6,15
6275,0,723
6275,1,2014
6275,2,1683
6275,3,937
6275,4,692
6275,5,208
6275,6,17
6275,7,1
6276,0,710
6276,1,2051
6276,2,1637
6276,3,955
6276,4,685
6276,5,219
6276,6,19
6277,0,746
6277,1,2000
6277,2,1665
6277,3,916
6277,4,718
6277,5,217
6277,6,15
6278,0,719
6278,1,2081
6278,2,1588
6278,3,932
6278,4,730
6278,5,215
6278,6,12
6278,7,1
6279,0,701
6279,1,2054
6279,2,1655
6279,3,964
6279,4,670
6279,5,217
6279,6,18
6280,0,736
6280,1,2037
6280,2,1641
6280,3,905
6280,4,730
6280,5,217
6280,6,13
6280,7,1
6281,0,705
6281,1,2085
6281,2,1612
6281,3,950
6281,4,706
6281,5,202
6281,6,21
6282,0,711
6282,1,2035
6282,2,1670
6282,3,949
6282,4,681
6282,5,217
6282,6,19
6283,0,747
6283,1,1992
6283,2,1690
6283,3,918
6283,4,713
6283,5,202
6283,6,21
6284,0,711
6284,1,2047
6284,2,1646
6284,3,968
6284,4,681
6284,5,216
6284,6,15
6285,0,738
6285,1,1993
6285,2,1689
6285,3,916
6285,4,728
6285,5,198
6285,6,23
6286,0,731
6286,1,2022
6286,2,1672
6286,3,937
6286,4,678
6286,5,230
6286,6,16
6287,0,688
6287,1,2106
6287,2,1601
6287,3,962
6287,4,692
6287,5,225
6287,6,13
6288,0,742
6288,1,2021
6288,2,1661
6288,3,914
6288,4,725
6288,5,204
6288,6,21
6289,0,703
6289,1,2092
6289,2,1605
6289,3,961
6289,4,691
6289,5,224
6289,6,13
6290,0,714
6290,1,2068
6290,2,1611
6290,3,965
6290,4,704
6290,5,209
6290,6,18
6290,7,1
6291,0,728
6291,1,2048
6291,2,1645
6291,3,931
6291,4,709
6291,5,215
6291,6,15
6292,0,718
6292,1,2038
6292,2,1669
6292,3,934
6292,4,708
6292,5,205
6292,6,20
6293,0,756
6293,1,1998
6293,2,1641
6293,3,979
6293,4,678
6293,5,226
6293,6,15
6294,0,745
6294,1,2000
6294,2,1677
6294,3,919
6294,4,722
6294,5,211
6294,6,20
6295,0,722
6295,1,2040
6295,2,1667
6295,3,929
6295,4,711
6295,5,207
6295,6,19
6296,0,720
6296,1,2068
6296,2,1616
6296,3,943
6296,4,720
6296,5,213
6296,6,16
6297,0,705
6297,1,2069
6297,2,1654
6297,3,948
6297,4,684
6297,5,221
6297,6,15
6297,7,1
6298,0,738
6298,1,2022
6298,2,1653
6298,3,938
6298,4,742
6298,5,182
6298,6,23
6299,0,721
6299,1,2059
6299,2,1643
6299,3,927
6299,4,701
6299,5,238
6299,6,9
6299,7,1
6300,0,729
6300,1,2043
6300,2,1642
6300,3,940
6300,4,731
6300,5,194
6300,6,21
6301,0,692
6301,1,2100
6301,2,1638
6301,3,943
6301,4,693
6301,5,215
6301,6,19
6301,7,1
6302,0,700
6302,1,2085
6302,2,1661
6302,3,898
6302,4,726
6302,5,217
6302,6,15
6303,0,713
6303,1,2078
6303,2,1627
6303,3,939
6303,4,705
6303,5,223
6303,6,18
6304,0,718
6304,1,2064
6304,2,1632
6304,3,964
6304,4,709
6304,5,197
6304,6,20
6305,0,737
6305,1,2053
6305,2,1632
6305,3,943
6305,4,691
6305,5,234
6305,6,15
6306,0,727
6306,1,2014
6306,2,1682
6306,3,956
6306,4,706
6306,5,204
6306,6,16
6306,7,1
6307,0,727
6307,1,2021
6307,2,1663
6307,3,985
6307,4,676
6307,5,218
6307,6,17
6308,0,717
6308,1,2090
6308,2,1608
6308,3,951
6308,4,706
6308,5,220
6308,6,16
6309,0,716
6309,1,2065
6309,2,1653
6309,3,936
6309,4,715
6309,5,202
6309,6,22
6310,0,713
6310,1,2092
6310,2,1620
6310,3,933
6310,4,721
6310,5,213
6310,6,18
6311,0,712
6311,1,2065
6311,2,1642
6311,3,963
6311,4,703
6311,5,206
6311,6,20
6312,0,724
6312,1,2058
6312,2,1655
6312,3,931
6312,4,709
6312,5,217
6312,6,18
6313,0,718
6313,1,2073
6313,2,1637
6313,3,937
6313,4,710
6313,5,224
6313,6,13
6313,7,1
6314,0,712
6314,1,2060
6314,2,1658
6314,3,955
6314,4,691
6314,5,222
6314,6,15
6314,7,1
6315,0,722
6315,1,2082
6315,2,1632
6315,3,926
6315,4,723
6315,5,211
6315,6,19
6316,0,719
6316,1,2062
6316,2,1636
6316,3,958
6316,4,718
6316,5,210
6316,6,12
6316,7,1
6317,0,738
6317,1,2040
6317,2,1637
6317,3,957
6317,4,715
6317,5,214
6317,6,16
6318,0,708
6318,1,2100
6318,2,1619
6318,3,956
6318,4,700
6318,5,216
6318,6,18
6318,7,1
6319,0,698
6319,1,2120
6319,2,1600
6319,3,954
6319,4,723
6319,5,206
6319,6,18
6320,0,710
6320,1,2085
6320,2,1661
6320,3,911
6320,4,725
6320,5,210
6320,6,18
6321,0,708
6321,1,2092
6321,2,1624
6321,3,954
6321,4,702
6321,5,224
6321,6,16
6321,7,1
6322,0,735
6322,1,2041
6322,2,1649
6322,3,954
6322,4,708
6322,5,222
6322,6,13
6323,0,708
6323,1,2069
6323,2,1679
6323,3,940
6323,4,687
6323,5,219
6323,6,21
6324,0,737
6324,1,2047
6324,2,1645
6324,3,952
6324,4,714
6324,5,209
6324,6,20
6325,0,717
6325,1,2087
6325,2,1606
6325,3,971
6325,4,724
6325,5,201
6325,6,19
6326,0,712
6326,1,2071
6326,2,1660
6326,3,948
6326,4,701
6326,5,217
6326,6,17
6327,0,717
6327,1,2094
6327,2,1617
6327,3,942
6327,4,732
6327,5,204
6327,6,21
6328,0,712
6328,1,2087
6328,2,1638
6328,3,939
6328,4,724
6328,5,208
6328,6,20
6329,0,713
6329,1,2061
6329,2,1682
6329,3,942
6329,4,709
6329,5,205
6329,6,17
6330,0,740
6330,1,2065
6330,2,1621
6330,3,936
6330,4,740
6330,5,210
6330,6,17
6330,7,1
6331,0,720
6331,1,2050
6331,2,1668
6331,3,968
6331,4,694
6331,5,206
6331,6,25
6332,0,738
6332,1,2047
6332,2,1635
6332,3,973
6332,4,705
6332,5,219
6332,6,15
6333,0,733
6333,1,2042
6333,2,1670
6333,3,949
6333,4,712
6333,5,208
6333,6,19
6334,0,739
6334,1,2032
6334,2,1664
6334,3,965
6334,4,697
6334,5,220
6334,6,17
6335,0,732
6335,1,2041
6335,2,1685
6335,3,930
6335,4,699
6335,5,235
6335,6,12
6335,7,1
6336,0,707
6336,1,2075
6336,2,1692
6336,3,937
6336,4,684
6336,5,225
6336,6,16
6337,0,732
6337,1,2047
6337,2,1649
6337,3,959
6337,4,727
6337,5,200
6337,6,23
6338,0,706
6338,1,2093
6338,2,1669
6338,3,947
6338,4,678
6338,5,230
6338,6,15
6339,0,735
6339,1,2047
6339,2,1657
6339,3,947
6339,4,725
6339,5,212
6339,6,15
6339,7,1
6340,0,705
6340,1,2116
6340,2,1623
6340,3,947
6340,4,711
6340,5,219
6340,6,19
6341,0,722
6341,1,2092
6341,2,1607
6341,3,963
6341,4,727
6341,5,213
6341,6,17
6342,0,706
6342,1,2085
6342,2,1663
6342,3,970
6342,4,683
6342,5,217
6342,6,17
6342,7,1
6343,0,735
6343,1,2029
6343,2,1700
6343,3,930
6343,4,715
6343,5,219
6343,6,15
6344,0,695
6344,1,2094
6344,2,1698
6344,3,918
6344,4,701
6344,5,220
6344,6,18
6345,0,775
6345,1,1994
6345,2,1647
6345,3,973
6345,4,728
6345,5,209
6345,6,19
6346,0,743
6346,1,2086
6346,2,1616
6346,3,933
6346,4,721
6346,5,229
6346,6,18
6347,0,727
6347,1,2053
6347,2,1686
6347,3,940
6347,4,705
6347,5,220
6347,6,16
6348,0,744
6348,1,2026
6348,2,1672
6348,3,953
6348,4,732
6348,5,205
6348,6,14
6348,7,2
6349,0,745
6349,1,2046
6349,2,1624
6349,3,993
6349,4,715
6349,5,209
6349,6,17
6350,0,739
6350,1,2031
6350,2,1682
6350,3,970
6350,4,691
6350,5,222
6350,6,14
6350,7,1
6351,0,701
6351,1,2101
6351,2,1670
6351,3,960
6351,4,679
6351,5,222
6351,6,18
6352,0,742
6352,1,2035
6352,2,1656
6352,3,975
6352,4,714
6352,5,210
6352,6,19
6352,7,1
6353,0,731
6353,1,2044
6353,2,1692
6353,3,947
6353,4,708
6353,5,215
6353,6,16
6354,0,726
6354,1,2089
6354,2,1643
6354,3,937
6354,4,719
6354,5,219
6354,6,21
6355,0,738
6355,1,2034
6355,2,1666
6355,3,995
6355,4,689
6355,5,214
6355,6,19
6356,0,703
6356,1,2135
6356,2,1610
6356,3,963
6356,4,705
6356,5,227
6356,6,13
6357,0,720
6357,1,2076
6357,2,1699
6357,3,898
6357,4,718
6357,5,229
6357,6,17
6358,0,719
6358,1,2076
6358,2,1657
6358,3,963
6358,4,709
6358,5,215
6358,6,18
6358,7,1
6359,0,710
6359,1,2075
6359,2,1684
6359,3,954
6359,4,706
6359,5,209
6359,6,21
6360,0,725
6360,1,2092
6360,2,1655
6360,3,923
6360,4,724
6360,5,223
6360,6,18
6361,0,739
6361,1,2039
6361,2,1683
6361,3,950
6361,4,727
6361,5,201
6361,6,22
6362,0,733
6362,1,2060
6362,2,1666
6362,3,960
6362,4,701
6362,5,226
6362,6,16
6363,0,745
6363,1,2044
6363,2,1675
6363,3,959
6363,4,703
6363,5,218
6363,6,18
6363,7,1
6364,0,696
6364,1,2100
6364,2,1685
6364,3,955
6364,4,687
6364,5,226
6364,6,15
6365,0,741
6365,1,2058
6365,2,1643
6365,3,966
6365,4,730
6365,5,211
6365,6,16
6366,0,733
6366,1,2080
6366,2,1664
6366,3,922
6366,4,719
6366,5,232
6366,6,16
6367,0,707
6367,1,2116
6367,2,1621
6367,3,965
6367,4,740
6367,5,197
6367,6,21
6368,0,705
6368,1,2102
6368,2,1669
6368,3,940
6368,4,713
6368,5,223
6368,6,15
6368,7,1
6369,0,719
6369,1,2066
6369,2,1721
6369,3,919
6369,4,707
6369,5,220
6369,6,17
6370,0,709
6370,1,2144
6370,2,1595
6370,3,956
6370,4,731
6370,5,221
6370,6,13
6370,7,1
6371,0,735
6371,1,2051
6371,2,1668
6371,3,1006
6371,4,675
6371,5,217
6371,6,19
6372,0,712
6372,1,2090
6372,2,1666
6372,3,948
6372,4,713
6372,5,224
6372,6,19
6373,0,731
6373,1,2102
6373,2,1624
6373,3,951
6373,4,741
6373,5,207
6373,6,17
6374,0,707
6374,1,2096
6374,2,1686
6374,3,931
6374,4,720
6374,5,211
6374,6,23
6375,0,743
6375,1,2076
6375,2,1652
6375,3,935
6375,4,736
6375,5,216
6375,6,17
6376,0,727
6376,1,2064
6376,2,1646
6376,3,1015
6376,4,679
6376,5,230
6376,6,14
6376,7,1
6377,0,729
6377,1,2081
6377,2,1659
6377,3,975
6377,4,697
6377,5,221
6377,6,15
6378,0,708
6378,1,2079
6378,2,1704
6378,3,946
6378,4,692
6378,5,232
6378,6,16
6378,7,1
6379,0,757
6379,1,2039
6379,2,1654
6379,3,979
6379,4,731
6379,5,197
6379,6,22
6380,0,741
6380,1,2070
6380,2,1649
6380,3,975
6380,4,702
6380,5,224
6380,6,19
6381,0,748
6381,1,2018
6381,2,1700
6381,3,993
6381,4,694
6381,5,206
6381,6,22
6382,0,740
6382,1,2061
6382,2,1659
6382,3,964
6382,4,728
6382,5,211
6382,6,19
6383,0,741
6383,1,2076
6383,2,1640
6383,3,956
6383,4,739
6383,5,216
6383,6,15
6384,0,729
6384,1,2102
6384,2,1666
6384,3,927
6384,4,716
6384,5,222
6384,6,22
6385,0,736
6385,1,2051
6385,2,1689
6385,3,961
6385,4,710
6385,5,225
6385,6,13
6386,0,757
6386,1,2028
6386,2,1688
6386,3,952
6386,4,726
6386,5,215
6386,6,19
6386,7,1
6387,0,719
6387,1,2086
6387,2,1663
6387,3,988
6387,4,700
6387,5,213
6387,6,18
6388,0,725
6388,1,2111
6388,2,1631
6388,3,944
6388,4,752
6388,5,204
6388,6,21
6389,0,752
6389,1,2066
6389,2,1650
6389,3,946
6389,4,742
6389,5,216
6389,6,16
6389,7,1
6390,0,735
6390,1,2073
6390,2,1646
6390,3,997
6390,4,715
6390,5,206
6390,6,18
6391,0,717
6391,1,2112
6391,2,1662
6391,3,924
6391,4,739
6391,5,216
6391,6,21
6392,0,750
6392,1,2034
6392,2,1709
6392,3,952
6392,4,710
6392,5,217
6392,6,20
6393,0,720
6393,1,2094
6393,2,1657
6393,3,973
6393,4,718
6393,5,216
6393,6,14
6393,7,1
6394,0,690
6394,1,2159
6394,2,1623
6394,3,982
6394,4,704
6394,5,218
6394,6,18
6395,0,707
6395,1,2125
6395,2,1675
6395,3,943
6395,4,689
6395,5,239
6395,6,17
6396,0,714
6396,1,2114
6396,2,1653
6396,3,942
6396,4,747
6396,5,209
6396,6,16
6396,7,1
6397,0,723
6397,1,2125
6397,2,1634
6397,3,951
6397,4,727
6397,5,220
6397,6,17
6398,0,724
6398,1,2046
6398,2,1736
6398,3,938
6398,4,724
6398,5,210
6398,6,20
6399,0,736
6399,1,2081
6399,2,1645
6399,3,1005
6399,4,702
6399,5,208
6399,6,22
6400,0,724
6400,1,2092
6400,2,1666
6400,3,970
6400,4,702
6400,5,228
6400,6,18
6401,0,749
6401,1,2087
6401,2,1642
6401,3,943
6401,4,741
6401,5,224
6401,6,15
6402,0,735
6402,1,2110
6402,2,1624
6402,3,971
6402,4,727
6402,5,215
6402,6,20
6403,0,716
6403,1,2107
6403,2,1661
6403,3,969
6403,4,705
6403,5,230
6403,6,14
6403,7,1
6404,0,744
6404,1,2059
6404,2,1667
6404,3,972
6404,4,747
6404,5,198
6404,6,17
6405,0,728
6405,1,2100
6405,2,1672
6405,3,953
6405,4,702
6405,5,228
6405,6,22
6406,0,717
6406,1,2101
6406,2,1696
6406,3,934
6406,4,719
6406,5,221
6406,6,17
6406,7,1
6407,0,730
6407,1,2071
6407,2,1686
6407,3,990
6407,4,685
6407,5,228
6407,6,17
6408,0,735
6408,1,2099
6408,2,1658
6408,3,947
6408,4,726
6408,5,226
6408,6,17
6409,0,734
6409,1,2072
6409,2,1692
6409,3,961
6409,4,719
6409,5,212
6409,6,19
6410,0,754
6410,1,2045
6410,2,1686
6410,3,969
6410,4,719
6410,5,221
6410,6,15
6410,7,1
6411,0,726
6411,1,2116
6411,2,1631
6411,3,979
6411,4,712
6411,5,236
6411,6,11
6412,0,727
6412,1,2080
6412,2,1696
6412,3,970
6412,4,714
6412,5,199
6412,6,26
6413,0,730
6413,1,2084
6413,2,1670
6413,3,965
6413,4,733
6413,5,214
6413,6,17
6414,0,757
6414,1,2040
6414,2,1708
6414,3,962
6414,4,702
6414,5,231
6414,6,14
6415,0,706
6415,1,2147
6415,2,1650
6415,3,949
6415,4,718
6415,5,224
6415,6,21
6416,0,751
6416,1,2067
6416,2,1660
6416,3,989
6416,4,719
6416,5,214
6416,6,16
6417,0,752
6417,1,2067
6417,2,1673
6417,3,957
6417,4,727
6417,5,219
6417,6,22
6418,0,727
6418,1,2076
6418,2,1709
6418,3,960
6418,4,709
6418,5,218
6418,6,19
6419,0,707
6419,1,2144
6419,2,1653
6419,3,949
6419,4,718
6419,5,233
6419,6,15
6420,0,753
6420,1,2049
6420,2,1720
6420,3,927
6420,4,735
6420,5,216
6420,6,20
6421,0,711
6421,1,2110
6421,2,1673
6421,3,991
6421,4,698
6421,5,217
6421,6,21
6422,0,719
6422,1,2145
6422,2,1611
6422,3,993
6422,4,721
6422,5,220
6422,6,11
6422,7,2
6423,0,726
6423,1,2119
6423,2,1634
6423,3,984
6423,4,715
6423,5,229
6423,6,15
6423,7,1
6424,0,722
6424,1,2091
6424,2,1710
6424,3,959
6424,4,714
6424,5,207
6424,6,21
6425,0,746
6425,1,2060
6425,2,1691
6425,3,969
6425,4,722
6425,5,214
6425,6,23
6426,0,711
6426,1,2122
6426,2,1710
6426,3,914
6426,4,731
6426,5,222
6426,6,16
6427,0,736
6427,1,2071
6427,2,1698
6427,3,958
6427,4,736
6427,5,204
6427,6,24
6428,0,750
6428,1,2060
6428,2,1684
6428,3,984
6428,4,715
6428,5,219
6428,6,16
6429,0,740
6429,1,2080
6429,2,1684
6429,3,951
6429,4,736
6429,5,224
6429,6,13
6429,7,1
6430,0,731
6430,1,2118
6430,2,1669
6430,3,948
6430,4,711
6430,5,237
6430,6,16
6431,0,718
6431,1,2134
6431,2,1644
6431,3,980
6431,4,713
6431,5,226
6431,6,15
6431,7,1
6432,0,726
6432,1,2132
6432,2,1624
6432,3,978
6432,4,746
6432,5,206
6432,6,20
6433,0,729
6433,1,2104
6433,2,1675
6433,3,969
6433,4,723
6433,5,214
6433,6,19
6434,0,729
6434,1,2089
6434,2,1705
6434,3,951
6434,4,722
6434,5,223
6434,6,15
6435,0,710
6435,1,2151
6435,2,1662
6435,3,940
6435,4,715
6435,5,241
6435,6,15
6435,7,1
6436,0,743
6436,1,2063
6436,2,1704
6436,3,986
6436,4,696
6436,5,227
6436,6,16
6436,7,1
6437,0,762
6437,1,2050
6437,2,1680
6437,3,976
6437,4,753
6437,5,195
6437,6,21
6438,0,744
6438,1,2083
6438,2,1673
6438,3,993
6438,4,697
6438,5,228
6438,6,20
6439,0,730
6439,1,2112
6439,2,1671
6439,3,969
6439,4,716
6439,5,228
6439,6,13
6440,0,718
6440,1,2082
6440,2,1732
6440,3,963
6440,4,709
6440,5,213
6440,6,23
6441,0,745
6441,1,2087
6441,2,1690
6441,3,946
6441,4,732
6441,5,226
6441,6,14
6441,7,1
6442,0,732
6442,1,2099
6442,2,1673
6442,3,1003
6442,4,699
6442,5,213
6442,6,23
6443,0,727
6443,1,2150
6443,2,1633
6443,3,925
6443,4,776
6443,5,215
6443,6,17
6444,0,723
6444,1,2127
6444,2,1663
6444,3,982
6444,4,711
6444,5,217
6444,6,21
6445,0,752
6445,1,2071
6445,2,1684
6445,3,967
6445,4,736
6445,5,217
6445,6,18
6446,0,745
6446,1,2104
6446,2,1659
6446,3,959
6446,4,739
6446,5,225
6446,6,15
6447,0,698
6447,1,2168
6447,2,1666
6447,3,952
6447,4,711
6447,5,236
6447,6,15
6447,7,1
6448,0,715
6448,1,2139
6448,2,1689
6448,3,931
6448,4,728
6448,5,228
6448,6,18
6449,0,742
6449,1,2070
6449,2,1723
6449,3,954
6449,4,727
6449,5,216
6449,6,17
6450,0,690
6450,1,2161
6450,2,1696
6450,3,952
6450,4,705
6450,5,228
6450,6,17
6450,7,1
6451,0,741
6451,1,2103
6451,2,1660
6451,3,981
6451,4,729
6451,5,217
6451,6,20
6452,0,709
6452,1,2164
6452,2,1635
6452,3,980
6452,4,726
6452,5,220
6452,6,17
6452,7,1
6453,0,746
6453,1,2080
6453,2,1689
6453,3,984
6453,4,715
6453,5,222
6453,6,17
6454,0,736
6454,1,2104
6454,2,1688
6454,3,935
6454,4,760
6454,5,211
6454,6,20
6455,0,750
6455,1,2054
6455,2,1727
6455,3,972
6455,4,721
6455,5,211
6455,6,20
6456,0,744
6456,1,2110
6456,2,1652
6456,3,989
6456,4,724
6456,5,221
6456,6,16
6457,0,748
6457,1,2090
6457,2,1666
6457,3,982
6457,4,736
6457,5,215
6457,6,20
6458,0,729
6458,1,2144
6458,2,1653
6458,3,947
6458,4,746
6458,5,224
6458,6,14
6458,7,1
6459,0,731
6459,1,2117
6459,2,1670
6459,3,974
6459,4,725
6459,5,223
6459,6,19
6460,0,732
6460,1,2095
6460,2,1708
6460,3,981
6460,4,699
6460,5,227
6460,6,18
6461,0,746
6461,1,2089
6461,2,1689
6461,3,985
6461,4,710
6461,5,221
6461,6,21
6462,0,746
6462,1,2109
6462,2,1667
6462,3,953
6462,4,755
6462,5,210
6462,6,22
6463,0,740
6463,1,2070
6463,2,1735
6463,3,964
6463,4,710
6463,5,225
6463,6,19
6464,0,746
6464,1,2080
6464,2,1682
6464,3,1011
6464,4,715
6464,5,212
6464,6,18
6465,0,733
6465,1,2073
6465,2,1746
6465,3,974
6465,4,694
6465,5,223
6465,6,22
6466,0,746
6466,1,2117
6466,2,1642
6466,3,990
6466,4,735
6466,5,222
6466,6,14
6467,0,766
6467,1,2062
6467,2,1719
6467,3,947
6467,4,731
6467,5,225
6467,6,16
6467,7,1
6468,0,741
6468,1,2109
6468,2,1642
6468,3,1011
6468,4,729
6468,5,217
6468,6,19
6469,0,732
6469,1,2084
6469,2,1736
6469,3,959
6469,4,723
6469,5,213
6469,6,21
6469,7,1
6470,0,713
6470,1,2126
6470,2,1740
6470,3,940
6470,4,695
6470,5,239
6470,6,17
6471,0,740
6471,1,2081
6471,2,1723
6471,3,963
6471,4,718
6471,5,228
6471,6,18
6472,0,758
6472,1,2103
6472,2,1657
6472,3,967
6472,4,765
6472,5,202
6472,6,19
6472,7,1
6473,0,713
6473,1,2136
6473,2,1684
6473,3,992
6473,4,708
6473,5,218
6473,6,22
6474,0,727
6474,1,2126
6474,2,1685
6474,3,972
6474,4,720
6474,5,229
6474,6,15
6475,0,711
6475,1,2143
6475,2,1709
6475,3,944
6475,4,718
6475,5,229
6475,6,21
6476,0,741
6476,1,2120
6476,2,1661
6476,3,978
6476,4,736
6476,5,222
6476,6,18
6477,0,741
6477,1,2110
6477,2,1691
6477,3,956
6477,4,736
6477,5,226
6477,6,17
6478,0,715
6478,1,2136
6478,2,1718
6478,3,943
6478,4,722
6478,5,227
6478,6,17
6479,0,718
6479,1,2127
6479,2,1717
6479,3,960
6479,4,716
6479,5,223
6479,6,18
6480,0,730
6480,1,2132
6480,2,1675
6480,3,980
6480,4,714
6480,5,231
6480,6,17
6480,7,1
6481,0,747
6481,1,2102
6481,2,1689
6481,3,956
6481,4,745
6481,5,229
6481,6,12
6481,7,1
6482,0,711
6482,1,2166
6482,2,1670
6482,3,955
6482,4,748
6482,5,215
6482,6,17
6483,0,744
6483,1,2123
6483,2,1655
6483,3,997
6483,4,721
6483,5,220
6483,6,23
6484,0,747
6484,1,2083
6484,2,1718
6484,3,966
6484,4,733
6484,5,216
6484,6,21
6485,0,716
6485,1,2155
6485,2,1670
6485,3,976
6485,4,725
6485,5,228
6485,6,15
6486,0,754
6486,1,2108
6486,2,1669
6486,3,979
6486,4,734
6486,5,225
6486,6,17
6487,0,757
6487,1,2081
6487,2,1721
6487,3,964
6487,4,721
6487,5,220
6487,6,23
6488,0,736
6488,1,2103
6488,2,1700
6488,3,985
6488,4,718
6488,5,226
6488,6,20
6489,0,723
6489,1,2128
6489,2,1687
6489,3,1000
6489,4,720
6489,5,214
6489,6,17
6490,0,733
6490,1,2131
6490,2,1711
6490,3,937
6490,4,735
6490,5,221
6490,6,22
6491,0,765
6491,1,2052
6491,2,1737
6491,3,956
6491,4,748
6491,5,219
6491,6,14
6492,0,762
6492,1,2068
6492,2,1716
6492,3,975
6492,4,715
6492,5,239
6492,6,16
6492,7,1
6493,0,733
6493,1,2101
6493,2,1748
6493,3,946
6493,4,725
6493,5,220
6493,6,19
6493,7,1
6494,0,748
6494,1,2137
6494,2,1623
6494,3,988
6494,4,773
6494,5,209
6494,6,16
6495,0,728
6495,1,2122
6495,2,1708
6495,3,986
6495,4,709
6495,5,224
6495,6,18
6496,0,767
6496,1,2079
6496,2,1681
6496,3,995
6496,4,729
6496,5,223
6496,6,22
6497,0,730
6497,1,2126
6497,2,1722
6497,3,955
6497,4,719
6497,5,226
6497,6,19
6498,0,725
6498,1,2092
6498,2,1755
6498,3,967
6498,4,736
6498,5,203
6498,6,20
6499,0,789
6499,1,2046
6499,2,1695
6499,3,986
6499,4,742
6499,5,222
6499,6,18
6499,7,1
6500,0,725
6500,1,2145
6500,2,1689
6500,3,970
6500,4,732
6500,5,223
6500,6,15
6500,7,1
6501,0,759
6501,1,2107
6501,2,1670
6501,3,986
6501,4,733
6501,5,232
6501,6,13
6501,7,1
6502,0,741
6502,1,2106
6502,2,1709
6502,3,988
6502,4,714
6502,5,228
6502,6,15
6502,7,1
6503,0,777
6503,1,2069
6503,2,1679
6503,3,996
6503,4,741
6503,5,224
6503,6,16
6503,7,1
6504,0,755
6504,1,2099
6504,2,1710
6504,3,954
6504,4,750
6504,5,217
6504,6,19
6505,0,711
6505,1,2149
6505,2,1726
6505,3,958
6505,4,726
6505,5,211
6505,6,24
6506,0,752
6506,1,2095
6506,2,1716
6506,3,966
6506,4,729
6506,5,233
6506,6,15
6507,0,727
6507,1,2109
6507,2,1744
6507,3,979
6507,4,696
6507,5,232
6507,6,19
6507,7,1
6508,0,748
6508,1,2097
6508,2,1725
6508,3,984
6508,4,702
6508,5,236
6508,6,16
6509,0,762
6509,1,2100
6509,2,1661
6509,3,1020
6509,4,720
6509,5,228
6509,6,18
6510,0,720
6510,1,2155
6510,2,1692
6510,3,977
6510,4,727
6510,5,218
6510,6,21
6511,0,720
6511,1,2179
6511,2,1660
6511,3,974
6511,4,727
6511,5,237
6511,6,14
6512,0,749
6512,1,2126
6512,2,1684
6512,3,954
6512,4,760
6512,5,221
6512,6,18
6513,0,727
6513,1,2123
6513,2,1741
6513,3,961
6513,4,719
6513,5,222
6513,6,20
6514,0,749
6514,1,2120
6514,2,1693
6514,3,960
6514,4,754
6514,5,221
6514,6,16
6514,7,1
6515,0,740
6515,1,2140
6515,2,1669
6515,3,987
6515,4,738
6515,5,221
6515,6,20
6516,0,762
6516,1,2088
6516,2,1725
6516,3,956
6516,4,738
6516,5,230
6516,6,17
6517,0,753
6517,1,2090
6517,2,1722
6517,3,988
6517,4,708
6517,5,244
6517,6,11
6517,7,1
6518,0,748
6518,1,2114
6518,2,1700
6518,3,975
6518,4,753
6518,5,206
6518,6,22
6519,0,739
6519,1,2116
6519,2,1727
6519,3,973
6519,4,709
6519,5,238
6519,6,16
6519,7,1
6520,0,747
6520,1,2101
6520,2,1740
6520,3,963
6520,4,736
6520,5,209
6520,6,24
6521,0,731
6521,1,2137
6521,2,1686
6521,3,992
6521,4,742
6521,5,215
6521,6,18
6522,0,732
6522,1,2162
6522,2,1680
6522,3,968
6522,4,736
6522,5,223
6522,6,21
6523,0,751
6523,1,2087
6523,2,1721
6523,3,994
6523,4,742
6523,5,204
6523,6,24
6524,0,726
6524,1,2131
6524,2,1735
6524,3,956
6524,4,737
6524,5,226
6524,6,12
6524,7,1
6525,0,727
6525,1,2160
6525,2,1685
6525,3,988
6525,4,715
6525,5,228
6525,6,22
6526,0,748
6526,1,2098
6526,2,1762
6526,3,955
6526,4,708
6526,5,234
6526,6,21
6527,0,742
6527,1,2134
6527,2,1689
6527,3,962
6527,4,760
6527,5,225
6527,6,14
6527,7,1
6528,0,742
6528,1,2136
6528,2,1666
6528,3,1012
6528,4,735
6528,5,222
6528,6,14
6528,7,1
6529,0,737
6529,1,2139
6529,2,1724
6529,3,963
6529,4,710
6529,5,240
6529,6,15
6529,7,1
6530,0,769
6530,1,2079
6530,2,1722
6530,3,970
6530,4,747
6530,5,229
6530,6,14
6531,0,748
6531,1,2102
6531,2,1720
6531,3,994
6531,4,729
6531,5,219
6531,6,18
6531,7,1
6532,0,731
6532,1,2172
6532,2,1655
6532,3,1009
6532,4,717
6532,5,232
6532,6,16
6533,0,736
6533,1,2134
6533,2,1741
6533,3,943
6533,4,725
6533,5,235
6533,6,19
6534,0,767
6534,1,2105
6534,2,1674
6534,3,999
6534,4,747
6534,5,223
6534,6,19
6535,0,726
6535,1,2164
6535,2,1689
6535,3,979
6535,4,736
6535,5,220
6535,6,21
6536,0,721
6536,1,2158
6536,2,1706
6536,3,986
6536,4,726
6536,5,221
6536,6,18
6537,0,762
6537,1,2088
6537,2,1743
6537,3,953
6537,4,749
6537,5,222
6537,6,20
6538,0,723
6538,1,2153
6538,2,1692
6538,3,1016
6538,4,716
6538,5,214
6538,6,24
6539,0,758
6539,1,2153
6539,2,1646
6539,3,989
6539,4,751
6539,5,226
6539,6,15
6539,7,1
6540,0,748
6540,1,2089
6540,2,1758
6540,3,988
6540,4,704
6540,5,233
6540,6,20
6541,0,750
6541,1,2133
6541,2,1711
6541,3,946
6541,4,766
6541,5,216
6541,6,18
6541,7,1
6542,0,782
6542,1,2040
6542,2,1764
6542,3,987
6542,4,720
6542,5,231
6542,6,18
6543,0,722
6543,1,2160
6543,2,1726
6543,3,952
6543,4,742
6543,5,221
6543,6,20
6544,0,736
6544,1,2160
6544,2,1696
6544,3,979
6544,4,719
6544,5,235
6544,6,19
6545,0,754
6545,1,2136
6545,2,1665
6545,3,990
6545,4,778
6545,5,202
6545,6,20
6546,0,742
6546,1,2136
6546,2,1700
6546,3,1005
6546,4,709
6546,5,237
6546,6,16
6546,7,1
6547,0,713
6547,1,2184
6547,2,1693
6547,3,986
6547,4,716
6547,5,239
6547,6,16
6548,0,737
6548,1,2139
6548,2,1720
6548,3,962
6548,4,760
6548,5,208
6548,6,22
6549,0,717
6549,1,2189
6549,2,1700
6549,3,961
6549,4,741
6549,5,224
6549,6,16
6549,7,1
6550,0,737
6550,1,2158
6550,2,1695
6550,3,974
6550,4,719
6550,5,252
6550,6,15
6551,0,752
6551,1,2100
6551,2,1740
6551,3,988
6551,4,742
6551,5,207
6551,6,22
6552,0,758
6552,1,2113
6552,2,1717
6552,3,989
6552,4,730
6552,5,227
6552,6,18
6553,0,730
6553,1,2156
6553,2,1707
6553,3,989
6553,4,719
6553,5,236
6553,6,16
6554,0,736
6554,1,2130
6554,2,1741
6554,3,967
6554,4,752
6554,5,204
6554,6,24
6555,0,723
6555,1,2169
6555,2,1711
6555,3,961
6555,4,749
6555,5,221
6555,6,21
6556,0,766
6556,1,2113
6556,2,1730
6556,3,943
6556,4,759
6556,5,222
6556,6,23
6557,0,727
6557,1,2153
6557,2,1721
6557,3,969
6557,4,743
6557,5,230
6557,6,14
6558,0,732
6558,1,2178
6558,2,1695
6558,3,969
6558,4,732
6558,5,232
6558,6,20
6559,0,739
6559,1,2146
6559,2,1686
6559,3,996
6559,4,756
6559,5,218
6559,6,18
6560,0,755
6560,1,2118
6560,2,1702
6560,3,1020
6560,4,737
6560,5,210
6560,6,17
6560,7,1
6561,0,718
6561,1,2219
6561,2,1655
6561,3,967
6561,4,745
6561,5,241
6561,6,15
6561,7,1
6562,0,762
6562,1,2121
6562,2,1709
6562,3,988
6562,4,734
6562,5,232
6562,6,16
6563,0,769
6563,1,2088
6563,2,1730
6563,3,995
6563,4,743
6563,5,220
6563,6,17
6563,7,1
6564,0,764
6564,1,2095
6564,2,1744
6564,3,977
6564,4,751
6564,5,212
6564,6,21
6565,0,751
6565,1,2128
6565,2,1737
6565,3,963
6565,4,734
6565,5,231
6565,6,20
6565,7,1
6566,0,740
6566,1,2157
6566,2,1669
6566,3,1028
6566,4,746
6566,5,208
6566,6,18
6567,0,750
6567,1,2133
6567,2,1731
6567,3,973
6567,4,718
6567,5,241
6567,6,21
6568,0,733
6568,1,2143
6568,2,1737
6568,3,968
6568,4,755
6568,5,214
6568,6,18
6569,0,776
6569,1,2112
6569,2,1674
6569,3,1026
6569,4,749
6569,5,209
6569,6,23
6570,0,737
6570,1,2171
6570,2,1653
6570,3,1034
6570,4,739
6570,5,213
6570,6,23
6571,0,753
6571,1,2131
6571,2,1732
6571,3,961
6571,4,739
6571,5,238
6571,6,17
6572,0,745
6572,1,2143
6572,2,1732
6572,3,942
6572,4,767
6572,5,222
6572,6,21
6573,0,752
6573,1,2135
6573,2,1721
6573,3,998
6573,4,732
6573,5,216
6573,6,18
6573,7,1
6574,0,743
6574,1,2135
6574,2,1713
6574,3,1009
6574,4,719
6574,5,239
6574,6,16
6575,0,748
6575,1,2116
6575,2,1768
6575,3,958
6575,4,741
6575,5,221
6575,6,23
6576,0,732
6576,1,2175
6576,2,1695
6576,3,1000
6576,4,722
6576,5,235
6576,6,17
6577,0,733
6577,1,2179
6577,2,1692
6577,3,974
6577,4,754
6577,5,230
6577,6,14
6577,7,1
6578,0,745
6578,1,2148
6578,2,1722
6578,3,967
6578,4,748
6578,5,229
6578,6,19
6579,0,744
6579,1,2134
6579,2,1717
6579,3,1016
6579,4,722
6579,5,225
6579,6,21
6580,0,767
6580,1,2126
6580,2,1699
6580,3,995
6580,4,759
6580,5,212
6580,6,22
6581,0,739
6581,1,2138
6581,2,1756
6581,3,978
6581,4,717
6581,5,232
6581,6,21
6582,0,740
6582,1,2132
6582,2,1752
6582,3,973
6582,4,735
6582,5,229
6582,6,21
6583,0,771
6583,1,2129
6583,2,1689
6583,3,998
6583,4,766
6583,5,206
6583,6,24
6584,0,769
6584,1,2083
6584,2,1765
6584,3,980
6584,4,749
6584,5,222
6584,6,15
6584,7,1
6585,0,734
6585,1,2153
6585,2,1742
6585,3,984
6585,4,725
6585,5,229
6585,6,18
6586,0,751
6586,1,2166
6586,2,1670
6586,3,1013
6586,4,732
6586,5,233
6586,6,21
6587,0,746
6587,1,2142
6587,2,1719
6587,3,987
6587,4,762
6587,5,211
6587,6,20
6588,0,747
6588,1,2161
6588,2,1685
6588,3,1009
6588,4,751
6588,5,214
6588,6,21
6589,0,756
6589,1,2142
6589,2,1718
6589,3,991
6589,4,728
6589,5,237
6589,6,17
6590,0,743
6590,1,2161
6590,2,1695
6590,3,1019
6590,4,706
6590,5,251
6590,6,15
6591,0,778
6591,1,2094
6591,2,1733
6591,3,1014
6591,4,726
6591,5,228
6591,6,17
6591,7,1
6592,0,737
6592,1,2172
6592,2,1696
6592,3,992
6592,4,757
6592,5,215
6592,6,23
6593,0,741
6593,1,2125
6593,2,1765
6593,3,991
6593,4,734
6593,5,219
6593,6,18
6594,0,776
6594,1,2089
6594,2,1775
6594,3,968
6594,4,733
6594,5,234
6594,6,19
6595,0,769
6595,1,2110
6595,2,1733
6595,3,997
6595,4,736
6595,5,233
6595,6,17
6596,0,729
6596,1,2187
6596,2,1686
6596,3,1006
6596,4,755
6596,5,208
6596,6,25
6597,0,760
6597,1,2145
6597,2,1703
6597,3,1003
6597,4,736
6597,5,229
6597,6,21
6598,0,763
6598,1,2105
6598,2,1728
6598,3,1025
6598,4,743
6598,5,215
6598,6,18
6598,7,1
6599,0,764
6599,1,2125
6599,2,1737
6599,3,1001
6599,4,715
6599,5,237
6599,6,20
6600,0,777
6600,1,2102
6600,2,1752
6600,3,972
6600,4,750
6600,5,225
6600,6,22
6601,0,742
6601,1,2129
6601,2,1772
6601,3,964
6601,4,753
6601,5,218
6601,6,23
6602,0,728
6602,1,2180
6602,2,1752
6602,3,959
6602,4,731
6602,5,235
6602,6,17
6603,0,733
6603,1,2174
6603,2,1734
6603,3,959
6603,4,741
6603,5,245
6603,6,17
6604,0,740
6604,1,2138
6604,2,1769
6604,3,987
6604,4,723
6604,5,227
6604,6,20
6605,0,737
6605,1,2177
6605,2,1737
6605,3,959
6605,4,733
6605,5,244
6605,6,18
6606,0,756
6606,1,2151
6606,2,1716
6606,3,971
6606,4,779
6606,5,215
6606,6,16
6606,7,2
6607,0,724
6607,1,2199
6607,2,1682
6607,3,1018
6607,4,742
6607,5,222
6607,6,20
6608,0,734
6608,1,2182
6608,2,1727
6608,3,955
6608,4,757
6608,5,240
6608,6,13
6609,0,753
6609,1,2143
6609,2,1748
6609,3,979
6609,4,735
6609,5,229
6609,6,22
6610,0,733
6610,1,2173
6610,2,1720
6610,3,987
6610,4,764
6610,5,214
6610,6,19
6611,0,758
6611,1,2125
6611,2,1741
6611,3,1022
6611,4,729
6611,5,215
6611,6,20
6611,7,1
6612,0,756
6612,1,2171
6612,2,1688
6612,3,972
6612,4,795
6612,5,210
6612,6,19
6612,7,1
6613,0,758
6613,1,2157
6613,2,1702
6613,3,1008
6613,4,733
6613,5,237
6613,6,18
6614,0,732
6614,1,2194
6614,2,1706
6614,3,986
6614,4,745
6614,5,234
6614,6,17
6615,0,768
6615,1,2125
6615,2,1734
6615,3,991
6615,4,750
6615,5,227
6615,6,20
6616,0,744
6616,1,2162
6616,2,1728
6616,3,982
6616,4,775
6616,5,202
6616,6,23
6617,0,757
6617,1,2162
6617,2,1713
6617,3,986
6617,4,749
6617,5,229
6617,6,21
6618,0,731
6618,1,2218
6618,2,1687
6618,3,974
6618,4,759
6618,5,231
6618,6,17
6618,7,1
6619,0,747
6619,1,2159
6619,2,1707
6619,3,1003
6619,4,762
6619,5,224
6619,6,17
6620,0,777
6620,1,2089
6620,2,1762
6620,3,1012
6620,4,740
6620,5,217
6620,6,23
6621,0,753
6621,1,2164
6621,2,1745
6621,3,956
6621,4,745
6621,5,241
6621,6,17
6622,0,765
6622,1,2132
6622,2,1743
6622,3,989
6622,4,750
6622,5,225
6622,6,17
6622,7,1
6623,0,723
6623,1,2158
6623,2,1792
6623,3,976
6623,4,720
6623,5,235
6623,6,19
6624,0,761
6624,1,2153
6624,2,1724
6624,3,993
6624,4,728
6624,5,254
6624,6,9
6624,7,2
6625,0,719
6625,1,2188
6625,2,1752
6625,3,978
6625,4,743
6625,5,223
6625,6,22
6626,0,766
6626,1,2160
6626,2,1687
6626,3,1028
6626,4,733
6626,5,237
6626,6,14
6626,7,1
6627,0,728
6627,1,2211
6627,2,1716
6627,3,974
6627,4,746
6627,5,232
6627,6,20
6628,0,786
6628,1,2065
6628,2,1796
6628,3,987
6628,4,757
6628,5,214
6628,6,23
6629,0,768
6629,1,2138
6629,2,1710
6629,3,1032
6629,4,738
6629,5,224
6629,6,19
6630,0,791
6630,1,2113
6630,2,1707
6630,3,1013
6630,4,762
6630,5,227
6630,6,17
6631,0,763
6631,1,2132
6631,2,1750
6631,3,1004
6631,4,744
6631,5,217
6631,6,20
6631,7,1
6632,0,764
6632,1,2129
6632,2,1744
6632,3,1004
6632,4,744
6632,5,226
6632,6,21
6633,0,746
6633,1,2177
6633,2,1730
6633,3,995
6633,4,725
6633,5,239
6633,6,21
6634,0,734
6634,1,2228
6634,2,1665
6634,3,989
6634,4,768
6634,5,234
6634,6,16
6635,0,742
6635,1,2130
6635,2,1809
6635,3,977
6635,4,738
6635,5,217
6635,6,22
6636,0,781
6636,1,2132
6636,2,1722
6636,3,1010
6636,4,725
6636,5,251
6636,6,15
6637,0,756
6637,1,2152
6637,2,1742
6637,3,985
6637,4,753
6637,5,230
6637,6,17
6637,7,2
6638,0,756
6638,1,2170
6638,2,1706
6638,3,1014
6638,4,740
6638,5,232
6638,6,20
6639,0,741
6639,1,2197
6639,2,1700
6639,3,997
6639,4,753
6639,5,235
6639,6,16
6640,0,731
6640,1,2177
6640,2,1762
6640,3,993
6640,4,733
6640,5,221
6640,6,23
6641,0,751
6641,1,2172
6641,2,1725
6641,3,984
6641,4,764
6641,5,227
6641,6,18
6642,0,731
6642,1,2200
6642,2,1746
6642,3,981
6642,4,724
6642,5,241
6642,6,19
6643,0,760
6643,1,2135
6643,2,1748
6643,3,1006
6643,4,747
6643,5,228
6643,6,19
6644,0,748
6644,1,2165
6644,2,1749
6644,3,978
6644,4,767
6644,5,214
6644,6,23
6645,0,753
6645,1,2168
6645,2,1746
6645,3,973
6645,4,748
6645,5,239
6645,6,17
6645,7,1
6646,0,772
6646,1,2135
6646,2,1742
6646,3,996
6646,4,765
6646,5,213
6646,6,23
6647,0,743
6647,1,2158
6647,2,1773
6647,3,999
6647,4,717
6647,5,238
6647,6,19
6648,0,774
6648,1,2132
6648,2,1720
6648,3,1031
6648,4,758
6648,5,211
6648,6,22
6649,0,756
6649,1,2172
6649,2,1730
6649,3,966
6649,4,777
6649,5,233
6649,6,14
6649,7,1
6650,0,747
6650,1,2177
6650,2,1751
6650,3,967
6650,4,759
6650,5,228
6650,6,21
6651,0,734
6651,1,2197
6651,2,1738
6651,3,984
6651,4,754
6651,5,224
6651,6,20
6652,0,751
6652,1,2156
6652,2,1751
6652,3,1015
6652,4,722
6652,5,238
6652,6,19
6653,0,794
6653,1,2108
6653,2,1756
6653,3,990
6653,4,739
6653,5,250
6653,6,16
6654,0,789
6654,1,2090
6654,2,1786
6654,3,1005
6654,4,737
6654,5,225
6654,6,22
6655,0,751
6655,1,2162
6655,2,1733
6655,3,1032
6655,4,729
6655,5,231
6655,6,16
6655,7,1
6656,0,740
6656,1,2206
6656,2,1710
6656,3,993
6656,4,755
6656,5,232
6656,6,20
6657,0,740
6657,1,2217
6657,2,1683
6657,3,1017
6657,4,752
6657,5,229
6657,6,18
6657,7,1
6658,0,766
6658,1,2139
6658,2,1757
6658,3,998
6658,4,754
6658,5,222
6658,6,22
6659,0,745
6659,1,2197
6659,2,1711
6659,3,1016
6659,4,738
6659,5,241
6659,6,9
6659,7,2
6660,0,758
6660,1,2170
6660,2,1715
6660,3,1018
6660,4,757
6660,5,220
6660,6,22
6661,0,750
6661,1,2164
6661,2,1767
6661,3,969
6661,4,774
6661,5,217
6661,6,19
6661,7,1
6662,0,741
6662,1,2214
6662,2,1692
6662,3,1028
6662,4,726
6662,5,244
6662,6,17
6663,0,764
6663,1,2131
6663,2,1791
6663,3,968
6663,4,763
6663,5,225
6663,6,21
6664,0,788
6664,1,2152
6664,2,1721
6664,3,981
6664,4,768
6664,5,234
6664,6,20
6665,0,729
6665,1,2172
6665,2,1769
6665,3,1027
6665,4,729
6665,5,217
6665,6,21
6665,7,1
6666,0,773
6666,1,2158
6666,2,1709
6666,3,1021
6666,4,757
6666,5,229
6666,6,19
6667,0,766
6667,1,2141
6667,2,1760
6667,3,1009
6667,4,744
6667,5,228
6667,6,18
6667,7,1
6668,0,756
6668,1,2212
6668,2,1696
6668,3,979
6668,4,772
6668,5,236
6668,6,17
6669,0,754
6669,1,2153
6669,2,1786
6669,3,984
6669,4,734
6669,5,239
6669,6,19
6670,0,736
6670,1,2211
6670,2,1717
6670,3,1007
6670,4,744
6670,5,235
6670,6,20
6671,0,747
6671,1,2193
6671,2,1726
6671,3,988
6671,4,785
6671,5,210
6671,6,22
6672,0,776
6672,1,2136
6672,2,1779
6672,3,981
6672,4,733
6672,5,249
6672,6,18
6673,0,761
6673,1,2155
6673,2,1737
6673,3,1021
6673,4,768
6673,5,210
6673,6,20
6673,7,1
6674,0,747
6674,1,2177
6674,2,1750
6674,3,1024
6674,4,725
6674,5,230
6674,6,20
6674,7,1
6675,0,772
6675,1,2163
6675,2,1734
6675,3,988
6675,4,763
6675,5,236
6675,6,19
6676,0,764
6676,1,2133
6676,2,1767
6676,3,1031
6676,4,726
6676,5,238
6676,6,17
6677,0,784
6677,1,2133
6677,2,1770
6677,3,971
6677,4,769
6677,5,232
6677,6,18
6678,0,766
6678,1,2140
6678,2,1751
6678,3,1049
6678,4,726
6678,5,219
6678,6,27
6679,0,773
6679,1,2135
6679,2,1754
6679,3,1028
6679,4,742
6679,5,233
6679,6,14
6680,0,724
6680,1,2243
6680,2,1721
6680,3,974
6680,4,767
6680,5,229
6680,6,22
6681,0,771
6681,1,2128
6681,2,1823
6681,3,957
6681,4,733
6681,5,250
6681,6,18
6681,7,1
6682,0,771
6682,1,2131
6682,2,1772
6682,3,1019
6682,4,746
6682,5,223
6682,6,20
6683,0,720
6683,1,2244
6683,2,1726
6683,3,987
6683,4,754
6683,5,233
6683,6,19
6684,0,785
6684,1,2158
6684,2,1706
6684,3,1026
6684,4,761
6684,5,227
6684,6,21
6685,0,776
6685,1,2154
6685,2,1755
6685,3,964
6685,4,786
6685,5,232
6685,6,18
6686,0,770
6686,1,2118
6686,2,1817
6686,3,1002
6686,4,733
6686,5,225
6686,6,21
6687,0,755
6687,1,2161
6687,2,1777
6687,3,1010
6687,4,724
6687,5,240
6687,6,19
6687,7,1
6688,0,761
6688,1,2147
6688,2,1790
6688,3,997
6688,4,734
6688,5,237
6688,6,22
6689,0,778
6689,1,2149
6689,2,1727
6689,3,1022
6689,4,768
6689,5,227
6689,6,17
6689,7,1
6690,0,785
6690,1,2145
6690,2,1735
6690,3,1034
6690,4,728
6690,5,242
6690,6,21
6691,0,733
6691,1,2183
6691,2,1797
6691,3,980
6691,4,760
6691,5,220
6691,6,18
6692,0,770
6692,1,2160
6692,2,1775
6692,3,980
6692,4,746
6692,5,245
6692,6,15
6692,7,1
6693,0,742
6693,1,2188
6693,2,1765
6693,3,990
6693,4,761
6693,5,223
6693,6,24
6694,0,767
6694,1,2198
6694,2,1694
6694,3,1035
6694,4,750
6694,5,232
6694,6,18
6695,0,716
6695,1,2244
6695,2,1731
6695,3,989
6695,4,765
6695,5,230
6695,6,20
6696,0,761
6696,1,2155
6696,2,1757
6696,3,1027
6696,4,760
6696,5,215
6696,6,20
6696,7,1
6697,0,782
6697,1,2171
6697,2,1730
6697,3,996
6697,4,755
6697,5,246
6697,6,17
6698,0,769
6698,1,2159
6698,2,1759
6698,3,1034
6698,4,710
6698,5,249
6698,6,18
6699,0,742
6699,1,2185
6699,2,1784
6699,3,979
6699,4,768
6699,5,219
6699,6,22
6700,0,759
6700,1,2175
6700,2,1767
6700,3,1005
6700,4,735
6700,5,241
6700,6,18
6701,0,764
6701,1,2169
6701,2,1741
6701,3,1022
6701,4,750
6701,5,236
6701,6,18
6701,7,1
6702,0,754
6702,1,2200
6702,2,1731
6702,3,1014
6702,4,745
6702,5,242
6702,6,15
6702,7,1
6703,0,757
6703,1,2182
6703,2,1763
6703,3,996
6703,4,767
6703,5,217
6703,6,20
6703,7,1
6704,0,784
6704,1,2145
6704,2,1742
6704,3,1034
6704,4,735
6704,5,248
6704,6,16
6705,0,764
6705,1,2199
6705,2,1715
6705,3,989
6705,4,790
6705,5,228
6705,6,20
6706,0,738
6706,1,2220
6706,2,1732
6706,3,1034
6706,4,728
6706,5,232
6706,6,21
6706,7,1
6707,0,763
6707,1,2144
6707,2,1808
6707,3,1007
6707,4,720
6707,5,246
6707,6,19
6708,0,765
6708,1,2153
6708,2,1778
6708,3,1016
6708,4,745
6708,5,234
6708,6,17
6709,0,769
6709,1,2137
6709,2,1807
6709,3,988
6709,4,746
6709,5,241
6709,6,21
6710,0,736
6710,1,2217
6710,2,1766
6710,3,984
6710,4,757
6710,5,233
6710,6,17
6711,0,785
6711,1,2120
6711,2,1821
6711,3,981
6711,4,752
6711,5,231
6711,6,21
6712,0,813
6712,1,2096
6712,2,1765
6712,3,1018
6712,4,763
6712,5,236
6712,6,21
6713,0,775
6713,1,2175
6713,2,1755
6713,3,1000
6713,4,752
6713,5,236
6713,6,20
6714,0,743
6714,1,2237
6714,2,1706
6714,3,1000
6714,4,782
6714,5,231
6714,6,14
6714,7,1
6715,0,752
6715,1,2168
6715,2,1804
6715,3,995
6715,4,737
6715,5,238
6715,6,20
6715,7,1
6716,0,771
6716,1,2182
6716,2,1724
6716,3,1030
6716,4,757
6716,5,232
6716,6,20
6717,0,773
6717,1,2144
6717,2,1797
6717,3,1001
6717,4,751
6717,5,227
6717,6,24
6718,0,739
6718,1,2190
6718,2,1788
6718,3,1005
6718,4,745
6718,5,230
6718,6,21
6719,0,747
6719,1,2233
6719,2,1717
6719,3,990
6719,4,777
6719,5,239
6719,6,15
6719,7,1
6720,0,742
6720,1,2225
6720,2,1751
6720,3,992
6720,4,757
6720,5,237
6720,6,16
6721,0,767
6721,1,2136
6721,2,1820
6721,3,1004
6721,4,738
6721,5,239
6721,6,15
6721,7,2
6722,0,751
6722,1,2193
6722,2,1776
6722,3,981
6722,4,767
6722,5,237
6722,6,17
6723,0,757
6723,1,2195
6723,2,1752
6723,3,1017
6723,4,750
6723,5,233
6723,6,18
6723,7,1
6724,0,791
6724,1,2134
6724,2,1787
6724,3,996
6724,4,757
6724,5,241
6724,6,18
6725,0,774
6725,1,2199
6725,2,1723
6725,3,1009
6725,4,754
6725,5,251
6725,6,15
6726,0,783
6726,1,2145
6726,2,1754
6726,3,1042
6726,4,771
6726,5,206
6726,6,24
6726,7,1
6727,0,754
6727,1,2188
6727,2,1789
6727,3,984
6727,4,751
6727,5,241
6727,6,20
6728,0,781
6728,1,2158
6728,2,1771
6728,3,986
6728,4,787
6728,5,228
6728,6,17
6729,0,783
6729,1,2131
6729,2,1784
6729,3,1044
6729,4,726
6729,5,240
6729,6,21
6730,0,751
6730,1,2190
6730,2,1772
6730,3,1031
6730,4,737
6730,5,227
6730,6,22
6731,0,792
6731,1,2118
6731,2,1816
6731,3,992
6731,4,757
6731,5,236
6731,6,20
6732,0,785
6732,1,2149
6732,2,1771
6732,3,1033
6732,4,738
6732,5,234
6732,6,22
6733,0,762
6733,1,2190
6733,2,1735
6733,3,1029
6733,4,769
6733,5,229
6733,6,19
6734,0,797
6734,1,2133
6734,2,1762
6734,3,1048
6734,4,746
6734,5,231
6734,6,16
6734,7,1
6735,0,755
6735,1,2192
6735,2,1766
6735,3,1018
6735,4,743
6735,5,241
6735,6,19
6735,7,1
6736,0,751
6736,1,2226
6736,2,1753
6736,3,986
6736,4,746
6736,5,261
6736,6,13
6737,0,772
6737,1,2137
6737,2,1824
6737,3,1013
6737,4,731
6737,5,239
6737,6,21
6738,0,739
6738,1,2251
6738,2,1751
6738,3,969
6738,4,762
6738,5,252
6738,6,12
6738,7,2
6739,0,743
6739,1,2179
6739,2,1813
6739,3,1001
6739,4,746
6739,5,236
6739,6,21
6740,0,806
6740,1,2129
6740,2,1754
6740,3,1063
6740,4,726
6740,5,244
6740,6,18
6741,0,789
6741,1,2159
6741,2,1761
6741,3,1024
6741,4,754
6741,5,235
6741,6,18
6741,7,1
6742,0,786
6742,1,2146
6742,2,1775
6742,3,1041
6742,4,735
6742,5,241
6742,6,18
6743,0,757
6743,1,2168
6743,2,1793
6743,3,1039
6743,4,732
6743,5,234
6743,6,19
6743,7,1
6744,0,752
6744,1,2220
6744,2,1746
6744,3,1009
6744,4,766
6744,5,233
6744,6,18
6745,0,767
6745,1,2206
6745,2,1745
6745,3,983
6745,4,790
6745,5,236
6745,6,17
6745,7,1
6746,0,769
6746,1,2199
6746,2,1740
6746,3,1028
6746,4,753
6746,5,239
6746,6,18
6747,0,772
6747,1,2186
6747,2,1760
6747,3,1017
6747,4,761
6747,5,229
6747,6,22
6748,0,768
6748,1,2152
6748,2,1811
6748,3,1021
6748,4,751
6748,5,219
6748,6,26
6749,0,753
6749,1,2218
6749,2,1729
6749,3,1042
6749,4,750
6749,5,241
6749,6,16
6750,0,756
6750,1,2191
6750,2,1795
6750,3,999
6750,4,757
6750,5,227
6750,6,25
6751,0,807
6751,1,2137
6751,2,1774
6751,3,1019
6751,4,760
6751,5,234
6751,6,18
6751,7,2
6752,0,754
6752,1,2202
6752,2,1763
6752,3,1033
6752,4,747
6752,5,234
6752,6,19
6753,0,793
6753,1,2123
6753,2,1819
6753,3,998
6753,4,767
6753,5,235
6753,6,17
6753,7,1
6754,0,747
6754,1,2219
6754,2,1763
6754,3,1020
6754,4,747
6754,5,239
6754,6,19
6755,0,771
6755,1,2187
6755,2,1781
6755,3,1004
6755,4,754
6755,5,236
6755,6,22
6756,0,767
6756,1,2204
6756,2,1754
6756,3,1025
6756,4,737
6756,5,253
6756,6,16
6757,0,753
6757,1,2209
6757,2,1764
6757,3,1015
6757,4,765
6757,5,229
6757,6,22
6758,0,775
6758,1,2189
6758,2,1761
6758,3,1013
6758,4,772
6758,5,226
6758,6,22
6759,0,761
6759,1,2210
6759,2,1752
6759,3,1016
6759,4,762
6759,5,241
6759,6,16
6759,7,1
6760,0,772
6760,1,2214
6760,2,1738
6760,3,1001
6760,4,779
6760,5,234
6760,6,22
6761,0,767
6761,1,2201
6761,2,1768
6761,3,1008
6761,4,761
6761,5,240
6761,6,15
6761,7,1
6762,0,748
6762,1,2216
6762,2,1775
6762,3,1014
6762,4,756
6762,5,231
6762,6,22
6763,0,799
6763,1,2138
6763,2,1774
6763,3,1034
6763,4,770
6763,5,231
6763,6,16
6763,7,1
6764,0,787
6764,1,2163
6764,2,1768
6764,3,1052
6764,4,738
6764,5,234
6764,6,22
6765,0,766
6765,1,2182
6765,2,1801
6765,3,990
6765,4,766
6765,5,241
6765,6,19
6766,0,746
6766,1,2233
6766,2,1765
6766,3,1005
6766,4,762
6766,5,231
6766,6,24
6767,0,719
6767,1,2258
6767,2,1792
6767,3,1007
6767,4,729
6767,5,240
6767,6,22
6768,0,786
6768,1,2183
6768,2,1757
6768,3,1004
6768,4,779
6768,5,240
6768,6,19
6769,0,735
6769,1,2227
6769,2,1790
6769,3,1023
6769,4,737
6769,5,237
6769,6,20
6770,0,789
6770,1,2195
6770,2,1725
6770,3,1026
6770,4,780
6770,5,239
6770,6,15
6770,7,1
6771,0,767
6771,1,2170
6771,2,1829
6771,3,994
6771,4,753
6771,5,240
6771,6,18
6772,0,781
6772,1,2183
6772,2,1760
6772,3,1041
6772,4,760
6772,5,226
6772,6,21
6773,0,772
6773,1,2180
6773,2,1776
6773,3,1033
6773,4,752
6773,5,244
6773,6,14
6773,7,2
6774,0,797
6774,1,2155
6774,2,1776
6774,3,1031
6774,4,764
6774,5,233
6774,6,17
6774,7,1
6775,0,775
6775,1,2204
6775,2,1759
6775,3,982
6775,4,812
6775,5,220
6775,6,23
6776,0,789
6776,1,2163
6776,2,1793
6776,3,1017
6776,4,762
6776,5,230
6776,6,22
6777,0,759
6777,1,2220
6777,2,1751
6777,3,1020
6777,4,769
6777,5,240
6777,6,17
6777,7,1
6778,0,765
6778,1,2192
6778,2,1813
6778,3,991
6778,4,768
6778,5,230
6778,6,19
6779,0,751
6779,1,2250
6779,2,1744
6779,3,994
6779,4,778
6779,5,240
6779,6,22
6780,0,729
6780,1,2260
6780,2,1754
6780,3,1022
6780,4,757
6780,5,240
6780,6,18
6781,0,785
6781,1,2158
6781,2,1810
6781,3,1013
6781,4,752
6781,5,241
6781,6,22
6782,0,776
6782,1,2175
6782,2,1813
6782,3,1025
6782,4,720
6782,5,256
6782,6,17
6783,0,779
6783,1,2172
6783,2,1804
6783,3,1013
6783,4,764
6783,5,229
6783,6,21
6783,7,1
6784,0,746
6784,1,2254
6784,2,1750
6784,3,1003
6784,4,781
6784,5,231
6784,6,19
6785,0,790
6785,1,2149
6785,2,1808
6785,3,1028
6785,4,743
6785,5,250
6785,6,17
6786,0,773
6786,1,2195
6786,2,1790
6786,3,1005
6786,4,765
6786,5,235
6786,6,23
6787,0,774
6787,1,2213
6787,2,1747
6787,3,1007
6787,4,797
6787,5,229
6787,6,20
6788,0,756
6788,1,2257
6788,2,1731
6788,3,1015
6788,4,774
6788,5,239
6788,6,16
6789,0,759
6789,1,2221
6789,2,1746
6789,3,1039
6789,4,786
6789,5,220
6789,6,18
6790,0,757
6790,1,2238
6790,2,1753
6790,3,1028
6790,4,745
6790,5,247
6790,6,21
6790,7,1
6791,0,753
6791,1,2197
6791,2,1835
6791,3,1003
6791,4,743
6791,5,239
6791,6,21
6792,0,766
6792,1,2216
6792,2,1785
6792,3,983
6792,4,787
6792,5,230
6792,6,25
6793,0,768
6793,1,2190
6793,2,1798
6793,3,1023
6793,4,767
6793,5,226
6793,6,21
6794,0,772
6794,1,2206
6794,2,1779
6794,3,1002
6794,4,781
6794,5,232
6794,6,22
6795,0,784
6795,1,2171
6795,2,1814
6795,3,1003
6795,4,773
6795,5,229
6795,6,21
6796,0,772
6796,1,2208
6796,2,1768
6796,3,1038
6796,4,753
6796,5,238
6796,6,18
6796,7,1
6797,0,784
6797,1,2177
6797,2,1766
6797,3,1058
6797,4,767
6797,5,228
6797,6,16
6797,7,1
6798,0,759
6798,1,2227
6798,2,1753
6798,3,1046
6798,4,747
6798,5,246
6798,6,19
6798,7,1
6799,0,767
6799,1,2225
6799,2,1769
6799,3,1001
6799,4,773
6799,5,247
6799,6,17
6800,0,763
6800,1,2199
6800,2,1803
6800,3,1028
6800,4,744
6800,5,241
6800,6,22
6801,0,766
6801,1,2244
6801,2,1758
6801,3,990
6801,4,786
6801,5,239
6801,6,18
6802,0,758
6802,1,2199
6802,2,1837
6802,3,998
6802,4,734
6802,5,255
6802,6,21
6803,0,739
6803,1,2245
6803,2,1793
6803,3,1020
6803,4,749
6803,5,238
6803,6,19
6804,0,777
6804,1,2212
6804,2,1756
6804,3,1025
6804,4,780
6804,5,237
6804,6,17
6805,0,775
6805,1,2178
6805,2,1807
6805,3,1042
6805,4,757
6805,5,219
6805,6,27
6806,0,789
6806,1,2196
6806,2,1744
6806,3,1034
6806,4,800
6806,5,217
6806,6,26
6807,0,769
6807,1,2196
6807,2,1807
6807,3,1030
6807,4,746
6807,5,242
6807,6,16
6807,7,1
6808,0,755
6808,1,2258
6808,2,1758
6808,3,1002
6808,4,772
6808,5,242
6808,6,21
6809,0,792
6809,1,2170
6809,2,1805
6809,3,1005
6809,4,778
6809,5,237
6809,6,22
6810,0,766
6810,1,2218
6810,2,1788
6810,3,1007
6810,4,778
6810,5,235
6810,6,18
6811,0,767
6811,1,2217
6811,2,1785
6811,3,1022
6811,4,755
6811,5,245
6811,6,20
6812,0,776
6812,1,2177
6812,2,1829
6812,3,1016
6812,4,754
6812,5,239
6812,6,21
6813,0,789
6813,1,2204
6813,2,1736
6813,3,1050
6813,4,786
6813,5,228
6813,6,19
6813,7,1
6814,0,758
6814,1,2237
6814,2,1782
6814,3,1022
6814,4,745
6814,5,256
6814,6,13
6814,7,1
6815,0,751
6815,1,2233
6815,2,1806
6815,3,998
6815,4,768
6815,5,239
6815,6,19
6815,7,1
6816,0,766
6816,1,2204
6816,2,1787
6816,3,1039
6816,4,772
6816,5,228
6816,6,20
6817,0,789
6817,1,2179
6817,2,1808
6817,3,1023
6817,4,762
6817,5,232
6817,6,24
6818,0,775
6818,1,2221
6818,2,1759
6818,3,1026
6818,4,785
6818,5,233
6818,6,19
6819,0,812
6819,1,2174
6819,2,1745
6819,3,1062
6819,4,774
6819,5,235
6819,6,16
6819,7,1
6820,0,745
6820,1,2247
6820,2,1801
6820,3,1019
6820,4,742
6820,5,247
6820,6,18
6820,7,1
6821,0,775
6821,1,2209
6821,2,1782
6821,3,1013
6821,4,792
6821,5,227
6821,6,23
6822,0,761
6822,1,2255
6822,2,1768
6822,3,996
6822,4,785
6822,5,236
6822,6,21
6823,0,773
6823,1,2209
6823,2,1810
6823,3,988
6823,4,780
6823,5,240
6823,6,23
6824,0,772
6824,1,2226
6824,2,1776
6824,3,1024
6824,4,772
6824,5,230
6824,6,24
6825,0,755
6825,1,2201
6825,2,1818
6825,3,1056
6825,4,740
6825,5,232
6825,6,22
6825,7,1
6826,0,816
6826,1,2151
6826,2,1806
6826,3,1017
6826,4,777
6826,5,243
6826,6,16
6827,0,782
6827,1,2192
6827,2,1793
6827,3,1042
6827,4,767
6827,5,232
6827,6,19
6828,0,776
6828,1,2206
6828,2,1801
6828,3,1004
6828,4,774
6828,5,245
6828,6,22
6829,0,781
6829,1,2201
6829,2,1791
6829,3,1035
6829,4,774
6829,5,226
6829,6,21
6830,0,767
6830,1,2234
6830,2,1791
6830,3,997
6830,4,778
6830,5,243
6830,6,20
6831,0,777
6831,1,2224
6831,2,1760
6831,3,1039
6831,4,767
6831,5,244
6831,6,20
6832,0,772
6832,1,2220
6832,2,1760
6832,3,1059
6832,4,777
6832,5,221
6832,6,23
6833,0,791
6833,1,2178
6833,2,1813
6833,3,1018
6833,4,786
6833,5,227
6833,6,20
6834,0,774
6834,1,2219
6834,2,1789
6834,3,1037
6834,4,755
6834,5,238
6834,6,21
6834,7,1
6835,0,742
6835,1,2249
6835,2,1797
6835,3,1032
6835,4,754
6835,5,239
6835,6,22
6836,0,767
6836,1,2235
6836,2,1764
6836,3,1048
6836,4,766
6836,5,235
6836,6,21
6837,0,791
6837,1,2195
6837,2,1802
6837,3,1012
6837,4,776
6837,5,241
6837,6,19
6837,7,1
6838,0,766
6838,1,2253
6838,2,1761
6838,3,1001
6838,4,797
6838,5,242
6838,6,18
6839,0,790
6839,1,2212
6839,2,1778
6839,3,1017
6839,4,783
6839,5,237
6839,6,22
6840,0,788
6840,1,2204
6840,2,1784
6840,3,1026
6840,4,784
6840,5,232
6840,6,22
6841,0,770
6841,1,2204
6841,2,1801
6841,3,1061
6841,4,749
6841,5,237
6841,6,19
6842,0,775
6842,1,2234
6842,2,1764
6842,3,1043
6842,4,770
6842,5,232
6842,6,24
6843,0,780
6843,1,2237
6843,2,1774
6843,3,998
6843,4,796
6843,5,241
6843,6,16
6843,7,1
6844,0,762
6844,1,2217
6844,2,1807
6844,3,1043
6844,4,752
6844,5,241
6844,6,22
6845,0,762
6845,1,2249
6845,2,1783
6845,3,1018
6845,4,769
6845,5,247
6845,6,17
6846,0,785
6846,1,2200
6846,2,1787
6846,3,1051
6846,4,775
6846,5,228
6846,6,20
6847,0,790
6847,1,2175
6847,2,1824
6847,3,1033
6847,4,770
6847,5,236
6847,6,18
6847,7,1
6848,0,803
6848,1,2174
6848,2,1807
6848,3,1019
6848,4,780
6848,5,250
6848,6,14
6848,7,1
6849,0,746
6849,1,2273
6849,2,1774
6849,3,1044
6849,4,755
6849,5,233
6849,6,24
6850,0,769
6850,1,2215
6850,2,1797
6850,3,1055
6850,4,758
6850,5,234
6850,6,22
6851,0,783
6851,1,2237
6851,2,1768
6851,3,1012
6851,4,784
6851,5,250
6851,6,16
6851,7,1
6852,0,765
6852,1,2256
6852,2,1776
6852,3,1008
6852,4,795
6852,5,231
6852,6,20
6852,7,1
6853,0,779
6853,1,2210
6853,2,1819
6853,3,1020
6853,4,755
6853,5,248
6853,6,22
6854,0,773
6854,1,2231
6854,2,1770
6854,3,1057
6854,4,766
6854,5,241
6854,6,16
6855,0,802
6855,1,2207
6855,2,1759
6855,3,1041
6855,4,793
6855,5,230
6855,6,22
6855,7,1
6856,0,764
6856,1,2224
6856,2,1824
6856,3,1014
6856,4,772
6856,5,239
6856,6,18
6856,7,1
6857,0,770
6857,1,2274
6857,2,1749
6857,3,1014
6857,4,778
6857,5,253
6857,6,19
6858,0,772
6858,1,2176
6858,2,1867
6858,3,1043
6858,4,746
6858,5,231
6858,6,23
6859,0,750
6859,1,2268
6859,2,1786
6859,3,1009
6859,4,787
6859,5,236
6859,6,23
6860,0,752
6860,1,2259
6860,2,1807
6860,3,1029
6860,4,746
6860,5,249
6860,6,18
6861,0,758
6861,1,2257
6861,2,1793
6861,3,1005
6861,4,797
6861,5,228
6861,6,23
6862,0,775
6862,1,2224
6862,2,1804
6862,3,1012
6862,4,793
6862,5,235
6862,6,18
6862,7,1
6863,0,809
6863,1,2183
6863,2,1806
6863,3,1008
6863,4,801
6863,5,239
6863,6,17
6864,0,775
6864,1,2207
6864,2,1839
6864,3,1027
6864,4,751
6864,5,242
6864,6,22
6864,7,1
6865,0,796
6865,1,2229
6865,2,1736
6865,3,1063
6865,4,788
6865,5,233
6865,6,19
6865,7,1
6866,0,783
6866,1,2218
6866,2,1787
6866,3,1046
6866,4,784
6866,5,224
6866,6,24
6867,0,766
6867,1,2241
6867,2,1796
6867,3,1038
6867,4,764
6867,5,242
6867,6,20
6868,0,785
6868,1,2186
6868,2,1848
6868,3,1027
6868,4,763
6868,5,237
6868,6,21
6868,7,1
6869,0,797
6869,1,2182
6869,2,1784
6869,3,1074
6869,4,784
6869,5,225
6869,6,23
6870,0,796
6870,1,2199
6870,2,1829
6870,3,1019
6870,4,765
6870,5,239
6870,6,23
6871,0,748
6871,1,2292
6871,2,1739
6871,3,1053
6871,4,773
6871,5,251
6871,6,14
6871,7,1
6872,0,764
6872,1,2267
6872,2,1792
6872,3,1011
6872,4,769
6872,5,250
6872,6,19
6873,0,770
6873,1,2254
6873,2,1772
6873,3,1033
6873,4,787
6873,5,239
6873,6,18
6874,0,763
6874,1,2240
6874,2,1794
6874,3,1046
6874,4,770
6874,5,241
6874,6,19
6874,7,1
6875,0,820
6875,1,2168
6875,2,1817
6875,3,1040
6875,4,767
6875,5,242
6875,6,21
6876,0,764
6876,1,2244
6876,2,1821
6876,3,1000
6876,4,782
6876,5,247
6876,6,17
6876,7,1
6877,0,787
6877,1,2222
6877,2,1779
6877,3,1059
6877,4,770
6877,5,237
6877,6,23
6878,0,787
6878,1,2214
6878,2,1815
6878,3,1039
6878,4,757
6878,5,248
6878,6,17
6878,7,1
6879,0,779
6879,1,2199
6879,2,1824
6879,3,1046
6879,4,785
6879,5,222
6879,6,24
6880,0,776
6880,1,2251
6880,2,1784
6880,3,1034
6880,4,760
6880,5,255
6880,6,20
6881,0,753
6881,1,2284
6881,2,1809
6881,3,964
6881,4,810
6881,5,238
6881,6,23
6882,0,801
6882,1,2178
6882,2,1814
6882,3,1061
6882,4,782
6882,5,225
6882,6,21
6883,0,788
6883,1,2216
6883,2,1805
6883,3,1051
6883,4,761
6883,5,240
6883,6,21
6883,7,1
6884,0,776
6884,1,2232
6884,2,1795
6884,3,1058
6884,4,764
6884,5,235
6884,6,24
6885,0,765
6885,1,2245
6885,2,1822
6885,3,1012
6885,4,785
6885,5,236
6885,6,20
6886,0,785
6886,1,2235
6886,2,1796
6886,3,1015
6886,4,787
6886,5,250
6886,6,18
6887,0,759
6887,1,2255
6887,2,1802
6887,3,1057
6887,4,739
6887,5,259
6887,6,15
6887,7,1
6888,0,763
6888,1,2247
6888,2,1827
6888,3,1011
6888,4,775
6888,5,243
6888,6,22
6889,0,761
6889,1,2270
6889,2,1815
6889,3,994
6889,4,795
6889,5,233
6889,6,20
6889,7,1
6890,0,804
6890,1,2182
6890,2,1820
6890,3,1043
6890,4,775
6890,5,247
6890,6,19
6891,0,813
6891,1,2173
6891,2,1834
6891,3,1029
6891,4,771
6891,5,253
6891,6,17
6891,7,1
6892,0,771
6892,1,2257
6892,2,1767
6892,3,1060
6892,4,791
6892,5,224
6892,6,21
6892,7,1
6893,0,763
6893,1,2261
6893,2,1795
6893,3,1053
6893,4,753
6893,5,248
6893,6,20
6894,0,807
6894,1,2167
6894,2,1848
6894,3,1054
6894,4,761
6894,5,237
6894,6,20
6895,0,778
6895,1,2251
6895,2,1778
6895,3,1031
6895,4,794
6895,5,242
6895,6,21
6896,0,770
6896,1,2247
6896,2,1835
6896,3,984
6896,4,799
6896,5,238
6896,6,23
6897,0,779
6897,1,2225
6897,2,1853
6897,3,1011
6897,4,757
6897,5,252
6897,6,20
6898,0,778
6898,1,2249
6898,2,1784
6898,3,1036
6898,4,786
6898,5,246
6898,6,18
6898,7,1
6899,0,787
6899,1,2266
6899,2,1751
6899,3,1035
6899,4,811
6899,5,231
6899,6,18
6900,0,759
6900,1,2285
6900,2,1773
6900,3,1027
6900,4,798
6900,5,233
6900,6,25
6901,0,779
6901,1,2265
6901,2,1768
6901,3,1030
6901,4,815
6901,5,225
6901,6,18
6901,7,1
6902,0,767
6902,1,2258
6902,2,1808
6902,3,1025
6902,4,784
6902,5,240
6902,6,19
6902,7,1
6903,0,755
6903,1,2270
6903,2,1816
6903,3,1044
6903,4,744
6903,5,257
6903,6,17
6904,0,770
6904,1,2256
6904,2,1800
6904,3,1034
6904,4,778
6904,5,245
6904,6,21
6905,0,799
6905,1,2189
6905,2,1846
6905,3,1044
6905,4,775
6905,5,230
6905,6,21
6905,7,1
6906,0,791
6906,1,2238
6906,2,1805
6906,3,1003
6906,4,803
6906,5,246
6906,6,20
6907,0,766
6907,1,2254
6907,2,1841
6907,3,1005
6907,4,781
6907,5,237
6907,6,23
6908,0,784
6908,1,2223
6908,2,1802
6908,3,1064
6908,4,764
6908,5,252
6908,6,19
6909,0,761
6909,1,2290
6909,2,1784
6909,3,1027
6909,4,787
6909,5,235
6909,6,25
6910,0,779
6910,1,2255
6910,2,1782
6910,3,1031
6910,4,818
6910,5,222
6910,6,23
6911,0,776
6911,1,2250
6911,2,1815
6911,3,1039
6911,4,756
6911,5,256
6911,6,19
6912,0,784
6912,1,2235
6912,2,1830
6912,3,1023
6912,4,765
6912,5,256
6912,6,18
6912,7,1
6913,0,777
6913,1,2265
6913,2,1779
6913,3,1043
6913,4,783
6913,5,248
6913,6,18
6914,0,802
6914,1,2219
6914,2,1768
6914,3,1090
6914,4,798
6914,5,216
6914,6,20
6914,7,1
6915,0,778
6915,1,2220
6915,2,1840
6915,3,1058
6915,4,739
6915,5,257
6915,6,23
6916,0,794
6916,1,2193
6916,2,1881
6916,3,1014
6916,4,776
6916,5,236
6916,6,22
6917,0,805
6917,1,2218
6917,2,1780
6917,3,1052
6917,4,809
6917,5,230
6917,6,23
6918,0,794
6918,1,2224
6918,2,1810
6918,3,1055
6918,4,781
6918,5,230
6918,6,24
6919,0,788
6919,1,2227
6919,2,1822
6919,3,1032
6919,4,792
6919,5,236
6919,6,22
6920,0,779
6920,1,2260
6920,2,1799
6920,3,1044
6920,4,774
6920,5,244
6920,6,20
6921,0,771
6921,1,2277
6921,2,1776
6921,3,1048
6921,4,786
6921,5,242
6921,6,19
6921,7,2
6922,0,773
6922,1,2287
6922,2,1753
6922,3,1051
6922,4,801
6922,5,240
6922,6,17
6923,0,779
6923,1,2247
6923,2,1831
6923,3,1034
6923,4,766
6923,5,243
6923,6,23
6924,0,764
6924,1,2280
6924,2,1790
6924,3,1037
6924,4,788
6924,5,248
6924,6,16
6924,7,1
6925,0,797
6925,1,2222
6925,2,1818
6925,3,1040
6925,4,790
6925,5,236
6925,6,22
6926,0,761
6926,1,2291
6926,2,1778
6926,3,1058
6926,4,771
6926,5,248
6926,6,19
6927,0,787
6927,1,2245
6927,2,1822
6927,3,1025
6927,4,773
6927,5,257
6927,6,18
6928,0,771
6928,1,2255
6928,2,1854
6928,3,994
6928,4,782
6928,5,253
6928,6,18
6928,7,1
6929,0,787
6929,1,2240
6929,2,1802
6929,3,1040
6929,4,805
6929,5,227
6929,6,28
6930,0,785
6930,1,2243
6930,2,1860
6930,3,993
6930,4,788
6930,5,240
6930,6,21
6931,0,759
6931,1,2284
6931,2,1802
6931,3,1025
6931,4,806
6931,5,232
6931,6,23
6932,0,753
6932,1,2297
6932,2,1807
6932,3,1027
6932,4,776
6932,5,255
6932,6,16
6932,7,1
6933,0,771
6933,1,2285
6933,2,1782
6933,3,1033
6933,4,800
6933,5,242
6933,6,20
6934,0,801
6934,1,2232
6934,2,1781
6934,3,1096
6934,4,769
6934,5,235
6934,6,19
6934,7,1
6935,0,810
6935,1,2211
6935,2,1830
6935,3,1016
6935,4,808
6935,5,238
6935,6,22
6936,0,778
6936,1,2251
6936,2,1809
6936,3,1078
6936,4,750
6936,5,252
6936,6,18
6937,0,792
6937,1,2236
6937,2,1835
6937,3,1027
6937,4,768
6937,5,260
6937,6,18
6937,7,1
6938,0,782
6938,1,2232
6938,2,1846
6938,3,1030
6938,4,796
6938,5,233
6938,6,18
6938,7,1
6939,0,773
6939,1,2269
6939,2,1823
6939,3,1037
6939,4,774
6939,5,242
6939,6,21
6940,0,800
6940,1,2214
6940,2,1838
6940,3,1038
6940,4,790
6940,5,232
6940,6,28
6941,0,754
6941,1,2295
6941,2,1797
6941,3,1046
6941,4,790
6941,5,242
6941,6,17
6942,0,806
6942,1,2249
6942,2,1762
6942,3,1075
6942,4,782
6942,5,249
6942,6,18
6942,7,1
6943,0,770
6943,1,2286
6943,2,1809
6943,3,1003
6943,4,817
6943,5,236
6943,6,22
6944,0,740
6944,1,2324
6944,2,1810
6944,3,1017
6944,4,798
6944,5,233
6944,6,22
6945,0,794
6945,1,2275
6945,2,1764
6945,3,1056
6945,4,794
6945,5,241
6945,6,21
6946,0,780
6946,1,2249
6946,2,1837
6946,3,1036
6946,4,769
6946,5,254
6946,6,20
6946,7,1
6947,0,798
6947,1,2220
6947,2,1830
6947,3,1058
6947,4,778
6947,5,244
6947,6,19
6948,0,794
6948,1,2229
6948,2,1857
6948,3,1016
6948,4,785
6948,5,248
6948,6,19
6949,0,789
6949,1,2226
6949,2,1859
6949,3,1032
6949,4,783
6949,5,237
6949,6,22
6949,7,1
6950,0,794
6950,1,2234
6950,2,1802
6950,3,1089
6950,4,772
6950,5,238
6950,6,21
6951,0,778
6951,1,2251
6951,2,1830
6951,3,1062
6951,4,754
6951,5,259
6951,6,16
6951,7,1
6952,0,798
6952,1,2244
6952,2,1811
6952,3,1057
6952,4,765
6952,5,259
6952,6,17
6952,7,1
6953,0,800
6953,1,2247
6953,2,1791
6953,3,1056
6953,4,811
6953,5,223
6953,6,25
6954,0,754
6954,1,2329
6954,2,1787
6954,3,1018
6954,4,801
6954,5,244
6954,6,21
6955,0,799
6955,1,2208
6955,2,1840
6955,3,1068
6955,4,775
6955,5,242
6955,6,23
6956,0,798
6956,1,2253
6956,2,1806
6956,3,1046
6956,4,803
6956,5,226
6956,6,24
6957,0,777
6957,1,2247
6957,2,1843
6957,3,1067
6957,4,755
6957,5,244
6957,6,24
6958,0,774
6958,1,2286
6958,2,1829
6958,3,989
6958,4,800
6958,5,262
6958,6,18
6959,0,759
6959,1,2295
6959,2,1814
6959,3,1049
6959,4,783
6959,5,237
6959,6,22
6960,0,792
6960,1,2251
6960,2,1807
6960,3,1066
6960,4,778
6960,5,245
6960,6,21
6961,0,796
6961,1,2238
6961,2,1840
6961,3,1029
6961,4,789
6961,5,249
6961,6,19
6961,7,1
6962,0,773
6962,1,2250
6962,2,1844
6962,3,1068
6962,4,755
6962,5,256
6962,6,16
6963,0,815
6963,1,2195
6963,2,1879
6963,3,1017
6963,4,796
6963,5,232
6963,6,29
6964,0,799
6964,1,2240
6964,2,1820
6964,3,1066
6964,4,786
6964,5,230
6964,6,23
6965,0,828
6965,1,2208
6965,2,1780
6965,3,1094
6965,4,797
6965,5,237
6965,6,21
6966,0,754
6966,1,2297
6966,2,1815
6966,3,1065
6966,4,764
6966,5,253
6966,6,18
6967,0,776
6967,1,2281
6967,2,1841
6967,3,1011
6967,4,778
6967,5,263
6967,6,16
6967,7,1
6968,0,758
6968,1,2304
6968,2,1823
6968,3,1036
6968,4,776
6968,5,248
6968,6,22
6968,7,1
6969,0,790
6969,1,2247
6969,2,1835
6969,3,1051
6969,4,783
6969,5,242
6969,6,21
6970,0,820
6970,1,2220
6970,2,1787
6970,3,1091
6970,4,792
6970,5,239
6970,6,20
6970,7,1
6971,0,789
6971,1,2242
6971,2,1854
6971,3,1055
6971,4,752
6971,5,261
6971,6,17
6971,7,1
6972,0,785
6972,1,2280
6972,2,1806
6972,3,1023
6972,4,809
6972,5,247
6972,6,22
6973,0,766
6973,1,2280
6973,2,1866
6973,3,1017
6973,4,770
6973,5,259
6973,6,14
6973,7,1
6974,0,747
6974,1,2338
6974,2,1787
6974,3,1043
6974,4,802
6974,5,231
6974,6,26
6975,0,834
6975,1,2200
6975,2,1806
6975,3,1081
6975,4,794
6975,5,240
6975,6,20
6976,0,762
6976,1,2299
6976,2,1816
6976,3,1043
6976,4,786
6976,5,250
6976,6,19
6976,7,1
6977,0,806
6977,1,2250
6977,2,1789
6977,3,1071
6977,4,806
6977,5,233
6977,6,22
6978,0,772
6978,1,2285
6978,2,1824
6978,3,1060
6978,4,776
6978,5,237
6978,6,23
6978,7,1
6979,0,781
6979,1,2283
6979,2,1824
6979,3,1016
6979,4,807
6979,5,248
6979,6,20
6980,0,773
6980,1,2289
6980,2,1776
6980,3,1108
6980,4,771
6980,5,243
6980,6,20
6981,0,783
6981,1,2256
6981,2,1877
6981,3,1015
6981,4,780
6981,5,249
6981,6,21
6982,0,764
6982,1,2303
6982,2,1822
6982,3,1024
6982,4,798
6982,5,250
6982,6,20
6982,7,1
6983,0,778
6983,1,2267
6983,2,1868
6983,3,985
6983,4,834
6983,5,227
6983,6,24
6984,0,813
6984,1,2222
6984,2,1840
6984,3,1066
6984,4,774
6984,5,247
6984,6,22
6985,0,778
6985,1,2300
6985,2,1779
6985,3,1084
6985,4,771
6985,5,254
6985,6,18
6985,7,1
6986,0,831
6986,1,2214
6986,2,1808
6986,3,1068
6986,4,795
6986,5,255
6986,6,14
6986,7,1
6987,0,821
6987,1,2196
6987,2,1862
6987,3,1081
6987,4,765
6987,5,234
6987,6,28
6988,0,759
6988,1,2299
6988,2,1819
6988,3,1074
6988,4,767
6988,5,247
6988,6,23
6989,0,775
6989,1,2308
6989,2,1799
6989,3,1023
6989,4,823
6989,5,240
6989,6,21
6990,0,806
6990,1,2239
6990,2,1840
6990,3,1051
6990,4,780
6990,5,256
6990,6,17
6990,7,1
6991,0,811
6991,1,2247
6991,2,1822
6991,3,1041
6991,4,811
6991,5,236
6991,6,23
6992,0,768
6992,1,2262
6992,2,1873
6992,3,1041
6992,4,793
6992,5,232
6992,6,23
6993,0,785
6993,1,2279
6993,2,1833
6993,3,1049
6993,4,760
6993,5,270
6993,6,16
6993,7,1
6994,0,780
6994,1,2281
6994,2,1810
6994,3,1061
6994,4,805
6994,5,236
6994,6,21
6995,0,807
6995,1,2213
6995,2,1860
6995,3,1084
6995,4,758
6995,5,254
6995,6,18
6995,7,1
6996,0,785
6996,1,2253
6996,2,1885
6996,3,1022
6996,4,766
6996,5,265
6996,6,20
6997,0,796
6997,1,2283
6997,2,1781
6997,3,1075
6997,4,795
6997,5,248
6997,6,18
6997,7,1
6998,0,791
6998,1,2236
6998,2,1872
6998,3,1047
6998,4,807
6998,5,216
6998,6,29
6999,0,773
6999,1,2289
6999,2,1824
6999,3,1068
6999,4,760
6999,5,266
6999,6,19
7000,0,787
7000,1,2293
7000,2,1835
7000,3,1007
7000,4,811
7000,5,246
7000,6,21
7001,0,768
7001,1,2272
7001,2,1850
7001,3,1069
7001,4,787
7001,5,231
7001,6,24
7002,0,797
7002,1,2273
7002,2,1824
7002,3,1047
7002,4,787
7002,5,257
7002,6,17
7003,0,818
7003,1,2225
7003,2,1831
7003,3,1073
7003,4,791
7003,5,242
7003,6,22
7003,7,1
7004,0,784
7004,1,2278
7004,2,1861
7004,3,1002
7004,4,808
7004,5,253
7004,6,18
7005,0,773
7005,1,2266
7005,2,1865
7005,3,1058
7005,4,782
7005,5,235
7005,6,26
7006,0,814
7006,1,2259
7006,2,1822
7006,3,1032
7006,4,807
7006,5,250
7006,6,22
7007,0,792
7007,1,2249
7007,2,1862
7007,3,1038
7007,4,807
7007,5,241
7007,6,17
7007,7,1
7008,0,780
7008,1,2290
7008,2,1815
7008,3,1077
7008,4,769
7008,5,255
7008,6,21
7008,7,1
7009,0,784
7009,1,2301
7009,2,1796
7009,3,1059
7009,4,802
7009,5,249
7009,6,18
7010,0,787
7010,1,2286
7010,2,1845
7010,3,1032
7010,4,786
7010,5,253
7010,6,21
7011,0,802
7011,1,2267
7011,2,1820
7011,3,1035
7011,4,827
7011,5,240
7011,6,20
7012,0,782
7012,1,2259
7012,2,1902
7012,3,1026
7012,4,754
7012,5,266
7012,6,23
7013,0,820
7013,1,2222
7013,2,1829
7013,3,1091
7013,4,790
7013,5,238
7013,6,22
7013,7,1
7014,0,827
7014,1,2221
7014,2,1824
7014,3,1093
7014,4,787
7014,5,245
7014,6,16
7014,7,1
7015,0,791
7015,1,2242
7015,2,1866
7015,3,1104
7015,4,726
7015,5,264
7015,6,22
7016,0,796
7016,1,2256
7016,2,1847
7016,3,1064
7016,4,790
7016,5,245
7016,6,16
7016,7,2
7017,0,776
7017,1,2306
7017,2,1810
7017,3,1063
7017,4,789
7017,5,252
7017,6,21
7018,0,804
7018,1,2255
7018,2,1846
7018,3,1043
7018,4,795
7018,5,258
7018,6,16
7018,7,1
7019,0,779
7019,1,2319
7019,2,1804
7019,3,1058
7019,4,797
7019,5,241
7019,6,21
7020,0,792
7020,1,2268
7020,2,1831
7020,3,1073
7020,4,801
7020,5,230
7020,6,25
7021,0,767
7021,1,2318
7021,2,1824
7021,3,1038
7021,4,798
7021,5,252
7021,6,24
7022,0,798
7022,1,2281
7022,2,1807
7022,3,1067
7022,4,810
7022,5,239
7022,6,20
7023,0,800
7023,1,2298
7023,2,1782
7023,3,1061
7023,4,817
7023,5,241
7023,6,24
7024,0,810
7024,1,2225
7024,2,1873
7024,3,1082
7024,4,762
7024,5,254
7024,6,18
7025,0,781
7025,1,2275
7025,2,1873
7025,3,1034
7025,4,791
7025,5,249
7025,6,21
7025,7,1
7026,0,803
7026,1,2244
7026,2,1856
7026,3,1060
7026,4,800
7026,5,239
7026,6,24
7027,0,801
7027,1,2269
7027,2,1844
7027,3,1061
7027,4,781
7027,5,246
7027,6,25
7028,0,795
7028,1,2239
7028,2,1878
7028,3,1054
7028,4,801
7028,5,242
7028,6,19
7029,0,827
7029,1,2233
7029,2,1850
7029,3,1056
7029,4,788
7029,5,252
7029,6,22
7029,7,1
7030,0,780
7030,1,2284
7030,2,1827
7030,3,1091
7030,4,787
7030,5,241
7030,6,20
7031,0,799
7031,1,2270
7031,2,1835
7031,3,1072
7031,4,780
7031,5,256
7031,6,18
7031,7,1
7032,0,784
7032,1,2303
7032,2,1840
7032,3,1033
7032,4,802
7032,5,248
7032,6,22
7033,0,803
7033,1,2262
7033,2,1838
7033,3,1068
7033,4,792
7033,5,246
7033,6,24
7034,0,828
7034,1,2233
7034,2,1846
7034,3,1061
7034,4,796
7034,5,254
7034,6,15
7034,7,1
7035,0,790
7035,1,2273
7035,2,1810
7035,3,1123
7035,4,771
7035,5,246
7035,6,22
7036,0,812
7036,1,2243
7036,2,1863
7036,3,1066
7036,4,784
7036,5,247
7036,6,20
7036,7,1
7037,0,793
7037,1,2281
7037,2,1811
7037,3,1086
7037,4,811
7037,5,235
7037,6,19
7037,7,1
7038,0,790
7038,1,2291
7038,2,1823
7038,3,1078
7038,4,786
7038,5,245
7038,6,25
7039,0,792
7039,1,2266
7039,2,1863
7039,3,1067
7039,4,790
7039,5,240
7039,6,21
7040,0,814
7040,1,2244
7040,2,1864
7040,3,1065
7040,4,767
7040,5,263
7040,6,23
7041,0,811
7041,1,2240
7041,2,1882
7041,3,1031
7041,4,804
7041,5,251
7041,6,22
7042,0,805
7042,1,2267
7042,2,1857
7042,3,1058
7042,4,769
7042,5,266
7042,6,20
7043,0,801
7043,1,2235
7043,2,1905
7043,3,1056
7043,4,772
7043,5,256
7043,6,18
7044,0,800
7044,1,2300
7044,2,1807
7044,3,1054
7044,4,796
7044,5,268
7044,6,19
7045,0,781
7045,1,2276
7045,2,1873
7045,3,1056
7045,4,796
7045,5,240
7045,6,22
7045,7,1
7046,0,805
7046,1,2250
7046,2,1871
7046,3,1071
7046,4,770
7046,5,263
7046,6,16
7047,0,772
7047,1,2304
7047,2,1879
7047,3,1021
7047,4,802
7047,5,246
7047,6,22
7047,7,1
7048,0,805
7048,1,2297
7048,2,1783
7048,3,1093
7048,4,813
7048,5,234
7048,6,22
7048,7,1
7049,0,789
7049,1,2297
7049,2,1834
7049,3,1073
7049,4,778
7049,5,258
7049,6,19
7049,7,1
7050,0,790
7050,1,2305
7050,2,1828
7050,3,1036
7050,4,819
7050,5,254
7050,6,18
7051,0,787
7051,1,2284
7051,2,1868
7051,3,1063
7051,4,780
7051,5,245
7051,6,24
7052,0,789
7052,1,2276
7052,2,1828
7052,3,1106
7052,4,798
7052,5,229
7052,6,26
7053,0,832
7053,1,2250
7053,2,1852
7053,3,1033
7053,4,806
7053,5,257
7053,6,23
7054,0,784
7054,1,2300
7054,2,1828
7054,3,1105
7054,4,759
7054,5,261
7054,6,16
7054,7,1
7055,0,792
7055,1,2284
7055,2,1865
7055,3,1045
7055,4,805
7055,5,245
7055,6,19
7056,0,798
7056,1,2284
7056,2,1825
7056,3,1083
7056,4,803
7056,5,235
7056,6,28
7057,0,811
7057,1,2286
7057,2,1797
7057,3,1083
7057,4,813
7057,5,249
7057,6,16
7057,7,2
7058,0,763
7058,1,2331
7058,2,1856
7058,3,1046
7058,4,784
7058,5,259
7058,6,18
7058,7,1
7059,0,788
7059,1,2280
7059,2,1888
7059,3,1064
7059,4,757
7059,5,258
7059,6,24
7060,0,842
7060,1,2224
7060,2,1839
7060,3,1077
7060,4,811
7060,5,243
7060,6,24
7061,0,788
7061,1,2272
7061,2,1872
7061,3,1073
7061,4,790
7061,5,245
7061,6,21
7062,0,796
7062,1,2264
7062,2,1869
7062,3,1099
7062,4,766
7062,5,246
7062,6,22
7063,0,835
7063,1,2215
7063,2,1889
7063,3,1049
7063,4,800
7063,5,252
7063,6,23
7064,0,781
7064,1,2288
7064,2,1883
7064,3,1055
7064,4,789
7064,5,246
7064,6,22
7065,0,788
7065,1,2315
7065,2,1837
7065,3,1031
7065,4,817
7065,5,256
7065,6,21
7066,0,809
7066,1,2272
7066,2,1863
7066,3,1048
7066,4,808
7066,5,244
7066,6,22
7067,0,784
7067,1,2298
7067,2,1855
7067,3,1073
7067,4,781
7067,5,253
7067,6,22
7067,7,1
7068,0,803
7068,1,2284
7068,2,1819
7068,3,1106
7068,4,805
7068,5,224
7068,6,27
7069,0,821
7069,1,2243
7069,2,1862
7069,3,1089
7069,4,769
7069,5,268
7069,6,16
7069,7,1
7070,0,772
7070,1,2315
7070,2,1864
7070,3,1052
7070,4,798
7070,5,244
7070,6,25
7071,0,775
7071,1,2347
7071,2,1808
7071,3,1060
7071,4,812
7071,5,251
7071,6,17
7071,7,1
7072,0,812
7072,1,2273
7072,2,1879
7072,3,1032
7072,4,793
7072,5,262
7072,6,21
7073,0,767
7073,1,2310
7073,2,1891
7073,3,1029
7073,4,792
7073,5,268
7073,6,16
7074,0,823
7074,1,2269
7074,2,1831
7074,3,1092
7074,4,784
7074,5,250
7074,6,25
7075,0,774
7075,1,2323
7075,2,1841
7075,3,1078
7075,4,786
7075,5,255
7075,6,18
7076,0,810
7076,1,2266
7076,2,1852
7076,3,1074
7076,4,822
7076,5,229
7076,6,22
7076,7,1
7077,0,793
7077,1,2295
7077,2,1849
7077,3,1073
7077,4,793
7077,5,252
7077,6,22
7078,0,798
7078,1,2308
7078,2,1838
7078,3,1087
7078,4,760
7078,5,268
7078,6,18
7078,7,1
7079,0,820
7079,1,2239
7079,2,1865
7079,3,1080
7079,4,814
7079,5,241
7079,6,19
7079,7,1
7080,0,812
7080,1,2289
7080,2,1838
7080,3,1051
7080,4,822
7080,5,251
7080,6,16
7080,7,1
7081,0,781
7081,1,2314
7081,2,1862
7081,3,1053
7081,4,794
7081,5,250
7081,6,27
7082,0,791
7082,1,2316
7082,2,1834
7082,3,1077
7082,4,790
7082,5,253
7082,6,21
7083,0,787
7083,1,2305
7083,2,1863
7083,3,1059
7083,4,799
7083,5,247
7083,6,23
7084,0,785
7084,1,2330
7084,2,1832
7084,3,1039
7084,4,824
7084,5,255
7084,6,19
7085,0,814
7085,1,2264
7085,2,1867
7085,3,1071
7085,4,794
7085,5,252
7085,6,23
7086,0,806
7086,1,2300
7086,2,1831
7086,3,1068
7086,4,824
7086,5,235
7086,6,22
7087,0,799
7087,1,2285
7087,2,1860
7087,3,1085
7087,4,779
7087,5,253
7087,6,25
7087,7,1
7088,0,776
7088,1,2325
7088,2,1857
7088,3,1069
7088,4,799
7088,5,240
7088,6,22
7089,0,796
7089,1,2323
7089,2,1816
7089,3,1073
7089,4,802
7089,5,258
7089,6,20
7089,7,1
7090,0,808
7090,1,2258
7090,2,1886
7090,3,1089
7090,4,773
7090,5,255
7090,6,20
7090,7,1
7091,0,800
7091,1,2297
7091,2,1847
7091,3,1077
7091,4,794
7091,5,259
7091,6,16
7091,7,1
7092,0,825
7092,1,2227
7092,2,1905
7092,3,1086
7092,4,782
7092,5,242
7092,6,25
7093,0,804
7093,1,2299
7093,2,1841
7093,3,1072
7093,4,792
7093,5,267
7093,6,17
7093,7,1
7094,0,818
7094,1,2261
7094,2,1871
7094,3,1070
7094,4,809
7094,5,242
7094,6,23
7095,0,799
7095,1,2311
7095,2,1831
7095,3,1072
7095,4,809
7095,5,250
7095,6,23
7096,0,778
7096,1,2329
7096,2,1860
7096,3,1067
7096,4,784
7096,5,254
7096,6,24
7097,0,799
7097,1,2332
7097,2,1794
7097,3,1084
7097,4,836
7097,5,230
7097,6,22
7098,0,798
7098,1,2339
7098,2,1788
7098,3,1076
7098,4,846
7098,5,229
7098,6,21
7098,7,1
7099,0,770
7099,1,2320
7099,2,1897
7099,3,1057
7099,4,780
7099,5,251
7099,6,24
7100,0,791
7100,1,2300
7100,2,1871
7100,3,1068
7100,4,793
7100,5,254
7100,6,23
7101,0,824
7101,1,2273
7101,2,1851
7101,3,1056
7101,4,836
7101,5,240
7101,6,20
7101,7,1
7102,0,798
7102,1,2310
7102,2,1849
7102,3,1076
7102,4,796
7102,5,251
7102,6,22
7103,0,808
7103,1,2277
7103,2,1881
7103,3,1072
7103,4,792
7103,5,251
7103,6,22
7104,0,808
7104,1,2287
7104,2,1848
7104,3,1089
7104,4,800
7104,5,250
7104,6,22
7105,0,802
7105,1,2299
7105,2,1876
7105,3,1044
7105,4,811
7105,5,253
7105,6,19
7105,7,1
7106,0,801
7106,1,2296
7106,2,1869
7106,3,1079
7106,4,779
7106,5,260
7106,6,21
7106,7,1
7107,0,810
7107,1,2281
7107,2,1879
7107,3,1056
7107,4,806
7107,5,252
7107,6,22
7107,7,1
7108,0,811
7108,1,2278
7108,2,1854
7108,3,1096
7108,4,790
7108,5,261
7108,6,18
7109,0,797
7109,1,2300
7109,2,1835
7109,3,1125
7109,4,794
7109,5,237
7109,6,21
7110,0,832
7110,1,2259
7110,2,1892
7110,3,1041
7110,4,803
7110,5,261
7110,6,22
7111,0,797
7111,1,2312
7111,2,1844
7111,3,1080
7111,4,816
7111,5,240
7111,6,21
7111,7,1
7112,0,812
7112,1,2255
7112,2,1911
7112,3,1074
7112,4,787
7112,5,250
7112,6,23
7113,0,778
7113,1,2300
7113,2,1896
7113,3,1080
7113,4,791
7113,5,243
7113,6,25
7114,0,816
7114,1,2301
7114,2,1868
7114,3,1053
7114,4,781
7114,5,275
7114,6,20
7115,0,780
7115,1,2316
7115,2,1889
7115,3,1054
7115,4,802
7115,5,248
7115,6,26
7116,0,818
7116,1,2296
7116,2,1825
7116,3,1086
7116,4,828
7116,5,244
7116,6,19
7117,0,791
7117,1,2313
7117,2,1879
7117,3,1084
7117,4,778
7117,5,248
7117,6,23
7117,7,1
7118,0,814
7118,1,2291
7118,2,1855
7118,3,1053
7118,4,845
7118,5,239
7118,6,20
7118,7,1
7119,0,802
7119,1,2328
7119,2,1840
7119,3,1044
7119,4,839
7119,5,242
7119,6,24
7120,0,793
7120,1,2333
7120,2,1829
7120,3,1097
7120,4,786
7120,5,262
7120,6,19
7120,7,1
7121,0,769
7121,1,2368
7121,2,1860
7121,3,1029
7121,4,813
7121,5,262
7121,6,20
7122,0,831
7122,1,2246
7122,2,1884
7122,3,1087
7122,4,807
7122,5,244
7122,6,22
7122,7,1
7123,0,835
7123,1,2246
7123,2,1892
7123,3,1073
7123,4,799
7123,5,256
7123,6,22
7124,0,813
7124,1,2262
7124,2,1888
7124,3,1095
7124,4,802
7124,5,246
7124,6,18
7125,0,784
7125,1,2291
7125,2,1932
7125,3,1074
7125,4,754
7125,5,270
7125,6,20
7126,0,821
7126,1,2298
7126,2,1846
7126,3,1069
7126,4,819
7126,5,248
7126,6,25
7127,0,786
7127,1,2350
7127,2,1840
7127,3,1076
7127,4,799
7127,5,253
7127,6,22
7127,7,1
7128,0,820
7128,1,2273
7128,2,1883
7128,3,1065
7128,4,830
7128,5,240
7128,6,15
7128,7,2
7129,0,831
7129,1,2288
7129,2,1835
7129,3,1091
7129,4,795
7129,5,267
7129,6,22
7130,0,797
7130,1,2312
7130,2,1873
7130,3,1078
7130,4,794
7130,5,257
7130,6,19
7131,0,810
7131,1,2305
7131,2,1840
7131,3,1089
7131,4,803
7131,5,267
7131,6,16
7131,7,1
7132,0,795
7132,1,2347
7132,2,1846
7132,3,1049
7132,4,824
7132,5,245
7132,6,26
7133,0,781
7133,1,2320
7133,2,1882
7133,3,1089
7133,4,799
7133,5,241
7133,6,21
7134,0,807
7134,1,2268
7134,2,1923
7134,3,1072
7134,4,787
7134,5,251
7134,6,26
7135,0,793
7135,1,2342
7135,2,1839
7135,3,1067
7135,4,807
7135,5,267
7135,6,20
7136,0,804
7136,1,2312
7136,2,1873
7136,3,1070
7136,4,804
7136,5,252
7136,6,21
7137,0,771
7137,1,2345
7137,2,1913
7137,3,1008
7137,4,816
7137,5,264
7137,6,20
7138,0,817
7138,1,2276
7138,2,1875
7138,3,1109
7138,4,796
7138,5,240
7138,6,25
7139,0,771
7139,1,2338
7139,2,1891
7139,3,1081
7139,4,782
7139,5,256
7139,6,19
7139,7,1
7140,0,825
7140,1,2304
7140,2,1846
7140,3,1073
7140,4,813
7140,5,259
7140,6,20
7141,0,814
7141,1,2289
7141,2,1860
7141,3,1091
7141,4,823
7141,5,244
7141,6,19
7141,7,1
7142,0,781
7142,1,2369
7142,2,1841
7142,3,1061
7142,4,815
7142,5,253
7142,6,22
7143,0,805
7143,1,2318
7143,2,1882
7143,3,1046
7143,4,813
7143,5,262
7143,6,16
7143,7,1
7144,0,782
7144,1,2339
7144,2,1877
7144,3,1061
7144,4,807
7144,5,254
7144,6,24
7145,0,791
7145,1,2330
7145,2,1884
7145,3,1060
7145,4,800
7145,5,261
7145,6,19
7146,0,826
7146,1,2293
7146,2,1838
7146,3,1099
7146,4,819
7146,5,250
7146,6,19
7146,7,2
7147,0,804
7147,1,2307
7147,2,1911
7147,3,1064
7147,4,780
7147,5,258
7147,6,23
7148,0,815
7148,1,2273
7148,2,1914
7148,3,1061
7148,4,809
7148,5,254
7148,6,21
7148,7,1
7149,0,830
7149,1,2290
7149,2,1831
7149,3,1112
7149,4,814
7149,5,255
7149,6,16
7149,7,1
7150,0,793
7150,1,2314
7150,2,1908
7150,3,1056
7150,4,796
7150,5,258
7150,6,25
7151,0,784
7151,1,2336
7151,2,1894
7151,3,1056
7151,4,802
7151,5,260
7151,6,19
7152,0,803
7152,1,2308
7152,2,1879
7152,3,1083
7152,4,800
7152,5,258
7152,6,20
7152,7,1
7153,0,798
7153,1,2333
7153,2,1877
7153,3,1067
7153,4,795
7153,5,260
7153,6,23
7154,0,799
7154,1,2306
7154,2,1879
7154,3,1114
7154,4,787
7154,5,246
7154,6,22
7154,7,1
7155,0,816
7155,1,2315
7155,2,1851
7155,3,1064
7155,4,845
7155,5,243
7155,6,20
7155,7,1
7156,0,799
7156,1,2371
7156,2,1806
7156,3,1072
7156,4,837
7156,5,246
7156,6,25
7157,0,819
7157,1,2290
7157,2,1873
7157,3,1097
7157,4,813
7157,5,244
7157,6,21
7158,0,807
7158,1,2300
7158,2,1886
7158,3,1084
7158,4,805
7158,5,256
7158,6,20
7159,0,815
7159,1,2293
7159,2,1911
7159,3,1052
7159,4,804
7159,5,265
7159,6,19
7160,0,805
7160,1,2353
7160,2,1823
7160,3,1098
7160,4,803
7160,5,249
7160,6,29
7161,0,799
7161,1,2315
7161,2,1900
7161,3,1073
7161,4,801
7161,5,250
7161,6,22
7161,7,1
7162,0,781
7162,1,2366
7162,2,1839
7162,3,1105
7162,4,795
7162,5,259
7162,6,16
7162,7,1
7163,0,825
7163,1,2274
7163,2,1887
7163,3,1091
7163,4,818
7163,5,243
7163,6,25
7164,0,786
7164,1,2343
7164,2,1884
7164,3,1074
7164,4,780
7164,5,275
7164,6,22
7165,0,839
7165,1,2299
7165,2,1858
7165,3,1070
7165,4,821
7165,5,260
7165,6,18
7166,0,817
7166,1,2274
7166,2,1933
7166,3,1055
7166,4,814
7166,5,247
7166,6,26
7167,0,834
7167,1,2296
7167,2,1847
7167,3,1108
7167,4,812
7167,5,245
7167,6,25
7168,0,831
7168,1,2266
7168,2,1887
7168,3,1102
7168,4,815
7168,5,245
7168,6,22
7169,0,806
7169,1,2292
7169,2,1915
7169,3,1070
7169,4,823
7169,5,240
7169,6,22
7169,7,1
7170,0,804
7170,1,2320
7170,2,1874
7170,3,1090
7170,4,807
7170,5,255
7170,6,20
7171,0,796
7171,1,2337
7171,2,1898
7171,3,1057
7171,4,797
7171,5,260
7171,6,26
7172,0,795
7172,1,2351
7172,2,1880
7172,3,1047
7172,4,818
7172,5,262
7172,6,18
7172,7,1
7173,0,775
7173,1,2375
7173,2,1848
7173,3,1093
7173,4,811
7173,5,252
7173,6,18
7173,7,1
7174,0,812
7174,1,2332
7174,2,1865
7174,3,1076
7174,4,815
7174,5,251
7174,6,23
7175,0,809
7175,1,2308
7175,2,1892
7175,3,1088
7175,4,791
7175,5,265
7175,6,22
7176,0,827
7176,1,2273
7176,2,1909
7176,3,1087
7176,4,819
7176,5,236
7176,6,24
7176,7,1
7177,0,820
7177,1,2289
7177,2,1905
7177,3,1082
7177,4,804
7177,5,259
7177,6,17
7177,7,1
7178,0,812
7178,1,2321
7178,2,1874
7178,3,1059
7178,4,844
7178,5,244
7178,6,24
7179,0,792
7179,1,2341
7179,2,1905
7179,3,1069
7179,4,774
7179,5,279
7179,6,19
7180,0,832
7180,1,2240
7180,2,1941
7180,3,1095
7180,4,796
7180,5,252
7180,6,24
7181,0,841
7181,1,2284
7181,2,1851
7181,3,1110
7181,4,819
7181,5,260
7181,6,16
7182,0,783
7182,1,2358
7182,2,1891
7182,3,1076
7182,4,795
7182,5,255
7182,6,22
7182,7,2
7183,0,828
7183,1,2256
7183,2,1957
7183,3,1063
7183,4,795
7183,5,261
7183,6,23
7184,0,814
7184,1,2344
7184,2,1855
7184,3,1065
7184,4,833
7184,5,253
7184,6,19
7184,7,1
7185,0,770
7185,1,2354
7185,2,1930
7185,3,1062
7185,4,790
7185,5,259
7185,6,19
7185,7,1
7186,0,815
7186,1,2355
7186,2,1837
7186,3,1059
7186,4,838
7186,5,258
7186,6,24
7187,0,798
7187,1,2368
7187,2,1853
7187,3,1048
7187,4,847
7187,5,252
7187,6,20
7187,7,1
7188,0,795
7188,1,2331
7188,2,1899
7188,3,1078
7188,4,805
7188,5,258
7188,6,22
7189,0,797
7189,1,2347
7189,2,1873
7189,3,1090
7189,4,800
7189,5,259
7189,6,23
7190,0,819
7190,1,2335
7190,2,1852
7190,3,1089
7190,4,819
7190,5,255
7190,6,21
7191,0,800
7191,1,2338
7191,2,1900
7191,3,1059
7191,4,830
7191,5,240
7191,6,24
7192,0,818
7192,1,2285
7192,2,1908
7192,3,1111
7192,4,799
7192,5,247
7192,6,24
7193,0,831
7193,1,2282
7193,2,1915
7193,3,1076
7193,4,807
7193,5,257
7193,6,25
7194,0,795
7194,1,2333
7194,2,1912
7194,3,1071
7194,4,787
7194,5,277
7194,6,19
7195,0,830
7195,1,2276
7195,2,1914
7195,3,1087
7195,4,829
7195,5,233
7195,6,25
7195,7,1
7196,0,822
7196,1,2312
7196,2,1896
7196,3,1048
7196,4,841
7196,5,253
7196,6,24
7197,0,834
7197,1,2292
7197,2,1885
7197,3,1095
7197,4,812
7197,5,257
7197,6,21
7197,7,1
7198,0,825
7198,1,2280
7198,2,1926
7198,3,1096
7198,4,787
7198,5,266
7198,6,17
7198,7,1
7199,0,842
7199,1,2251
7199,2,1946
7199,3,1078
7199,4,807
7199,5,251
7199,6,24
7200,0,791
7200,1,2372
7200,2,1854
7200,3,1078
7200,4,832
7200,5,249
7200,6,24
7201,0,795
7201,1,2363
7201,2,1878
7201,3,1083
7201,4,800
7201,5,261
7201,6,20
7201,7,1
7202,0,836
7202,1,2272
7202,2,1914
7202,3,1089
7202,4,827
7202,5,240
7202,6,24
7203,0,789
7203,1,2348
7203,2,1912
7203,3,1076
7203,4,795
7203,5,262
7203,6,20
7203,7,1
7204,0,800
7204,1,2380
7204,2,1838
7204,3,1082
7204,4,818
7204,5,266
7204,6,20
7205,0,835
7205,1,2281
7205,2,1900
7205,3,1111
7205,4,796
7205,5,259
7205,6,23
7206,0,801
7206,1,2319
7206,2,1899
7206,3,1118
7206,4,796
7206,5,248
7206,6,25
7207,0,815
7207,1,2362
7207,2,1828
7207,3,1103
7207,4,825
7207,5,247
7207,6,27
7208,0,809
7208,1,2315
7208,2,1931
7208,3,1054
7208,4,826
7208,5,254
7208,6,19
7209,0,812
7209,1,2356
7209,2,1857
7209,3,1083
7209,4,832
7209,5,245
7209,6,24
7210,0,816
7210,1,2331
7210,2,1892
7210,3,1050
7210,4,836
7210,5,266
7210,6,18
7210,7,1
7211,0,781
7211,1,2380
7211,2,1869
7211,3,1099
7211,4,800
7211,5,262
7211,6,20
7212,0,818
7212,1,2310
7212,2,1927
7212,3,1056
7212,4,809
7212,5,269
7212,6,23
7213,0,807
7213,1,2338
7213,2,1889
7213,3,1084
7213,4,839
7213,5,225
7213,6,31
7214,0,826
7214,1,2282
7214,2,1905
7214,3,1136
7214,4,797
7214,5,240
7214,6,28
7215,0,849
7215,1,2290
7215,2,1859
7215,3,1134
7215,4,810
7215,5,249
7215,6,24
7216,0,801
7216,1,2379
7216,2,1872
7216,3,1053
7216,4,814
7216,5,280
7216,6,17
7217,0,828
7217,1,2285
7217,2,1914
7217,3,1108
7217,4,808
7217,5,249
7217,6,24
7217,7,1
7218,0,778
7218,1,2385
7218,2,1898
7218,3,1073
7218,4,802
7218,5,259
7218,6,23
7219,0,829
7219,1,2296
7219,2,1903
7219,3,1097
7219,4,816
7219,5,257
7219,6,20
7219,7,1
7220,0,791
7220,1,2387
7220,2,1881
7220,3,1049
7220,4,830
7220,5,261
7220,6,21
7221,0,813
7221,1,2346
7221,2,1847
7221,3,1120
7221,4,828
7221,5,246
7221,6,20
7221,7,1
7222,0,780
7222,1,2376
7222,2,1913
7222,3,1060
7222,4,805
7222,5,263
7222,6,25
7223,0,847
7223,1,2278
7223,2,1891
7223,3,1114
7223,4,827
7223,5,247
7223,6,18
7223,7,1
7224,0,802
7224,1,2379
7224,2,1841
7224,3,1095
7224,4,835
7224,5,248
7224,6,24
7225,0,800
7225,1,2360
7225,2,1886
7225,3,1087
7225,4,814
7225,5,258
7225,6,19
7225,7,1
7226,0,826
7226,1,2328
7226,2,1869
7226,3,1107
7226,4,820
7226,5,247
7226,6,29
7227,0,800
7227,1,2363
7227,2,1874
7227,3,1091
7227,4,830
7227,5,244
7227,6,25
7228,0,804
7228,1,2338
7228,2,1894
7228,3,1111
7228,4,802
7228,5,256
7228,6,23
7229,0,821
7229,1,2334
7229,2,1889
7229,3,1086
7229,4,812
7229,5,267
7229,6,19
7229,7,1
7230,0,780
7230,1,2366
7230,2,1926
7230,3,1082
7230,4,790
7230,5,268
7230,6,18
7231,0,796
7231,1,2355
7231,2,1909
7231,3,1076
7231,4,817
7231,5,249
7231,6,29
7232,0,829
7232,1,2307
7232,2,1890
7232,3,1123
7232,4,810
7232,5,250
7232,6,23
7233,0,828
7233,1,2332
7233,2,1877
7233,3,1092
7233,4,818
7233,5,267
7233,6,18
7233,7,1
7234,0,798
7234,1,2391
7234,2,1853
7234,3,1092
7234,4,819
7234,5,260
7234,6,21
7235,0,834
7235,1,2298
7235,2,1911
7235,3,1090
7235,4,828
7235,5,246
7235,6,28
7236,0,825
7236,1,2315
7236,2,1902
7236,3,1085
7236,4,846
7236,5,243
7236,6,19
7236,7,1
7237,0,823
7237,1,2316
7237,2,1908
7237,3,1096
7237,4,827
7237,5,242
7237,6,25
7238,0,805
7238,1,2344
7238,2,1917
7238,3,1061
7238,4,819
7238,5,272
7238,6,20
7239,0,838
7239,1,2327
7239,2,1867
7239,3,1105
7239,4,820
7239,5,258
7239,6,23
7239,7,1
7240,0,765
7240,1,2397
7240,2,1917
7240,3,1078
7240,4,809
7240,5,248
7240,6,26
7241,0,843
7241,1,2326
7241,2,1858
7241,3,1117
7241,4,814
7241,5,260
7241,6,23
7242,0,813
7242,1,2349
7242,2,1886
7242,3,1092
7242,4,820
7242,5,258
7242,6,24
7243,0,804
7243,1,2367
7243,2,1882
7243,3,1069
7243,4,857
7243,5,238
7243,6,26
7244,0,806
7244,1,2342
7244,2,1907
7244,3,1103
7244,4,816
7244,5,245
7244,6,25
7245,0,825
7245,1,2335
7245,2,1897
7245,3,1084
7245,4,825
7245,5,257
7245,6,22
7246,0,795
7246,1,2390
7246,2,1870
7246,3,1060
7246,4,856
7246,5,252
7246,6,22
7246,7,1
7247,0,806
7247,1,2348
7247,2,1888
7247,3,1118
7247,4,821
7247,5,239
7247,6,27
7248,0,817
7248,1,2352
7248,2,1884
7248,3,1097
7248,4,813
7248,5,264
7248,6,21
7249,0,840
7249,1,2270
7249,2,1966
7249,3,1086
7249,4,805
7249,5,254
7249,6,28
7250,0,782
7250,1,2379
7250,2,1919
7250,3,1081
7250,4,806
7250,5,260
7250,6,23
7251,0,827
7251,1,2342
7251,2,1872
7251,3,1088
7251,4,838
7251,5,264
7251,6,20
7252,0,804
7252,1,2345
7252,2,1895
7252,3,1162
7252,4,762
7252,5,259
7252,6,23
7252,7,2
7253,0,843
7253,1,2317
7253,2,1877
7253,3,1112
7253,4,809
7253,5,281
7253,6,14
7254,0,840
7254,1,2324
7254,2,1881
7254,3,1113
7254,4,817
7254,5,258
7254,6,20
7254,7,1
7255,0,828
7255,1,2321
7255,2,1894
7255,3,1094
7255,4,854
7255,5,235
7255,6,29
7256,0,807
7256,1,2363
7256,2,1883
7256,3,1105
7256,4,835
7256,5,237
7256,6,26
7257,0,801
7257,1,2361
7257,2,1936
7257,3,1060
7257,4,805
7257,5,270
7257,6,24
7258,0,803
7258,1,2328
7258,2,1967
7258,3,1072
7258,4,795
7258,5,271
7258,6,22
7259,0,817
7259,1,2337
7259,2,1893
7259,3,1125
7259,4,815
7259,5,249
7259,6,23
7260,0,833
7260,1,2342
7260,2,1897
7260,3,1057
7260,4,849
7260,5,259
7260,6,22
7260,7,1
7261,0,803
7261,1,2359
7261,2,1916
7261,3,1104
7261,4,790
7261,5,265
7261,6,24
7262,0,819
7262,1,2357
7262,2,1864
7262,3,1112
7262,4,828
7262,5,261
7262,6,21
7263,0,810
7263,1,2343
7263,2,1928
7263,3,1097
7263,4,800
7263,5,266
7263,6,19
7264,0,856
7264,1,2309
7264,2,1850
7264,3,1135
7264,4,842
7264,5,250
7264,6,20
7264,7,2
7265,0,810
7265,1,2359
7265,2,1909
7265,3,1083
7265,4,820
7265,5,265
7265,6,19
7266,0,808
7266,1,2322
7266,2,1964
7266,3,1099
7266,4,785
7266,5,263
7266,6,25
7267,0,831
7267,1,2334
7267,2,1908
7267,3,1087
7267,4,821
7267,5,262
7267,6,23
7267,7,1
7268,0,808
7268,1,2363
7268,2,1882
7268,3,1111
7268,4,832
7268,5,253
7268,6,18
7268,7,1
7269,0,810
7269,1,2373
7269,2,1891
7269,3,1083
7269,4,833
7269,5,255
7269,6,24
7270,0,839
7270,1,2318
7270,2,1913
7270,3,1097
7270,4,812
7270,5,268
7270,6,23
7271,0,812
7271,1,2341
7271,2,1915
7271,3,1122
7271,4,802
7271,5,257
7271,6,22
7272,0,810
7272,1,2378
7272,2,1892
7272,3,1060
7272,4,847
7272,5,263
7272,6,21
7272,7,1
7273,0,822
7273,1,2334
7273,2,1916
7273,3,1097
7273,4,838
7273,5,239
7273,6,27
7274,0,824
7274,1,2364
7274,2,1890
7274,3,1068
7274,4,861
7274,5,241
7274,6,26
7275,0,810
7275,1,2364
7275,2,1907
7275,3,1094
7275,4,817
7275,5,263
7275,6,19
7275,7,1
7276,0,799
7276,1,2374
7276,2,1888
7276,3,1135
7276,4,794
7276,5,265
7276,6,21
7277,0,813
7277,1,2365
7277,2,1905
7277,3,1069
7277,4,848
7277,5,258
7277,6,18
7277,7,1
7278,0,829
7278,1,2352
7278,2,1881
7278,3,1086
7278,4,863
7278,5,241
7278,6,26
7279,0,833
7279,1,2315
7279,2,1925
7279,3,1115
7279,4,811
7279,5,256
7279,6,24
7280,0,800
7280,1,2369
7280,2,1942
7280,3,1062
7280,4,816
7280,5,267
7280,6,24
7281,0,816
7281,1,2328
7281,2,1956
7281,3,1094
7281,4,798
7281,5,263
7281,6,26
7282,0,827
7282,1,2339
7282,2,1935
7282,3,1070
7282,4,822
7282,5,266
7282,6,22
7282,7,1
7283,0,835
7283,1,2333
7283,2,1887
7283,3,1132
7283,4,817
7283,5,262
7283,6,17
7284,0,790
7284,1,2392
7284,2,1907
7284,3,1102
7284,4,796
7284,5,275
7284,6,22
7285,0,837
7285,1,2313
7285,2,1926
7285,3,1133
7285,4,801
7285,5,249
7285,6,25
7285,7,1
7286,0,844
7286,1,2291
7286,2,1936
7286,3,1117
7286,4,817
7286,5,260
7286,6,20
7286,7,1
7287,0,790
7287,1,2426
7287,2,1872
7287,3,1079
7287,4,831
7287,5,264
7287,6,25
7288,0,811
7288,1,2355
7288,2,1956
7288,3,1061
7288,4,810
7288,5,279
7288,6,15
7288,7,1
7289,0,820
7289,1,2306
7289,2,1979
7289,3,1090
7289,4,798
7289,5,273
7289,6,23
7290,0,867
7290,1,2293
7290,2,1908
7290,3,1126
7290,4,814
7290,5,260
7290,6,22
7291,0,822
7291,1,2371
7291,2,1866
7291,3,1116
7291,4,844
7291,5,247
7291,6,24
7291,7,1
7292,0,813
7292,1,2352
7292,2,1929
7292,3,1107
7292,4,808
7292,5,263
7292,6,20
7293,0,777
7293,1,2456
7293,2,1859
7293,3,1076
7293,4,844
7293,5,258
7293,6,22
7293,7,1
7294,0,829
7294,1,2384
7294,2,1847
7294,3,1106
7294,4,850
7294,5,255
7294,6,23
7295,0,847
7295,1,2330
7295,2,1903
7295,3,1094
7295,4,845
7295,5,253
7295,6,23
7296,0,788
7296,1,2374
7296,2,1951
7296,3,1086
7296,4,806
7296,5,265
7296,6,26
7297,0,853
7297,1,2293
7297,2,1934
7297,3,1122
7297,4,815
7297,5,259
7297,6,21
7298,0,826
7298,1,2337
7298,2,1926
7298,3,1106
7298,4,835
7298,5,242
7298,6,26
7299,0,827
7299,1,2334
7299,2,1917
7299,3,1126
7299,4,818
7299,5,255
7299,6,22
7300,0,845
7300,1,2302
7300,2,1970
7300,3,1082
7300,4,804
7300,5,276
7300,6,20
7300,7,1
7301,0,820
7301,1,2347
7301,2,1918
7301,3,1123
7301,4,823
7301,5,242
7301,6,27
7301,7,1
7302,0,805
7302,1,2387
7302,2,1913
7302,3,1087
7302,4,827
7302,5,259
7302,6,24
7303,0,843
7303,1,2314
7303,2,1953
7303,3,1074
7303,4,833
7303,5,268
7303,6,17
7303,7,1
7304,0,821
7304,1,2364
7304,2,1900
7304,3,1103
7304,4,834
7304,5,260
7304,6,22
7305,0,772
7305,1,2490
7305,2,1838
7305,3,1071
7305,4,841
7305,5,269
7305,6,24
7306,0,820
7306,1,2388
7306,2,1871
7306,3,1105
7306,4,846
7306,5,254
7306,6,22
7307,0,832
7307,1,2332
7307,2,1929
7307,3,1109
7307,4,824
7307,5,261
7307,6,19
7307,7,1
7308,0,813
7308,1,2360
7308,2,1915
7308,3,1127
7308,4,822
7308,5,240
7308,6,31
7309,0,830
7309,1,2365
7309,2,1889
7309,3,1100
7309,4,845
7309,5,257
7309,6,23
7310,0,811
7310,1,2384
7310,2,1912
7310,3,1080
7310,4,848
7310,5,250
7310,6,25
7311,0,797
7311,1,2407
7311,2,1931
7311,3,1039
7311,4,858
7311,5,257
7311,6,22
7312,0,813
7312,1,2346
7312,2,1955
7312,3,1104
7312,4,804
7312,5,262
7312,6,28
7313,0,816
7313,1,2367
7313,2,1933
7313,3,1086
7313,4,827
7313,5,261
7313,6,23
7314,0,820
7314,1,2374
7314,2,1904
7314,3,1103
7314,4,832
7314,5,262
7314,6,19
7315,0,814
7315,1,2361
7315,2,1953
7315,3,1051
7315,4,860
7315,5,248
7315,6,28
7316,0,807
7316,1,2422
7316,2,1848
7316,3,1134
7316,4,826
7316,5,261
7316,6,17
7316,7,1
7317,0,831
7317,1,2340
7317,2,1936
7317,3,1097
7317,4,828
7317,5,258
7317,6,27
7318,0,810
7318,1,2364
7318,2,1925
7318,3,1125
7318,4,820
7318,5,250
7318,6,23
7318,7,1
7319,0,801
7319,1,2423
7319,2,1875
7319,3,1102
7319,4,836
7319,5,263
7319,6,19
7320,0,831
7320,1,2365
7320,2,1914
7320,3,1097
7320,4,807
7320,5,287
7320,6,18
7320,7,1
7321,0,810
7321,1,2382
7321,2,1902
7321,3,1111
7321,4,857
7321,5,232
7321,6,26
7321,7,1
7322,0,798
7322,1,2394
7322,2,1935
7322,3,1106
7322,4,793
7322,5,274
7322,6,22
7323,0,835
7323,1,2332
7323,2,1941
7323,3,1104
7323,4,815
7323,5,276
7323,6,20
7324,0,829
7324,1,2368
7324,2,1912
7324,3,1072
7324,4,868
7324,5,249
7324,6,26
7325,0,863
7325,1,2298
7325,2,1917
7325,3,1150
7325,4,817
7325,5,251
7325,6,29
7326,0,812
7326,1,2408
7326,2,1878
7326,3,1125
7326,4,820
7326,5,261
7326,6,22
7327,0,807
7327,1,2366
7327,2,1961
7327,3,1089
7327,4,826
7327,5,253
7327,6,24
7327,7,1
7328,0,816
7328,1,2388
7328,2,1897
7328,3,1113
7328,4,831
7328,5,260
7328,6,23
7329,0,851
7329,1,2304
7329,2,1972
7329,3,1089
7329,4,833
7329,5,257
7329,6,22
7329,7,1
7330,0,831
7330,1,2327
7330,2,1954
7330,3,1122
7330,4,800
7330,5,279
7330,6,16
7330,7,1
7331,0,818
7331,1,2374
7331,2,1922
7331,3,1112
7331,4,828
7331,5,251
7331,6,26
7332,0,819
7332,1,2355
7332,2,1966
7332,3,1069
7332,4,833
7332,5,268
7332,6,22
7333,0,827
7333,1,2358
7333,2,1923
7333,3,1119
7333,4,826
7333,5,254
7333,6,26
7334,0,799
7334,1,2410
7334,2,1913
7334,3,1100
7334,4,818
7334,5,277
7334,6,17
7335,0,851
7335,1,2363
7335,2,1883
7335,3,1113
7335,4,841
7335,5,256
7335,6,27
7335,7,1
7336,0,792
7336,1,2446
7336,2,1876
7336,3,1101
7336,4,826
7336,5,272
7336,6,23
7337,0,796
7337,1,2374
7337,2,1948
7337,3,1131
7337,4,810
7337,5,257
7337,6,21
7338,0,837
7338,1,2380
7338,2,1906
7338,3,1077
7338,4,856
7338,5,260
7338,6,21
7338,7,1
7339,0,818
7339,1,2391
7339,2,1886
7339,3,1123
7339,4,835
7339,5,266
7339,6,19
7339,7,1
7340,0,846
7340,1,2370
7340,2,1885
7340,3,1085
7340,4,896
7340,5,237
7340,6,20
7340,7,1
7341,0,858
7341,1,2339
7341,2,1878
7341,3,1147
7341,4,846
7341,5,246
7341,6,27
7342,0,841
7342,1,2353
7342,2,1911
7342,3,1122
7342,4,838
7342,5,252
7342,6,24
7342,7,1
7343,0,794
7343,1,2425
7343,2,1913
7343,3,1089
7343,4,837
7343,5,260
7343,6,25
7344,0,822
7344,1,2379
7344,2,1921
7344,3,1101
7344,4,840
7344,5,259
7344,6,21
7344,7,1
7345,0,851
7345,1,2332
7345,2,1933
7345,3,1108
7345,4,834
7345,5,266
7345,6,20
7345,7,1
7346,0,828
7346,1,2347
7346,2,1966
7346,3,1083
7346,4,852
7346,5,243
7346,6,27
7347,0,827
7347,1,2381
7347,2,1927
7347,3,1080
7347,4,850
7347,5,258
7347,6,24
7348,0,818
7348,1,2382
7348,2,1900
7348,3,1148
7348,4,824
7348,5,254
7348,6,21
7348,7,1
7349,0,829
7349,1,2364
7349,2,1959
7349,3,1064
7349,4,844
7349,5,266
7349,6,23
7350,0,799
7350,1,2384
7350,2,1936
7350,3,1136
7350,4,809
7350,5,259
7350,6,27
7351,0,840
7351,1,2374
7351,2,1916
7351,3,1088
7351,4,857
7351,5,253
7351,6,22
7351,7,1
7352,0,809
7352,1,2393
7352,2,1928
7352,3,1113
7352,4,821
7352,5,263
7352,6,25
7353,0,830
7353,1,2363
7353,2,1942
7353,3,1101
7353,4,833
7353,5,260
7353,6,24
7354,0,857
7354,1,2300
7354,2,1971
7354,3,1099
7354,4,838
7354,5,271
7354,6,17
7354,7,1
7355,0,810
7355,1,2426
7355,2,1873
7355,3,1151
7355,4,798
7355,5,276
7355,6,21
7356,0,833
7356,1,2345
7356,2,1979
7356,3,1095
7356,4,809
7356,5,269
7356,6,26
7357,0,828
7357,1,2371
7357,2,1926
7357,3,1108
7357,4,844
7357,5,253
7357,6,27
7358,0,837
7358,1,2347
7358,2,1947
7358,3,1118
7358,4,817
7358,5,266
7358,6,26
7359,0,799
7359,1,2411
7359,2,1944
7359,3,1084
7359,4,835
7359,5,264
7359,6,22
7360,0,825
7360,1,2398
7360,2,1924
7360,3,1086
7360,4,830
7360,5,275
7360,6,21
7360,7,1
7361,0,821
7361,1,2369
7361,2,1955
7361,3,1095
7361,4,851
7361,5,246
7361,6,24
7362,0,807
7362,1,2410
7362,2,1943
7362,3,1061
7362,4,845
7362,5,270
7362,6,26
7363,0,796
7363,1,2427
7363,2,1924
7363,3,1116
7363,4,803
7363,5,281
7363,6,15
7363,7,1
7364,0,827
7364,1,2396
7364,2,1899
7364,3,1100
7364,4,865
7364,5,253
7364,6,23
7364,7,1
7365,0,817
7365,1,2388
7365,2,1941
7365,3,1103
7365,4,836
7365,5,255
7365,6,25
7366,0,847
7366,1,2335
7366,2,1944
7366,3,1116
7366,4,847
7366,5,246
7366,6,31
7367,0,823
7367,1,2367
7367,2,1939
7367,3,1145
7367,4,806
7367,5,267
7367,6,20
7368,0,833
7368,1,2379
7368,2,1928
7368,3,1109
7368,4,815
7368,5,285
7368,6,19
7369,0,813
7369,1,2381
7369,2,1954
7369,3,1128
7369,4,811
7369,5,261
7369,6,20
7369,7,1
7370,0,844
7370,1,2374
7370,2,1911
7370,3,1090
7370,4,870
7370,5,254
7370,6,26
7370,7,1
7371,0,839
7371,1,2353
7371,2,1959
7371,3,1101
7371,4,836
7371,5,257
7371,6,26
7372,0,810
7372,1,2393
7372,2,1957
7372,3,1103
7372,4,804
7372,5,290
7372,6,15
7373,0,825
7373,1,2375
7373,2,1938
7373,3,1124
7373,4,831
7373,5,252
7373,6,27
7373,7,1
7374,0,793
7374,1,2451
7374,2,1900
7374,3,1096
7374,4,852
7374,5,256
7374,6,26
7375,0,821
7375,1,2390
7375,2,1936
7375,3,1102
7375,4,853
7375,5,249
7375,6,23
7375,7,1
7376,0,819
7376,1,2411
7376,2,1913
7376,3,1109
7376,4,828
7376,5,272
7376,6,24
7377,0,849
7377,1,2326
7377,2,1977
7377,3,1106
7377,4,842
7377,5,254
7377,6,23
7378,0,824
7378,1,2405
7378,2,1934
7378,3,1068
7378,4,845
7378,5,282
7378,6,19
7378,7,1
7379,0,803
7379,1,2417
7379,2,1935
7379,3,1108
7379,4,826
7379,5,271
7379,6,19
7380,0,838
7380,1,2376
7380,2,1925
7380,3,1107
7380,4,856
7380,5,250
7380,6,28
7381,0,818
7381,1,2384
7381,2,1983
7381,3,1071
7381,4,829
7381,5,273
7381,6,22
7381,7,1
7382,0,822
7382,1,2381
7382,2,1962
7382,3,1085
7382,4,854
7382,5,256
7382,6,22
7383,0,854
7383,1,2359
7383,2,1910
7383,3,1122
7383,4,855
7383,5,261
7383,6,22
7384,0,857
7384,1,2351
7384,2,1939
7384,3,1111
7384,4,846
7384,5,254
7384,6,26
7385,0,820
7385,1,2358
7385,2,1989
7385,3,1125
7385,4,804
7385,5,266
7385,6,23
7386,0,798
7386,1,2385
7386,2,1997
7386,3,1117
7386,4,802
7386,5,261
7386,6,25
7386,7,1
7387,0,833
7387,1,2400
7387,2,1892
7387,3,1139
7387,4,845
7387,5,250
7387,6,28
7388,0,874
7388,1,2332
7388,2,1911
7388,3,1132
7388,4,862
7388,5,252
7388,6,24
7388,7,1
7389,0,803
7389,1,2401
7389,2,1961
7389,3,1126
7389,4,807
7389,5,269
7389,6,22
7390,0,851
7390,1,2348
7390,2,1957
7390,3,1106
7390,4,841
7390,5,266
7390,6,21
7391,0,865
7391,1,2356
7391,2,1915
7391,3,1114
7391,4,848
7391,5,267
7391,6,26
7392,0,829
7392,1,2400
7392,2,1907
7392,3,1118
7392,4,861
7392,5,255
7392,6,22
7393,0,833
7393,1,2394
7393,2,1929
7393,3,1126
7393,4,817
7393,5,272
7393,6,21
7393,7,1
7394,0,823
7394,1,2368
7394,2,1972
7394,3,1105
7394,4,853
7394,5,247
7394,6,26
7395,0,805
7395,1,2462
7395,2,1897
7395,3,1094
7395,4,833
7395,5,282
7395,6,21
7395,7,1
7396,0,824
7396,1,2405
7396,2,1938
7396,3,1101
7396,4,845
7396,5,258
7396,6,25
7397,0,798
7397,1,2426
7397,2,1909
7397,3,1155
7397,4,831
7397,5,256
7397,6,21
7397,7,1
7398,0,837
7398,1,2385
7398,2,1954
7398,3,1078
7398,4,856
7398,5,268
7398,6,19
7398,7,1
7399,0,831
7399,1,2400
7399,2,1925
7399,3,1107
7399,4,853
7399,5,258
7399,6,25
7400,0,843
7400,1,2356
7400,2,1945
7400,3,1140
7400,4,837
7400,5,258
7400,6,21
7401,0,835
7401,1,2396
7401,2,1935
7401,3,1100
7401,4,858
7401,5,253
7401,6,23
7401,7,1
7402,0,826
7402,1,2409
7402,2,1922
7402,3,1112
7402,4,836
7402,5,275
7402,6,21
7402,7,1
7403,0,835
7403,1,2364
7403,2,1987
7403,3,1095
7403,4,827
7403,5,271
7403,6,24
7404,0,814
7404,1,2426
7404,2,1945
7404,3,1077
7404,4,852
7404,5,269
7404,6,21
7405,0,816
7405,1,2409
7405,2,1959
7405,3,1108
7405,4,813
7405,5,275
7405,6,25
7406,0,838
7406,1,2339
7406,2,1983
7406,3,1140
7406,4,836
7406,5,244
7406,6,26
7407,0,803
7407,1,2453
7407,2,1910
7407,3,1104
7407,4,841
7407,5,270
7407,6,26
7408,0,796
7408,1,2458
7408,2,1950
7408,3,1064
7408,4,837
7408,5,285
7408,6,16
7408,7,2
7409,0,821
7409,1,2428
7409,2,1894
7409,3,1139
7409,4,841
7409,5,264
7409,6,21
7409,7,1
7410,0,836
7410,1,2429
7410,2,1870
7410,3,1128
7410,4,868
7410,5,259
7410,6,19
7410,7,1
7411,0,817
7411,1,2411
7411,2,1969
7411,3,1099
7411,4,819
7411,5,275
7411,6,21
7412,0,881
7412,1,2306
7412,2,1965
7412,3,1098
7412,4,892
7412,5,245
7412,6,25
7413,0,837
7413,1,2374
7413,2,1944
7413,3,1133
7413,4,843
7413,5,256
7413,6,26
7414,0,838
7414,1,2387
7414,2,1953
7414,3,1123
7414,4,811
7414,5,280
7414,6,21
7414,7,1
7415,0,837
7415,1,2376
7415,2,1957
7415,3,1134
7415,4,826
7415,5,263
7415,6,22
7416,0,830
7416,1,2408
7416,2,1904
7416,3,1153
7416,4,839
7416,5,255
7416,6,27
7417,0,845
7417,1,2357
7417,2,1978
7417,3,1109
7417,4,843
7417,5,262
7417,6,22
7417,7,1
7418,0,839
7418,1,2367
7418,2,1989
7418,3,1091
7418,4,826
7418,5,286
7418,6,19
7418,7,1
7419,0,843
7419,1,2348
7419,2,1998
7419,3,1110
7419,4,837
7419,5,256
7419,6,27
7420,0,859
7420,1,2334
7420,2,1967
7420,3,1153
7420,4,817
7420,5,263
7420,6,26
7420,7,1
7421,0,845
7421,1,2357
7421,2,1993
7421,3,1086
7421,4,856
7421,5,262
7421,6,22
7422,0,847
7422,1,2342
7422,2,2003
7422,3,1109
7422,4,831
7422,5,271
7422,6,19
7423,0,827
7423,1,2431
7423,2,1928
7423,3,1111
7423,4,822
7423,5,279
7423,6,25
7424,0,807
7424,1,2413
7424,2,1956
7424,3,1137
7424,4,827
7424,5,257
7424,6,27
7425,0,833
7425,1,2390
7425,2,1978
7425,3,1073
7425,4,862
7425,5,267
7425,6,22
7426,0,842
7426,1,2373
7426,2,1964
7426,3,1148
7426,4,794
7426,5,281
7426,6,24
7427,0,812
7427,1,2429
7427,2,1938
7427,3,1118
7427,4,848
7427,5,258
7427,6,24
7428,0,841
7428,1,2393
7428,2,1953
7428,3,1116
7428,4,824
7428,5,281
7428,6,18
7428,7,2
7429,0,831
7429,1,2388
7429,2,1953
7429,3,1131
7429,4,831
7429,5,272
7429,6,23
7430,0,832
7430,1,2405
7430,2,1954
7430,3,1119
7430,4,823
7430,5,273
7430,6,24
7431,0,854
7431,1,2387
7431,2,1921
7431,3,1103
7431,4,895
7431,5,249
7431,6,21
7431,7,1
7432,0,838
7432,1,2385
7432,2,1959
7432,3,1132
7432,4,843
7432,5,244
7432,6,31
7433,0,803
7433,1,2471
7433,2,1914
7433,3,1086
7433,4,873
7433,5,265
7433,6,21
7434,0,824
7434,1,2411
7434,2,1959
7434,3,1097
7434,4,859
7434,5,259
7434,6,25
7435,0,827
7435,1,2405
7435,2,1956
7435,3,1123
7435,4,829
7435,5,272
7435,6,23
7436,0,836
7436,1,2387
7436,2,1969
7436,3,1120
7436,4,827
7436,5,278
7436,6,17
7436,7,2
7437,0,851
7437,1,2379
7437,2,1954
7437,3,1132
7437,4,815
7437,5,285
7437,6,20
7437,7,1
7438,0,815
7438,1,2405
7438,2,1996
7438,3,1114
7438,4,819
7438,5,262
7438,6,27
7439,0,847
7439,1,2400
7439,2,1917
7439,3,1132
7439,4,861
7439,5,261
7439,6,20
7439,7,1
7440,0,834
7440,1,2383
7440,2,1970
7440,3,1130
7440,4,842
7440,5,258
7440,6,23
7441,0,824
7441,1,2444
7441,2,1909
7441,3,1115
7441,4,853
7441,5,274
7441,6,21
7441,7,1
7442,0,859
7442,1,2381
7442,2,1934
7442,3,1137
7442,4,849
7442,5,263
7442,6,18
7442,7,1
7443,0,821
7443,1,2372
7443,2,2036
7443,3,1104
7443,4,815
7443,5,268
7443,6,27
7444,0,837
7444,1,2402
7444,2,1963
7444,3,1091
7444,4,866
7444,5,257
7444,6,28
7445,0,852
7445,1,2372
7445,2,1985
7445,3,1090
7445,4,840
7445,5,283
7445,6,23
7446,0,835
7446,1,2401
7446,2,1960
7446,3,1129
7446,4,817
7446,5,280
7446,6,24
7447,0,827
7447,1,2393
7447,2,2002
7447,3,1102
7447,4,828
7447,5,273
7447,6,22
7448,0,837
7448,1,2378
7448,2,1982
7448,3,1115
7448,4,852
7448,5,260
7448,6,23
7448,7,1
7449,0,825
7449,1,2423
7449,2,1942
7449,3,1136
7449,4,843
7449,5,257
7449,6,23
7450,0,819
7450,1,2415
7450,2,1989
7450,3,1100
7450,4,836
7450,5,263
7450,6,28
7451,0,818
7451,1,2481
7451,2,1881
7451,3,1118
7451,4,861
7451,5,267
7451,6,25
7452,0,838
7452,1,2359
7452,2,1983
7452,3,1176
7452,4,806
7452,5,271
7452,6,18
7452,7,1
7453,0,804
7453,1,2454
7453,2,1951
7453,3,1103
7453,4,848
7453,5,273
7453,6,18
7453,7,2
7454,0,867
7454,1,2394
7454,2,1921
7454,3,1086
7454,4,917
7454,5,241
7454,6,28
7455,0,816
7455,1,2431
7455,2,1989
7455,3,1081
7455,4,850
7455,5,264
7455,6,23
7455,7,1
7456,0,836
7456,1,2387
7456,2,1966
7456,3,1161
7456,4,822
7456,5,253
7456,6,31
7457,0,849
7457,1,2372
7457,2,1967
7457,3,1133
7457,4,861
7457,5,251
7457,6,24
7458,0,858
7458,1,2376
7458,2,1982
7458,3,1102
7458,4,838
7458,5,272
7458,6,30
7459,0,826
7459,1,2391
7459,2,1967
7459,3,1157
7459,4,843
7459,5,251
7459,6,24
7460,0,834
7460,1,2399
7460,2,1987
7460,3,1118
7460,4,814
7460,5,289
7460,6,19
7461,0,863
7461,1,2351
7461,2,2012
7461,3,1100
7461,4,842
7461,5,272
7461,6,20
7461,7,1
7462,0,841
7462,1,2385
7462,2,1976
7462,3,1120
7462,4,841
7462,5,271
7462,6,28
7463,0,847
7463,1,2390
7463,2,1970
7463,3,1127
7463,4,842
7463,5,263
7463,6,24
7464,0,834
7464,1,2431
7464,2,1918
7464,3,1146
7464,4,840
7464,5,275
7464,6,19
7464,7,1
7465,0,861
7465,1,2350
7465,2,1995
7465,3,1126
7465,4,845
7465,5,263
7465,6,25
7466,0,853
7466,1,2391
7466,2,1976
7466,3,1099
7466,4,860
7466,5,264
7466,6,22
7466,7,1
7467,0,861
7467,1,2372
7467,2,1962
7467,3,1113
7467,4,868
7467,5,267
7467,6,24
7468,0,842
7468,1,2433
7468,2,1919
7468,3,1118
7468,4,872
7468,5,262
7468,6,22
7469,0,788
7469,1,2464
7469,2,1995
7469,3,1090
7469,4,846
7469,5,258
7469,6,28
7470,0,843
7470,1,2434
7470,2,1913
7470,3,1143
7470,4,839
7470,5,273
7470,6,25
7471,0,856
7471,1,2378
7471,2,1982
7471,3,1105
7471,4,855
7471,5,269
7471,6,26
7472,0,846
7472,1,2400
7472,2,1954
7472,3,1145
7472,4,844
7472,5,255
7472,6,28
7473,0,837
7473,1,2389
7473,2,1966
7473,3,1146
7473,4,859
7473,5,252
7473,6,23
7473,7,1
7474,0,816
7474,1,2445
7474,2,1971
7474,3,1108
7474,4,844
7474,5,266
7474,6,24
7475,0,832
7475,1,2454
7475,2,1930
7475,3,1119
7475,4,842
7475,5,273
7475,6,25
7476,0,833
7476,1,2415
7476,2,1948
7476,3,1141
7476,4,851
7476,5,265
7476,6,22
7476,7,1
7477,0,843
7477,1,2422
7477,2,1938
7477,3,1139
7477,4,837
7477,5,275
7477,6,23
7478,0,819
7478,1,2414
7478,2,2014
7478,3,1096
7478,4,832
7478,5,280
7478,6,23
7479,0,839
7479,1,2425
7479,2,1968
7479,3,1107
7479,4,833
7479,5,286
7479,6,21
7480,0,821
7480,1,2432
7480,2,1975
7480,3,1113
7480,4,845
7480,5,273
7480,6,20
7480,7,1
7481,0,857
7481,1,2364
7481,2,1990
7481,3,1135
7481,4,849
7481,5,257
7481,6,29
7482,0,859
7482,1,2375
7482,2,1987
7482,3,1133
7482,4,837
7482,5,266
7482,6,24
7482,7,1
7483,0,828
7483,1,2446
7483,2,1934
7483,3,1121
7483,4,863
7483,5,268
7483,6,23
7484,0,847
7484,1,2401
7484,2,1953
7484,3,1159
7484,4,827
7484,5,277
7484,6,20
7485,0,817
7485,1,2424
7485,2,2002
7485,3,1094
7485,4,861
7485,5,263
7485,6,23
7485,7,1
7486,0,844
7486,1,2382
7486,2,2029
7486,3,1110
7486,4,819
7486,5,279
7486,6,22
7486,7,1
7487,0,857
7487,1,2360
7487,2,1992
7487,3,1160
7487,4,814
7487,5,280
7487,6,24
7488,0,855
7488,1,2384
7488,2,1992
7488,3,1122
7488,4,845
7488,5,263
7488,6,27
7489,0,851
7489,1,2371
7489,2,1995
7489,3,1138
7489,4,846
7489,5,266
7489,6,22
7490,0,857
7490,1,2368
7490,2,1996
7490,3,1134
7490,4,830
7490,5,284
7490,6,20
7490,7,1
7491,0,852
7491,1,2409
7491,2,1965
7491,3,1127
7491,4,840
7491,5,274
7491,6,24
7492,0,851
7492,1,2410
7492,2,1949
7492,3,1128
7492,4,877
7492,5,249
7492,6,27
7492,7,1
7493,0,841
7493,1,2399
7493,2,2000
7493,3,1095
7493,4,877
7493,5,254
7493,6,27
7494,0,868
7494,1,2347
7494,2,2010
7494,3,1155
7494,4,813
7494,5,279
7494,6,21
7494,7,1
7495,0,860
7495,1,2379
7495,2,1982
7495,3,1142
7495,4,840
7495,5,269
7495,6,23
7496,0,831
7496,1,2431
7496,2,1976
7496,3,1118
7496,4,849
7496,5,271
7496,6,18
7496,7,2
7497,0,824
7497,1,2467
7497,2,1944
7497,3,1086
7497,4,882
7497,5,271
7497,6,23
7498,0,849
7498,1,2380
7498,2,2015
7498,3,1117
7498,4,843
7498,5,270
7498,6,24
7499,0,796
7499,1,2480
7499,2,1954
7499,3,1145
7499,4,816
7499,5,289
7499,6,18
7499,7,1
7500,0,860
7500,1,2419
7500,2,1942
7500,3,1122
7500,4,860
7500,5,273
7500,6,24
7501,0,848
7501,1,2409
7501,2,1968
7501,3,1121
7501,4,869
7501,5,259
7501,6,27
7502,0,828
7502,1,2420
7502,2,1975
7502,3,1145
7502,4,845
7502,5,266
7502,6,21
7502,7,2
7503,0,858
7503,1,2400
7503,2,1973
7503,3,1115
7503,4,864
7503,5,270
7503,6,23
7504,0,806
7504,1,2475
7504,2,1969
7504,3,1117
7504,4,853
7504,5,259
7504,6,25
7505,0,848
7505,1,2414
7505,2,1960
7505,3,1158
7505,4,835
7505,5,268
7505,6,21
7505,7,1
7506,0,849
7506,1,2402
7506,2,1975
7506,3,1130
7506,4,853
7506,5,270
7506,6,27
7507,0,832
7507,1,2447
7507,2,1939
7507,3,1113
7507,4,911
7507,5,237
7507,6,27
7507,7,1
7508,0,834
7508,1,2426
7508,2,2010
7508,3,1092
7508,4,841
7508,5,281
7508,6,24
7509,0,833
7509,1,2434
7509,2,1978
7509,3,1133
7509,4,835
7509,5,268
7509,6,28
7510,0,826
7510,1,2465
7510,2,1923
7510,3,1156
7510,4,841
7510,5,279
7510,6,20
7511,0,818
7511,1,2449
7511,2,1968
7511,3,1128
7511,4,872
7511,5,252
7511,6,23
7511,7,1
7512,0,834
7512,1,2431
7512,2,1997
7512,3,1092
7512,4,873
7512,5,260
7512,6,25
7513,0,818
7513,1,2449
7513,2,1999
7513,3,1112
7513,4,827
7513,5,284
7513,6,24
7514,0,844
7514,1,2419
7514,2,1955
7514,3,1155
7514,4,839
7514,5,283
7514,6,18
7514,7,1
7515,0,860
7515,1,2412
7515,2,1969
7515,3,1117
7515,4,857
7515,5,275
7515,6,25
7516,0,832
7516,1,2411
7516,2,1997
7516,3,1140
7516,4,866
7516,5,245
7516,6,24
7516,7,1
7517,0,824
7517,1,2472
7517,2,1929
7517,3,1143
7517,4,857
7517,5,268
7517,6,24
7518,0,871
7518,1,2382
7518,2,1969
7518,3,1153
7518,4,850
7518,5,266
7518,6,27
7519,0,835
7519,1,2411
7519,2,2012
7519,3,1130
7519,4,832
7519,5,269
7519,6,30
7520,0,867
7520,1,2410
7520,2,1942
7520,3,1151
7520,4,855
7520,5,272
7520,6,23
7521,0,824
7521,1,2442
7521,2,2022
7521,3,1076
7521,4,863
7521,5,271
7521,6,22
7521,7,1
7522,0,828
7522,1,2444
7522,2,1963
7522,3,1155
7522,4,827
7522,5,285
7522,6,19
7522,7,1
7523,0,889
7523,1,2369
7523,2,1965
7523,3,1150
7523,4,847
7523,5,280
7523,6,23
7524,0,823
7524,1,2430
7524,2,2011
7524,3,1122
7524,4,850
7524,5,266
7524,6,20
7524,7,2
7525,0,845
7525,1,2406
7525,2,1994
7525,3,1131
7525,4,871
7525,5,252
7525,6,25
7525,7,1
7526,0,855
7526,1,2401
7526,2,1994
7526,3,1122
7526,4,849
7526,5,284
7526,6,21
7527,0,857
7527,1,2398
7527,2,1995
7527,3,1142
7527,4,851
7527,5,253
7527,6,31
7528,0,869
7528,1,2401
7528,2,1973
7528,3,1131
7528,4,857
7528,5,274
7528,6,23
7529,0,873
7529,1,2346
7529,2,2008
7529,3,1173
7529,4,845
7529,5,259
7529,6,25
7530,0,869
7530,1,2367
7530,2,2002
7530,3,1159
7530,4,827
7530,5,282
7530,6,24
7531,0,837
7531,1,2433
7531,2,1973
7531,3,1140
7531,4,865
7531,5,257
7531,6,26
7532,0,848
7532,1,2429
7532,2,1979
7532,3,1139
7532,4,829
7532,5,284
7532,6,24
7533,0,834
7533,1,2426
7533,2,1989
7533,3,1140
7533,4,860
7533,5,257
7533,6,26
7533,7,1
7534,0,871
7534,1,2402
7534,2,1960
7534,3,1150
7534,4,859
7534,5,269
7534,6,22
7534,7,1
7535,0,848
7535,1,2432
7535,2,1951
7535,3,1161
7535,4,850
7535,5,268
7535,6,25
7536,0,857
7536,1,2414
7536,2,1998
7536,3,1105
7536,4,857
7536,5,280
7536,6,25
7537,0,849
7537,1,2419
7537,2,1976
7537,3,1146
7537,4,863
7537,5,259
7537,6,25
7538,0,837
7538,1,2453
7538,2,1928
7538,3,1174
7538,4,860
7538,5,260
7538,6,25
7538,7,1
7539,0,820
7539,1,2474
7539,2,1994
7539,3,1088
7539,4,860
7539,5,286
7539,6,17
7540,0,820
7540,1,2466
7540,2,1974
7540,3,1144
7540,4,836
7540,5,271
7540,6,29
7541,0,829
7541,1,2460
7541,2,1973
7541,3,1114
7541,4,864
7541,5,284
7541,6,16
7541,7,1
7542,0,874
7542,1,2405
7542,2,1971
7542,3,1127
7542,4,869
7542,5,270
7542,6,26
7543,0,847
7543,1,2397
7543,2,2018
7543,3,1140
7543,4,857
7543,5,256
7543,6,28
7544,0,843
7544,1,2420
7544,2,1986
7544,3,1167
7544,4,840
7544,5,265
7544,6,22
7544,7,1
7545,0,876
7545,1,2389
7545,2,1989
7545,3,1126
7545,4,871
7545,5,272
7545,6,22
7546,0,817
7546,1,2452
7546,2,1998
7546,3,1162
7546,4,815
7546,5,277
7546,6,24
7546,7,1
7547,0,832
7547,1,2492
7547,2,1948
7547,3,1095
7547,4,880
7547,5,272
7547,6,27
7547,7,1
7548,0,824
7548,1,2451
7548,2,2011
7548,3,1108
7548,4,854
7548,5,275
7548,6,25
7549,0,867
7549,1,2383
7549,2,1990
7549,3,1162
7549,4,865
7549,5,255
7549,6,27
7550,0,844
7550,1,2423
7550,2,2000
7550,3,1133
7550,4,852
7550,5,276
7550,6,22
7551,0,840
7551,1,2428
7551,2,2034
7551,3,1090
7551,4,846
7551,5,289
7551,6,24
7552,0,830
7552,1,2455
7552,2,1960
7552,3,1179
7552,4,834
7552,5,273
7552,6,19
7552,7,2
7553,0,845
7553,1,2429
7553,2,2000
7553,3,1140
7553,4,839
7553,5,281
7553,6,19
7554,0,865
7554,1,2369
7554,2,2032
7554,3,1149
7554,4,843
7554,5,270
7554,6,26
7555,0,870
7555,1,2410
7555,2,1993
7555,3,1097
7555,4,896
7555,5,264
7555,6,24
7555,7,1
7556,0,811
7556,1,2504
7556,2,1968
7556,3,1107
7556,4,869
7556,5,273
7556,6,23
7556,7,1
7557,0,883
7557,1,2343
7557,2,2047
7557,3,1150
7557,4,837
7557,5,271
7557,6,26
7558,0,840
7558,1,2450
7558,2,1977
7558,3,1137
7558,4,859
7558,5,268
7558,6,27
7559,0,836
7559,1,2466
7559,2,1950
7559,3,1144
7559,4,868
7559,5,272
7559,6,23
7560,0,853
7560,1,2390
7560,2,2072
7560,3,1101
7560,4,830
7560,5,291
7560,6,22
7560,7,1
7561,0,840
7561,1,2429
7561,2,1985
7561,3,1153
7561,4,876
7561,5,255
7561,6,22
7561,7,1
7562,0,837
7562,1,2438
7562,2,2001
7562,3,1138
7562,4,840
7562,5,287
7562,6,20
7562,7,1
7563,0,842
7563,1,2449
7563,2,2001
7563,3,1127
7563,4,845
7563,5,275
7563,6,24
7564,0,867
7564,1,2443
7564,2,1940
7564,3,1137
7564,4,868
7564,5,292
7564,6,14
7564,7,3
7565,0,823
7565,1,2462
7565,2,1979
7565,3,1165
7565,4,837
7565,5,281
7565,6,18
7566,0,877
7566,1,2393
7566,2,1987
7566,3,1159
7566,4,860
7566,5,263
7566,6,26
7566,7,1
7567,0,842
7567,1,2461
7567,2,1968
7567,3,1135
7567,4,850
7567,5,289
7567,6,22
7568,0,866
7568,1,2432
7568,2,1942
7568,3,1186
7568,4,842
7568,5,276
7568,6,24
7569,0,888
7569,1,2364
7569,2,2013
7569,3,1133
7569,4,880
7569,5,269
7569,6,22
7570,0,847
7570,1,2400
7570,2,2050
7570,3,1144
7570,4,836
7570,5,262
7570,6,31
7571,0,846
7571,1,2453
7571,2,1957
7571,3,1157
7571,4,874
7571,5,258
7571,6,26
7572,0,887
7572,1,2346
7572,2,2028
7572,3,1174
7572,4,845
7572,5,266
7572,6,25
7572,7,1
7573,0,822
7573,1,2491
7573,2,1969
7573,3,1135
7573,4,858
7573,5,280
7573,6,17
7573,7,1
7574,0,852
7574,1,2468
7574,2,1944
7574,3,1132
7574,4,871
7574,5,286
7574,6,21
7575,0,866
7575,1,2387
7575,2,2033
7575,3,1147
7575,4,846
7575,5,267
7575,6,28
7575,7,1
7576,0,835
7576,1,2461
7576,2,1983
7576,3,1138
7576,4,850
7576,5,285
7576,6,24
7577,0,826
7577,1,2441
7577,2,2011
7577,3,1176
7577,4,846
7577,5,250
7577,6,26
7577,7,1
7578,0,866
7578,1,2436
7578,2,1973
7578,3,1132
7578,4,855
7578,5,297
7578,6,19
7579,0,827
7579,1,2470
7579,2,2007
7579,3,1123
7579,4,842
7579,5,286
7579,6,24
7580,0,825
7580,1,2480
7580,2,1998
7580,3,1118
7580,4,862
7580,5,273
7580,6,23
7580,7,1
7581,0,836
7581,1,2461
7581,2,1957
7581,3,1186
7581,4,847
7581,5,267
7581,6,27
7582,0,864
7582,1,2423
7582,2,2010
7582,3,1130
7582,4,851
7582,5,279
7582,6,25
7583,0,862
7583,1,2404
7583,2,2004
7583,3,1154
7583,4,866
7583,5,273
7583,6,18
7583,7,2
7584,0,843
7584,1,2434
7584,2,2001
7584,3,1178
7584,4,819
7584,5,290
7584,6,18
7584,7,1
7585,0,858
7585,1,2441
7585,2,1988
7585,3,1142
7585,4,859
7585,5,270
7585,6,27
7586,0,845
7586,1,2450
7586,2,1981
7586,3,1153
7586,4,868
7586,5,264
7586,6,24
7586,7,1
7587,0,859
7587,1,2423
7587,2,1977
7587,3,1178
7587,4,864
7587,5,257
7587,6,29
7588,0,847
7588,1,2474
7588,2,1957
7588,3,1138
7588,4,881
7588,5,264
7588,6,27
7589,0,822
7589,1,2458
7589,2,2046
7589,3,1084
7589,4,870
7589,5,289
7589,6,20
7590,0,843
7590,1,2482
7590,2,1967
7590,3,1131
7590,4,864
7590,5,281
7590,6,21
7590,7,1
7591,0,851
7591,1,2448
7591,2,1996
7591,3,1123
7591,4,873
7591,5,272
7591,6,28
7592,0,841
7592,1,2440
7592,2,2034
7592,3,1121
7592,4,863
7592,5,270
7592,6,22
7592,7,1
7593,0,863
7593,1,2437
7593,2,1948
7593,3,1185
7593,4,874
7593,5,261
7593,6,25
7594,0,848
7594,1,2446
7594,2,2012
7594,3,1128
7594,4,857
7594,5,283
7594,6,18
7594,7,2
7595,0,829
7595,1,2470
7595,2,2018
7595,3,1118
7595,4,842
7595,5,295
7595,6,23
7596,0,845
7596,1,2493
7596,2,1949
7596,3,1124
7596,4,872
7596,5,290
7596,6,23
7597,0,844
7597,1,2427
7597,2,2041
7597,3,1147
7597,4,842
7597,5,270
7597,6,25
7597,7,1
7598,0,830
7598,1,2487
7598,2,1979
7598,3,1128
7598,4,876
7598,5,272
7598,6,26
7599,0,858
7599,1,2452
7599,2,1961
7599,3,1167
7599,4,873
7599,5,264
7599,6,23
7599,7,1
7600,0,849
7600,1,2468
7600,2,1951
7600,3,1176
7600,4,858
7600,5,274
7600,6,24
7601,0,860
7601,1,2407
7601,2,2047
7601,3,1129
7601,4,857
7601,5,274
7601,6,27
7602,0,847
7602,1,2439
7602,2,1998
7602,3,1177
7602,4,852
7602,5,265
7602,6,23
7602,7,1
7603,0,840
7603,1,2472
7603,2,1974
7603,3,1156
7603,4,874
7603,5,258
7603,6,29
7604,0,845
7604,1,2449
7604,2,2017
7604,3,1132
7604,4,850
7604,5,293
7604,6,17
7604,7,1
7605,0,832
7605,1,2453
7605,2,2029
7605,3,1155
7605,4,827
7605,5,282
7605,6,27
7606,0,866
7606,1,2436
7606,2,1995
7606,3,1137
7606,4,872
7606,5,278
7606,6,21
7606,7,1
7607,0,864
7607,1,2411
7607,2,2038
7607,3,1136
7607,4,847
7607,5,285
7607,6,26
7608,0,851
7608,1,2439
7608,2,2016
7608,3,1145
7608,4,875
7608,5,253
7608,6,29
7609,0,835
7609,1,2508
7609,2,1944
7609,3,1132
7609,4,874
7609,5,301
7609,6,15
7610,0,858
7610,1,2470
7610,2,1954
7610,3,1141
7610,4,903
7610,5,259
7610,6,24
7610,7,1
7611,0,857
7611,1,2411
7611,2,2037
7611,3,1171
7611,4,845
7611,5,259
7611,6,31
7612,0,845
7612,1,2461
7612,2,1996
7612,3,1149
7612,4,865
7612,5,275
7612,6,20
7612,7,1
7613,0,852
7613,1,2463
7613,2,1989
7613,3,1120
7613,4,882
7613,5,283
7613,6,24
7614,0,824
7614,1,2503
7614,2,1983
7614,3,1140
7614,4,861
7614,5,280
7614,6,23
7615,0,834
7615,1,2489
7615,2,1991
7615,3,1134
7615,4,860
7615,5,285
7615,6,20
7615,7,2
7616,0,843
7616,1,2470
7616,2,2011
7616,3,1126
7616,4,866
7616,5,280
7616,6,19
7616,7,1
7617,0,875
7617,1,2377
7617,2,2056
7617,3,1147
7617,4,864
7617,5,272
7617,6,25
7617,7,1
7618,0,864
7618,1,2417
7618,2,2032
7618,3,1193
7618,4,804
7618,5,286
7618,6,21
7618,7,1
7619,0,867
7619,1,2466
7619,2,1923
7619,3,1177
7619,4,891
7619,5,273
7619,6,22
7620,0,861
7620,1,2472
7620,2,1958
7620,3,1151
7620,4,876
7620,5,274
7620,6,28
7621,0,847
7621,1,2465
7621,2,1982
7621,3,1169
7621,4,870
7621,5,262
7621,6,25
7621,7,1
7622,0,842
7622,1,2470
7622,2,1996
7622,3,1134
7622,4,882
7622,5,274
7622,6,24
7623,0,841
7623,1,2460
7623,2,2022
7623,3,1135
7623,4,864
7623,5,278
7623,6,23
7624,0,883
7624,1,2396
7624,2,2037
7624,3,1152
7624,4,865
7624,5,257
7624,6,34
7625,0,864
7625,1,2444
7625,2,1960
7625,3,1202
7625,4,865
7625,5,267
7625,6,23
7626,0,821
7626,1,2485
7626,2,2032
7626,3,1160
7626,4,816
7626,5,286
7626,6,26
7627,0,849
7627,1,2499
7627,2,1922
7627,3,1176
7627,4,884
7627,5,274
7627,6,22
7627,7,1
7628,0,857
7628,1,2435
7628,2,2038
7628,3,1142
7628,4,860
7628,5,270
7628,6,26
7629,0,859
7629,1,2422
7629,2,2041
7629,3,1130
7629,4,880
7629,5,271
7629,6,26
7630,0,833
7630,1,2529
7630,2,1958
7630,3,1133
7630,4,869
7630,5,283
7630,6,25
7631,0,862
7631,1,2439
7631,2,1989
7631,3,1187
7631,4,865
7631,5,258
7631,6,31
7632,0,865
7632,1,2444
7632,2,1964
7632,3,1212
7632,4,844
7632,5,281
7632,6,20
7632,7,2
7633,0,876
7633,1,2402
7633,2,2052
7633,3,1150
7633,4,852
7633,5,277
7633,6,24
7634,0,835
7634,1,2513
7634,2,1970
7634,3,1134
7634,4,882
7634,5,275
7634,6,25
7635,0,823
7635,1,2524
7635,2,2002
7635,3,1101
7635,4,886
7635,5,277
7635,6,22
7636,0,871
7636,1,2426
7636,2,2009
7636,3,1146
7636,4,892
7636,5,264
7636,6,27
7636,7,1
7637,0,847
7637,1,2480
7637,2,1991
7637,3,1141
7637,4,885
7637,5,268
7637,6,25
7638,0,860
7638,1,2451
7638,2,2003
7638,3,1157
7638,4,870
7638,5,271
7638,6,26
7639,0,887
7639,1,2393
7639,2,2035
7639,3,1163
7639,4,868
7639,5,269
7639,6,24
7640,0,843
7640,1,2471
7640,2,2025
7640,3,1132
7640,4,855
7640,5,286
7640,6,28
7641,0,869
7641,1,2402
7641,2,2057
7641,3,1174
7641,4,848
7641,5,262
7641,6,29
7642,0,834
7642,1,2490
7642,2,2019
7642,3,1106
7642,4,893
7642,5,269
7642,6,31
7643,0,852
7643,1,2504
7643,2,1947
7643,3,1156
7643,4,886
7643,5,275
7643,6,23
7644,0,834
7644,1,2501
7644,2,2004
7644,3,1145
7644,4,856
7644,5,279
7644,6,25
7645,0,859
7645,1,2470
7645,2,1957
7645,3,1188
7645,4,875
7645,5,271
7645,6,24
7645,7,1
7646,0,839
7646,1,2449
7646,2,2078
7646,3,1112
7646,4,875
7646,5,267
7646,6,25
7646,7,1
7647,0,857
7647,1,2448
7647,2,2014
7647,3,1184
7647,4,827
7647,5,295
7647,6,21
7647,7,1
7648,0,869
7648,1,2479
7648,2,1955
7648,3,1151
7648,4,907
7648,5,266
7648,6,21
7649,0,892
7649,1,2411
7649,2,1991
7649,3,1175
7649,4,884
7649,5,270
7649,6,26
7650,0,830
7650,1,2469
7650,2,2073
7650,3,1127
7650,4,859
7650,5,262
7650,6,29
7650,7,1
7651,0,865
7651,1,2449
7651,2,1985
7651,3,1183
7651,4,856
7651,5,290
7651,6,23
7652,0,877
7652,1,2399
7652,2,2053
7652,3,1170
7652,4,863
7652,5,266
7652,6,23
7652,7,1
7653,0,840
7653,1,2507
7653,2,1965
7653,3,1179
7653,4,859
7653,5,281
7653,6,20
7653,7,2
7654,0,878
7654,1,2415
7654,2,2043
7654,3,1145
7654,4,884
7654,5,258
7654,6,31
7655,0,847
7655,1,2466
7655,2,2032
7655,3,1141
7655,4,861
7655,5,285
7655,6,23
7656,0,869
7656,1,2440
7656,2,2030
7656,3,1156
7656,4,841
7656,5,297
7656,6,23
7657,0,891
7657,1,2381
7657,2,2079
7657,3,1129
7657,4,865
7657,5,288
7657,6,24
7658,0,827
7658,1,2505
7658,2,2029
7658,3,1137
7658,4,851
7658,5,286
7658,6,21
7658,7,2
7659,0,825
7659,1,2524
7659,2,1994
7659,3,1133
7659,4,888
7659,5,270
7659,6,25
7660,0,878
7660,1,2431
7660,2,2017
7660,3,1182
7660,4,839
7660,5,288
7660,6,24
7660,7,1
7661,0,822
7661,1,2510
7661,2,2009
7661,3,1152
7661,4,869
7661,5,275
7661,6,24
7662,0,881
7662,1,2426
7662,2,2008
7662,3,1199
7662,4,854
7662,5,263
7662,6,31
7663,0,850
7663,1,2436
7663,2,2045
7663,3,1174
7663,4,865
7663,5,269
7663,6,24
7664,0,886
7664,1,2424
7664,2,2031
7664,3,1150
7664,4,868
7664,5,278
7664,6,27
7665,0,845
7665,1,2495
7665,2,2016
7665,3,1134
7665,4,860
7665,5,292
7665,6,22
7665,7,1
7666,0,883
7666,1,2435
7666,2,1990
7666,3,1185
7666,4,872
7666,5,277
7666,6,24
7667,0,858
7667,1,2463
7667,2,2017
7667,3,1176
7667,4,849
7667,5,280
7667,6,24
7668,0,885
7668,1,2414
7668,2,2036
7668,3,1154
7668,4,873
7668,5,280
7668,6,26
7669,0,893
7669,1,2405
7669,2,2030
7669,3,1185
7669,4,856
7669,5,276
7669,6,23
7669,7,1
7670,0,833
7670,1,2496
7670,2,2018
7670,3,1163
7670,4,858
7670,5,272
7670,6,30
7671,0,846
7671,1,2499
7671,2,1992
7671,3,1157
7671,4,868
7671,5,288
7671,6,21
7672,0,879
7672,1,2425
7672,2,2048
7672,3,1148
7672,4,865
7672,5,281
7672,6,25
7672,7,1
7673,0,844
7673,1,2488
7673,2,2014
7673,3,1153
7673,4,881
7673,5,270
7673,6,23
7674,0,872
7674,1,2438
7674,2,2025
7674,3,1181
7674,4,851
7674,5,282
7674,6,25
7675,0,857
7675,1,2487
7675,2,1999
7675,3,1139
7675,4,891
7675,5,273
7675,6,29
7676,0,856
7676,1,2455
7676,2,2017
7676,3,1202
7676,4,846
7676,5,273
7676,6,27
7677,0,835
7677,1,2500
7677,2,2048
7677,3,1121
7677,4,866
7677,5,283
7677,6,24
7678,0,826
7678,1,2529
7678,2,2010
7678,3,1131
7678,4,871
7678,5,288
7678,6,23
7679,0,867
7679,1,2466
7679,2,2005
7679,3,1160
7679,4,887
7679,5,269
7679,6,24
7679,7,1
7680,0,852
7680,1,2453
7680,2,2057
7680,3,1148
7680,4,861
7680,5,282
7680,6,27
7681,0,843
7681,1,2469
7681,2,2070
7681,3,1150
7681,4,845
7681,5,276
7681,6,28
7682,0,868
7682,1,2463
7682,2,1982
7682,3,1189
7682,4,886
7682,5,266
7682,6,28
7683,0,900
7683,1,2425
7683,2,2009
7683,3,1151
7683,4,911
7683,5,256
7683,6,30
7683,7,1
7684,0,832
7684,1,2517
7684,2,1994
7684,3,1207
7684,4,822
7684,5,295
7684,6,15
7684,7,2
7685,0,831
7685,1,2499
7685,2,2026
7685,3,1155
7685,4,874
7685,5,271
7685,6,29
7686,0,872
7686,1,2461
7686,2,2040
7686,3,1124
7686,4,885
7686,5,279
7686,6,25
7687,0,879
7687,1,2460
7687,2,2002
7687,3,1147
7687,4,885
7687,5,290
7687,6,24
7688,0,834
7688,1,2517
7688,2,2026
7688,3,1129
7688,4,875
7688,5,289
7688,6,16
7688,7,2
7689,0,843
7689,1,2509
7689,2,2011
7689,3,1151
7689,4,863
7689,5,288
7689,6,24
7690,0,846
7690,1,2461
7690,2,2065
7690,3,1175
7690,4,820
7690,5,303
7690,6,20
7691,0,875
7691,1,2453
7691,2,2024
7691,3,1163
7691,4,871
7691,5,280
7691,6,24
7691,7,1
7692,0,872
7692,1,2439
7692,2,2017
7692,3,1186
7692,4,892
7692,5,258
7692,6,27
7692,7,1
7693,0,842
7693,1,2495
7693,2,2007
7693,3,1182
7693,4,870
7693,5,269
7693,6,27
7693,7,1
7694,0,844
7694,1,2495
7694,2,2061
7694,3,1122
7694,4,850
7694,5,302
7694,6,20
7695,0,858
7695,1,2482
7695,2,2009
7695,3,1170
7695,4,876
7695,5,273
7695,6,27
7696,0,844
7696,1,2546
7696,2,1962
7696,3,1134
7696,4,910
7696,5,276
7696,6,23
7696,7,1
7697,0,842
7697,1,2501
7697,2,2017
7697,3,1172
7697,4,860
7697,5,280
7697,6,25
7698,0,858
7698,1,2467
7698,2,2053
7698,3,1132
7698,4,893
7698,5,270
7698,6,24
7698,7,1
7699,0,886
7699,1,2429
7699,2,2025
7699,3,1188
7699,4,866
7699,5,280
7699,6,25
7700,0,859
7700,1,2505
7700,2,1986
7700,3,1140
7700,4,914
7700,5,271
7700,6,25
7701,0,853
7701,1,2495
7701,2,2022
7701,3,1145
7701,4,876
7701,5,290
7701,6,19
7701,7,1
7702,0,871
7702,1,2463
7702,2,2046
7702,3,1140
7702,4,884
7702,5,270
7702,6,28
7703,0,855
7703,1,2457
7703,2,2029
7703,3,1217
7703,4,838
7703,5,277
7703,6,30
7704,0,864
7704,1,2499
7704,2,1999
7704,3,1160
7704,4,871
7704,5,291
7704,6,19
7704,7,1
7705,0,829
7705,1,2528
7705,2,1983
7705,3,1188
7705,4,882
7705,5,271
7705,6,21
7705,7,3
7706,0,841
7706,1,2548
7706,2,1973
7706,3,1169
7706,4,864
7706,5,292
7706,6,18
7706,7,1
7707,0,853
7707,1,2483
7707,2,2041
7707,3,1149
7707,4,868
7707,5,289
7707,6,24
7708,0,893
7708,1,2440
7708,2,2024
7708,3,1168
7708,4,881
7708,5,278
7708,6,23
7708,7,1
7709,0,860
7709,1,2472
7709,2,2008
7709,3,1191
7709,4,888
7709,5,262
7709,6,28
7710,0,866
7710,1,2463
7710,2,2037
7710,3,1169
7710,4,885
7710,5,263
7710,6,26
7710,7,1
7711,0,835
7711,1,2507
7711,2,2073
7711,3,1125
7711,4,838
7711,5,310
7711,6,22
7711,7,1
7712,0,871
7712,1,2482
7712,2,1986
7712,3,1184
7712,4,895
7712,5,270
7712,6,24
7713,0,863
7713,1,2466
7713,2,2049
7713,3,1168
7713,4,858
7713,5,285
7713,6,24
7714,0,880
7714,1,2444
7714,2,2038
7714,3,1166
7714,4,890
7714,5,267
7714,6,29
7715,0,884
7715,1,2483
7715,2,1973
7715,3,1180
7715,4,901
7715,5,270
7715,6,24
7716,0,857
7716,1,2499
7716,2,2019
7716,3,1128
7716,4,920
7716,5,262
7716,6,30
7716,7,1
7717,0,843
7717,1,2540
7717,2,1995
7717,3,1150
7717,4,878
7717,5,287
7717,6,24
7718,0,846
7718,1,2475
7718,2,2071
7718,3,1156
7718,4,860
7718,5,287
7718,6,23
7719,0,870
7719,1,2493
7719,2,1995
7719,3,1149
7719,4,924
7719,5,260
7719,6,28
7720,0,896
7720,1,2389
7720,2,2117
7720,3,1147
7720,4,875
7720,5,266
7720,6,30
7721,0,876
7721,1,2451
7721,2,2062
7721,3,1151
7721,4,868
7721,5,289
7721,6,24
7722,0,838
7722,1,2534
7722,2,2004
7722,3,1149
7722,4,888
7722,5,283
7722,6,26
7723,0,855
7723,1,2512
7723,2,1997
7723,3,1179
7723,4,881
7723,5,266
7723,6,32
7723,7,1
7724,0,857
7724,1,2503
7724,2,2014
7724,3,1155
7724,4,897
7724,5,277
7724,6,21
7725,0,872
7725,1,2465
7725,2,2022
7725,3,1205
7725,4,852
7725,5,280
7725,6,29
7726,0,859
7726,1,2467
7726,2,2082
7726,3,1151
7726,4,857
7726,5,282
7726,6,27
7726,7,1
7727,0,865
7727,1,2497
7727,2,1988
7727,3,1205
7727,4,871
7727,5,280
7727,6,20
7727,7,1
7728,0,838
7728,1,2528
7728,2,2015
7728,3,1154
7728,4,895
7728,5,271
7728,6,27
7729,0,869
7729,1,2487
7729,2,2003
7729,3,1190
7729,4,870
7729,5,288
7729,6,21
7729,7,1
7730,0,867
7730,1,2498
7730,2,1993
7730,3,1188
7730,4,872
7730,5,287
7730,6,25
7731,0,889
7731,1,2461
7731,2,2027
7731,3,1158
7731,4,892
7731,5,279
7731,6,25
7732,0,873
7732,1,2430
7732,2,2067
7732,3,1211
7732,4,854
7732,5,272
7732,6,24
7732,7,1
7733,0,864
7733,1,2502
7733,2,2013
7733,3,1155
7733,4,893
7733,5,281
7733,6,24
7733,7,1
7734,0,866
7734,1,2468
7734,2,2047
7734,3,1180
7734,4,866
7734,5,283
7734,6,23
7734,7,1
7735,0,887
7735,1,2465
7735,2,2012
7735,3,1190
7735,4,876
7735,5,280
7735,6,25
7736,0,856
7736,1,2498
7736,2,2015
7736,3,1191
7736,4,887
7736,5,258
7736,6,31
7737,0,848
7737,1,2517
7737,2,2025
7737,3,1162
7737,4,884
7737,5,274
7737,6,27
7738,0,868
7738,1,2489
7738,2,2059
7738,3,1136
7738,4,863
7738,5,296
7738,6,26
7738,7,1
7739,0,859
7739,1,2443
7739,2,2090
7739,3,1194
7739,4,855
7739,5,275
7739,6,23
7740,0,865
7740,1,2519
7740,2,2008
7740,3,1144
7740,4,884
7740,5,294
7740,6,25
7740,7,1
7741,0,853
7741,1,2482
7741,2,2055
7741,3,1198
7741,4,832
7741,5,299
7741,6,22
7742,0,853
7742,1,2536
7742,2,1975
7742,3,1183
7742,4,900
7742,5,273
7742,6,21
7742,7,1
7743,0,868
7743,1,2479
7743,2,2037
7743,3,1153
7743,4,901
7743,5,286
7743,6,18
7743,7,1
7744,0,842
7744,1,2513
7744,2,2066
7744,3,1151
7744,4,876
7744,5,268
7744,6,27
7744,7,1
7745,0,897
7745,1,2449
7745,2,2015
7745,3,1192
7745,4,887
7745,5,283
7745,6,21
7745,7,1
7746,0,869
7746,1,2452
7746,2,2099
7746,3,1149
7746,4,859
7746,5,292
7746,6,26
7747,0,851
7747,1,2518
7747,2,2035
7747,3,1154
7747,4,885
7747,5,276
7747,6,28
7748,0,857
7748,1,2499
7748,2,2016
7748,3,1207
7748,4,881
7748,5,265
7748,6,22
7748,7,1
7749,0,860
7749,1,2531
7749,2,2007
7749,3,1151
7749,4,870
7749,5,309
7749,6,20
7749,7,1
7750,0,873
7750,1,2492
7750,2,2024
7750,3,1154
7750,4,903
7750,5,280
7750,6,23
7750,7,1
7751,0,861
7751,1,2492
7751,2,2048
7751,3,1162
7751,4,874
7751,5,291
7751,6,23
7752,0,857
7752,1,2481
7752,2,2075
7752,3,1184
7752,4,846
7752,5,282
7752,6,27
7753,0,854
7753,1,2515
7753,2,2048
7753,3,1114
7753,4,907
7753,5,292
7753,6,22
7753,7,1
7754,0,852
7754,1,2525
7754,2,2009
7754,3,1189
7754,4,867
7754,5,289
7754,6,23
7755,0,881
7755,1,2470
7755,2,2027
7755,3,1200
7755,4,883
7755,5,264
7755,6,30
7756,0,895
7756,1,2441
7756,2,2061
7756,3,1177
7756,4,882
7756,5,267
7756,6,33
7757,0,840
7757,1,2524
7757,2,2069
7757,3,1140
7757,4,852
7757,5,307
7757,6,25
7758,0,849
7758,1,2525
7758,2,2027
7758,3,1169
7758,4,882
7758,5,281
7758,6,24
7758,7,1
7759,0,883
7759,1,2456
7759,2,2064
7759,3,1141
7759,4,933
7759,5,252
7759,6,30
7760,0,899
7760,1,2450
7760,2,2060
7760,3,1168
7760,4,850
7760,5,310
7760,6,23
7761,0,886
7761,1,2456
7761,2,2053
7761,3,1186
7761,4,870
7761,5,288
7761,6,21
7761,7,1
7762,0,846
7762,1,2503
7762,2,2033
7762,3,1204
7762,4,876
7762,5,276
7762,6,24
7763,0,839
7763,1,2558
7763,2,2015
7763,3,1154
7763,4,887
7763,5,290
7763,6,19
7763,7,1
7764,0,865
7764,1,2515
7764,2,2013
7764,3,1186
7764,4,875
7764,5,287
7764,6,22
7764,7,1
7765,0,886
7765,1,2456
7765,2,2043
7765,3,1205
7765,4,869
7765,5,284
7765,6,20
7765,7,2
7766,0,880
7766,1,2508
7766,2,1998
7766,3,1175
7766,4,900
7766,5,281
7766,6,24
7767,0,874
7767,1,2469
7767,2,2074
7767,3,1166
7767,4,871
7767,5,284
7767,6,29
7768,0,849
7768,1,2507
7768,2,2088
7768,3,1115
7768,4,918
7768,5,258
7768,6,33
7769,0,905
7769,1,2454
7769,2,1997
7769,3,1214
7769,4,907
7769,5,266
7769,6,26
7770,0,846
7770,1,2514
7770,2,2082
7770,3,1143
7770,4,867
7770,5,290
7770,6,28
7771,0,896
7771,1,2446
7771,2,2065
7771,3,1162
7771,4,906
7771,5,272
7771,6,23
7771,7,1
7772,0,861
7772,1,2459
7772,2,2103
7772,3,1185
7772,4,861
7772,5,276
7772,6,27
7773,0,896
7773,1,2463
7773,2,2035
7773,3,1184
7773,4,903
7773,5,261
7773,6,31
7774,0,810
7774,1,2614
7774,2,1994
7774,3,1160
7774,4,879
7774,5,291
7774,6,26
7775,0,885
7775,1,2452
7775,2,2095
7775,3,1133
7775,4,901
7775,5,284
7775,6,25
7776,0,873
7776,1,2471
7776,2,2097
7776,3,1146
7776,4,870
7776,5,294
7776,6,25
7777,0,875
7777,1,2506
7777,2,2010
7777,3,1205
7777,4,877
7777,5,276
7777,6,27
7777,7,1
7778,0,849
7778,1,2557
7778,2,2006
7778,3,1159
7778,4,897
7778,5,292
7778,6,17
7778,7,1
7779,0,854
7779,1,2505
7779,2,2072
7779,3,1166
7779,4,869
7779,5,287
7779,6,25
7779,7,1
7780,0,876
7780,1,2510
7780,2,2002
7780,3,1207
7780,4,857
7780,5,306
7780,6,21
7780,7,1
7781,0,858
7781,1,2521
7781,2,2028
7781,3,1195
7781,4,884
7781,5,273
7781,6,20
7781,7,2
7782,0,859
7782,1,2530
7782,2,2014
7782,3,1186
7782,4,883
7782,5,285
7782,6,25
7783,0,889
7783,1,2452
7783,2,2090
7783,3,1171
7783,4,868
7783,5,286
7783,6,27
7784,0,841
7784,1,2531
7784,2,2049
7784,3,1185
7784,4,863
7784,5,289
7784,6,26
7785,0,908
7785,1,2426
7785,2,2074
7785,3,1199
7785,4,873
7785,5,277
7785,6,28
7786,0,894
7786,1,2492
7786,2,2015
7786,3,1162
7786,4,920
7786,5,279
7786,6,24
7787,0,878
7787,1,2429
7787,2,2145
7787,3,1181
7787,4,831
7787,5,295
7787,6,28
7788,0,863
7788,1,2503
7788,2,2059
7788,3,1177
7788,4,877
7788,5,286
7788,6,22
7788,7,1
7789,0,875
7789,1,2477
7789,2,2074
7789,3,1185
7789,4,872
7789,5,276
7789,6,30
7790,0,851
7790,1,2577
7790,2,1953
7790,3,1215
7790,4,887
7790,5,284
7790,6,22
7790,7,1
7791,0,876
7791,1,2496
7791,2,2047
7791,3,1161
7791,4,904
7791,5,279
7791,6,28
7792,0,855
7792,1,2514
7792,2,2064
7792,3,1172
7792,4,877
7792,5,286
7792,6,24
7793,0,901
7793,1,2462
7793,2,2051
7793,3,1186
7793,4,892
7793,5,271
7793,6,30
7794,0,885
7794,1,2465
7794,2,2060
7794,3,1198
7794,4,885
7794,5,272
7794,6,29
7795,0,868
7795,1,2495
7795,2,2051
7795,3,1215
7795,4,860
7795,5,278
7795,6,27
7795,7,1
7796,0,858
7796,1,2554
7796,2,2008
7796,3,1172
7796,4,890
7796,5,289
7796,6,25
7797,0,884
7797,1,2471
7797,2,2083
7797,3,1183
7797,4,857
7797,5,296
7797,6,23
7798,0,893
7798,1,2430
7798,2,2092
7798,3,1208
7798,4,860
7798,5,293
7798,6,21
7798,7,1
7799,0,882
7799,1,2525
7799,2,2005
7799,3,1172
7799,4,904
7799,5,284
7799,6,27
7800,0,899
7800,1,2468
7800,2,2023
7800,3,1241
7800,4,861
7800,5,282
7800,6,25
7800,7,1
7801,0,847
7801,1,2521
7801,2,2064
7801,3,1188
7801,4,860
7801,5,300
7801,6,19
7801,7,2
7802,0,865
7802,1,2506
7802,2,2084
7802,3,1151
7802,4,881
7802,5,290
7802,6,25
7803,0,876
7803,1,2491
7803,2,2099
7803,3,1129
7803,4,893
7803,5,288
7803,6,27
7804,0,862
7804,1,2534
7804,2,2033
7804,3,1165
7804,4,909
7804,5,274
7804,6,27
7805,0,882
7805,1,2498
7805,2,2035
7805,3,1195
7805,4,880
7805,5,294
7805,6,20
7805,7,1
7806,0,837
7806,1,2569
7806,2,2020
7806,3,1194
7806,4,878
7806,5,280
7806,6,28
7807,0,901
7807,1,2467
7807,2,2023
7807,3,1227
7807,4,891
7807,5,273
7807,6,24
7807,7,1
7808,0,865
7808,1,2486
7808,2,2099
7808,3,1172
7808,4,879
7808,5,283
7808,6,23
7808,7,1
7809,0,878
7809,1,2499
7809,2,2073
7809,3,1164
7809,4,890
7809,5,272
7809,6,33
7810,0,884
7810,1,2489
7810,2,2070
7810,3,1169
7810,4,885
7810,5,291
7810,6,20
7810,7,2
7811,0,880
7811,1,2468
7811,2,2086
7811,3,1199
7811,4,874
7811,5,276
7811,6,28
7812,0,858
7812,1,2568
7812,2,2014
7812,3,1144
7812,4,921
7812,5,278
7812,6,29
7813,0,870
7813,1,2519
7813,2,2042
7813,3,1184
7813,4,889
7813,5,283
7813,6,26
7814,0,865
7814,1,2526
7814,2,2046
7814,3,1177
7814,4,900
7814,5,271
7814,6,29
7815,0,870
7815,1,2544
7815,2,1999
7815,3,1202
7815,4,885
7815,5,294
7815,6,21
7816,0,834
7816,1,2563
7816,2,2074
7816,3,1144
7816,4,882
7816,5,291
7816,6,28
7817,0,898
7817,1,2454
7817,2,2095
7817,3,1163
7817,4,912
7817,5,267
7817,6,28
7818,0,859
7818,1,2549
7818,2,2025
7818,3,1201
7818,4,864
7818,5,297
7818,6,21
7818,7,2
7819,0,871
7819,1,2527
7819,2,2048
7819,3,1144
7819,4,917
7819,5,292
7819,6,20
7820,0,829
7820,1,2581
7820,2,2039
7820,3,1187
7820,4,867
7820,5,291
7820,6,25
7820,7,1
7821,0,854
7821,1,2520
7821,2,2102
7821,3,1146
7821,4,880
7821,5,295
7821,6,24
7822,0,871
7822,1,2495
7822,2,2096
7822,3,1166
7822,4,890
7822,5,273
7822,6,31
7823,0,889
7823,1,2496
7823,2,2047
7823,3,1168
7823,4,924
7823,5,271
7823,6,28
7824,0,870
7824,1,2506
7824,2,2070
7824,3,1189
7824,4,891
7824,5,273
7824,6,23
7824,7,2
7825,0,870
7825,1,2503
7825,2,2062
7825,3,1216
7825,4,861
7825,5,287
7825,6,26
7826,0,893
7826,1,2502
7826,2,2059
7826,3,1157
7826,4,904
7826,5,286
7826,6,25
7827,0,885
7827,1,2492
7827,2,2060
7827,3,1187
7827,4,886
7827,5,291
7827,6,25
7827,7,1
7828,0,844
7828,1,2562
7828,2,2038
7828,3,1213
7828,4,852
7828,5,297
7828,6,21
7828,7,1
7829,0,838
7829,1,2588
7829,2,2028
7829,3,1157
7829,4,900
7829,5,293
7829,6,25
7830,0,858
7830,1,2526
7830,2,2099
7830,3,1153
7830,4,879
7830,5,286
7830,6,29
7831,0,865
7831,1,2537
7831,2,2040
7831,3,1200
7831,4,874
7831,5,293
7831,6,21
7831,7,1
7832,0,866
7832,1,2531
7832,2,2032
7832,3,1180
7832,4,933
7832,5,260
7832,6,30
7833,0,873
7833,1,2526
7833,2,2048
7833,3,1190
7833,4,885
7833,5,286
7833,6,24
7833,7,1
7834,0,884
7834,1,2537
7834,2,2005
7834,3,1216
7834,4,878
7834,5,286
7834,6,28
7835,0,872
7835,1,2514
7835,2,2065
7835,3,1184
7835,4,876
7835,5,306
7835,6,16
7835,7,2
7836,0,847
7836,1,2532
7836,2,2101
7836,3,1171
7836,4,865
7836,5,299
7836,6,21
7837,0,882
7837,1,2508
7837,2,2066
7837,3,1184
7837,4,869
7837,5,303
7837,6,25
7838,0,898
7838,1,2461
7838,2,2118
7838,3,1165
7838,4,889
7838,5,280
7838,6,26
7838,7,1
7839,0,881
7839,1,2498
7839,2,2063
7839,3,1196
7839,4,903
7839,5,271
7839,6,27
7840,0,891
7840,1,2500
7840,2,2047
7840,3,1177
7840,4,918
7840,5,281
7840,6,25
7840,7,1
7841,0,871
7841,1,2561
7841,2,2043
7841,3,1137
7841,4,910
7841,5,294
7841,6,25
7842,0,841
7842,1,2581
7842,2,2025
7842,3,1203
7842,4,883
7842,5,285
7842,6,24
7843,0,901
7843,1,2492
7843,2,2003
7843,3,1249
7843,4,904
7843,5,267
7843,6,25
7843,7,2
7844,0,853
7844,1,2565
7844,2,2043
7844,3,1183
7844,4,898
7844,5,269
7844,6,33
7845,0,875
7845,1,2549
7845,2,2012
7845,3,1209
7845,4,901
7845,5,269
7845,6,30
7846,0,866
7846,1,2525
7846,2,2068
7846,3,1182
7846,4,900
7846,5,278
7846,6,26
7846,7,1
7847,0,851
7847,1,2578
7847,2,2041
7847,3,1145
7847,4,919
7847,5,287
7847,6,26
7848,0,868
7848,1,2540
7848,2,2046
7848,3,1201
7848,4,887
7848,5,280
7848,6,26
7849,0,886
7849,1,2482
7849,2,2094
7849,3,1182
7849,4,899
7849,5,276
7849,6,30
7850,0,865
7850,1,2500
7850,2,2128
7850,3,1177
7850,4,862
7850,5,294
7850,6,22
7850,7,2
7851,0,867
7851,1,2513
7851,2,2094
7851,3,1203
7851,4,849
7851,5,299
7851,6,26
7852,0,893
7852,1,2503
7852,2,2058
7852,3,1177
7852,4,898
7852,5,300
7852,6,22
7852,7,1
7853,0,873
7853,1,2533
7853,2,2069
7853,3,1188
7853,4,883
7853,5,285
7853,6,21
7853,7,1
7854,0,874
7854,1,2536
7854,2,2023
7854,3,1213
7854,4,890
7854,5,292
7854,6,26
7855,0,853
7855,1,2578
7855,2,2036
7855,3,1192
7855,4,893
7855,5,270
7855,6,33
7856,0,908
7856,1,2466
7856,2,2073
7856,3,1200
7856,4,905
7856,5,280
7856,6,23
7856,7,1
7857,0,865
7857,1,2517
7857,2,2101
7857,3,1175
7857,4,897
7857,5,274
7857,6,28
7858,0,882
7858,1,2540
7858,2,2035
7858,3,1180
7858,4,905
7858,5,288
7858,6,28
7859,0,853
7859,1,2599
7859,2,1997
7859,3,1200
7859,4,907
7859,5,280
7859,6,23
7860,0,857
7860,1,2553
7860,2,2064
7860,3,1197
7860,4,869
7860,5,293
7860,6,27
7861,0,879
7861,1,2499
7861,2,2082
7861,3,1200
7861,4,891
7861,5,282
7861,6,28
7862,0,897
7862,1,2478
7862,2,2099
7862,3,1185
7862,4,892
7862,5,288
7862,6,21
7862,7,2
7863,0,866
7863,1,2552
7863,2,2035
7863,3,1210
7863,4,897
7863,5,271
7863,6,31
7863,7,1
7864,0,895
7864,1,2499
7864,2,2091
7864,3,1170
7864,4,901
7864,5,285
7864,6,23
7865,0,883
7865,1,2525
7865,2,2029
7865,3,1218
7865,4,907
7865,5,275
7865,6,27
7865,7,1
7866,0,886
7866,1,2533
7866,2,2043
7866,3,1176
7866,4,924
7866,5,274
7866,6,30
7867,0,852
7867,1,2570
7867,2,2066
7867,3,1166
7867,4,906
7867,5,283
7867,6,24
7868,0,879
7868,1,2503
7868,2,2110
7868,3,1195
7868,4,863
7868,5,293
7868,6,24
7868,7,1
7869,0,893
7869,1,2497
7869,2,2098
7869,3,1148
7869,4,920
7869,5,288
7869,6,25
7870,0,884
7870,1,2547
7870,2,2026
7870,3,1186
7870,4,910
7870,5,288
7870,6,29
7871,0,878
7871,1,2534
7871,2,2067
7871,3,1210
7871,4,863
7871,5,291
7871,6,28
7872,0,854
7872,1,2553
7872,2,2062
7872,3,1219
7872,4,867
7872,5,290
7872,6,27
7873,0,895
7873,1,2485
7873,2,2119
7873,3,1162
7873,4,891
7873,5,293
7873,6,28
7874,0,878
7874,1,2516
7874,2,2091
7874,3,1177
7874,4,912
7874,5,271
7874,6,29
7875,0,908
7875,1,2494
7875,2,2037
7875,3,1232
7875,4,904
7875,5,274
7875,6,25
7875,7,1
7876,0,834
7876,1,2598
7876,2,2077
7876,3,1147
7876,4,915
7876,5,275
7876,6,30
7877,0,882
7877,1,2564
7877,2,2019
7877,3,1179
7877,4,923
7877,5,285
7877,6,25
7878,0,889
7878,1,2474
7878,2,2095
7878,3,1251
7878,4,841
7878,5,302
7878,6,25
7878,7,1
7879,0,899
7879,1,2492
7879,2,2093
7879,3,1191
7879,4,899
7879,5,282
7879,6,21
7879,7,2
7880,0,904
7880,1,2529
7880,2,2009
7880,3,1199
7880,4,926
7880,5,289
7880,6,24
7881,0,873
7881,1,2539
7881,2,2068
7881,3,1182
7881,4,926
7881,5,264
7881,6,29
7882,0,924
7882,1,2460
7882,2,2091
7882,3,1190
7882,4,906
7882,5,283
7882,6,28
7883,0,847
7883,1,2584
7883,2,2062
7883,3,1190
7883,4,884
7883,5,291
7883,6,25
7884,0,863
7884,1,2564
7884,2,2043
7884,3,1203
7884,4,897
7884,5,286
7884,6,27
7884,7,1
7885,0,867
7885,1,2552
7885,2,2068
7885,3,1188
7885,4,898
7885,5,285
7885,6,26
7885,7,1
7886,0,881
7886,1,2511
7886,2,2073
7886,3,1244
7886,4,870
7886,5,277
7886,6,30
7887,0,868
7887,1,2581
7887,2,2042
7887,3,1180
7887,4,900
7887,5,289
7887,6,27
7888,0,877
7888,1,2479
7888,2,2154
7888,3,1196
7888,4,866
7888,5,289
7888,6,26
7888,7,1
7889,0,876
7889,1,2559
7889,2,2042
7889,3,1193
7889,4,906
7889,5,291
7889,6,22
7890,0,866
7890,1,2590
7890,2,2034
7890,3,1162
7890,4,904
7890,5,314
7890,6,19
7890,7,1
7891,0,881
7891,1,2487
7891,2,2131
7891,3,1219
7891,4,853
7891,5,295
7891,6,24
7891,7,1
7892,0,873
7892,1,2549
7892,2,2060
7892,3,1202
7892,4,891
7892,5,293
7892,6,23
7892,7,1
7893,0,914
7893,1,2462
7893,2,2093
7893,3,1219
7893,4,913
7893,5,260
7893,6,31
7893,7,1
7894,0,894
7894,1,2510
7894,2,2112
7894,3,1173
7894,4,880
7894,5,297
7894,6,28
7895,0,918
7895,1,2444
7895,2,2126
7895,3,1205
7895,4,893
7895,5,278
7895,6,31
7896,0,879
7896,1,2526
7896,2,2092
7896,3,1195
7896,4,889
7896,5,289
7896,6,26
7897,0,843
7897,1,2595
7897,2,2070
7897,3,1175
7897,4,894
7897,5,294
7897,6,26
7898,0,854
7898,1,2586
7898,2,2067
7898,3,1165
7898,4,910
7898,5,290
7898,6,25
7898,7,1
7899,0,895
7899,1,2522
7899,2,2080
7899,3,1194
7899,4,885
7899,5,296
7899,6,27
7900,0,881
7900,1,2536
7900,2,2039
7900,3,1256
7900,4,882
7900,5,279
7900,6,26
7900,7,1
7901,0,895
7901,1,2514
7901,2,2087
7901,3,1189
7901,4,901
7901,5,287
7901,6,28
7902,0,867
7902,1,2576
7902,2,2050
7902,3,1176
7902,4,918
7902,5,288
7902,6,27
7903,0,882
7903,1,2510
7903,2,2134
7903,3,1169
7903,4,897
7903,5,281
7903,6,30
7904,0,878
7904,1,2516
7904,2,2127
7904,3,1184
7904,4,870
7904,5,305
7904,6,23
7904,7,1
7905,0,884
7905,1,2525
7905,2,2116
7905,3,1156
7905,4,912
7905,5,281
7905,6,31
7906,0,880
7906,1,2520
7906,2,2085
7906,3,1235
7906,4,872
7906,5,286
7906,6,27
7906,7,1
7907,0,876
7907,1,2597
7907,2,2010
7907,3,1185
7907,4,917
7907,5,298
7907,6,24
7908,0,867
7908,1,2574
7908,2,2066
7908,3,1180
7908,4,914
7908,5,283
7908,6,23
7908,7,1
7909,0,835
7909,1,2615
7909,2,2052
7909,3,1208
7909,4,875
7909,5,299
7909,6,25
7910,0,881
7910,1,2547
7910,2,2080
7910,3,1183
7910,4,906
7910,5,290
7910,6,22
7910,7,1
7911,0,886
7911,1,2521
7911,2,2096
7911,3,1183
7911,4,902
7911,5,299
7911,6,24
7912,0,887
7912,1,2566
7912,2,2029
7912,3,1214
7912,4,897
7912,5,294
7912,6,25
7913,0,856
7913,1,2547
7913,2,2104
7913,3,1216
7913,4,883
7913,5,282
7913,6,24
7913,7,1
7914,0,880
7914,1,2575
7914,2,2020
7914,3,1220
7914,4,906
7914,5,286
7914,6,26
7914,7,1
7915,0,877
7915,1,2540
7915,2,2081
7915,3,1224
7915,4,872
7915,5,297
7915,6,24
7916,0,890
7916,1,2516
7916,2,2125
7916,3,1168
7916,4,907
7916,5,279
7916,6,30
7916,7,1
7917,0,867
7917,1,2552
7917,2,2110
7917,3,1162
7917,4,893
7917,5,312
7917,6,20
7917,7,1
7918,0,907
7918,1,2500
7918,2,2092
7918,3,1207
7918,4,905
7918,5,282
7918,6,24
7918,7,1
7919,0,887
7919,1,2522
7919,2,2105
7919,3,1204
7919,4,873
7919,5,305
7919,6,23
7920,0,885
7920,1,2494
7920,2,2146
7920,3,1202
7920,4,884
7920,5,278
7920,6,30
7920,7,1
7921,0,879
7921,1,2547
7921,2,2084
7921,3,1204
7921,4,885
7921,5,294
7921,6,28
7922,0,912
7922,1,2530
7922,2,2045
7922,3,1192
7922,4,940
7922,5,277
7922,6,25
7922,7,1
7923,0,899
7923,1,2491
7923,2,2106
7923,3,1230
7923,4,875
7923,5,301
7923,6,20
7923,7,1
7924,0,872
7924,1,2524
7924,2,2139
7924,3,1216
7924,4,854
7924,5,288
7924,6,30
7924,7,1
7925,0,896
7925,1,2508
7925,2,2125
7925,3,1173
7925,4,892
7925,5,312
7925,6,18
7925,7,1
7926,0,883
7926,1,2541
7926,2,2103
7926,3,1176
7926,4,901
7926,5,298
7926,6,24
7927,0,861
7927,1,2598
7927,2,2066
7927,3,1156
7927,4,931
7927,5,285
7927,6,30
7928,0,890
7928,1,2543
7928,2,2071
7928,3,1214
7928,4,894
7928,5,294
7928,6,21
7928,7,1
7929,0,874
7929,1,2569
7929,2,2052
7929,3,1213
7929,4,899
7929,5,300
7929,6,21
7929,7,1
7930,0,881
7930,1,2557
7930,2,2065
7930,3,1227
7930,4,883
7930,5,292
7930,6,24
7930,7,1
7931,0,915
7931,1,2488
7931,2,2107
7931,3,1200
7931,4,917
7931,5,277
7931,6,26
7931,7,1
7932,0,879
7932,1,2559
7932,2,2081
7932,3,1203
7932,4,881
7932,5,303
7932,6,26
7933,0,886
7933,1,2552
7933,2,2061
7933,3,1199
7933,4,931
7933,5,271
7933,6,33
7934,0,877
7934,1,2556
7934,2,2110
7934,3,1161
7934,4,915
7934,5,285
7934,6,30
7935,0,876
7935,1,2580
7935,2,2062
7935,3,1191
7935,4,912
7935,5,289
7935,6,24
7935,7,1
7936,0,879
7936,1,2545
7936,2,2096
7936,3,1194
7936,4,911
7936,5,284
7936,6,27
7937,0,890
7937,1,2541
7937,2,2090
7937,3,1213
7937,4,888
7937,5,282
7937,6,33
7938,0,880
7938,1,2566
7938,2,2041
7938,3,1216
7938,4,920
7938,5,292
7938,6,23
7939,0,856
7939,1,2580
7939,2,2098
7939,3,1189
7939,4,897
7939,5,295
7939,6,24
7940,0,870
7940,1,2590
7940,2,2051
7940,3,1223
7940,4,878
7940,5,306
7940,6,21
7940,7,1
7941,0,934
7941,1,2471
7941,2,2109
7941,3,1193
7941,4,949
7941,5,252
7941,6,33
7942,0,884
7942,1,2560
7942,2,2073
7942,3,1202
7942,4,899
7942,5,296
7942,6,28
7943,0,867
7943,1,2560
7943,2,2115
7943,3,1173
7943,4,907
7943,5,298
7943,6,22
7943,7,1
7944,0,877
7944,1,2570
7944,2,2112
7944,3,1156
7944,4,905
7944,5,298
7944,6,26
7945,0,875
7945,1,2537
7945,2,2116
7945,3,1205
7945,4,910
7945,5,273
7945,6,28
7945,7,1
7946,0,870
7946,1,2587
7946,2,2054
7946,3,1214
7946,4,916
7946,5,273
7946,6,32
7947,0,885
7947,1,2587
7947,2,2045
7947,3,1171
7947,4,938
7947,5,293
7947,6,28
7948,0,907
7948,1,2504
7948,2,2121
7948,3,1216
7948,4,878
7948,5,294
7948,6,28
7949,0,890
7949,1,2542
7949,2,2063
7949,3,1257
7949,4,882
7949,5,292
7949,6,22
7949,7,1
7950,0,907
7950,1,2503
7950,2,2133
7950,3,1179
7950,4,901
7950,5,305
7950,6,21
7950,7,1
7951,0,872
7951,1,2562
7951,2,2080
7951,3,1214
7951,4,920
7951,5,278
7951,6,24
7951,7,1
7952,0,895
7952,1,2545
7952,2,2080
7952,3,1207
7952,4,906
7952,5,291
7952,6,28
7953,0,884
7953,1,2556
7953,2,2113
7953,3,1175
7953,4,898
7953,5,300
7953,6,27
7954,0,879
7954,1,2526
7954,2,2148
7954,3,1205
7954,4,879
7954,5,291
7954,6,26
7955,0,894
7955,1,2541
7955,2,2077
7955,3,1227
7955,4,903
7955,5,280
7955,6,33
7956,0,881
7956,1,2581
7956,2,2069
7956,3,1180
7956,4,933
7956,5,283
7956,6,29
7957,0,861
7957,1,2590
7957,2,2135
7957,3,1152
7957,4,880
7957,5,312
7957,6,27
7958,0,863
7958,1,2563
7958,2,2095
7958,3,1241
7958,4,888
7958,5,281
7958,6,26
7958,7,1
7959,0,906
7959,1,2514
7959,2,2114
7959,3,1213
7959,4,893
7959,5,294
7959,6,25
7960,0,897
7960,1,2552
7960,2,2094
7960,3,1159
7960,4,939
7960,5,293
7960,6,25
7960,7,1
7961,0,906
7961,1,2510
7961,2,2104
7961,3,1258
7961,4,865
7961,5,294
7961,6,24
7962,0,877
7962,1,2562
7962,2,2082
7962,3,1208
7962,4,918
7962,5,284
7962,6,30
7962,7,1
7963,0,888
7963,1,2573
7963,2,2080
7963,3,1189
7963,4,910
7963,5,300
7963,6,22
7963,7,1
7964,0,914
7964,1,2502
7964,2,2115
7964,3,1203
7964,4,920
7964,5,286
7964,6,23
7964,7,1
7965,0,886
7965,1,2549
7965,2,2093
7965,3,1238
7965,4,877
7965,5,295
7965,6,26
7965,7,1
7966,0,905
7966,1,2526
7966,2,2089
7966,3,1236
7966,4,883
7966,5,299
7966,6,28
7967,0,882
7967,1,2550
7967,2,2112
7967,3,1214
7967,4,896
7967,5,289
7967,6,23
7967,7,1
7968,0,879
7968,1,2594
7968,2,2050
7968,3,1223
7968,4,905
7968,5,292
7968,6,24
7968,7,1
7969,0,840
7969,1,2627
7969,2,2091
7969,3,1180
7969,4,913
7969,5,293
7969,6,24
7969,7,1
7970,0,937
7970,1,2495
7970,2,2083
7970,3,1226
7970,4,903
7970,5,300
7970,6,26
7971,0,898
7971,1,2500
7971,2,2141
7971,3,1258
7971,4,843
7971,5,305
7971,6,26
7972,0,875
7972,1,2545
7972,2,2147
7972,3,1187
7972,4,895
7972,5,297
7972,6,25
7972,7,1
7973,0,899
7973,1,2581
7973,2,2065
7973,3,1179
7973,4,930
7973,5,293
7973,6,26
7974,0,875
7974,1,2596
7974,2,2047
7974,3,1220
7974,4,938
7974,5,269
7974,6,28
7974,7,1
7975,0,892
7975,1,2549
7975,2,2121
7975,3,1182
7975,4,918
7975,5,282
7975,6,31
7976,0,873
7976,1,2563
7976,2,2115
7976,3,1206
7976,4,891
7976,5,304
7976,6,23
7976,7,1
7977,0,895
7977,1,2540
7977,2,2120
7977,3,1204
7977,4,889
7977,5,302
7977,6,27
7978,0,883
7978,1,2572
7978,2,2106
7978,3,1185
7978,4,922
7978,5,283
7978,6,26
7978,7,1
7979,0,896
7979,1,2559
7979,2,2065
7979,3,1247
7979,4,894
7979,5,294
7979,6,23
7979,7,1
7980,0,866
7980,1,2573
7980,2,2108
7980,3,1219
7980,4,900
7980,5,285
7980,6,29
7981,0,874
7981,1,2593
7981,2,2095
7981,3,1193
7981,4,901
7981,5,297
7981,6,28
7982,0,893
7982,1,2558
7982,2,2082
7982,3,1206
7982,4,933
7982,5,282
7982,6,28
7983,0,912
7983,1,2527
7983,2,2089
7983,3,1234
7983,4,924
7983,5,263
7983,6,33
7983,7,1
7984,0,890
7984,1,2550
7984,2,2151
7984,3,1147
7984,4,925
7984,5,292
7984,6,29
7985,0,908
7985,1,2522
7985,2,2125
7985,3,1212
7985,4,894
7985,5,303
7985,6,20
7985,7,1
7986,0,907
7986,1,2556
7986,2,2074
7986,3,1203
7986,4,941
7986,5,275
7986,6,30
7987,0,916
7987,1,2542
7987,2,2072
7987,3,1215
7987,4,933
7987,5,277
7987,6,32
7988,0,875
7988,1,2600
7988,2,2084
7988,3,1185
7988,4,913
7988,5,308
7988,6,23
7989,0,916
7989,1,2496
7989,2,2137
7989,3,1233
7989,4,891
7989,5,292
7989,6,23
7989,7,1
7990,0,865
7990,1,2629
7990,2,2064
7990,3,1173
7990,4,945
7990,5,284
7990,6,30
7991,0,896
7991,1,2555
7991,2,2104
7991,3,1231
7991,4,877
7991,5,303
7991,6,25
7992,0,929
7992,1,2494
7992,2,2111
7992,3,1234
7992,4,903
7992,5,294
7992,6,26
7992,7,1
7993,0,872
7993,1,2593
7993,2,2108
7993,3,1178
7993,4,929
7993,5,288
7993,6,24
7993,7,1
7994,0,900
7994,1,2540
7994,2,2117
7994,3,1201
7994,4,920
7994,5,292
7994,6,24
7995,0,910
7995,1,2542
7995,2,2093
7995,3,1238
7995,4,892
7995,5,294
7995,6,25
7995,7,1
7996,0,860
7996,1,2600
7996,2,2094
7996,3,1222
7996,4,906
7996,5,283
7996,6,30
7996,7,1
7997,0,910
7997,1,2534
7997,2,2123
7997,3,1197
7997,4,911
7997,5,294
7997,6,28
7998,0,875
7998,1,2593
7998,2,2089
7998,3,1214
7998,4,910
7998,5,286
7998,6,31
7999,0,897
7999,1,2553
7999,2,2119
7999,3,1213
7999,4,893
7999,5,295
7999,6,29
8000,0,874
8000,1,2594
8000,2,2078
8000,3,1220
8000,4,932
8000,5,277
8000,6,25
8001,0,879
8001,1,2607
8001,2,2045
8001,3,1249
8001,4,891
8001,5,308
8001,6,21
8001,7,1
8002,0,895
8002,1,2543
8002,2,2145
8002,3,1191
8002,4,920
8002,5,277
8002,6,31
8003,0,881
8003,1,2560
8003,2,2138
8003,3,1204
8003,4,910
8003,5,275
8003,6,35
8004,0,911
8004,1,2528
8004,2,2102
8004,3,1255
8004,4,881
8004,5,305
8004,6,21
8004,7,1
8005,0,888
8005,1,2554
8005,2,2156
8005,3,1169
8005,4,913
8005,5,296
8005,6,29
8006,0,908
8006,1,2529
8006,2,2134
8006,3,1223
8006,4,900
8006,5,283
8006,6,28
8006,7,1
8007,0,884
8007,1,2567
8007,2,2146
8007,3,1150
8007,4,923
8007,5,307
8007,6,30
8008,0,911
8008,1,2513
8008,2,2164
8008,3,1205
8008,4,898
8008,5,288
8008,6,28
8008,7,1
8009,0,890
8009,1,2588
8009,2,2057
8009,3,1244
8009,4,923
8009,5,280
8009,6,26
8009,7,1
8010,0,848
8010,1,2660
8010,2,2055
8010,3,1224
8010,4,903
8010,5,292
8010,6,28
8011,0,890
8011,1,2562
8011,2,2127
8011,3,1211
8011,4,890
8011,5,306
8011,6,24
8011,7,1
8012,0,920
8012,1,2524
8012,2,2129
8012,3,1200
8012,4,917
8012,5,298
8012,6,24
8013,0,891
8013,1,2554
8013,2,2136
8013,3,1183
8013,4,936
8013,5,284
8013,6,29
8014,0,864
8014,1,2624
8014,2,2113
8014,3,1183
8014,4,890
8014,5,315
8014,6,25
8015,0,885
8015,1,2556
8015,2,2115
8015,3,1272
8015,4,863
8015,5,298
8015,6,26
8016,0,904
8016,1,2555
8016,2,2102
8016,3,1229
8016,4,906
8016,5,295
8016,6,24
8016,7,1
8017,0,936
8017,1,2521
8017,2,2084
8017,3,1247
8017,4,908
8017,5,297
8017,6,22
8017,7,2
8018,0,900
8018,1,2557
8018,2,2101
8018,3,1218
8018,4,938
8018,5,277
8018,6,26
8018,7,1
8019,0,862
8019,1,2618
8019,2,2105
8019,3,1192
8019,4,926
8019,5,286
8019,6,30
8020,0,898
8020,1,2580
8020,2,2071
8020,3,1239
8020,4,914
8020,5,289
8020,6,29
8021,0,895
8021,1,2558
8021,2,2146
8021,3,1190
8021,4,900
8021,5,308
8021,6,22
8021,7,2
8022,0,876
8022,1,2641
8022,2,2040
8022,3,1224
8022,4,922
8022,5,290
8022,6,29
8023,0,904
8023,1,2555
8023,2,2107
8023,3,1236
8023,4,895
8023,5,300
8023,6,26
8024,0,900
8024,1,2549
8024,2,2121
8024,3,1253
8024,4,881
8024,5,290
8024,6,30
8025,0,919
8025,1,2547
8025,2,2081
8025,3,1232
8025,4,937
8025,5,276
8025,6,33
8026,0,876
8026,1,2590
8026,2,2125
8026,3,1195
8026,4,921
8026,5,291
8026,6,28
8027,0,877
8027,1,2595
8027,2,2108
8027,3,1230
8027,4,905
8027,5,284
8027,6,27
8027,7,1
8028,0,904
8028,1,2546
8028,2,2149
8028,3,1185
8028,4,918
8028,5,303
8028,6,23
8029,0,868
8029,1,2611
8029,2,2126
8029,3,1200
8029,4,891
8029,5,304
8029,6,29
8030,0,904
8030,1,2550
8030,2,2117
8030,3,1238
8030,4,906
8030,5,284
8030,6,31
8031,0,899
8031,1,2546
8031,2,2142
8031,3,1211
8031,4,929
8031,5,276
8031,6,27
8031,7,1
8032,0,895
8032,1,2597
8032,2,2084
8032,3,1199
8032,4,930
8032,5,301
8032,6,26
8033,0,873
8033,1,2627
8033,2,2055
8033,3,1237
8033,4,931
8033,5,287
8033,6,21
8033,7,2
8034,0,901
8034,1,2580
8034,2,2122
8034,3,1190
8034,4,912
8034,5,299
8034,6,30
8035,0,854
8035,1,2613
8035,2,2177
8035,3,1155
8035,4,901
8035,5,311
8035,6,24
8036,0,885
8036,1,2580
8036,2,2130
8036,3,1203
8036,4,925
8036,5,290
8036,6,22
8036,7,1
8037,0,883
8037,1,2602
8037,2,2105
8037,3,1196
8037,4,928
8037,5,295
8037,6,27
8037,7,1
8038,0,851
8038,1,2640
8038,2,2133
8038,3,1171
8038,4,921
8038,5,293
8038,6,29
8039,0,901
8039,1,2568
8039,2,2142
8039,3,1184
8039,4,916
8039,5,302
8039,6,26
8040,0,898
8040,1,2583
8040,2,2112
8040,3,1191
8040,4,929
8040,5,305
8040,6,21
8040,7,1
8041,0,908
8041,1,2549
8041,2,2123
8041,3,1237
8041,4,902
8041,5,298
8041,6,22
8041,7,2
8042,0,897
8042,1,2584
8042,2,2109
8042,3,1223
8042,4,906
8042,5,298
8042,6,25
8043,0,896
8043,1,2556
8043,2,2151
8043,3,1197
8043,4,907
8043,5,308
8043,6,27
8043,7,1
8044,0,891
8044,1,2589
8044,2,2121
8044,3,1198
8044,4,928
8044,5,288
8044,6,29
8045,0,858
8045,1,2661
8045,2,2065
8045,3,1215
8045,4,925
8045,5,292
8045,6,29
8046,0,897
8046,1,2577
8046,2,2122
8046,3,1227
8046,4,899
8046,5,301
8046,6,22
8046,7,1
8047,0,863
8047,1,2637
8047,2,2129
8047,3,1156
8047,4,938
8047,5,294
8047,6,29
8047,7,1
8048,0,891
8048,1,2593
8048,2,2108
8048,3,1223
8048,4,925
8048,5,282
8048,6,26
8049,0,899
8049,1,2594
8049,2,2077
8049,3,1226
8049,4,934
8049,5,290
8049,6,29
8050,0,894
8050,1,2583
8050,2,2125
8050,3,1219
8050,4,896
8050,5,308
8050,6,25
8051,0,904
8051,1,2576
8051,2,2104
8051,3,1218
8051,4,933
8051,5,292
8051,6,23
8051,7,1
8052,0,886
8052,1,2613
8052,2,2101
8052,3,1211
8052,4,922
8052,5,287
8052,6,31
8052,7,1
8053,0,875
8053,1,2599
8053,2,2126
8053,3,1241
8053,4,884
8053,5,302
8053,6,25
8053,7,1
8054,0,892
8054,1,2607
8054,2,2087
8054,3,1216
8054,4,925
8054,5,307
8054,6,19
8054,7,1
8055,0,933
8055,1,2536
8055,2,2115
8055,3,1227
8055,4,927
8055,5,287
8055,6,29
8055,7,1
8056,0,895
8056,1,2566
8056,2,2151
8056,3,1206
8056,4,918
8056,5,292
8056,6,28
8057,0,878
8057,1,2604
8057,2,2142
8057,3,1204
8057,4,903
8057,5,297
8057,6,29
8058,0,911
8058,1,2550
8058,2,2164
8058,3,1179
8058,4,924
8058,5,304
8058,6,26
8059,0,874
8059,1,2598
8059,2,2145
8059,3,1209
8059,4,917
8059,5,285
8059,6,31
8060,0,917
8060,1,2566
8060,2,2097
8060,3,1223
8060,4,951
8060,5,277
8060,6,28
8060,7,1
8061,0,886
8061,1,2620
8061,2,2076
8061,3,1239
8061,4,923
8061,5,289
8061,6,27
8061,7,1
8062,0,902
8062,1,2564
8062,2,2133
8062,3,1242
8062,4,901
8062,5,292
8062,6,28
8063,0,924
8063,1,2535
8063,2,2126
8063,3,1257
8063,4,887
8063,5,311
8063,6,22
8063,7,1
8064,0,933
8064,1,2520
8064,2,2153
8064,3,1224
8064,4,910
8064,5,301
8064,6,21
8064,7,2
8065,0,859
8065,1,2634
8065,2,2141
8065,3,1182
8065,4,926
8065,5,295
8065,6,27
8065,7,1
8066,0,910
8066,1,2540
8066,2,2159
8066,3,1236
8066,4,901
8066,5,291
8066,6,29
8067,0,893
8067,1,2637
8067,2,2057
8067,3,1229
8067,4,915
8067,5,310
8067,6,26
8068,0,877
8068,1,2635
8068,2,2081
8068,3,1234
8068,4,925
8068,5,290
8068,6,26
8069,0,873
8069,1,2637
8069,2,2105
8069,3,1196
8069,4,931
8069,5,308
8069,6,18
8069,7,1
8070,0,895
8070,1,2580
8070,2,2135
8070,3,1221
8070,4,930
8070,5,278
8070,6,30
8070,7,1
8071,0,890
8071,1,2572
8071,2,2176
8071,3,1197
8071,4,908
8071,5,297
8071,6,31
8072,0,895
8072,1,2610
8072,2,2140
8072,3,1161
8072,4,927
8072,5,313
8072,6,26
8073,0,874
8073,1,2634
8073,2,2071
8073,3,1261
8073,4,924
8073,5,280
8073,6,29
8074,0,907
8074,1,2607
8074,2,2063
8074,3,1259
8074,4,905
8074,5,309
8074,6,24
8075,0,861
8075,1,2604
8075,2,2151
8075,3,1247
8075,4,901
8075,5,282
8075,6,27
8075,7,2
8076,0,940
8076,1,2545
8076,2,2127
8076,3,1211
8076,4,936
8076,5,284
8076,6,33
8077,0,862
8077,1,2643
8077,2,2132
8077,3,1198
8077,4,916
8077,5,304
8077,6,22
8078,0,908
8078,1,2560
8078,2,2151
8078,3,1228
8078,4,901
8078,5,300
8078,6,30
8079,0,918
8079,1,2569
8079,2,2102
8079,3,1231
8079,4,953
8079,5,275
8079,6,30
8079,7,1
8080,0,910
8080,1,2579
8080,2,2128
8080,3,1207
8080,4,936
8080,5,292
8080,6,28
8081,0,900
8081,1,2568
8081,2,2166
8081,3,1214
8081,4,899
8081,5,309
8081,6,24
8081,7,1
8082,0,895
8082,1,2589
8082,2,2127
8082,3,1246
8082,4,894
8082,5,305
8082,6,25
8082,7,1
8083,0,920
8083,1,2566
8083,2,2141
8083,3,1201
8083,4,919
8083,5,308
8083,6,28
8084,0,867
8084,1,2646
8084,2,2123
8084,3,1208
8084,4,918
8084,5,297
8084,6,24
8084,7,1
8085,0,877
8085,1,2653
8085,2,2100
8085,3,1199
8085,4,935
8085,5,291
8085,6,30
8086,0,869
8086,1,2624
8086,2,2116
8086,3,1240
8086,4,913
8086,5,292
8086,6,32
8087,0,942
8087,1,2493
8087,2,2183
8087,3,1251
8087,4,900
8087,5,288
8087,6,30
8088,0,927
8088,1,2569
8088,2,2111
8088,3,1235
8088,4,915
8088,5,302
8088,6,29
8089,0,902
8089,1,2599
8089,2,2102
8089,3,1243
8089,4,921
8089,5,296
8089,6,25
8089,7,1
8090,0,925
8090,1,2509
8090,2,2194
8090,3,1240
8090,4,894
8090,5,300
8090,6,28
8091,0,944
8091,1,2525
8091,2,2149
8091,3,1202
8091,4,947
8091,5,301
8091,6,23
8092,0,893
8092,1,2603
8092,2,2136
8092,3,1230
8092,4,896
8092,5,307
8092,6,26
8092,7,1
8093,0,885
8093,1,2629
8093,2,2097
8093,3,1238
8093,4,915
8093,5,303
8093,6,26
8094,0,896
8094,1,2577
8094,2,2179
8094,3,1208
8094,4,905
8094,5,301
8094,6,27
8094,7,1
8095,0,883
8095,1,2634
8095,2,2118
8095,3,1220
8095,4,904
8095,5,310
8095,6,26
8096,0,891
8096,1,2606
8096,2,2119
8096,3,1237
8096,4,920
8096,5,297
8096,6,25
8096,7,1
8097,0,907
8097,1,2562
8097,2,2195
8097,3,1197
8097,4,903
8097,5,299
8097,6,34
8098,0,887
8098,1,2605
8098,2,2140
8098,3,1226
8098,4,910
8098,5,303
8098,6,27
8099,0,897
8099,1,2602
8099,2,2148
8099,3,1178
8099,4,943
8099,5,305
8099,6,25
8099,7,1
8100,0,873
8100,1,2645
8100,2,2118
8100,3,1216
8100,4,926
8100,5,293
8100,6,29
8101,0,908
8101,1,2589
8101,2,2116
8101,3,1258
8101,4,904
8101,5,298
8101,6,27
8101,7,1
8102,0,885
8102,1,2621
8102,2,2100
8102,3,1274
8102,4,912
8102,5,284
8102,6,25
8102,7,1
8103,0,888
8103,1,2635
8103,2,2101
8103,3,1226
8103,4,936
8103,5,287
8103,6,30
8104,0,906
8104,1,2569
8104,2,2126
8104,3,1267
8104,4,919
8104,5,293
8104,6,22
8104,7,2
8105,0,924
8105,1,2534
8105,2,2192
8105,3,1207
8105,4,912
8105,5,310
8105,6,25
8105,7,1
8106,0,880
8106,1,2649
8106,2,2123
8106,3,1201
8106,4,926
8106,5,299
8106,6,28
8107,0,896
8107,1,2607
8107,2,2150
8107,3,1185
8107,4,950
8107,5,286
8107,6,33
8108,0,896
8108,1,2602
8108,2,2126
8108,3,1243
8108,4,912
8108,5,305
8108,6,23
8108,7,1
8109,0,899
8109,1,2630
8109,2,2100
8109,3,1220
8109,4,952
8109,5,279
8109,6,28
8109,7,1
8110,0,885
8110,1,2630
8110,2,2114
8110,3,1238
8110,4,913
8110,5,304
8110,6,26
8111,0,909
8111,1,2588
8111,2,2130
8111,3,1224
8111,4,940
8111,5,293
8111,6,25
8111,7,2
8112,0,920
8112,1,2565
8112,2,2154
8112,3,1235
8112,4,916
8112,5,293
8112,6,29
8113,0,894
8113,1,2600
8113,2,2166
8113,3,1204
8113,4,909
8113,5,316
8113,6,24
8114,0,922
8114,1,2584
8114,2,2110
8114,3,1245
8114,4,927
8114,5,297
8114,6,29
8115,0,910
8115,1,2564
8115,2,2166
8115,3,1243
8115,4,914
8115,5,289
8115,6,28
8115,7,1
8116,0,863
8116,1,2668
8116,2,2125
8116,3,1208
8116,4,913
8116,5,314
8116,6,24
8116,7,1
8117,0,912
8117,1,2568
8117,2,2163
8117,3,1232
8117,4,911
8117,5,304
8117,6,26
8117,7,1
8118,0,930
8118,1,2589
8118,2,2110
8118,3,1226
8118,4,935
8118,5,302
8118,6,26
8119,0,897
8119,1,2590
8119,2,2130
8119,3,1282
8119,4,896
8119,5,296
8119,6,28
8120,0,881
8120,1,2590
8120,2,2203
8120,3,1219
8120,4,897
8120,5,302
8120,6,28
8121,0,933
8121,1,2588
8121,2,2103
8121,3,1242
8121,4,927
8121,5,297
8121,6,30
8121,7,1
8122,0,911
8122,1,2559
8122,2,2190
8122,3,1220
8122,4,912
8122,5,300
8122,6,30
8123,0,916
8123,1,2585
8123,2,2115
8123,3,1268
8123,4,931
8123,5,276
8123,6,31
8123,7,1
8124,0,913
8124,1,2593
8124,2,2141
8124,3,1221
8124,4,930
8124,5,294
8124,6,32
8125,0,883
8125,1,2602
8125,2,2151
8125,3,1252
8125,4,903
8125,5,312
8125,6,22
8126,0,939
8126,1,2560
8126,2,2162
8126,3,1207
8126,4,938
8126,5,290
8126,6,29
8126,7,1
8127,0,937
8127,1,2561
8127,2,2116
8127,3,1249
8127,4,946
8127,5,293
8127,6,24
8127,7,1
8128,0,882
8128,1,2656
8128,2,2093
8128,3,1238
8128,4,952
8128,5,275
8128,6,32
8129,0,909
8129,1,2571
8129,2,2164
8129,3,1254
8129,4,896
8129,5,307
8129,6,28
8130,0,887
8130,1,2645
8130,2,2116
8130,3,1233
8130,4,914
8130,5,312
8130,6,22
8130,7,1
8131,0,907
8131,1,2602
8131,2,2144
8131,3,1222
8131,4,934
8131,5,295
8131,6,26
8131,7,1
8132,0,889
8132,1,2665
8132,2,2095
8132,3,1210
8132,4,935
8132,5,309
8132,6,29
8133,0,892
8133,1,2617
8133,2,2162
8133,3,1202
8133,4,941
8133,5,293
8133,6,26
8134,0,930
8134,1,2539
8134,2,2166
8134,3,1255
8134,4,935
8134,5,277
8134,6,31
8134,7,1
8135,0,929
8135,1,2553
8135,2,2163
8135,3,1255
8135,4,895
8135,5,315
8135,6,25
8136,0,904
8136,1,2589
8136,2,2197
8136,3,1185
8136,4,920
8136,5,314
8136,6,27
8137,0,908
8137,1,2594
8137,2,2169
8137,3,1203
8137,4,948
8137,5,282
8137,6,32
8137,7,1
8138,0,933
8138,1,2568
8138,2,2147
8138,3,1242
8138,4,913
8138,5,307
8138,6,28
8139,0,889
8139,1,2613
8139,2,2143
8139,3,1251
8139,4,922
8139,5,299
8139,6,21
8139,7,1
8140,0,873
8140,1,2607
8140,2,2241
8140,3,1190
8140,4,889
8140,5,309
8140,6,31
8141,0,904
8141,1,2608
8141,2,2155
8141,3,1206
8141,4,934
8141,5,307
8141,6,26
8141,7,1
8142,0,962
8142,1,2519
8142,2,2168
8142,3,1240
8142,4,921
8142,5,310
8142,6,22
8143,0,918
8143,1,2589
8143,2,2139
8143,3,1250
8143,4,922
8143,5,291
8143,6,34
8144,0,913
8144,1,2580
8144,2,2169
8144,3,1239
8144,4,922
8144,5,291
8144,6,30
8145,0,889
8145,1,2627
8145,2,2142
8145,3,1229
8145,4,931
8145,5,296
8145,6,30
8145,7,1
8146,0,911
8146,1,2594
8146,2,2156
8146,3,1230
8146,4,939
8146,5,288
8146,6,27
8146,7,1
8147,0,944
8147,1,2552
8147,2,2142
8147,3,1256
8147,4,926
8147,5,299
8147,6,28
8148,0,895
8148,1,2641
8148,2,2116
8148,3,1230
8148,4,953
8148,5,285
8148,6,28
8149,0,899
8149,1,2624
8149,2,2138
8149,3,1238
8149,4,913
8149,5,306
8149,6,31
8150,0,901
8150,1,2633
8150,2,2133
8150,3,1219
8150,4,941
8150,5,295
8150,6,28
8151,0,901
8151,1,2606
8151,2,2151
8151,3,1252
8151,4,916
8151,5,299
8151,6,25
8151,7,1
8152,0,897
8152,1,2621
8152,2,2166
8152,3,1205
8152,4,922
8152,5,319
8152,6,19
8152,7,3
8153,0,900
8153,1,2589
8153,2,2175
8153,3,1269
8153,4,878
8153,5,316
8153,6,26
8154,0,929
8154,1,2597
8154,2,2133
8154,3,1215
8154,4,951
8154,5,303
8154,6,25
8154,7,1
8155,0,904
8155,1,2597
8155,2,2192
8155,3,1217
8155,4,922
8155,5,297
8155,6,25
8155,7,1
8156,0,902
8156,1,2572
8156,2,2223
8156,3,1225
8156,4,902
8156,5,306
8156,6,25
8156,7,1
8157,0,896
8157,1,2651
8157,2,2122
8157,3,1212
8157,4,940
8157,5,311
8157,6,24
8157,7,1
8158,0,902
8158,1,2628
8158,2,2136
8158,3,1248
8158,4,895
8158,5,326
8158,6,23
8159,0,890
8159,1,2630
8159,2,2164
8159,3,1241
8159,4,894
8159,5,313
8159,6,26
8159,7,1
8160,0,941
8160,1,2549
8160,2,2180
8160,3,1224
8160,4,956
8160,5,279
8160,6,31
8161,0,920
8161,1,2609
8161,2,2131
8161,3,1204
8161,4,968
8161,5,301
8161,6,28
8162,0,898
8162,1,2611
8162,2,2210
8162,3,1176
8162,4,941
8162,5,293
8162,6,32
8162,7,1
8163,0,894
8163,1,2606
8163,2,2170
8163,3,1238
8163,4,927
8163,5,302
8163,6,26
8164,0,944
8164,1,2520
8164,2,2248
8164,3,1201
8164,4,926
8164,5,298
8164,6,26
8164,7,1
8165,0,899
8165,1,2615
8165,2,2155
8165,3,1253
8165,4,908
8165,5,309
8165,6,26
8166,0,922
8166,1,2595
8166,2,2176
8166,3,1203
8166,4,945
8166,5,298
8166,6,26
8166,7,1
8167,0,899
8167,1,2629
8167,2,2116
8167,3,1281
8167,4,919
8167,5,297
8167,6,25
8167,7,1
8168,0,889
8168,1,2672
8168,2,2119
8168,3,1221
8168,4,924
8168,5,318
8168,6,24
8168,7,1
8169,0,904
8169,1,2617
8169,2,2138
8169,3,1273
8169,4,908
8169,5,298
8169,6,31
8170,0,894
8170,1,2628
8170,2,2178
8170,3,1214
8170,4,917
8170,5,309
8170,6,30
8171,0,920
8171,1,2589
8171,2,2146
8171,3,1280
8171,4,913
8171,5,298
8171,6,24
8171,7,1
8172,0,899
8172,1,2665
8172,2,2113
8172,3,1197
8172,4,971
8172,5,298
8172,6,29
8173,0,896
8173,1,2630
8173,2,2179
8173,3,1194
8173,4,948
8173,5,293
8173,6,33
8174,0,890
8174,1,2656
8174,2,2128
8174,3,1239
8174,4,929
8174,5,310
8174,6,21
8174,7,1
8175,0,890
8175,1,2647
8175,2,2161
8175,3,1226
8175,4,914
8175,5,309
8175,6,28
8176,0,935
8176,1,2530
8176,2,2215
8176,3,1248
8176,4,931
8176,5,291
8176,6,23
8176,7,3
8177,0,931
8177,1,2613
8177,2,2108
8177,3,1254
8177,4,945
8177,5,297
8177,6,29
8178,0,921
8178,1,2611
8178,2,2142
8178,3,1258
8178,4,907
8178,5,313
8178,6,26
8179,0,861
8179,1,2680
8179,2,2161
8179,3,1206
8179,4,933
8179,5,314
8179,6,24
8180,0,922
8180,1,2590
8180,2,2171
8180,3,1260
8180,4,913
8180,5,298
8180,6,25
8180,7,1
8181,0,907
8181,1,2588
8181,2,2197
8181,3,1256
8181,4,901
8181,5,295
8181,6,36
8181,7,1
8182,0,901
8182,1,2650
8182,2,2134
8182,3,1231
8182,4,926
8182,5,317
8182,6,22
8182,7,1
8183,0,891
8183,1,2660
8183,2,2114
8183,3,1248
8183,4,944
8183,5,299
8183,6,27
8184,0,923
8184,1,2619
8184,2,2144
8184,3,1219
8184,4,949
8184,5,302
8184,6,28
8185,0,909
8185,1,2596
8185,2,2211
8185,3,1212
8185,4,918
8185,5,313
8185,6,25
8185,7,1
8186,0,904
8186,1,2611
8186,2,2197
8186,3,1216
8186,4,927
8186,5,305
8186,6,26
8187,0,907
8187,1,2621
8187,2,2152
8187,3,1224
8187,4,974
8187,5,275
8187,6,33
8187,7,1
8188,0,894
8188,1,2650
8188,2,2132
8188,3,1277
8188,4,904
8188,5,306
8188,6,25
8189,0,917
8189,1,2617
8189,2,2153
8189,3,1226
8189,4,945
8189,5,306
8189,6,25
8190,0,899
8190,1,2630
8190,2,2184
8190,3,1226
8190,4,903
8190,5,323
8190,6,24
8190,7,1
8191,0,938
8191,1,2594
8191,2,2141
8191,3,1252
8191,4,945
8191,5,288
8191,6,32
8191,7,1
8192,0,869
8192,1,2691
8192,2,2130
8192,3,1226
8192,4,948
8192,5,300
8192,6,28
8193,0,915
8193,1,2611
8193,2,2187
8193,3,1242
8193,4,887
8193,5,332
8193,6,18
8193,7,1
8194,0,892
8194,1,2632
8194,2,2186
8194,3,1209
8194,4,948
8194,5,297
8194,6,30
8195,0,917
8195,1,2608
8195,2,2170
8195,3,1245
8195,4,923
8195,5,298
8195,6,34
8196,0,920
8196,1,2612
8196,2,2153
8196,3,1244
8196,4,945
8196,5,293
8196,6,29
8197,0,933
8197,1,2574
8197,2,2185
8197,3,1232
8197,4,950
8197,5,295
8197,6,27
8197,7,1
8198,0,892
8198,1,2624
8198,2,2218
8198,3,1229
8198,4,888
8198,5,320
8198,6,27
8199,0,906
8199,1,2633
8199,2,2170
8199,3,1243
8199,4,901
8199,5,320
8199,6,26
8200,0,939
8200,1,2545
8200,2,2225
8200,3,1231
8200,4,923
8200,5,309
8200,6,27
8200,7,1
8201,0,894
8201,1,2652
8201,2,2169
8201,3,1212
8201,4,948
8201,5,295
8201,6,31
8202,0,951
8202,1,2550
8202,2,2190
8202,3,1226
8202,4,959
8202,5,296
8202,6,29
8202,7,1
8203,0,900
8203,1,2637
8203,2,2162
8203,3,1266
8203,4,913
8203,5,296
8203,6,29
8204,0,935
8204,1,2577
8204,2,2180
8204,3,1270
8204,4,915
8204,5,295
8204,6,32
8205,0,924
8205,1,2577
8205,2,2202
8205,3,1241
8205,4,934
8205,5,297
8205,6,29
8205,7,1
8206,0,882
8206,1,2672
8206,2,2176
8206,3,1211
8206,4,943
8206,5,292
8206,6,30
8207,0,915
8207,1,2631
8207,2,2142
8207,3,1255
8207,4,926
8207,5,316
8207,6,21
8207,7,1
8208,0,910
8208,1,2639
8208,2,2151
8208,3,1234
8208,4,932
8208,5,312
8208,6,30
8209,0,918
8209,1,2622
8209,2,2177
8209,3,1214
8209,4,930
8209,5,329
8209,6,17
8209,7,2
8210,0,926
8210,1,2589
8210,2,2185
8210,3,1258
8210,4,917
8210,5,314
8210,6,20
8210,7,1
8211,0,914
8211,1,2590
8211,2,2224
8211,3,1238
8211,4,899
8211,5,313
8211,6,33
8212,0,920
8212,1,2611
8212,2,2188
8212,3,1206
8212,4,962
8212,5,300
8212,6,24
8212,7,1
8213,0,940
8213,1,2602
8213,2,2162
8213,3,1240
8213,4,938
8213,5,303
8213,6,28
8214,0,900
8214,1,2611
8214,2,2189
8214,3,1260
8214,4,927
8214,5,300
8214,6,27
8215,0,913
8215,1,2652
8215,2,2143
8215,3,1221
8215,4,960
8215,5,301
8215,6,24
8215,7,1
8216,0,909
8216,1,2644
8216,2,2167
8216,3,1215
8216,4,950
8216,5,300
8216,6,31
8217,0,903
8217,1,2621
8217,2,2196
8217,3,1240
8217,4,932
8217,5,296
8217,6,28
8217,7,1
8218,0,915
8218,1,2685
8218,2,2088
8218,3,1238
8218,4,963
8218,5,301
8218,6,27
8218,7,1
8219,0,904
8219,1,2611
8219,2,2209
8219,3,1240
8219,4,927
8219,5,299
8219,6,28
8219,7,1
8220,0,944
8220,1,2606
8220,2,2137
8220,3,1256
8220,4,950
8220,5,302
8220,6,24
8220,7,1
8221,0,912
8221,1,2609
8221,2,2193
8221,3,1245
8221,4,928
8221,5,303
8221,6,31
8222,0,919
8222,1,2617
8222,2,2188
8222,3,1224
8222,4,947
8222,5,306
8222,6,20
8222,7,1
8223,0,862
8223,1,2724
8223,2,2128
8223,3,1241
8223,4,938
8223,5,299
8223,6,31
8224,0,930
8224,1,2631
8224,2,2112
8224,3,1267
8224,4,963
8224,5,294
8224,6,26
8224,7,1
8225,0,921
8225,1,2657
8225,2,2124
8225,3,1248
8225,4,930
8225,5,319
8225,6,26
8226,0,915
8226,1,2623
8226,2,2164
8226,3,1269
8226,4,932
8226,5,288
8226,6,35
8227,0,903
8227,1,2669
8227,2,2131
8227,3,1252
8227,4,953
8227,5,294
8227,6,24
8227,7,1
8228,0,922
8228,1,2608
8228,2,2182
8228,3,1240
8228,4,947
8228,5,297
8228,6,32
8229,0,930
8229,1,2576
8229,2,2234
8229,3,1249
8229,4,908
8229,5,299
8229,6,33
8230,0,933
8230,1,2582
8230,2,2205
8230,3,1258
8230,4,927
8230,5,293
8230,6,31
8230,7,1
8231,0,904
8231,1,2656
8231,2,2158
8231,3,1215
8231,4,959
8231,5,319
8231,6,20
8232,0,872
8232,1,2709
8232,2,2159
8232,3,1235
8232,4,907
8232,5,319
8232,6,30
8232,7,1
8233,0,920
8233,1,2618
8233,2,2169
8233,3,1269
8233,4,921
8233,5,308
8233,6,28
8234,0,921
8234,1,2605
8234,2,2192
8234,3,1259
8234,4,932
8234,5,293
8234,6,31
8234,7,1
8235,0,893
8235,1,2660
8235,2,2141
8235,3,1300
8235,4,911
8235,5,302
8235,6,27
8235,7,1
8236,0,926
8236,1,2632
8236,2,2154
8236,3,1272
8236,4,911
8236,5,311
8236,6,29
8236,7,1
8237,0,933
8237,1,2624
8237,2,2132
8237,3,1270
8237,4,954
8237,5,298
8237,6,25
8237,7,1
8238,0,891
8238,1,2701
8238,2,2118
8238,3,1251
8238,4,937
8238,5,314
8238,6,26
8239,0,922
8239,1,2624
8239,2,2167
8239,3,1256
8239,4,949
8239,5,289
8239,6,32
8240,0,926
8240,1,2628
8240,2,2154
8240,3,1241
8240,4,967
8240,5,298
8240,6,26
8241,0,933
8241,1,2586
8241,2,2226
8241,3,1240
8241,4,921
8241,5,302
8241,6,33
8242,0,913
8242,1,2630
8242,2,2170
8242,3,1258
8242,4,947
8242,5,289
8242,6,35
8243,0,929
8243,1,2623
8243,2,2174
8243,3,1238
8243,4,937
8243,5,313
8243,6,29
8244,0,894
8244,1,2641
8244,2,2209
8244,3,1256
8244,4,912
8244,5,304
8244,6,27
8244,7,1
8245,0,910
8245,1,2665
8245,2,2147
8245,3,1243
8245,4,945
8245,5,305
8245,6,30
8246,0,923
8246,1,2577
8246,2,2250
8246,3,1257
8246,4,901
8246,5,308
8246,6,30
8247,0,904
8247,1,2653
8247,2,2172
8247,3,1262
8247,4,924
8247,5,301
8247,6,30
8247,7,1
8248,0,905
8248,1,2670
8248,2,2130
8248,3,1280
8248,4,922
8248,5,311
8248,6,29
8248,7,1
8249,0,939
8249,1,2592
8249,2,2193
8249,3,1252
8249,4,955
8249,5,291
8249,6,26
8249,7,1
8250,0,904
8250,1,2662
8250,2,2163
8250,3,1243
8250,4,943
8250,5,305
8250,6,30
8251,0,910
8251,1,2652
8251,2,2175
8251,3,1252
8251,4,915
8251,5,322
8251,6,23
8251,7,2
8252,0,897
8252,1,2666
8252,2,2196
8252,3,1208
8252,4,932
8252,5,329
8252,6,24
8253,0,931
8253,1,2630
8253,2,2159
8253,3,1258
8253,4,949
8253,5,300
8253,6,26
8254,0,901
8254,1,2674
8254,2,2168
8254,3,1222
8254,4,958
8254,5,302
8254,6,28
8254,7,1
8255,0,908
8255,1,2671
8255,2,2140
8255,3,1257
8255,4,944
8255,5,310
8255,6,24
8255,7,1
8256,0,919
8256,1,2621
8256,2,2193
8256,3,1252
8256,4,945
8256,5,295
8256,6,31
8257,0,918
8257,1,2663
8257,2,2167
8257,3,1215
8257,4,963
8257,5,304
8257,6,25
8257,7,2
8258,0,912
8258,1,2658
8258,2,2157
8258,3,1251
8258,4,948
8258,5,299
8258,6,33
8259,0,920
8259,1,2632
8259,2,2161
8259,3,1283
8259,4,937
8259,5,301
8259,6,24
8259,7,1
8260,0,922
8260,1,2608
8260,2,2225
8260,3,1245
8260,4,929
8260,5,297
8260,6,34
8261,0,920
8261,1,2635
8261,2,2189
8261,3,1245
8261,4,937
8261,5,306
8261,6,29
8262,0,909
8262,1,2640
8262,2,2197
8262,3,1244
8262,4,941
8262,5,301
8262,6,29
8262,7,1
8263,0,918
8263,1,2655
8263,2,2153
8263,3,1266
8263,4,926
8263,5,319
8263,6,26
8264,0,921
8264,1,2644
8264,2,2175
8264,3,1243
8264,4,948
8264,5,305
8264,6,28
8265,0,893
8265,1,2669
8265,2,2200
8265,3,1230
8265,4,939
8265,5,304
8265,6,30
8266,0,915
8266,1,2663
8266,2,2174
8266,3,1232
8266,4,930
8266,5,330
8266,6,20
8266,7,2
8267,0,917
8267,1,2651
8267,2,2143
8267,3,1296
8267,4,928
8267,5,308
8267,6,23
8267,7,1
8268,0,893
8268,1,2679
8268,2,2186
8268,3,1229
8268,4,942
8268,5,312
8268,6,26
8268,7,1
8269,0,915
8269,1,2642
8269,2,2161
8269,3,1297
8269,4,922
8269,5,304
8269,6,28
8270,0,926
8270,1,2628
8270,2,2191
8270,3,1250
8270,4,960
8270,5,281
8270,6,34
8271,0,926
8271,1,2641
8271,2,2192
8271,3,1219
8271,4,953
8271,5,313
8271,6,27
8272,0,898
8272,1,2668
8272,2,2162
8272,3,1260
8272,4,941
8272,5,315
8272,6,27
8272,7,1
8273,0,920
8273,1,2648
8273,2,2214
8273,3,1209
8273,4,941
8273,5,314
8273,6,26
8273,7,1
8274,0,933
8274,1,2596
8274,2,2236
8274,3,1234
8274,4,951
8274,5,290
8274,6,34
8275,0,931
8275,1,2609
8275,2,2198
8275,3,1259
8275,4,955
8275,5,291
8275,6,32
8276,0,928
8276,1,2671
8276,2,2111
8276,3,1296
8276,4,946
8276,5,294
8276,6,30
8277,0,907
8277,1,2690
8277,2,2142
8277,3,1243
8277,4,947
8277,5,322
8277,6,26
8278,0,887
8278,1,2706
8278,2,2153
8278,3,1266
8278,4,932
8278,5,306
8278,6,27
8278,7,1
8279,0,905
8279,1,2689
8279,2,2134
8279,3,1253
8279,4,972
8279,5,303
8279,6,21
8279,7,2
8280,0,937
8280,1,2641
8280,2,2159
8280,3,1263
8280,4,960
8280,5,289
8280,6,30
8280,7,1
8281,0,922
8281,1,2627
8281,2,2193
8281,3,1275
8281,4,937
8281,5,291
8281,6,36
8282,0,918
8282,1,2679
8282,2,2147
8282,3,1236
8282,4,980
8282,5,292
8282,6,30
8283,0,891
8283,1,2687
8283,2,2189
8283,3,1227
8283,4,953
8283,5,308
8283,6,27
8283,7,1
8284,0,938
8284,1,2634
8284,2,2185
8284,3,1247
8284,4,934
8284,5,317
8284,6,29
8285,0,911
8285,1,2673
8285,2,2137
8285,3,1284
8285,4,951
8285,5,305
8285,6,24
8286,0,929
8286,1,2609
8286,2,2218
8286,3,1265
8286,4,930
8286,5,306
8286,6,28
8286,7,1
8287,0,884
8287,1,2713
8287,2,2171
8287,3,1229
8287,4,966
8287,5,293
8287,6,31
8288,0,928
8288,1,2633
8288,2,2197
8288,3,1268
8288,4,928
8288,5,306
8288,6,28
8289,0,938
8289,1,2606
8289,2,2206
8289,3,1257
8289,4,944
8289,5,312
8289,6,24
8289,7,2
8290,0,916
8290,1,2666
8290,2,2207
8290,3,1206
8290,4,945
8290,5,321
8290,6,29
8291,0,887
8291,1,2717
8291,2,2168
8291,3,1241
8291,4,941
8291,5,309
8291,6,27
8291,7,1
8292,0,946
8292,1,2604
8292,2,2195
8292,3,1262
8292,4,950
8292,5,306
8292,6,29
8293,0,900
8293,1,2657
8293,2,2197
8293,3,1269
8293,4,947
8293,5,293
8293,6,29
8293,7,1
8294,0,920
8294,1,2648
8294,2,2220
8294,3,1226
8294,4,922
8294,5,331
8294,6,27
8295,0,881
8295,1,2700
8295,2,2223
8295,3,1210
8295,4,932
8295,5,322
8295,6,27
8296,0,940
8296,1,2661
8296,2,2115
8296,3,1278
8296,4,986
8296,5,284
8296,6,31
8296,7,1
8297,0,912
8297,1,2649
8297,2,2209
8297,3,1268
8297,4,917
8297,5,319
8297,6,22
8297,7,1
8298,0,937
8298,1,2599
8298,2,2198
8298,3,1311
8298,4,917
8298,5,303
8298,6,32
8298,7,1
8299,0,942
8299,1,2611
8299,2,2220
8299,3,1245
8299,4,941
8299,5,318
8299,6,21
8299,7,1
8300,0,903
8300,1,2673
8300,2,2204
8300,3,1246
8300,4,928
8300,5,314
8300,6,32
8301,0,900
8301,1,2716
8301,2,2136
8301,3,1243
8301,4,986
8301,5,292
8301,6,28
8302,0,899
8302,1,2693
8302,2,2178
8302,3,1249
8302,4,954
8302,5,296
8302,6,33
8303,0,928
8303,1,2670
8303,2,2144
8303,3,1262
8303,4,965
8303,5,305
8303,6,28
8303,7,1
8304,0,917
8304,1,2657
8304,2,2200
8304,3,1254
8304,4,944
8304,5,300
8304,6,32
8305,0,937
8305,1,2647
8305,2,2140
8305,3,1298
8305,4,950
8305,5,305
8305,6,28
8306,0,945
8306,1,2602
8306,2,2182
8306,3,1310
8306,4,953
8306,5,283
8306,6,29
8306,7,2
8307,0,937
8307,1,2647
8307,2,2176
8307,3,1269
8307,4,936
8307,5,317
8307,6,24
8307,7,1
8308,0,876
8308,1,2761
8308,2,2143
8308,3,1230
8308,4,957
8308,5,313
8308,6,28
8309,0,935
8309,1,2627
8309,2,2191
8309,3,1272
8309,4,961
8309,5,291
8309,6,32
8310,0,926
8310,1,2669
8310,2,2159
8310,3,1266
8310,4,964
8310,5,291
8310,6,35
8311,0,919
8311,1,2643
8311,2,2212
8311,3,1268
8311,4,933
8311,5,312
8311,6,23
8311,7,1
8312,0,910
8312,1,2700
8312,2,2166
8312,3,1255
8312,4,929
8312,5,326
8312,6,24
8312,7,2
8313,0,921
8313,1,2651
8313,2,2188
8313,3,1278
8313,4,945
8313,5,302
8313,6,28
8314,0,943
8314,1,2613
8314,2,2238
8314,3,1206
8314,4,974
8314,5,312
8314,6,28
8315,0,884
8315,1,2713
8315,2,2201
8315,3,1235
8315,4,939
8315,5,317
8315,6,25
8315,7,1
8316,0,922
8316,1,2669
8316,2,2203
8316,3,1224
8316,4,953
8316,5,315
8316,6,30
8317,0,919
8317,1,2631
8317,2,2232
8317,3,1260
8317,4,950
8317,5,291
8317,6,33
8317,7,1
8318,0,913
8318,1,2681
8318,2,2183
8318,3,1248
8318,4,967
8318,5,299
8318,6,27
8319,0,931
8319,1,2693
8319,2,2121
8319,3,1254
8319,4,968
8319,5,331
8319,6,20
8319,7,1
8320,0,884
8320,1,2733
8320,2,2173
8320,3,1244
8320,4,953
8320,5,302
8320,6,29
8320,7,2
8321,0,918
8321,1,2646
8321,2,2206
8321,3,1275
8321,4,955
8321,5,288
8321,6,33
8322,0,889
8322,1,2698
8322,2,2208
8322,3,1278
8322,4,899
8322,5,322
8322,6,28
8323,0,935
8323,1,2652
8323,2,2209
8323,3,1221
8323,4,964
8323,5,311
8323,6,30
8323,7,1
8324,0,935
8324,1,2653
8324,2,2149
8324,3,1286
8324,4,980
8324,5,297
8324,6,24
8325,0,919
8325,1,2673
8325,2,2192
8325,3,1277
8325,4,920
8325,5,314
8325,6,29
8325,7,1
8326,0,942
8326,1,2636
8326,2,2202
8326,3,1243
8326,4,955
8326,5,324
8326,6,24
8327,0,934
8327,1,2630
8327,2,2221
8327,3,1274
8327,4,935
8327,5,303
8327,6,29
8327,7,1
8328,0,927
8328,1,2619
8328,2,2237
8328,3,1287
8328,4,903
8328,5,330
8328,6,24
8328,7,1
8329,0,932
8329,1,2620
8329,2,2249
8329,3,1249
8329,4,942
8329,5,308
8329,6,29
8330,0,968
8330,1,2578
8330,2,2236
8330,3,1275
8330,4,931
8330,5,311
8330,6,31
8331,0,914
8331,1,2719
8331,2,2121
8331,3,1270
8331,4,978
8331,5,302
8331,6,26
8331,7,1
8332,0,920
8332,1,2642
8332,2,2247
8332,3,1244
8332,4,935
8332,5,312
8332,6,31
8332,7,1
8333,0,942
8333,1,2655
8333,2,2158
8333,3,1283
8333,4,966
8333,5,304
8333,6,24
8333,7,1
8334,0,944
8334,1,2638
8334,2,2181
8334,3,1291
8334,4,938
8334,5,316
8334,6,26
8335,0,909
8335,1,2710
8335,2,2170
8335,3,1262
8335,4,936
8335,5,317
8335,6,31
8336,0,929
8336,1,2687
8336,2,2148
8336,3,1282
8336,4,948
8336,5,317
8336,6,25
8337,0,924
8337,1,2668
8337,2,2183
8337,3,1256
8337,4,976
8337,5,299
8337,6,30
8337,7,1
8338,0,930
8338,1,2626
8338,2,2262
8338,3,1252
8338,4,918
8338,5,319
8338,6,31
8339,0,928
8339,1,2654
8339,2,2195
8339,3,1288
8339,4,940
8339,5,305
8339,6,28
8339,7,1
8340,0,954
8340,1,2598
8340,2,2238
8340,3,1293
8340,4,917
8340,5,312
8340,6,26
8340,7,2
8341,0,919
8341,1,2670
8341,2,2178
8341,3,1282
8341,4,959
8341,5,305
8341,6,27
8341,7,1
8342,0,898
8342,1,2728
8342,2,2181
8342,3,1230
8342,4,961
8342,5,317
8342,6,27
8343,0,918
8343,1,2683
8343,2,2200
8343,3,1252
8343,4,943
8343,5,323
8343,6,22
8343,7,2
8344,0,933
8344,1,2634
8344,2,2213
8344,3,1291
8344,4,946
8344,5,293
8344,6,34
8345,0,934
8345,1,2662
8345,2,2201
8345,3,1254
8345,4,967
8345,5,297
8345,6,30
8346,0,944
8346,1,2631
8346,2,2198
8346,3,1294
8346,4,941
8346,5,306
8346,6,32
8347,0,918
8347,1,2681
8347,2,2189
8347,3,1276
8347,4,939
8347,5,316
8347,6,27
8347,7,1
8348,0,954
8348,1,2631
8348,2,2211
8348,3,1252
8348,4,957
8348,5,321
8348,6,22
8349,0,906
8349,1,2644
8349,2,2267
8349,3,1272
8349,4,926
8349,5,300
8349,6,34
8350,0,911
8350,1,2679
8350,2,2214
8350,3,1260
8350,4,958
8350,5,300
8350,6,26
8350,7,2
8351,0,971
8351,1,2605
8351,2,2211
8351,3,1288
8351,4,934
8351,5,309
8351,6,33
8352,0,914
8352,1,2667
8352,2,2223
8352,3,1277
8352,4,913
8352,5,327
8352,6,31
8353,0,922
8353,1,2689
8353,2,2196
8353,3,1249
8353,4,951
8353,5,321
8353,6,22
8353,7,3
8354,0,919
8354,1,2686
8354,2,2183
8354,3,1269
8354,4,961
8354,5,309
8354,6,27
8355,0,909
8355,1,2683
8355,2,2229
8355,3,1253
8355,4,945
8355,5,308
8355,6,28
8356,0,952
8356,1,2625
8356,2,2208
8356,3,1276
8356,4,957
8356,5,309
8356,6,28
8356,7,1
8357,0,919
8357,1,2697
8357,2,2172
8357,3,1307
8357,4,917
8357,5,314
8357,6,31
8358,0,921
8358,1,2656
8358,2,2250
8358,3,1226
8358,4,963
8358,5,315
8358,6,27
8359,0,907
8359,1,2691
8359,2,2247
8359,3,1217
8359,4,940
8359,5,332
8359,6,25
8360,0,905
8360,1,2711
8360,2,2218
8360,3,1227
8360,4,949
8360,5,321
8360,6,29
8361,0,927
8361,1,2647
8361,2,2252
8361,3,1252
8361,4,931
8361,5,323
8361,6,28
8361,7,1
8362,0,925
8362,1,2687
8362,2,2188
8362,3,1274
8362,4,960
8362,5,297
8362,6,31
8363,0,932
8363,1,2633
8363,2,2253
8363,3,1254
8363,4,953
8363,5,309
8363,6,28
8363,7,1
8364,0,901
8364,1,2764
8364,2,2124
8364,3,1259
8364,4,976
8364,5,311
8364,6,29
8365,0,905
8365,1,2690
8365,2,2211
8365,3,1293
8365,4,936
8365,5,300
8365,6,28
8365,7,2
8366,0,919
8366,1,2684
8366,2,2192
8366,3,1279
8366,4,967
8366,5,296
8366,6,28
8366,7,1
8367,0,936
8367,1,2631
8367,2,2260
8367,3,1253
8367,4,942
8367,5,314
8367,6,31
8368,0,923
8368,1,2700
8368,2,2213
8368,3,1250
8368,4,906
8368,5,353
8368,6,22
8368,7,1
8369,0,933
8369,1,2676
8369,2,2188
8369,3,1254
8369,4,985
8369,5,309
8369,6,23
8369,7,1
8370,0,906
8370,1,2718
8370,2,2191
8370,3,1253
8370,4,973
8370,5,297
8370,6,31
8370,7,1
8371,0,921
8371,1,2661
8371,2,2232
8371,3,1283
8371,4,923
8371,5,329
8371,6,21
8371,7,1
8372,0,952
8372,1,2651
8372,2,2189
8372,3,1255
8372,4,1004
8372,5,291
8372,6,28
8372,7,2
8373,0,910
8373,1,2720
8373,2,2184
8373,3,1264
8373,4,965
8373,5,298
8373,6,32
8374,0,923
8374,1,2681
8374,2,2242
8374,3,1225
8374,4,951
8374,5,324
8374,6,28
8375,0,914
8375,1,2685
8375,2,2210
8375,3,1276
8375,4,944
8375,5,316
8375,6,30
8376,0,954
8376,1,2631
8376,2,2238
8376,3,1261
8376,4,948
8376,5,313
8376,6,30
8376,7,1
8377,0,937
8377,1,2640
8377,2,2242
8377,3,1254
8377,4,976
8377,5,298
8377,6,30
8378,0,916
8378,1,2679
8378,2,2241
8378,3,1280
8378,4,899
8378,5,338
8378,6,25
8379,0,912
8379,1,2697
8379,2,2229
8379,3,1247
8379,4,948
8379,5,317
8379,6,28
8379,7,1
8380,0,930
8380,1,2671
8380,2,2216
8380,3,1271
8380,4,959
8380,5,305
8380,6,28
8381,0,959
8381,1,2628
8381,2,2210
8381,3,1285
8381,4,961
8381,5,308
8381,6,29
8381,7,1
8382,0,930
8382,1,2676
8382,2,2222
8382,3,1256
8382,4,947
8382,5,325
8382,6,25
8382,7,1
8383,0,929
8383,1,2670
8383,2,2220
8383,3,1276
8383,4,947
8383,5,307
8383,6,33
8383,7,1
8384,0,938
8384,1,2669
8384,2,2190
8384,3,1296
8384,4,968
8384,5,292
8384,6,31
8385,0,931
8385,1,2708
8385,2,2161
8385,3,1295
8385,4,946
8385,5,312
8385,6,32
8386,0,913
8386,1,2706
8386,2,2202
8386,3,1256
8386,4,982
8386,5,295
8386,6,32
8387,0,951
8387,1,2666
8387,2,2197
8387,3,1273
8387,4,971
8387,5,297
8387,6,32
8388,0,915
8388,1,2704
8388,2,2158
8388,3,1331
8388,4,936
8388,5,321
8388,6,21
8388,7,2
8389,0,927
8389,1,2684
8389,2,2225
8389,3,1252
8389,4,954
8389,5,319
8389,6,28
8390,0,952
8390,1,2672
8390,2,2150
8390,3,1319
8390,4,968
8390,5,296
8390,6,33
8391,0,931
8391,1,2673
8391,2,2233
8391,3,1259
8391,4,944
8391,5,317
8391,6,34
8392,0,956
8392,1,2634
8392,2,2232
8392,3,1259
8392,4,986
8392,5,293
8392,6,31
8392,7,1
8393,0,903
8393,1,2715
8393,2,2243
8393,3,1255
8393,4,924
8393,5,322
8393,6,31
8394,0,944
8394,1,2633
8394,2,2251
8394,3,1279
8394,4,943
8394,5,317
8394,6,26
8394,7,1
8395,0,960
8395,1,2605
8395,2,2237
8395,3,1316
8395,4,943
8395,5,301
8395,6,33
8396,0,943
8396,1,2635
8396,2,2262
8396,3,1272
8396,4,948
8396,5,303
8396,6,33
8397,0,889
8397,1,2777
8397,2,2167
8397,3,1264
8397,4,957
8397,5,312
8397,6,30
8397,7,1
8398,0,933
8398,1,2695
8398,2,2161
8398,3,1304
8398,4,986
8398,5,286
8398,6,33
8399,0,947
8399,1,2680
8399,2,2190
8399,3,1284
8399,4,957
8399,5,312
8399,6,28
8399,7,1
8400,0,938
8400,1,2651
8400,2,2248
8400,3,1250
8400,4,978
8400,5,300
8400,6,35
8401,0,912
8401,1,2740
8401,2,2162
8401,3,1281
8401,4,971
8401,5,305
8401,6,30
8402,0,973
8402,1,2655
8402,2,2172
8402,3,1288
8402,4,984
8402,5,299
8402,6,31
8403,0,897
8403,1,2705
8403,2,2261
8403,3,1248
8403,4,932
8403,5,335
8403,6,25
8404,0,864
8404,1,2800
8404,2,2211
8404,3,1215
8404,4,972
8404,5,313
8404,6,28
8404,7,1
8405,0,943
8405,1,2660
8405,2,2208
8405,3,1307
8405,4,964
8405,5,288
8405,6,35
8406,0,935
8406,1,2735
8406,2,2148
8406,3,1262
8406,4,990
8406,5,309
8406,6,26
8406,7,1
8407,0,913
8407,1,2690
8407,2,2243
8407,3,1260
8407,4,965
8407,5,301
8407,6,35
8408,0,919
8408,1,2717
8408,2,2182
8408,3,1304
8408,4,933
8408,5,329
8408,6,23
8408,7,1
8409,0,951
8409,1,2637
8409,2,2265
8409,3,1257
8409,4,960
8409,5,308
8409,6,31
8410,0,933
8410,1,2681
8410,2,2228
8410,3,1276
8410,4,952
8410,5,307
8410,6,33
8411,0,953
8411,1,2615
8411,2,2286
8411,3,1258
8411,4,949
8411,5,322
8411,6,28
8412,0,866
8412,1,2813
8412,2,2205
8412,3,1222
8412,4,956
8412,5,314
8412,6,36
8413,0,932
8413,1,2701
8413,2,2204
8413,3,1259
8413,4,964
8413,5,329
8413,6,24
8414,0,930
8414,1,2675
8414,2,2225
8414,3,1294
8414,4,956
8414,5,306
8414,6,26
8414,7,2
8415,0,920
8415,1,2708
8415,2,2230
8415,3,1268
8415,4,938
8415,5,324
8415,6,26
8415,7,1
8416,0,915
8416,1,2727
8416,2,2194
8416,3,1264
8416,4,985
8416,5,302
8416,6,28
8416,7,1
8417,0,947
8417,1,2708
8417,2,2141
8417,3,1303
8417,4,992
8417,5,299
8417,6,25
8417,7,2
8418,0,945
8418,1,2687
8418,2,2222
8418,3,1249
8418,4,969
8418,5,320
8418,6,25
8418,7,1
8419,0,914
8419,1,2691
8419,2,2221
8419,3,1321
8419,4,924
8419,5,318
8419,6,30
8420,0,910
8420,1,2697
8420,2,2250
8420,3,1270
8420,4,958
8420,5,308
8420,6,26
8420,7,1
8421,0,937
8421,1,2697
8421,2,2217
8421,3,1260
8421,4,966
8421,5,311
8421,6,33
8422,0,967
8422,1,2636
8422,2,2214
8422,3,1307
8422,4,972
8422,5,296
8422,6,30
8423,0,931
8423,1,2718
8423,2,2191
8423,3,1252
8423,4,992
8423,5,308
8423,6,30
8423,7,1
8424,0,935
8424,1,2697
8424,2,2227
8424,3,1263
8424,4,962
8424,5,306
8424,6,33
8424,7,1
8425,0,918
8425,1,2732
8425,2,2195
8425,3,1277
8425,4,944
8425,5,337
8425,6,21
8425,7,1
8426,0,940
8426,1,2659
8426,2,2241
8426,3,1298
8426,4,936
8426,5,326
8426,6,26
8427,0,937
8427,1,2709
8427,2,2195
8427,3,1262
8427,4,1002
8427,5,291
8427,6,31
8428,0,891
8428,1,2725
8428,2,2273
8428,3,1246
8428,4,944
8428,5,321
8428,6,25
8428,7,3
8429,0,946
8429,1,2711
8429,2,2182
8429,3,1255
8429,4,990
8429,5,316
8429,6,29
8430,0,931
8430,1,2672
8430,2,2255
8430,3,1280
8430,4,940
8430,5,325
8430,6,26
8430,7,1
8431,0,953
8431,1,2669
8431,2,2206
8431,3,1304
8431,4,966
8431,5,302
8431,6,31
8432,0,916
8432,1,2702
8432,2,2254
8432,3,1265
8432,4,943
8432,5,322
8432,6,30
8433,0,958
8433,1,2639
8433,2,2267
8433,3,1272
8433,4,952
8433,5,311
8433,6,34
8434,0,962
8434,1,2627
8434,2,2289
8434,3,1256
8434,4,939
8434,5,333
8434,6,28
8435,0,891
8435,1,2740
8435,2,2233
8435,3,1286
8435,4,941
8435,5,319
8435,6,24
8435,7,1
8436,0,906
8436,1,2743
8436,2,2254
8436,3,1208
8436,4,966
8436,5,333
8436,6,25
8436,7,1
8437,0,941
8437,1,2665
8437,2,2258
8437,3,1268
8437,4,967
8437,5,307
8437,6,31
8438,0,942
8438,1,2676
8438,2,2239
8438,3,1279
8438,4,964
8438,5,308
8438,6,29
8438,7,1
8439,0,949
8439,1,2675
8439,2,2192
8439,3,1324
8439,4,980
8439,5,287
8439,6,32
8440,0,923
8440,1,2731
8440,2,2215
8440,3,1247
8440,4,982
8440,5,311
8440,6,30
8440,7,1
8441,0,935
8441,1,2686
8441,2,2225
8441,3,1289
8441,4,963
8441,5,319
8441,6,22
8441,7,2
8442,0,950
8442,1,2683
8442,2,2225
8442,3,1262
8442,4,982
8442,5,311
8442,6,28
8442,7,1
8443,0,927
8443,1,2726
8443,2,2195
8443,3,1286
8443,4,975
8443,5,298
8443,6,36
8444,0,937
8444,1,2674
8444,2,2261
8444,3,1282
8444,4,943
8444,5,316
8444,6,31
8445,0,905
8445,1,2756
8445,2,2209
8445,3,1257
8445,4,976
8445,5,311
8445,6,31
8446,0,944
8446,1,2654
8446,2,2275
8446,3,1269
8446,4,961
8446,5,312
8446,6,30
8446,7,1
8447,0,937
8447,1,2697
8447,2,2239
8447,3,1257
8447,4,975
8447,5,315
8447,6,26
8447,7,1
8448,0,938
8448,1,2688
8448,2,2243
8448,3,1275
8448,4,954
8448,5,321
8448,6,29
8449,0,923
8449,1,2721
8449,2,2236
8449,3,1267
8449,4,952
8449,5,319
8449,6,30
8449,7,1
8450,0,968
8450,1,2647
8450,2,2214
8450,3,1313
8450,4,961
8450,5,319
8450,6,28
8451,0,966
8451,1,2634
8451,2,2239
8451,3,1316
8451,4,969
8451,5,296
8451,6,30
8451,7,1
8452,0,960
8452,1,2670
8452,2,2219
8452,3,1310
8452,4,941
8452,5,317
8452,6,35
8453,0,947
8453,1,2682
8453,2,2246
8453,3,1266
8453,4,977
8453,5,301
8453,6,34
8454,0,943
8454,1,2687
8454,2,2239
8454,3,1246
8454,4,1002
8454,5,311
8454,6,26
8455,0,876
8455,1,2789
8455,2,2219
8455,3,1293
8455,4,918
8455,5,325
8455,6,35
8456,0,972
8456,1,2637
8456,2,2264
8456,3,1275
8456,4,953
8456,5,328
8456,6,26
8456,7,1
8457,0,945
8457,1,2647
8457,2,2294
8457,3,1302
8457,4,917
8457,5,320
8457,6,32
8458,0,939
8458,1,2689
8458,2,2213
8458,3,1312
8458,4,961
8458,5,317
8458,6,25
8458,7,2
8459,0,928
8459,1,2719
8459,2,2227
8459,3,1286
8459,4,960
8459,5,311
8459,6,28
8460,0,943
8460,1,2711
8460,2,2186
8460,3,1317
8460,4,968
8460,5,303
8460,6,32
8461,0,956
8461,1,2675
8461,2,2222
8461,3,1284
8461,4,991
8461,5,304
8461,6,29
8462,0,950
8462,1,2681
8462,2,2227
8462,3,1306
8462,4,942
8462,5,327
8462,6,28
8462,7,1
8463,0,908
8463,1,2737
8463,2,2272
8463,3,1231
8463,4,970
8463,5,313
8463,6,31
8463,7,1
8464,0,939
8464,1,2724
8464,2,2188
8464,3,1300
8464,4,979
8464,5,304
8464,6,28
8464,7,2
8465,0,933
8465,1,2727
8465,2,2206
8465,3,1286
8465,4,976
8465,5,312
8465,6,24
8465,7,1
8466,0,947
8466,1,2669
8466,2,2234
8466,3,1301
8466,4,977
8466,5,301
8466,6,37
8467,0,912
8467,1,2758
8467,2,2221
8467,3,1244
8467,4,995
8467,5,306
8467,6,31
8468,0,905
8468,1,2760
8468,2,2195
8468,3,1321
8468,4,942
8468,5,317
8468,6,28
8469,0,940
8469,1,2700
8469,2,2238
8469,3,1269
8469,4,976
8469,5,316
8469,6,29
8469,7,1
8470,0,943
8470,1,2722
8470,2,2235
8470,3,1231
8470,4,982
8470,5,328
8470,6,28
8470,7,1
8471,0,879
8471,1,2786
8471,2,2234
8471,3,1272
8471,4,947
8471,5,330
8471,6,23
8472,0,920
8472,1,2753
8472,2,2203
8472,3,1292
8472,4,948
8472,5,328
8472,6,28
8473,0,944
8473,1,2701
8473,2,2224
8473,3,1273
8473,4,990
8473,5,313
8473,6,26
8473,7,2
8474,0,958
8474,1,2680
8474,2,2221
8474,3,1310
8474,4,966
8474,5,310
8474,6,29
8475,0,929
8475,1,2724
8475,2,2241
8475,3,1266
8475,4,960
8475,5,325
8475,6,30
8476,0,958
8476,1,2656
8476,2,2288
8476,3,1254
8476,4,987
8476,5,300
8476,6,32
8476,7,1
8477,0,945
8477,1,2699
8477,2,2213
8477,3,1325
8477,4,953
8477,5,312
8477,6,29
8477,7,1
8478,0,927
8478,1,2706
8478,2,2277
8478,3,1259
8478,4,955
8478,5,325
8478,6,28
8478,7,1
8479,0,938
8479,1,2715
8479,2,2207
8479,3,1303
8479,4,977
8479,5,311
8479,6,28
8480,0,955
8480,1,2676
8480,2,2249
8480,3,1298
8480,4,956
8480,5,319
8480,6,24
8480,7,3
8481,0,910
8481,1,2769
8481,2,2186
8481,3,1300
8481,4,983
8481,5,298
8481,6,35
8482,0,939
8482,1,2704
8482,2,2272
8482,3,1247
8482,4,965
8482,5,325
8482,6,30
8483,0,936
8483,1,2708
8483,2,2213
8483,3,1323
8483,4,968
8483,5,304
8483,6,31
8484,0,912
8484,1,2748
8484,2,2259
8484,3,1251
8484,4,968
8484,5,310
8484,6,36
8485,0,946
8485,1,2721
8485,2,2207
8485,3,1295
8485,4,963
8485,5,326
8485,6,25
8485,7,2
8486,0,923
8486,1,2740
8486,2,2222
8486,3,1282
8486,4,973
8486,5,320
8486,6,26
8487,0,977
8487,1,2654
8487,2,2242
8487,3,1309
8487,4,963
8487,5,309
8487,6,33
8488,0,924
8488,1,2688
8488,2,2323
8488,3,1257
8488,4,942
8488,5,323
8488,6,31
8489,0,955
8489,1,2696
8489,2,2225
8489,3,1285
8489,4,990
8489,5,306
8489,6,32
8490,0,971
8490,1,2631
8490,2,2287
8490,3,1298
8490,4,960
8490,5,313
8490,6,29
8490,7,1
8491,0,929
8491,1,2704
8491,2,2307
8491,3,1225
8491,4,973
8491,5,322
8491,6,31
8492,0,954
8492,1,2697
8492,2,2237
8492,3,1276
8492,4,985
8492,5,315
8492,6,28
8493,0,933
8493,1,2703
8493,2,2251
8493,3,1309
8493,4,962
8493,5,298
8493,6,37
8494,0,942
8494,1,2730
8494,2,2209
8494,3,1294
8494,4,966
8494,5,326
8494,6,27
8495,0,951
8495,1,2673
8495,2,2271
8495,3,1296
8495,4,956
8495,5,320
8495,6,27
8495,7,1
8496,0,965
8496,1,2663
8496,2,2260
8496,3,1297
8496,4,983
8496,5,295
8496,6,33
8497,0,983
8497,1,2642
8497,2,2283
8497,3,1247
8497,4,1002
8497,5,306
8497,6,34
8498,0,944
8498,1,2742
8498,2,2194
8498,3,1307
8498,4,939
8498,5,345
8498,6,27
8499,0,927
8499,1,2691
8499,2,2304
8499,3,1277
8499,4,953
8499,5,321
8499,6,24
8499,7,2
8500,0,942
8500,1,2723
8500,2,2253
8500,3,1243
8500,4,996
8500,5,311
8500,6,31
8500,7,1
8501,0,948
8501,1,2667
8501,2,2291
8501,3,1291
8501,4,959
8501,5,311
8501,6,34
8502,0,980
8502,1,2643
8502,2,2259
8502,3,1321
8502,4,957
8502,5,309
8502,6,33
8503,0,935
8503,1,2720
8503,2,2241
8503,3,1297
8503,4,956
8503,5,325
8503,6,28
8503,7,1
8504,0,942
8504,1,2713
8504,2,2259
8504,3,1262
8504,4,984
8504,5,319
8504,6,24
8504,7,1
8505,0,927
8505,1,2750
8505,2,2224
8505,3,1292
8505,4,959
8505,5,321
8505,6,32
8506,0,938
8506,1,2714
8506,2,2251
8506,3,1297
8506,4,954
8506,5,327
8506,6,23
8506,7,2
8507,0,938
8507,1,2702
8507,2,2248
8507,3,1315
8507,4,968
8507,5,307
8507,6,28
8507,7,1
8508,0,940
8508,1,2766
8508,2,2176
8508,3,1312
8508,4,967
8508,5,312
8508,6,34
8508,7,1
8509,0,949
8509,1,2707
8509,2,2231
8509,3,1299
8509,4,976
8509,5,324
8509,6,22
8509,7,1
8510,0,919
8510,1,2729
8510,2,2287
8510,3,1254
8510,4,975
8510,5,316
8510,6,30
8511,0,938
8511,1,2725
8511,2,2248
8511,3,1292
8511,4,959
8511,5,317
8511,6,32
8512,0,938
8512,1,2718
8512,2,2265
8512,3,1261
8512,4,978
8512,5,320
8512,6,32
8513,0,931
8513,1,2766
8513,2,2191
8513,3,1318
8513,4,957
8513,5,320
8513,6,30
8514,0,930
8514,1,2719
8514,2,2278
8514,3,1256
8514,4,990
8514,5,310
8514,6,31
8515,0,929
8515,1,2751
8515,2,2215
8515,3,1299
8515,4,970
8515,5,323
8515,6,27
8515,7,1
8516,0,979
8516,1,2668
8516,2,2220
8516,3,1335
8516,4,986
8516,5,296
8516,6,32
8517,0,942
8517,1,2717
8517,2,2244
8517,3,1324
8517,4,941
8517,5,314
8517,6,34
8517,7,1
8518,0,953
8518,1,2721
8518,2,2234
8518,3,1266
8518,4,1000
8518,5,313
8518,6,30
8518,7,1
8519,0,925
8519,1,2730
8519,2,2269
8519,3,1287
8519,4,954
8519,5,322
8519,6,32
8520,0,913
8520,1,2775
8520,2,2228
8520,3,1284
8520,4,978
8520,5,310
8520,6,32
8521,0,953
8521,1,2712
8521,2,2235
8521,3,1279
8521,4,1021
8521,5,286
8521,6,35
8522,0,907
8522,1,2767
8522,2,2241
8522,3,1304
8522,4,955
8522,5,319
8522,6,27
8522,7,2
8523,0,946
8523,1,2717
8523,2,2242
8523,3,1303
8523,4,967
8523,5,316
8523,6,31
8523,7,1
8524,0,934
8524,1,2735
8524,2,2249
8524,3,1270
8524,4,1000
8524,5,305
8524,6,31
8525,0,975
8525,1,2684
8525,2,2243
8525,3,1310
8525,4,973
8525,5,308
8525,6,31
8525,7,1
8526,0,935
8526,1,2716
8526,2,2284
8526,3,1264
8526,4,975
8526,5,323
8526,6,29
8527,0,962
8527,1,2684
8527,2,2278
8527,3,1283
8527,4,962
8527,5,328
8527,6,29
8527,7,1
8528,0,925
8528,1,2727
8528,2,2313
8528,3,1235
8528,4,978
8528,5,321
8528,6,29
8529,0,927
8529,1,2762
8529,2,2218
8529,3,1284
8529,4,995
8529,5,316
8529,6,26
8529,7,1
8530,0,919
8530,1,2802
8530,2,2196
8530,3,1261
8530,4,1016
8530,5,302
8530,6,33
8530,7,1
8531,0,930
8531,1,2736
8531,2,2273
8531,3,1263
8531,4,976
8531,5,329
8531,6,22
8531,7,2
8532,0,981
8532,1,2682
8532,2,2231
8532,3,1325
8532,4,948
8532,5,339
8532,6,26
8533,0,948
8533,1,2682
8533,2,2309
8533,3,1297
8533,4,934
8533,5,333
8533,6,30
8534,0,952
8534,1,2699
8534,2,2288
8534,3,1266
8534,4,980
8534,5,321
8534,6,27
8534,7,1
8535,0,950
8535,1,2714
8535,2,2238
8535,3,1322
8535,4,964
8535,5,314
8535,6,33
8536,0,942
8536,1,2697
8536,2,2302
8536,3,1288
8536,4,964
8536,5,314
8536,6,28
8536,7,1
8537,0,947
8537,1,2741
8537,2,2213
8537,3,1307
8537,4,985
8537,5,312
8537,6,32
8538,0,957
8538,1,2737
8538,2,2222
8538,3,1286
8538,4,976
8538,5,334
8538,6,25
8538,7,1
8539,0,941
8539,1,2720
8539,2,2247
8539,3,1335
8539,4,938
8539,5,328
8539,6,30
8540,0,951
8540,1,2686
8540,2,2300
8540,3,1301
8540,4,954
8540,5,317
8540,6,31
8541,0,940
8541,1,2752
8541,2,2224
8541,3,1288
8541,4,976
8541,5,333
8541,6,26
8541,7,2
8542,0,940
8542,1,2718
8542,2,2275
8542,3,1308
8542,4,943
8542,5,333
8542,6,23
8542,7,2
8543,0,975
8543,1,2691
8543,2,2244
8543,3,1312
8543,4,978
8543,5,310
8543,6,33
8544,0,916
8544,1,2784
8544,2,2205
8544,3,1337
8544,4,946
8544,5,330
8544,6,25
8544,7,1
8545,0,959
8545,1,2668
8545,2,2304
8545,3,1319
8545,4,945
8545,5,317
8545,6,33
8546,0,960
8546,1,2728
8546,2,2215
8546,3,1271
8546,4,1047
8546,5,293
8546,6,32
8547,0,928
8547,1,2758
8547,2,2244
8547,3,1312
8547,4,963
8547,5,310
8547,6,32
8548,0,955
8548,1,2709
8548,2,2268
8548,3,1299
8548,4,958
8548,5,329
8548,6,28
8548,7,2
8549,0,941
8549,1,2725
8549,2,2248
8549,3,1307
8549,4,989
8549,5,310
8549,6,29
8550,0,930
8550,1,2763
8550,2,2238
8550,3,1300
8550,4,962
8550,5,324
8550,6,31
8550,7,2
8551,0,931
8551,1,2774
8551,2,2219
8551,3,1298
8551,4,984
8551,5,318
8551,6,27
8552,0,941
8552,1,2745
8552,2,2244
8552,3,1300
8552,4,978
8552,5,308
8552,6,36
8553,0,915
8553,1,2743
8553,2,2289
8553,3,1321
8553,4,920
8553,5,335
8553,6,30
8554,0,928
8554,1,2782
8554,2,2248
8554,3,1223
8554,4,1025
8554,5,324
8554,6,23
8554,7,1
8555,0,948
8555,1,2712
8555,2,2261
8555,3,1311
8555,4,981
8555,5,312
8555,6,30
8556,0,948
8556,1,2730
8556,2,2265
8556,3,1288
8556,4,982
8556,5,306
8556,6,37
8557,0,949
8557,1,2733
8557,2,2264
8557,3,1288
8557,4,972
8557,5,318
8557,6,32
8557,7,1
8558,0,943
8558,1,2713
8558,2,2299
8558,3,1292
8558,4,950
8558,5,335
8558,6,26
8559,0,956
8559,1,2721
8559,2,2280
8559,3,1243
8559,4,999
8559,5,340
8559,6,19
8559,7,1
8560,0,928
8560,1,2751
8560,2,2245
8560,3,1333
8560,4,957
8560,5,311
8560,6,35
8561,0,963
8561,1,2707
8561,2,2271
8561,3,1270
8561,4,1014
8561,5,301
8561,6,34
8561,7,1
8562,0,946
8562,1,2717
8562,2,2284
8562,3,1300
8562,4,967
8562,5,320
8562,6,27
8562,7,1
8563,0,949
8563,1,2723
8563,2,2299
8563,3,1239
8563,4,1008
8563,5,312
8563,6,33
8564,0,934
8564,1,2734
8564,2,2263
8564,3,1328
8564,4,954
8564,5,323
8564,6,27
8564,7,1
8565,0,964
8565,1,2709
8565,2,2306
8565,3,1259
8565,4,964
8565,5,335
8565,6,26
8565,7,2
8566,0,954
8566,1,2745
8566,2,2194
8566,3,1328
8566,4,1013
8566,5,295
8566,6,37
8567,0,920
8567,1,2775
8567,2,2279
8567,3,1270
8567,4,965
8567,5,329
8567,6,29
8568,0,915
8568,1,2829
8568,2,2169
8568,3,1296
8568,4,1017
8568,5,315
8568,6,27
8569,0,955
8569,1,2734
8569,2,2250
8569,3,1301
8569,4,994
8569,5,301
8569,6,33
8569,7,1
8570,0,915
8570,1,2770
8570,2,2274
8570,3,1285
8570,4,964
8570,5,335
8570,6,26
8570,7,1
8571,0,962
8571,1,2706
8571,2,2280
8571,3,1308
8571,4,962
8571,5,322
8571,6,31
8572,0,948
8572,1,2708
8572,2,2348
8572,3,1212
8572,4,1005
8572,5,317
8572,6,33
8572,7,1
8573,0,951
8573,1,2728
8573,2,2264
8573,3,1293
8573,4,996
8573,5,309
8573,6,32
8574,0,952
8574,1,2732
8574,2,2256
8574,3,1314
8574,4,970
8574,5,319
8574,6,30
8574,7,1
8575,0,949
8575,1,2704
8575,2,2288
8575,3,1337
8575,4,946
8575,5,317
8575,6,33
8575,7,1
8576,0,974
8576,1,2700
8576,2,2240
8576,3,1368
8576,4,934
8576,5,334
8576,6,25
8576,7,1
8577,0,966
8577,1,2702
8577,2,2276
8577,3,1279
8577,4,1008
8577,5,313
8577,6,33
8578,0,957
8578,1,2737
8578,2,2264
8578,3,1271
8578,4,988
8578,5,335
8578,6,25
8578,7,1
8579,0,914
8579,1,2792
8579,2,2271
8579,3,1273
8579,4,979
8579,5,323
8579,6,26
8579,7,1
8580,0,954
8580,1,2749
8580,2,2252
8580,3,1280
8580,4,986
8580,5,334
8580,6,24
8580,7,1
8581,0,948
8581,1,2732
8581,2,2242
8581,3,1348
8581,4,977
8581,5,297
8581,6,37
8582,0,968
8582,1,2728
8582,2,2226
8582,3,1330
8582,4,986
8582,5,316
8582,6,27
8582,7,1
8583,0,957
8583,1,2695
8583,2,2292
8583,3,1329
8583,4,953
8583,5,328
8583,6,29
8584,0,966
8584,1,2697
8584,2,2315
8584,3,1271
8584,4,990
8584,5,318
8584,6,25
8584,7,2
8585,0,957
8585,1,2747
8585,2,2221
8585,3,1309
8585,4,1022
8585,5,292
8585,6,37
8586,0,921
8586,1,2793
8586,2,2245
8586,3,1305
8586,4,966
8586,5,326
8586,6,29
8586,7,1
8587,0,943
8587,1,2705
8587,2,2347
8587,3,1272
8587,4,964
8587,5,321
8587,6,35
8588,0,936
8588,1,2778
8588,2,2247
8588,3,1289
8588,4,984
8588,5,327
8588,6,27
8589,0,950
8589,1,2744
8589,2,2257
8589,3,1316
8589,4,966
8589,5,322
8589,6,34
8590,0,949
8590,1,2766
8590,2,2226
8590,3,1278
8590,4,1037
8590,5,302
8590,6,31
8590,7,1
8591,0,948
8591,1,2722
8591,2,2330
8591,3,1259
8591,4,974
8591,5,330
8591,6,28
8592,0,942
8592,1,2739
8592,2,2306
8592,3,1271
8592,4,982
8592,5,316
8592,6,36
8593,0,961
8593,1,2749
8593,2,2235
8593,3,1305
8593,4,993
8593,5,316
8593,6,34
8594,0,942
8594,1,2768
8594,2,2222
8594,3,1333
8594,4,990
8594,5,306
8594,6,33
8595,0,966
8595,1,2735
8595,2,2231
8595,3,1321
8595,4,992
8595,5,323
8595,6,25
8595,7,2
8596,0,953
8596,1,2730
8596,2,2281
8596,3,1316
8596,4,970
8596,5,315
8596,6,31
8597,0,955
8597,1,2714
8597,2,2307
8597,3,1301
8597,4,966
8597,5,321
8597,6,33
8598,0,930
8598,1,2783
8598,2,2232
8598,3,1329
8598,4,975
8598,5,316
8598,6,33
8599,0,983
8599,1,2695
8599,2,2297
8599,3,1267
8599,4,1011
8599,5,310
8599,6,36
8600,0,925
8600,1,2773
8600,2,2276
8600,3,1307
8600,4,968
8600,5,323
8600,6,28
8601,0,949
8601,1,2748
8601,2,2260
8601,3,1304
8601,4,986
8601,5,321
8601,6,33
8602,0,934
8602,1,2793
8602,2,2225
8602,3,1327
8602,4,969
8602,5,327
8602,6,25
8602,7,2
8603,0,941
8603,1,2776
8603,2,2249
8603,3,1289
8603,4,1000
8603,5,315
8603,6,33
8604,0,951
8604,1,2734
8604,2,2257
8604,3,1350
8604,4,960
8604,5,320
8604,6,31
8604,7,1
8605,0,922
8605,1,2835
8605,2,2200
8605,3,1288
8605,4,1006
8605,5,324
8605,6,29
8605,7,1
8606,0,901
8606,1,2799
8606,2,2318
8606,3,1255
8606,4,999
8606,5,299
8606,6,35
8607,0,932
8607,1,2786
8607,2,2250
8607,3,1313
8607,4,962
8607,5,336
8607,6,27
8607,7,1
8608,0,994
8608,1,2703
8608,2,2252
8608,3,1302
8608,4,1017
8608,5,310
8608,6,29
8608,7,1
8609,0,928
8609,1,2781
8609,2,2249
8609,3,1326
8609,4,981
8609,5,307
8609,6,37
8610,0,948
8610,1,2741
8610,2,2285
8610,3,1300
8610,4,981
8610,5,328
8610,6,26
8610,7,1
8611,0,944
8611,1,2775
8611,2,2264
8611,3,1272
8611,4,999
8611,5,331
8611,6,25
8611,7,1
8612,0,939
8612,1,2766
8612,2,2301
8612,3,1259
8612,4,975
8612,5,341
8612,6,31
8613,0,958
8613,1,2720
8613,2,2306
8613,3,1295
8613,4,987
8613,5,314
8613,6,32
8613,7,1
8614,0,982
8614,1,2682
8614,2,2309
8614,3,1316
8614,4,985
8614,5,310
8614,6,30
8615,0,933
8615,1,2790
8615,2,2228
8615,3,1334
8615,4,978
8615,5,321
8615,6,31
8616,0,937
8616,1,2748
8616,2,2300
8616,3,1304
8616,4,978
8616,5,317
8616,6,30
8616,7,2
8617,0,941
8617,1,2759
8617,2,2294
8617,3,1305
8617,4,955
8617,5,331
8617,6,32
8618,0,950
8618,1,2770
8618,2,2246
8618,3,1309
8618,4,997
8618,5,320
8618,6,25
8618,7,1
8619,0,943
8619,1,2785
8619,2,2258
8619,3,1288
8619,4,976
8619,5,337
8619,6,32
8620,0,955
8620,1,2761
8620,2,2250
8620,3,1300
8620,4,1009
8620,5,310
8620,6,35
8621,0,950
8621,1,2748
8621,2,2291
8621,3,1292
8621,4,985
8621,5,327
8621,6,28
8622,0,958
8622,1,2748
8622,2,2271
8622,3,1326
8622,4,964
8622,5,321
8622,6,33
8622,7,1
8623,0,973
8623,1,2705
8623,2,2277
8623,3,1357
8623,4,951
8623,5,331
8623,6,29
8624,0,940
8624,1,2759
8624,2,2263
8624,3,1343
8624,4,974
8624,5,314
8624,6,30
8624,7,1
8625,0,963
8625,1,2702
8625,2,2326
8625,3,1321
8625,4,956
8625,5,324
8625,6,33
8626,0,935
8626,1,2752
8626,2,2337
8626,3,1262
8626,4,993
8626,5,312
8626,6,35
8627,0,969
8627,1,2743
8627,2,2277
8627,3,1266
8627,4,1020
8627,5,318
8627,6,34
8628,0,960
8628,1,2747
8628,2,2261
8628,3,1316
8628,4,998
8628,5,316
8628,6,29
8628,7,1
8629,0,935
8629,1,2783
8629,2,2294
8629,3,1257
8629,4,1004
8629,5,323
8629,6,33
8630,0,913
8630,1,2778
8630,2,2332
8630,3,1294
8630,4,946
8630,5,338
8630,6,29
8631,0,961
8631,1,2750
8631,2,2248
8631,3,1318
8631,4,1020
8631,5,299
8631,6,35
8632,0,948
8632,1,2785
8632,2,2269
8632,3,1285
8632,4,982
8632,5,329
8632,6,34
8633,0,960
8633,1,2731
8633,2,2300
8633,3,1299
8633,4,1005
8633,5,305
8633,6,32
8633,7,1
8634,0,916
8634,1,2820
8634,2,2243
8634,3,1317
8634,4,987
8634,5,324
8634,6,26
8634,7,1
8635,0,965
8635,1,2757
8635,2,2251
8635,3,1321
8635,4,975
8635,5,336
8635,6,30
8636,0,968
8636,1,2697
8636,2,2345
8636,3,1294
8636,4,980
8636,5,319
8636,6,32
8636,7,1
8637,0,998
8637,1,2674
8637,2,2300
8637,3,1332
8637,4,966
8637,5,338
8637,6,28
8637,7,1
8638,0,916
8638,1,2840
8638,2,2236
8638,3,1311
8638,4,992
8638,5,311
8638,6,32
8639,0,952
8639,1,2728
8639,2,2306
8639,3,1339
8639,4,964
8639,5,325
8639,6,23
8639,7,2
8640,0,952
8640,1,2773
8640,2,2286
8640,3,1275
8640,4,980
8640,5,341
8640,6,33
8641,0,936
8641,1,2758
8641,2,2319
8641,3,1303
8641,4,961
8641,5,332
8641,6,31
8641,7,1
8642,0,964
8642,1,2760
8642,2,2260
8642,3,1300
8642,4,1001
8642,5,334
8642,6,22
8642,7,1
8643,0,958
8643,1,2761
8643,2,2244
8643,3,1355
8643,4,978
8643,5,315
8643,6,31
8643,7,1
8644,0,964
8644,1,2788
8644,2,2228
8644,3,1283
8644,4,1031
8644,5,321
8644,6,28
8644,7,1
8645,0,939
8645,1,2766
8645,2,2316
8645,3,1302
8645,4,966
8645,5,329
8645,6,27
8646,0,976
8646,1,2697
8646,2,2315
8646,3,1313
8646,4,991
8646,5,319
8646,6,35
8647,0,964
8647,1,2713
8647,2,2347
8647,3,1309
8647,4,953
8647,5,328
8647,6,32
8647,7,1
8648,0,955
8648,1,2757
8648,2,2286
8648,3,1297
8648,4,988
8648,5,340
8648,6,24
8648,7,1
8649,0,952
8649,1,2770
8649,2,2289
8649,3,1283
8649,4,1002
8649,5,322
8649,6,31
8650,0,953
8650,1,2747
8650,2,2292
8650,3,1323
8650,4,982
8650,5,318
8650,6,34
8650,7,1
8651,0,937
8651,1,2787
8651,2,2321
8651,3,1254
8651,4,996
8651,5,333
8651,6,21
8651,7,2
8652,0,921
8652,1,2805
8652,2,2267
8652,3,1318
8652,4,990
8652,5,316
8652,6,34
8652,7,1
8653,0,984
8653,1,2704
8653,2,2298
8653,3,1329
8653,4,981
8653,5,331
8653,6,25
8653,7,1
8654,0,988
8654,1,2715
8654,2,2297
8654,3,1306
8654,4,982
8654,5,338
8654,6,28
8655,0,956
8655,1,2761
8655,2,2309
8655,3,1283
8655,4,982
8655,5,332
8655,6,32
8656,0,962
8656,1,2767
8656,2,2240
8656,3,1328
8656,4,1009
8656,5,325
8656,6,24
8656,7,1
8657,0,927
8657,1,2797
8657,2,2268
8657,3,1333
8657,4,988
8657,5,310
8657,6,34
8658,0,955
8658,1,2786
8658,2,2268
8658,3,1278
8658,4,1030
8658,5,309
8658,6,32
8659,0,947
8659,1,2727
8659,2,2365
8659,3,1297
8659,4,966
8659,5,324
8659,6,32
8659,7,1
8660,0,955
8660,1,2773
8660,2,2267
8660,3,1316
8660,4,997
8660,5,322
8660,6,30
8661,0,911
8661,1,2841
8661,2,2258
8661,3,1314
8661,4,971
8661,5,339
8661,6,25
8661,7,2
8662,0,949
8662,1,2787
8662,2,2259
8662,3,1319
8662,4,996
8662,5,323
8662,6,28
8662,7,1
8663,0,958
8663,1,2762
8663,2,2297
8663,3,1296
8663,4,990
8663,5,331
8663,6,29
8664,0,989
8664,1,2713
8664,2,2303
8664,3,1318
8664,4,996
8664,5,306
8664,6,38
8664,7,1
8665,0,965
8665,1,2761
8665,2,2271
8665,3,1314
8665,4,992
8665,5,332
8665,6,29
8665,7,1
8666,0,963
8666,1,2721
8666,2,2324
8666,3,1336
8666,4,962
8666,5,328
8666,6,32
8667,0,941
8667,1,2806
8667,2,2252
8667,3,1325
8667,4,987
8667,5,322
8667,6,34
8668,0,951
8668,1,2768
8668,2,2298
8668,3,1311
8668,4,982
8668,5,331
8668,6,26
8668,7,1
8669,0,978
8669,1,2741
8669,2,2253
8669,3,1346
8669,4,1025
8669,5,289
8669,6,36
8669,7,1
8670,0,949
8670,1,2792
8670,2,2302
8670,3,1249
8670,4,1013
8670,5,334
8670,6,31
8671,0,977
8671,1,2722
8671,2,2325
8671,3,1311
8671,4,977
8671,5,324
8671,6,35
8672,0,998
8672,1,2687
8672,2,2310
8672,3,1342
8672,4,973
8672,5,337
8672,6,24
8672,7,1
8673,0,942
8673,1,2787
8673,2,2280
8673,3,1313
8673,4,1002
8673,5,315
8673,6,34
8674,0,961
8674,1,2764
8674,2,2279
8674,3,1329
8674,4,1000
8674,5,305
8674,6,35
8674,7,1
8675,0,964
8675,1,2761
8675,2,2268
8675,3,1338
8675,4,988
8675,5,326
8675,6,30
8676,0,948
8676,1,2767
8676,2,2304
8676,3,1340
8676,4,970
8676,5,313
8676,6,34
8677,0,966
8677,1,2748
8677,2,2293
8677,3,1333
8677,4,980
8677,5,328
8677,6,27
8677,7,2
8678,0,964
8678,1,2753
8678,2,2321
8678,3,1298
8678,4,959
8678,5,357
8678,6,26
8679,0,959
8679,1,2744
8679,2,2322
8679,3,1309
8679,4,994
8679,5,318
8679,6,31
8679,7,2
8680,0,962
8680,1,2756
8680,2,2299
8680,3,1320
8680,4,984
8680,5,328
8680,6,31
8681,0,938
8681,1,2797
8681,2,2293
8681,3,1299
8681,4,998
8681,5,322
8681,6,34
8682,0,982
8682,1,2730
8682,2,2317
8682,3,1280
8682,4,1006
8682,5,340
8682,6,26
8682,7,1
8683,0,980
8683,1,2707
8683,2,2325
8683,3,1349
8683,4,978
8683,5,313
8683,6,31
8684,0,959
8684,1,2744
8684,2,2349
8684,3,1298
8684,4,958
8684,5,352
8684,6,22
8684,7,2
8685,0,971
8685,1,2777
8685,2,2255
8685,3,1314
8685,4,1009
8685,5,330
8685,6,29
8686,0,962
8686,1,2735
8686,2,2312
8686,3,1364
8686,4,967
8686,5,311
8686,6,35
8687,0,937
8687,1,2799
8687,2,2302
8687,3,1297
8687,4,1005
8687,5,309
8687,6,38
8688,0,959
8688,1,2781
8688,2,2266
8688,3,1334
8688,4,979
8688,5,341
8688,6,27
8688,7,1
8689,0,978
8689,1,2742
8689,2,2291
8689,3,1331
8689,4,994
8689,5,326
8689,6,25
8689,7,2
8690,0,944
8690,1,2797
8690,2,2307
8690,3,1271
8690,4,1007
8690,5,335
8690,6,28
8690,7,1
8691,0,940
8691,1,2794
8691,2,2313
8691,3,1313
8691,4,960
8691,5,344
8691,6,27
8692,0,954
8692,1,2776
8692,2,2318
8692,3,1264
8692,4,1026
8692,5,322
8692,6,31
8692,7,1
8693,0,964
8693,1,2745
8693,2,2336
8693,3,1297
8693,4,983
8693,5,340
8693,6,28
8694,0,930
8694,1,2822
8694,2,2273
8694,3,1336
8694,4,978
8694,5,329
8694,6,24
8694,7,2
8695,0,968
8695,1,2744
8695,2,2345
8695,3,1269
8695,4,1006
8695,5,329
8695,6,34
8696,0,970
8696,1,2731
8696,2,2330
8696,3,1341
8696,4,965
8696,5,325
8696,6,33
8696,7,1
8697,0,969
8697,1,2749
8697,2,2309
8697,3,1338
8697,4,960
8697,5,339
8697,6,33
8698,0,965
8698,1,2760
8698,2,2291
8698,3,1327
8698,4,1001
8698,5,328
8698,6,25
8698,7,1
8699,0,947
8699,1,2783
8699,2,2317
8699,3,1317
8699,4,967
8699,5,336
8699,6,32
8700,0,962
8700,1,2732
8700,2,2351
8700,3,1310
8700,4,993
8700,5,319
8700,6,33
8701,0,966
8701,1,2777
8701,2,2311
8701,3,1295
8701,4,983
8701,5,333
8701,6,36
8702,0,919
8702,1,2833
8702,2,2282
8702,3,1335
8702,4,978
8702,5,329
8702,6,24
8702,7,2
8703,0,993
8703,1,2682
8703,2,2368
8703,3,1319
8703,4,990
8703,5,317
8703,6,33
8703,7,1
8704,0,964
8704,1,2790
8704,2,2250
8704,3,1340
8704,4,1004
8704,5,326
8704,6,30
8705,0,980
8705,1,2732
8705,2,2324
8705,3,1320
8705,4,994
8705,5,323
8705,6,32
8706,0,979
8706,1,2737
8706,2,2306
8706,3,1337
8706,4,997
8706,5,321
8706,6,27
8706,7,2
8707,0,933
8707,1,2841
8707,2,2278
8707,3,1290
8707,4,995
8707,5,339
8707,6,30
8707,7,1
8708,0,993
8708,1,2712
8708,2,2303
8708,3,1364
8708,4,982
8708,5,323
8708,6,31
8709,0,940
8709,1,2847
8709,2,2247
8709,3,1300
8709,4,1017
8709,5,321
8709,6,37
8710,0,991
8710,1,2708
8710,2,2352
8710,3,1301
8710,4,1007
8710,5,320
8710,6,30
8710,7,1
8711,0,966
8711,1,2763
8711,2,2324
8711,3,1285
8711,4,1019
8711,5,323
8711,6,31
8712,0,964
8712,1,2764
8712,2,2303
8712,3,1358
8712,4,958
8712,5,329
8712,6,36
8713,0,942
8713,1,2813
8713,2,2275
8713,3,1310
8713,4,1015
8713,5,330
8713,6,28
8714,0,942
8714,1,2795
8714,2,2335
8714,3,1317
8714,4,954
8714,5,337
8714,6,33
8714,7,1
8715,0,1002
8715,1,2723
8715,2,2291
8715,3,1362
8715,4,966
8715,5,346
8715,6,23
8715,7,2
8716,0,982
8716,1,2728
8716,2,2326
8716,3,1302
8716,4,1036
8716,5,311
8716,6,30
8716,7,1
8717,0,960
8717,1,2775
8717,2,2296
8717,3,1346
8717,4,978
8717,5,330
8717,6,32
8718,0,980
8718,1,2729
8718,2,2315
8718,3,1373
8718,4,950
8718,5,341
8718,6,29
8718,7,1
8719,0,932
8719,1,2858
8719,2,2252
8719,3,1297
8719,4,1035
8719,5,313
8719,6,32
8720,0,966
8720,1,2768
8720,2,2295
8720,3,1352
8720,4,971
8720,5,339
8720,6,28
8720,7,1
8721,0,954
8721,1,2779
8721,2,2342
8721,3,1284
8721,4,1015
8721,5,312
8721,6,34
8721,7,1
8722,0,955
8722,1,2808
8722,2,2267
8722,3,1344
8722,4,977
8722,5,344
8722,6,27
8723,0,946
8723,1,2779
8723,2,2330
8723,3,1346
8723,4,962
8723,5,327
8723,6,33
8724,0,968
8724,1,2770
8724,2,2312
8724,3,1314
8724,4,991
8724,5,337
8724,6,31
8724,7,1
8725,0,974
8725,1,2760
8725,2,2279
8725,3,1371
8725,4,994
8725,5,313
8725,6,34
8726,0,959
8726,1,2797
8726,2,2305
8726,3,1287
8726,4,1027
8726,5,319
8726,6,32
8727,0,958
8727,1,2769
8727,2,2331
8727,3,1321
8727,4,993
8727,5,325
8727,6,28
8727,7,2
8728,0,953
8728,1,2815
8728,2,2307
8728,3,1271
8728,4,1000
8728,5,352
8728,6,30
8729,0,970
8729,1,2753
8729,2,2354
8729,3,1272
8729,4,1042
8729,5,301
8729,6,37
8730,0,942
8730,1,2847
8730,2,2274
8730,3,1297
8730,4,997
8730,5,342
8730,6,30
8730,7,1
8731,0,948
8731,1,2810
8731,2,2296
8731,3,1300
8731,4,1037
8731,5,308
8731,6,32
8732,0,977
8732,1,2755
8732,2,2296
8732,3,1356
8732,4,996
8732,5,318
8732,6,34
8733,0,936
8733,1,2853
8733,2,2269
8733,3,1308
8733,4,1012
8733,5,325
8733,6,28
8733,7,2
8734,0,944
8734,1,2786
8734,2,2322
8734,3,1336
8734,4,992
8734,5,321
8734,6,33
8735,0,970
8735,1,2784
8735,2,2324
8735,3,1284
8735,4,1007
8735,5,333
8735,6,33
8736,0,932
8736,1,2851
8736,2,2256
8736,3,1343
8736,4,998
8736,5,326
8736,6,28
8736,7,2
8737,0,969
8737,1,2774
8737,2,2309
8737,3,1329
8737,4,996
8737,5,332
8737,6,28
8738,0,986
8738,1,2754
8738,2,2289
8738,3,1340
8738,4,1022
8738,5,312
8738,6,35
8739,0,984
8739,1,2770
8739,2,2272
8739,3,1363
8739,4,981
8739,5,336
8739,6,33
8740,0,935
8740,1,2826
8740,2,2317
8740,3,1305
8740,4,1010
8740,5,310
8740,6,37
8741,0,979
8741,1,2802
8741,2,2224
8741,3,1351
8741,4,1041
8741,5,315
8741,6,28
8741,7,1
8742,0,974
8742,1,2749
8742,2,2343
8742,3,1344
8742,4,967
8742,5,328
8742,6,37
8743,0,939
8743,1,2824
8743,2,2306
8743,3,1308
8743,4,1010
8743,5,324
8743,6,32
8744,0,962
8744,1,2807
8744,2,2283
8744,3,1333
8744,4,1010
8744,5,316
8744,6,33
8745,0,938
8745,1,2844
8745,2,2266
8745,3,1329
8745,4,1001
8745,5,340
8745,6,25
8745,7,2
8746,0,920
8746,1,2844
8746,2,2344
8746,3,1283
8746,4,990
8746,5,333
8746,6,32
8747,0,982
8747,1,2732
8747,2,2347
8747,3,1322
8747,4,1002
8747,5,328
8747,6,34
8748,0,988
8748,1,2763
8748,2,2271
8748,3,1393
8748,4,974
8748,5,327
8748,6,31
8748,7,1
8749,0,981
8749,1,2752
8749,2,2334
8749,3,1320
8749,4,1018
8749,5,313
8749,6,30
8749,7,1
8750,0,951
8750,1,2828
8750,2,2291
8750,3,1303
8750,4,1008
8750,5,334
8750,6,35
8751,0,936
8751,1,2839
8751,2,2306
8751,3,1296
8751,4,1004
8751,5,344
8751,6,25
8751,7,1
8752,0,950
8752,1,2852
8752,2,2237
8752,3,1359
8752,4,976
8752,5,349
8752,6,28
8752,7,1
8753,0,988
8753,1,2738
8753,2,2313
8753,3,1363
8753,4,1017
8753,5,299
8753,6,34
8753,7,1
8754,0,944
8754,1,2827
8754,2,2310
8754,3,1315
8754,4,995
8754,5,328
8754,6,35
8755,0,950
8755,1,2766
8755,2,2371
8755,3,1326
8755,4,961
8755,5,351
8755,6,30
8756,0,952
8756,1,2822
8756,2,2315
8756,3,1301
8756,4,1014
8756,5,320
8756,6,32
8757,0,958
8757,1,2780
8757,2,2320
8757,3,1348
8757,4,997
8757,5,319
8757,6,35
8758,0,962
8758,1,2812
8758,2,2296
8758,3,1321
8758,4,1017
8758,5,316
8758,6,33
8758,7,1
8759,0,942
8759,1,2864
8759,2,2224
8759,3,1358
8759,4,1011
8759,5,331
8759,6,29
8760,0,952
8760,1,2822
8760,2,2312
8760,3,1306
8760,4,1000
8760,5,334
8760,6,32
8760,7,2
8761,0,961
8761,1,2803
8761,2,2320
8761,3,1304
8761,4,1002
8761,5,339
8761,6,32
8762,0,991
8762,1,2752
8762,2,2316
8762,3,1330
8762,4,1020
8762,5,323
8762,6,29
8762,7,1
8763,0,946
8763,1,2814
8763,2,2300
8763,3,1368
8763,4,976
8763,5,328
8763,6,31
8764,0,1008
8764,1,2713
8764,2,2359
8764,3,1310
8764,4,1016
8764,5,323
8764,6,35
8765,0,956
8765,1,2817
8765,2,2305
8765,3,1341
8765,4,978
8765,5,332
8765,6,35
8765,7,1
8766,0,956
8766,1,2748
8766,2,2398
8766,3,1323
8766,4,984
8766,5,327
8766,6,30
8767,0,960
8767,1,2848
8767,2,2224
8767,3,1365
8767,4,1012
8767,5,326
8767,6,31
8767,7,1
8768,0,980
8768,1,2780
8768,2,2278
8768,3,1365
8768,4,1019
8768,5,312
8768,6,33
8768,7,1
8769,0,962
8769,1,2816
8769,2,2317
8769,3,1298
8769,4,1003
8769,5,350
8769,6,22
8769,7,1
8770,0,954
8770,1,2782
8770,2,2362
8770,3,1320
8770,4,989
8770,5,330
8770,6,32
8770,7,1
8771,0,973
8771,1,2783
8771,2,2299
8771,3,1363
8771,4,1006
8771,5,315
8771,6,32
8772,0,995
8772,1,2763
8772,2,2299
8772,3,1343
8772,4,996
8772,5,346
8772,6,29
8772,7,1
8773,0,963
8773,1,2803
8773,2,2334
8773,3,1303
8773,4,1016
8773,5,321
8773,6,32
8773,7,1
8774,0,986
8774,1,2762
8774,2,2319
8774,3,1338
8774,4,1016
8774,5,322
8774,6,31
8775,0,990
8775,1,2720
8775,2,2386
8775,3,1332
8775,4,978
8775,5,335
8775,6,33
8775,7,1
8776,0,959
8776,1,2821
8776,2,2299
8776,3,1320
8776,4,1018
8776,5,328
8776,6,31
8777,0,966
8777,1,2780
8777,2,2327
8777,3,1368
8777,4,979
8777,5,322
8777,6,35
8778,0,939
8778,1,2847
8778,2,2309
8778,3,1322
8778,4,985
8778,5,347
8778,6,28
8778,7,1
8779,0,975
8779,1,2758
8779,2,2356
8779,3,1338
8779,4,988
8779,5,328
8779,6,35
8779,7,1
8780,0,974
8780,1,2797
8780,2,2319
8780,3,1313
8780,4,1018
8780,5,327
8780,6,32
8781,0,958
8781,1,2820
8781,2,2325
8781,3,1302
8781,4,1015
8781,5,327
8781,6,33
8781,7,1
8782,0,977
8782,1,2776
8782,2,2289
8782,3,1405
8782,4,982
8782,5,321
8782,6,32
8783,0,961
8783,1,2830
8783,2,2265
8783,3,1349
8783,4,1026
8783,5,317
8783,6,35
8784,0,1002
8784,1,2750
8784,2,2306
8784,3,1350
8784,4,1036
8784,5,302
8784,6,38
8785,0,962
8785,1,2803
8785,2,2328
8785,3,1333
8785,4,992
8785,5,336
8785,6,30
8785,7,1
8786,0,971
8786,1,2780
8786,2,2344
8786,3,1343
8786,4,988
8786,5,328
8786,6,31
8786,7,1
8787,0,964
8787,1,2827
8787,2,2284
8787,3,1324
8787,4,1020
8787,5,349
8787,6,17
8787,7,2
8788,0,978
8788,1,2760
8788,2,2409
8788,3,1243
8788,4,1034
8788,5,328
8788,6,36
8789,0,938
8789,1,2827
8789,2,2361
8789,3,1298
8789,4,1001
8789,5,328
8789,6,36
8790,0,976
8790,1,2836
8790,2,2238
8790,3,1360
8790,4,1008
8790,5,347
8790,6,25
8791,0,934
8791,1,2836
8791,2,2364
8791,3,1285
8791,4,998
8791,5,343
8791,6,30
8791,7,1
8792,0,968
8792,1,2826
8792,2,2274
8792,3,1355
8792,4,999
8792,5,347
8792,6,21
8792,7,2
8793,0,966
8793,1,2780
8793,2,2364
8793,3,1334
8793,4,978
8793,5,336
8793,6,34
8793,7,1
8794,0,999
8794,1,2730
8794,2,2359
8794,3,1357
8794,4,1008
8794,5,305
8794,6,35
8794,7,1
8795,0,974
8795,1,2791
8795,2,2319
8795,3,1321
8795,4,1041
8795,5,318
8795,6,30
8795,7,1
8796,0,950
8796,1,2860
8796,2,2276
8796,3,1330
8796,4,1005
8796,5,351
8796,6,24
8797,0,976
8797,1,2823
8797,2,2274
8797,3,1344
8797,4,1020
8797,5,328
8797,6,31
8797,7,1
8798,0,959
8798,1,2847
8798,2,2292
8798,3,1340
8798,4,969
8798,5,362
8798,6,29
8799,0,973
8799,1,2793
8799,2,2316
8799,3,1340
8799,4,1018
8799,5,333
8799,6,24
8799,7,2
8800,0,959
8800,1,2826
8800,2,2319
8800,3,1340
8800,4,987
8800,5,340
8800,6,28
8800,7,1
8801,0,954
8801,1,2805
8801,2,2328
8801,3,1379
8801,4,984
8801,5,317
8801,6,33
8801,7,1
8802,0,981
8802,1,2791
8802,2,2321
8802,3,1323
8802,4,1018
8802,5,335
8802,6,33
8803,0,951
8803,1,2834
8803,2,2310
8803,3,1345
8803,4,1009
8803,5,320
8803,6,34
8804,0,981
8804,1,2812
8804,2,2292
8804,3,1344
8804,4,1026
8804,5,311
8804,6,38
8805,0,970
8805,1,2828
8805,2,2302
8805,3,1315
8805,4,1021
8805,5,336
8805,6,33
8806,0,951
8806,1,2820
8806,2,2312
8806,3,1362
8806,4,1006
8806,5,322
8806,6,33
8807,0,987
8807,1,2769
8807,2,2387
8807,3,1297
8807,4,998
8807,5,331
8807,6,38
8808,0,972
8808,1,2813
8808,2,2273
8808,3,1369
8808,4,1031
8808,5,316
8808,6,34
8809,0,953
8809,1,2851
8809,2,2327
8809,3,1288
8809,4,1025
8809,5,327
8809,6,38
8810,0,971
8810,1,2808
8810,2,2332
8810,3,1306
8810,4,1027
8810,5,342
8810,6,21
8810,7,3
8811,0,954
8811,1,2813
8811,2,2336
8811,3,1386
8811,4,945
8811,5,350
8811,6,24
8811,7,3
8812,0,964
8812,1,2860
8812,2,2245
8812,3,1353
8812,4,1042
8812,5,315
8812,6,33
8813,0,969
8813,1,2798
8813,2,2355
8813,3,1318
8813,4,1019
8813,5,317
8813,6,37
8814,0,949
8814,1,2816
8814,2,2342
8814,3,1358
8814,4,980
8814,5,341
8814,6,27
8814,7,1
8815,0,985
8815,1,2763
8815,2,2377
8815,3,1330
8815,4,979
8815,5,349
8815,6,32
8816,0,1005
8816,1,2762
8816,2,2318
8816,3,1363
8816,4,1028
8816,5,304
8816,6,34
8816,7,2
8817,0,953
8817,1,2845
8817,2,2314
8817,3,1337
8817,4,984
8817,5,354
8817,6,30
8818,0,965
8818,1,2828
8818,2,2335
8818,3,1296
8818,4,1025
8818,5,341
8818,6,27
8818,7,1
8819,0,965
8819,1,2825
8819,2,2316
8819,3,1352
8819,4,992
8819,5,340
8819,6,29
8820,0,979
8820,1,2808
8820,2,2307
8820,3,1340
8820,4,1023
8820,5,335
8820,6,25
8820,7,3
8821,0,962
8821,1,2799
8821,2,2361
8821,3,1332
8821,4,1002
8821,5,336
8821,6,28
8821,7,1
8822,0,945
8822,1,2844
8822,2,2305
8822,3,1384
8822,4,983
8822,5,325
8822,6,35
8822,7,1
8823,0,1000
8823,1,2778
8823,2,2321
8823,3,1331
8823,4,1038
8823,5,328
8823,6,26
8823,7,1
8824,0,973
8824,1,2784
8824,2,2347
8824,3,1350
8824,4,1016
8824,5,314
8824,6,40
8825,0,978
8825,1,2797
8825,2,2346
8825,3,1339
8825,4,1013
8825,5,321
8825,6,31
8826,0,999
8826,1,2795
8826,2,2272
8826,3,1375
8826,4,1041
8826,5,308
8826,6,36
8827,0,984
8827,1,2795
8827,2,2325
8827,3,1347
8827,4,1015
8827,5,330
8827,6,30
8827,7,1
8828,0,947
8828,1,2876
8828,2,2326
8828,3,1275
8828,4,1026
8828,5,345
8828,6,32
8828,7,1
8829,0,978
8829,1,2803
8829,2,2359
8829,3,1287
8829,4,1039
8829,5,334
8829,6,29
8830,0,966
8830,1,2838
8830,2,2328
8830,3,1322
8830,4,996
8830,5,349
8830,6,30
8830,7,1
8831,0,958
8831,1,2803
8831,2,2363
8831,3,1348
8831,4,995
8831,5,333
8831,6,30
8831,7,1
8832,0,980
8832,1,2798
8832,2,2330
8832,3,1354
8832,4,1003
8832,5,334
8832,6,32
8832,7,1
8833,0,981
8833,1,2797
8833,2,2324
8833,3,1367
8833,4,1002
8833,5,331
8833,6,30
8833,7,1
8834,0,983
8834,1,2800
8834,2,2340
8834,3,1327
8834,4,1018
8834,5,336
8834,6,30
8835,0,958
8835,1,2835
8835,2,2344
8835,3,1311
8835,4,1025
8835,5,326
8835,6,36
8836,0,962
8836,1,2846
8836,2,2326
8836,3,1308
8836,4,1043
8836,5,317
8836,6,33
8836,7,1
8837,0,990
8837,1,2785
8837,2,2317
8837,3,1376
8837,4,989
8837,5,350
8837,6,30
8838,0,994
8838,1,2791
8838,2,2322
8838,3,1355
8838,4,1026
8838,5,318
8838,6,31
8838,7,1
8839,0,965
8839,1,2827
8839,2,2315
8839,3,1356
8839,4,1007
8839,5,341
8839,6,27
8839,7,1
8840,0,958
8840,1,2851
8840,2,2322
8840,3,1333
8840,4,1015
8840,5,327
8840,6,33
8840,7,1
8841,0,1004
8841,1,2763
8841,2,2330
8841,3,1373
8841,4,1005
8841,5,336
8841,6,30
8842,0,956
8842,1,2839
8842,2,2348
8842,3,1336
8842,4,999
8842,5,329
8842,6,34
8842,7,1
8843,0,962
8843,1,2833
8843,2,2305
8843,3,1351
8843,4,1045
8843,5,313
8843,6,33
8843,7,1
8844,0,989
8844,1,2781
8844,2,2367
8844,3,1345
8844,4,991
8844,5,340
8844,6,30
8844,7,1
8845,0,952
8845,1,2840
8845,2,2352
8845,3,1349
8845,4,962
8845,5,358
8845,6,32
8846,0,954
8846,1,2847
8846,2,2340
8846,3,1326
8846,4,1017
8846,5,329
8846,6,33
8847,0,942
8847,1,2894
8847,2,2292
8847,3,1327
8847,4,1017
8847,5,351
8847,6,23
8847,7,1
8848,0,989
8848,1,2814
8848,2,2309
8848,3,1352
8848,4,1012
8848,5,339
8848,6,32
8848,7,1
8849,0,963
8849,1,2795
8849,2,2410
8849,3,1313
8849,4,996
8849,5,341
8849,6,30
8849,7,1
8850,0,942
8850,1,2886
8850,2,2316
8850,3,1325
8850,4,1008
8850,5,344
8850,6,28
8850,7,1
8851,0,992
8851,1,2814
8851,2,2306
8851,3,1343
8851,4,1030
8851,5,332
8851,6,34
8852,0,974
8852,1,2819
8852,2,2342
8852,3,1335
8852,4,1020
8852,5,331
8852,6,30
8852,7,1
8853,0,987
8853,1,2787
8853,2,2349
8853,3,1352
8853,4,1012
8853,5,337
8853,6,28
8853,7,1
8854,0,957
8854,1,2859
8854,2,2315
8854,3,1352
8854,4,1002
8854,5,338
8854,6,30
8854,7,1
8855,0,933
8855,1,2862
8855,2,2368
8855,3,1313
8855,4,1016
8855,5,327
8855,6,36
8856,0,979
8856,1,2810
8856,2,2356
8856,3,1315
8856,4,1043
8856,5,318
8856,6,35
8857,0,973
8857,1,2813
8857,2,2351
8857,3,1348
8857,4,997
8857,5,343
8857,6,32
8858,0,951
8858,1,2843
8858,2,2384
8858,3,1290
8858,4,1020
8858,5,340
8858,6,29
8858,7,1
8859,0,955
8859,1,2863
8859,2,2297
8859,3,1386
8859,4,997
8859,5,331
8859,6,29
8859,7,1
8860,0,1000
8860,1,2758
8860,2,2368
8860,3,1351
8860,4,1025
8860,5,327
8860,6,30
8860,7,1
8861,0,987
8861,1,2824
8861,2,2310
8861,3,1343
8861,4,1039
8861,5,332
8861,6,22
8861,7,4
8862,0,994
8862,1,2799
8862,2,2319
8862,3,1377
8862,4,991
8862,5,351
8862,6,30
8862,7,1
8863,0,975
8863,1,2815
8863,2,2335
8863,3,1385
8863,4,1000
8863,5,319
8863,6,34
8864,0,990
8864,1,2794
8864,2,2356
8864,3,1320
8864,4,1035
8864,5,340
8864,6,29
8865,0,955
8865,1,2841
8865,2,2383
8865,3,1321
8865,4,982
8865,5,349
8865,6,34
8866,0,981
8866,1,2813
8866,2,2363
8866,3,1304
8866,4,1047
8866,5,319
8866,6,39
8867,0,958
8867,1,2818
8867,2,2382
8867,3,1349
8867,4,1000
8867,5,330
8867,6,30
8868,0,991
8868,1,2829
8868,2,2279
8868,3,1376
8868,4,1025
8868,5,333
8868,6,35
8869,0,987
8869,1,2811
8869,2,2346
8869,3,1360
8869,4,988
8869,5,345
8869,6,31
8869,7,1
8870,0,954
8870,1,2857
8870,2,2329
8870,3,1369
8870,4,983
8870,5,350
8870,6,28
8871,0,972
8871,1,2829
8871,2,2345
8871,3,1331
8871,4,1034
8871,5,323
8871,6,37
8872,0,985
8872,1,2784
8872,2,2385
8872,3,1352
8872,4,991
8872,5,345
8872,6,29
8872,7,1
8873,0,1014
8873,1,2761
8873,2,2363
8873,3,1345
8873,4,1029
8873,5,327
8873,6,34
8874,0,978
8874,1,2837
8874,2,2320
8874,3,1331
8874,4,1042
8874,5,335
8874,6,30
8874,7,1
8875,0,973
8875,1,2809
8875,2,2377
8875,3,1360
8875,4,987
8875,5,336
8875,6,33
8876,0,1002
8876,1,2794
8876,2,2349
8876,3,1331
8876,4,1034
8876,5,331
8876,6,34
8876,7,1
8877,0,944
8877,1,2877
8877,2,2327
8877,3,1354
8877,4,1005
8877,5,341
8877,6,28
8877,7,1
8878,0,970
8878,1,2862
8878,2,2306
8878,3,1352
8878,4,1028
8878,5,329
8878,6,30
8878,7,1
8879,0,950
8879,1,2867
8879,2,2317
8879,3,1371
8879,4,1024
8879,5,316
8879,6,33
8879,7,1
8880,0,959
8880,1,2858
8880,2,2344
8880,3,1334
8880,4,1011
8880,5,340
8880,6,34
8881,0,999
8881,1,2780
8881,2,2352
8881,3,1377
8881,4,1013
8881,5,324
8881,6,35
8881,7,1
8882,0,965
8882,1,2839
8882,2,2360
8882,3,1323
8882,4,1028
8882,5,332
8882,6,35
8883,0,977
8883,1,2879
8883,2,2277
8883,3,1348
8883,4,1036
8883,5,338
8883,6,27
8883,7,1
8884,0,954
8884,1,2844
8884,2,2385
8884,3,1332
8884,4,995
8884,5,340
8884,6,34
8885,0,1014
8885,1,2716
8885,2,2430
8885,3,1357
8885,4,1010
8885,5,318
8885,6,40
8886,0,967
8886,1,2879
8886,2,2291
8886,3,1364
8886,4,1019
8886,5,336
8886,6,29
8886,7,1
8887,0,966
8887,1,2853
8887,2,2325
8887,3,1354
8887,4,1014
8887,5,344
8887,6,30
8887,7,1
8888,0,959
8888,1,2873
8888,2,2332
8888,3,1323
8888,4,1038
8888,5,332
8888,6,31
8889,0,1012
8889,1,2754
8889,2,2381
8889,3,1372
8889,4,1010
8889,5,327
8889,6,32
8889,7,1
8890,0,962
8890,1,2884
8890,2,2320
8890,3,1321
8890,4,1040
8890,5,326
8890,6,37
8891,0,988
8891,1,2794
8891,2,2363
8891,3,1385
8891,4,993
8891,5,337
8891,6,30
8891,7,1
8892,0,1007
8892,1,2774
8892,2,2380
8892,3,1332
8892,4,1013
8892,5,354
8892,6,31
8892,7,1
8893,0,989
8893,1,2798
8893,2,2350
8893,3,1386
8893,4,1006
8893,5,332
8893,6,32
8894,0,959
8894,1,2848
8894,2,2385
8894,3,1306
8894,4,1026
8894,5,337
8894,6,32
8894,7,1
8895,0,984
8895,1,2847
8895,2,2330
8895,3,1331
8895,4,1037
8895,5,329
8895,6,37
8896,0,973
8896,1,2845
8896,2,2349
8896,3,1354
8896,4,998
8896,5,346
8896,6,30
8896,7,1
8897,0,976
8897,1,2826
8897,2,2338
8897,3,1384
8897,4,1017
8897,5,320
8897,6,36
8898,0,979
8898,1,2839
8898,2,2353
8898,3,1349
8898,4,1010
8898,5,339
8898,6,26
8898,7,3
8899,0,983
8899,1,2848
8899,2,2285
8899,3,1385
8899,4,1020
8899,5,351
8899,6,27
8900,0,967
8900,1,2863
8900,2,2330
8900,3,1350
8900,4,1025
8900,5,334
8900,6,30
8900,7,1
8901,0,994
8901,1,2846
8901,2,2256
8901,3,1437
8901,4,1011
8901,5,327
8901,6,28
8901,7,2
8902,0,962
8902,1,2871
8902,2,2360
8902,3,1295
8902,4,1059
8902,5,320
8902,6,35
8903,0,959
8903,1,2865
8903,2,2343
8903,3,1343
8903,4,1014
8903,5,350
8903,6,28
8903,7,1
8904,0,952
8904,1,2891
8904,2,2314
8904,3,1378
8904,4,1004
8904,5,324
8904,6,41
8905,0,996
8905,1,2771
8905,2,2401
8905,3,1367
8905,4,1016
8905,5,318
8905,6,36
8906,0,969
8906,1,2862
8906,2,2344
8906,3,1323
8906,4,1039
8906,5,340
8906,6,29
8907,0,959
8907,1,2865
8907,2,2364
8907,3,1360
8907,4,979
8907,5,348
8907,6,31
8907,7,1
8908,0,990
8908,1,2796
8908,2,2367
8908,3,1368
8908,4,1015
8908,5,341
8908,6,31
8909,0,1000
8909,1,2806
8909,2,2372
8909,3,1323
8909,4,1037
8909,5,339
8909,6,31
8909,7,1
8910,0,980
8910,1,2816
8910,2,2395
8910,3,1351
8910,4,1007
8910,5,325
8910,6,36
8911,0,1006
8911,1,2813
8911,2,2333
8911,3,1345
8911,4,1040
8911,5,342
8911,6,31
8911,7,1
8912,0,979
8912,1,2851
8912,2,2330
8912,3,1358
8912,4,1043
8912,5,309
8912,6,42
8913,0,976
8913,1,2858
8913,2,2323
8913,3,1366
8913,4,1013
8913,5,347
8913,6,30
8914,0,985
8914,1,2807
8914,2,2371
8914,3,1402
8914,4,989
8914,5,331
8914,6,27
8914,7,2
8915,0,968
8915,1,2821
8915,2,2397
8915,3,1353
8915,4,997
8915,5,347
8915,6,32
8916,0,1014
8916,1,2834
8916,2,2322
8916,3,1325
8916,4,1044
8916,5,345
8916,6,31
8916,7,1
8917,0,941
8917,1,2908
8917,2,2310
8917,3,1370
8917,4,1020
8917,5,339
8917,6,28
8917,7,1
8918,0,986
8918,1,2801
8918,2,2432
8918,3,1330
8918,4,986
8918,5,349
8918,6,34
8919,0,973
8919,1,2848
8919,2,2365
8919,3,1328
8919,4,1039
8919,5,328
8919,6,38
8920,0,991
8920,1,2803
8920,2,2411
8920,3,1324
8920,4,1026
8920,5,329
8920,6,36
8921,0,945
8921,1,2911
8921,2,2305
8921,3,1374
8921,4,1015
8921,5,342
8921,6,28
8921,7,1
8922,0,1005
8922,1,2810
8922,2,2348
8922,3,1365
8922,4,1020
8922,5,342
8922,6,30
8922,7,2
8923,0,1022
8923,1,2790
8923,2,2364
8923,3,1334
8923,4,1051
8923,5,329
8923,6,33
8924,0,995
8924,1,2826
8924,2,2333
8924,3,1387
8924,4,1024
8924,5,325
8924,6,32
8924,7,2
8925,0,960
8925,1,2896
8925,2,2304
8925,3,1380
8925,4,1010
8925,5,347
8925,6,28
8926,0,954
8926,1,2892
8926,2,2347
8926,3,1328
8926,4,1045
8926,5,327
8926,6,31
8926,7,2
8927,0,991
8927,1,2820
8927,2,2363
8927,3,1367
8927,4,1020
8927,5,335
8927,6,31
8928,0,1006
8928,1,2777
8928,2,2413
8928,3,1337
8928,4,1015
8928,5,345
8928,6,35
8929,0,983
8929,1,2802
8929,2,2446
8929,3,1309
8929,4,1027
8929,5,332
8929,6,28
8929,7,2
8930,0,925
8930,1,2955
8930,2,2328
8930,3,1321
8930,4,1008
8930,5,364
8930,6,29
8931,0,991
8931,1,2835
8931,2,2358
8931,3,1327
8931,4,1057
8931,5,334
8931,6,28
8931,7,1
8932,0,1009
8932,1,2795
8932,2,2394
8932,3,1339
8932,4,1016
8932,5,346
8932,6,32
8932,7,1
8933,0,954
8933,1,2896
8933,2,2306
8933,3,1397
8933,4,1011
8933,5,339
8933,6,29
8933,7,1
8934,0,967
8934,1,2833
8934,2,2414
8934,3,1334
8934,4,1021
8934,5,326
8934,6,39
8935,0,983
8935,1,2823
8935,2,2384
8935,3,1378
8935,4,987
8935,5,347
8935,6,32
8935,7,1
8936,0,1005
8936,1,2849
8936,2,2279
8936,3,1401
8936,4,1047
8936,5,324
8936,6,31
8937,0,997
8937,1,2810
8937,2,2380
8937,3,1357
8937,4,1028
8937,5,331
8937,6,33
8937,7,1
8938,0,971
8938,1,2877
8938,2,2349
8938,3,1350
8938,4,1018
8938,5,340
8938,6,32
8938,7,1
8939,0,970
8939,1,2870
8939,2,2346
8939,3,1329
8939,4,1074
8939,5,316
8939,6,33
8939,7,1
8940,0,988
8940,1,2865
8940,2,2327
8940,3,1357
8940,4,1027
8940,5,343
8940,6,32
8940,7,1
8941,0,1000
8941,1,2781
8941,2,2410
8941,3,1379
8941,4,996
8941,5,342
8941,6,33
8942,0,976
8942,1,2867
8942,2,2348
8942,3,1358
8942,4,1015
8942,5,343
8942,6,35
8943,0,945
8943,1,2936
8943,2,2301
8943,3,1357
8943,4,1040
8943,5,333
8943,6,31
8944,0,935
8944,1,2928
8944,2,2356
8944,3,1332
8944,4,1010
8944,5,354
8944,6,28
8944,7,1
8945,0,979
8945,1,2810
8945,2,2447
8945,3,1327
8945,4,1016
8945,5,327
8945,6,39
8946,0,989
8946,1,2871
8946,2,2307
8946,3,1369
8946,4,1030
8946,5,352
8946,6,28
8947,0,967
8947,1,2864
8947,2,2368
8947,3,1363
8947,4,1016
8947,5,340
8947,6,26
8947,7,3
8948,0,1017
8948,1,2780
8948,2,2386
8948,3,1385
8948,4,1010
8948,5,340
8948,6,29
8948,7,1
8949,0,1006
8949,1,2808
8949,2,2396
8949,3,1330
8949,4,1033
8949,5,341
8949,6,35
8950,0,998
8950,1,2801
8950,2,2395
8950,3,1385
8950,4,991
8950,5,344
8950,6,36
8951,0,968
8951,1,2888
8951,2,2347
8951,3,1360
8951,4,1009
8951,5,349
8951,6,30
8952,0,979
8952,1,2837
8952,2,2369
8952,3,1377
8952,4,1022
8952,5,336
8952,6,32
8953,0,975
8953,1,2850
8953,2,2387
8953,3,1339
8953,4,1032
8953,5,337
8953,6,32
8953,7,1
8954,0,959
8954,1,2916
8954,2,2344
8954,3,1333
8954,4,1036
8954,5,332
8954,6,34
8955,0,984
8955,1,2846
8955,2,2340
8955,3,1399
8955,4,1013
8955,5,342
8955,6,30
8955,7,1
8956,0,962
8956,1,2904
8956,2,2371
8956,3,1312
8956,4,1016
8956,5,360
8956,6,31
8957,0,1017
8957,1,2780
8957,2,2389
8957,3,1373
8957,4,1033
8957,5,330
8957,6,34
8957,7,1
8958,0,1014
8958,1,2808
8958,2,2360
8958,3,1388
8958,4,1023
8958,5,336
8958,6,26
8958,7,3
8959,0,992
8959,1,2819
8959,2,2387
8959,3,1372
8959,4,1018
8959,5,339
8959,6,32
8960,0,1012
8960,1,2778
8960,2,2419
8960,3,1356
8960,4,1028
8960,5,334
8960,6,32
8960,7,1
8961,0,981
8961,1,2857
8961,2,2385
8961,3,1356
8961,4,1005
8961,5,342
8961,6,35
8962,0,977
8962,1,2863
8962,2,2376
8962,3,1349
8962,4,1021
8962,5,340
8962,6,35
8962,7,1
8963,0,969
8963,1,2880
8963,2,2342
8963,3,1371
8963,4,1039
8963,5,331
8963,6,30
8963,7,1
8964,0,970
8964,1,2910
8964,2,2321
8964,3,1342
8964,4,1046
8964,5,340
8964,6,35
8965,0,1001
8965,1,2830
8965,2,2364
8965,3,1378
8965,4,1032
8965,5,325
8965,6,34
8965,7,1
8966,0,1006
8966,1,2805
8966,2,2389
8966,3,1366
8966,4,1031
8966,5,335
8966,6,34
8967,0,998
8967,1,2806
8967,2,2408
8967,3,1379
8967,4,1004
8967,5,336
8967,6,36
8968,0,964
8968,1,2889
8968,2,2358
8968,3,1372
8968,4,1017
8968,5,326
8968,6,42
8969,0,1012
8969,1,2820
8969,2,2363
8969,3,1351
8969,4,1048
8969,5,349
8969,6,25
8969,7,1
8970,0,980
8970,1,2837
8970,2,2397
8970,3,1395
8970,4,970
8970,5,358
8970,6,31
8970,7,2
8971,0,996
8971,1,2829
8971,2,2380
8971,3,1370
8971,4,1028
8971,5,336
8971,6,32
8972,0,998
8972,1,2846
8972,2,2354
8972,3,1360
8972,4,1060
8972,5,326
8972,6,26
8972,7,2
8973,0,970
8973,1,2869
8973,2,2396
8973,3,1353
8973,4,992
8973,5,360
8973,6,32
8973,7,1
8974,0,958
8974,1,2881
8974,2,2387
8974,3,1343
8974,4,1046
8974,5,324
8974,6,35
8975,0,974
8975,1,2888
8975,2,2332
8975,3,1371
8975,4,1057
8975,5,317
8975,6,35
8975,7,1
8976,0,999
8976,1,2851
8976,2,2366
8976,3,1352
8976,4,1037
8976,5,334
8976,6,37
8977,0,988
8977,1,2874
8977,2,2340
8977,3,1372
8977,4,1035
8977,5,332
8977,6,35
8977,7,1
8978,0,965
8978,1,2899
8978,2,2345
8978,3,1379
8978,4,1013
8978,5,344
8978,6,33
8979,0,997
8979,1,2838
8979,2,2398
8979,3,1315
8979,4,1061
8979,5,339
8979,6,31
8980,0,981
8980,1,2868
8980,2,2378
8980,3,1357
8980,4,1004
8980,5,364
8980,6,26
8980,7,2
8981,0,986
8981,1,2836
8981,2,2422
8981,3,1338
8981,4,1027
8981,5,338
8981,6,34
8982,0,975
8982,1,2882
8982,2,2328
8982,3,1405
8982,4,1018
8982,5,343
8982,6,30
8982,7,1
8983,0,996
8983,1,2845
8983,2,2397
8983,3,1346
8983,4,1031
8983,5,334
8983,6,34
8984,0,964
8984,1,2883
8984,2,2367
8984,3,1370
8984,4,1028
8984,5,336
8984,6,36
8985,0,1016
8985,1,2816
8985,2,2366
8985,3,1404
8985,4,1004
8985,5,347
8985,6,31
8985,7,1
8986,0,1024
8986,1,2815
8986,2,2374
8986,3,1366
8986,4,1034
8986,5,340
8986,6,33
8987,0,990
8987,1,2826
8987,2,2418
8987,3,1355
8987,4,1028
8987,5,336
8987,6,33
8987,7,1
8988,0,978
8988,1,2890
8988,2,2335
8988,3,1402
8988,4,994
8988,5,358
8988,6,31
8989,0,982
8989,1,2858
8989,2,2381
8989,3,1368
8989,4,1032
8989,5,329
8989,6,38
8989,7,1
8990,0,981
8990,1,2836
8990,2,2423
8990,3,1373
8990,4,1008
8990,5,339
8990,6,28
8990,7,2
8991,0,1017
8991,1,2844
8991,2,2311
8991,3,1422
8991,4,1034
8991,5,331
8991,6,31
8991,7,1
8992,0,1031
8992,1,2772
8992,2,2411
8992,3,1380
8992,4,1035
8992,5,328
8992,6,35
8993,0,967
8993,1,2921
8993,2,2317
8993,3,1378
8993,4,1039
8993,5,335
8993,6,36
8994,0,991
8994,1,2856
8994,2,2378
8994,3,1373
8994,4,1030
8994,5,337
8994,6,28
8994,7,1
8995,0,980
8995,1,2875
8995,2,2385
8995,3,1332
8995,4,1045
8995,5,344
8995,6,32
8995,7,2
8996,0,995
8996,1,2854
8996,2,2371
8996,3,1376
8996,4,1039
8996,5,329
8996,6,32
8997,0,992
8997,1,2847
8997,2,2397
8997,3,1363
8997,4,1015
8997,5,348
8997,6,34
8997,7,1
8998,0,1011
8998,1,2848
8998,2,2338
8998,3,1380
8998,4,1048
8998,5,337
8998,6,36
8999,0,976
8999,1,2853
8999,2,2440
8999,3,1329
8999,4,1027
8999,5,338
8999,6,36
9000,0,1048
9000,1,2783
9000,2,2382
9000,3,1364
9000,4,1055
9000,5,335
9000,6,33
9001,0,998
9001,1,2840
9001,2,2380
9001,3,1391
9001,4,1017
9001,5,342
9001,6,31
9001,7,2
9002,0,981
9002,1,2867
9002,2,2377
9002,3,1396
9002,4,1009
9002,5,336
9002,6,36
9003,0,1001
9003,1,2846
9003,2,2360
9003,3,1401
9003,4,1022
9003,5,339
9003,6,33
9003,7,1
9004,0,999
9004,1,2853
9004,2,2365
9004,3,1377
9004,4,1049
9004,5,321
9004,6,40
9005,0,1011
9005,1,2814
9005,2,2416
9005,3,1366
9005,4,1026
9005,5,344
9005,6,26
9005,7,2
9006,0,1007
9006,1,2816
9006,2,2416
9006,3,1372
9006,4,1028
9006,5,334
9006,6,33
9007,0,990
9007,1,2866
9007,2,2395
9007,3,1348
9007,4,1028
9007,5,343
9007,6,37
9008,0,1005
9008,1,2842
9008,2,2400
9008,3,1317
9008,4,1076
9008,5,336
9008,6,31
9008,7,1
9009,0,979
9009,1,2847
9009,2,2413
9009,3,1391
9009,4,1002
9009,5,344
9009,6,32
9009,7,1
9010,0,984
9010,1,2912
9010,2,2324
9010,3,1376
9010,4,1024
9010,5,364
9010,6,26
9011,0,983
9011,1,2895
9011,2,2363
9011,3,1344
9011,4,1053
9011,5,342
9011,6,29
9011,7,2
9012,0,974
9012,1,2897
9012,2,2370
9012,3,1356
9012,4,1041
9012,5,344
9012,6,29
9012,7,1
9013,0,1014
9013,1,2788
9013,2,2445
9013,3,1363
9013,4,1037
9013,5,324
9013,6,42
9014,0,1002
9014,1,2847
9014,2,2363
9014,3,1424
9014,4,1010
9014,5,337
9014,6,31
9015,0,964
9015,1,2947
9015,2,2311
9015,3,1388
9015,4,1017
9015,5,357
9015,6,30
9015,7,1
9016,0,969
9016,1,2934
9016,2,2338
9016,3,1335
9016,4,1069
9016,5,334
9016,6,37
9017,0,985
9017,1,2873
9017,2,2371
9017,3,1381
9017,4,1042
9017,5,332
9017,6,32
9017,7,1
9018,0,1007
9018,1,2843
9018,2,2419
9018,3,1317
9018,4,1056
9018,5,345
9018,6,31
9019,0,969
9019,1,2890
9019,2,2381
9019,3,1381
9019,4,1025
9019,5,337
9019,6,35
9019,7,1
9020,0,1006
9020,1,2853
9020,2,2404
9020,3,1328
9020,4,1047
9020,5,350
9020,6,32
9021,0,989
9021,1,2835
9021,2,2433
9021,3,1387
9021,4,1006
9021,5,329
9021,6,42
9022,0,1012
9022,1,2837
9022,2,2407
9022,3,1326
9022,4,1080
9022,5,323
9022,6,36
9022,7,1
9023,0,995
9023,1,2868
9023,2,2355
9023,3,1394
9023,4,1024
9023,5,364
9023,6,22
9023,7,1
9024,0,1003
9024,1,2839
9024,2,2390
9024,3,1395
9024,4,1036
9024,5,322
9024,6,39
9025,0,1018
9025,1,2799
9025,2,2454
9025,3,1356
9025,4,1029
9025,5,333
9025,6,36
9026,0,995
9026,1,2854
9026,2,2405
9026,3,1365
9026,4,1021
9026,5,353
9026,6,32
9026,7,1
9027,0,966
9027,1,2888
9027,2,2401
9027,3,1389
9027,4,1008
9027,5,340
9027,6,35
9028,0,981
9028,1,2905
9028,2,2365
9028,3,1365
9028,4,1042
9028,5,336
9028,6,33
9028,7,1
9029,0,961
9029,1,2952
9029,2,2324
9029,3,1367
9029,4,1045
9029,5,349
9029,6,31
9030,0,1009
9030,1,2834
9030,2,2392
9030,3,1390
9030,4,1030
9030,5,345
9030,6,28
9030,7,2
9031,0,975
9031,1,2899
9031,2,2397
9031,3,1354
9031,4,1015
9031,5,364
9031,6,26
9031,7,1
9032,0,1018
9032,1,2788
9032,2,2463
9032,3,1391
9032,4,979
9032,5,359
9032,6,33
9032,7,1
9033,0,973
9033,1,2892
9033,2,2399
9033,3,1367
9033,4,1018
9033,5,353
9033,6,30
9033,7,1
9034,0,1013
9034,1,2818
9034,2,2417
9034,3,1404
9034,4,1011
9034,5,334
9034,6,37
9035,0,968
9035,1,2944
9035,2,2320
9035,3,1362
9035,4,1071
9035,5,336
9035,6,33
9035,7,1
9036,0,991
9036,1,2867
9036,2,2392
9036,3,1396
9036,4,1013
9036,5,343
9036,6,34
9037,0,1018
9037,1,2822
9037,2,2386
9037,3,1411
9037,4,1025
9037,5,344
9037,6,30
9037,7,1
9038,0,973
9038,1,2914
9038,2,2374
9038,3,1369
9038,4,1039
9038,5,337
9038,6,31
9038,7,1
9039,0,983
9039,1,2902
9039,2,2372
9039,3,1368
9039,4,1039
9039,5,342
9039,6,32
9039,7,1
9040,0,978
9040,1,2872
9040,2,2406
9040,3,1388
9040,4,1016
9040,5,344
9040,6,36
9041,0,1006
9041,1,2896
9041,2,2359
9041,3,1354
9041,4,1055
9041,5,333
9041,6,37
9041,7,1
9042,0,977
9042,1,2887
9042,2,2390
9042,3,1351
9042,4,1079
9042,5,315
9042,6,43
9043,0,973
9043,1,2921
9043,2,2361
9043,3,1383
9043,4,1022
9043,5,353
9043,6,30
9044,0,1007
9044,1,2846
9044,2,2418
9044,3,1336
9044,4,1067
9044,5,333
9044,6,36
9044,7,1
9045,0,987
9045,1,2841
9045,2,2455
9045,3,1391
9045,4,989
9045,5,347
9045,6,35
9046,0,1024
9046,1,2838
9046,2,2380
9046,3,1394
9046,4,1034
9046,5,344
9046,6,31
9046,7,1
9047,0,979
9047,1,2926
9047,2,2358
9047,3,1354
9047,4,1051
9047,5,347
9047,6,32
9048,0,984
9048,1,2890
9048,2,2372
9048,3,1400
9048,4,1008
9048,5,366
9048,6,27
9048,7,1
9049,0,1015
9049,1,2881
9049,2,2343
9049,3,1372
9049,4,1069
9049,5,337
9049,6,31
9049,7,1
9050,0,974
9050,1,2930
9050,2,2364
9050,3,1353
9050,4,1044
9050,5,359
9050,6,25
9050,7,1
9051,0,1011
9051,1,2825
9051,2,2446
9051,3,1364
9051,4,1028
9051,5,340
9051,6,36
9051,7,1
9052,0,994
9052,1,2876
9052,2,2379
9052,3,1387
9052,4,1043
9052,5,338
9052,6,35
9053,0,980
9053,1,2849
9053,2,2486
9053,3,1354
9053,4,992
9053,5,358
9053,6,33
9053,7,1
9054,0,1005
9054,1,2820
9054,2,2452
9054,3,1390
9054,4,1003
9054,5,352
9054,6,31
9054,7,1
9055,0,1024
9055,1,2809
9055,2,2438
9055,3,1380
9055,4,1014
9055,5,366
9055,6,21
9055,7,3
9056,0,1009
9056,1,2897
9056,2,2330
9056,3,1388
9056,4,1059
9056,5,345
9056,6,28
9057,0,1012
9057,1,2826
9057,2,2444
9057,3,1382
9057,4,1006
9057,5,353
9057,6,32
9057,7,2
9058,0,974
9058,1,2910
9058,2,2385
9058,3,1388
9058,4,1022
9058,5,342
9058,6,37
9059,0,1030
9059,1,2836
9059,2,2361
9059,3,1405
9059,4,1054
9059,5,340
9059,6,33
9060,0,974
9060,1,2890
9060,2,2435
9060,3,1374
9060,4,994
9060,5,366
9060,6,25
9060,7,2
9061,0,972
9061,1,2905
9061,2,2414
9061,3,1365
9061,4,1009
9061,5,361
9061,6,35
9062,0,1029
9062,1,2830
9062,2,2380
9062,3,1399
9062,4,1069
9062,5,325
9062,6,27
9062,7,3
9063,0,983
9063,1,2916
9063,2,2375
9063,3,1373
9063,4,1033
9063,5,350
9063,6,33
9064,0,972
9064,1,2898
9064,2,2415
9064,3,1364
9064,4,1045
9064,5,330
9064,6,40
9065,0,1010
9065,1,2890
9065,2,2327
9065,3,1407
9065,4,1076
9065,5,322
9065,6,33
9066,0,937
9066,1,2973
9066,2,2406
9066,3,1324
9066,4,1040
9066,5,353
9066,6,33
9067,0,992
9067,1,2920
9067,2,2337
9067,3,1389
9067,4,1058
9067,5,341
9067,6,28
9067,7,2
9068,0,978
9068,1,2926
9068,2,2355
9068,3,1400
9068,4,1037
9068,5,331
9068,6,41
9069,0,979
9069,1,2943
9069,2,2348
9069,3,1365
9069,4,1052
9069,5,354
9069,6,27
9069,7,1
9070,0,985
9070,1,2865
9070,2,2451
9070,3,1362
9070,4,1034
9070,5,342
9070,6,30
9070,7,1
9071,0,1004
9071,1,2908
9071,2,2341
9071,3,1391
9071,4,1044
9071,5,345
9071,6,38
9072,0,994
9072,1,2883
9072,2,2397
9072,3,1376
9072,4,1048
9072,5,347
9072,6,26
9072,7,1
9073,0,1000
9073,1,2873
9073,2,2420
9073,3,1353
9073,4,1034
9073,5,355
9073,6,38
9074,0,1003
9074,1,2847
9074,2,2419
9074,3,1417
9074,4,1013
9074,5,346
9074,6,27
9074,7,2
9075,0,983
9075,1,2903
9075,2,2404
9075,3,1371
9075,4,1034
9075,5,351
9075,6,27
9075,7,2
9076,0,1002
9076,1,2872
9076,2,2403
9076,3,1397
9076,4,1024
9076,5,341
9076,6,36
9076,7,1
9077,0,974
9077,1,2903
9077,2,2411
9077,3,1378
9077,4,1036
9077,5,337
9077,6,37
9077,7,1
9078,0,1010
9078,1,2868
9078,2,2407
9078,3,1369
9078,4,1036
9078,5,359
9078,6,29
9079,0,1017
9079,1,2860
9079,2,2418
9079,3,1355
9079,4,1044
9079,5,356
9079,6,28
9079,7,1
9080,0,973
9080,1,2936
9080,2,2354
9080,3,1403
9080,4,1025
9080,5,356
9080,6,32
9080,7,1
9081,0,1022
9081,1,2833
9081,2,2428
9081,3,1377
9081,4,1049
9081,5,342
9081,6,29
9081,7,1
9082,0,954
9082,1,2963
9082,2,2399
9082,3,1327
9082,4,1055
9082,5,348
9082,6,36
9083,0,1016
9083,1,2832
9083,2,2440
9083,3,1391
9083,4,1031
9083,5,337
9083,6,36
9084,0,997
9084,1,2899
9084,2,2398
9084,3,1355
9084,4,1053
9084,5,352
9084,6,29
9084,7,1
9085,0,1010
9085,1,2861
9085,2,2407
9085,3,1397
9085,4,1024
9085,5,354
9085,6,31
9085,7,1
9086,0,997
9086,1,2866
9086,2,2426
9086,3,1394
9086,4,1024
9086,5,347
9086,6,32
9087,0,1008
9087,1,2876
9087,2,2402
9087,3,1370
9087,4,1061
9087,5,333
9087,6,36
9087,7,1
9088,0,982
9088,1,2936
9088,2,2374
9088,3,1379
9088,4,1030
9088,5,351
9088,6,36
9089,0,972
9089,1,2922
9089,2,2399
9089,3,1397
9089,4,1012
9089,5,352
9089,6,35
9090,0,1026
9090,1,2839
9090,2,2398
9090,3,1408
9090,4,1050
9090,5,332
9090,6,36
9090,7,1
9091,0,1002
9091,1,2899
9091,2,2380
9091,3,1399
9091,4,1029
9091,5,345
9091,6,37
9092,0,999
9092,1,2846
9092,2,2466
9092,3,1381
9092,4,1030
9092,5,330
9092,6,40
9093,0,1038
9093,1,2840
9093,2,2377
9093,3,1398
9093,4,1066
9093,5,337
9093,6,37
9094,0,1001
9094,1,2894
9094,2,2386
9094,3,1404
9094,4,1032
9094,5,344
9094,6,32
9094,7,1
9095,0,988
9095,1,2914
9095,2,2406
9095,3,1362
9095,4,1046
9095,5,348
9095,6,30
9095,7,1
9096,0,962
9096,1,2926
9096,2,2429
9096,3,1379
9096,4,1024
9096,5,339
9096,6,37
9097,0,973
9097,1,2920
9097,2,2454
9097,3,1320
9097,4,1019
9097,5,374
9097,6,36
9097,7,1
9098,0,1054
9098,1,2808
9098,2,2392
9098,3,1423
9098,4,1042
9098,5,354
9098,6,24
9098,7,1
9099,0,1001
9099,1,2890
9099,2,2396
9099,3,1392
9099,4,1044
9099,5,345
9099,6,31
9100,0,1026
9100,1,2835
9100,2,2439
9100,3,1378
9100,4,1045
9100,5,344
9100,6,31
9100,7,2
9101,0,1005
9101,1,2865
9101,2,2424
9101,3,1390
9101,4,1056
9101,5,323
9101,6,38
9102,0,1024
9102,1,2841
9102,2,2415
9102,3,1417
9102,4,1021
9102,5,346
9102,6,38
9103,0,1007
9103,1,2871
9103,2,2439
9103,3,1384
9103,4,1025
9103,5,341
9103,6,36
9104,0,986
9104,1,2905
9104,2,2383
9104,3,1431
9104,4,1021
9104,5,346
9104,6,32
9105,0,987
9105,1,2928
9105,2,2373
9105,3,1367
9105,4,1069
9105,5,348
9105,6,31
9105,7,2
9106,0,1012
9106,1,2862
9106,2,2425
9106,3,1383
9106,4,1057
9106,5,328
9106,6,38
9106,7,1
9107,0,998
9107,1,2906
9107,2,2402
9107,3,1384
9107,4,1034
9107,5,350
9107,6,32
9107,7,1
9108,0,979
9108,1,2950
9108,2,2358
9108,3,1405
9108,4,1019
9108,5,368
9108,6,28
9108,7,1
9109,0,1011
9109,1,2888
9109,2,2400
9109,3,1375
9109,4,1063
9109,5,338
9109,6,33
9109,7,1
9110,0,1000
9110,1,2910
9110,2,2380
9110,3,1387
9110,4,1063
9110,5,333
9110,6,37
9111,0,1023
9111,1,2863
9111,2,2400
9111,3,1395
9111,4,1060
9111,5,338
9111,6,31
9111,7,1
9112,0,988
9112,1,2923
9112,2,2377
9112,3,1389
9112,4,1071
9112,5,326
9112,6,37
9112,7,1
9113,0,970
9113,1,2957
9113,2,2404
9113,3,1339
9113,4,1061
9113,5,349
9113,6,32
9113,7,1
9114,0,994
9114,1,2921
9114,2,2372
9114,3,1405
9114,4,1040
9114,5,351
9114,6,30
9114,7,1
9115,0,1000
9115,1,2885
9115,2,2444
9115,3,1351
9115,4,1040
9115,5,358
9115,6,37
9116,0,986
9116,1,2908
9116,2,2404
9116,3,1424
9116,4,1025
9116,5,336
9116,6,32
9116,7,1
9117,0,984
9117,1,2956
9117,2,2355
9117,3,1380
9117,4,1069
9117,5,341
9117,6,31
9117,7,1
9118,0,986
9118,1,2907
9118,2,2396
9118,3,1425
9118,4,1038
9118,5,331
9118,6,34
9118,7,1
9119,0,1004
9119,1,2915
9119,2,2350
9119,3,1429
9119,4,1049
9119,5,338
9119,6,33
9119,7,1
9120,0,998
9120,1,2942
9120,2,2386
9120,3,1334
9120,4,1078
9120,5,352
9120,6,29
9120,7,1
9121,0,970
9121,1,2946
9121,2,2403
9121,3,1384
9121,4,1022
9121,5,364
9121,6,31
9121,7,1
9122,0,980
9122,1,2944
9122,2,2391
9122,3,1375
9122,4,1062
9122,5,333
9122,6,36
9122,7,1
9123,0,990
9123,1,2890
9123,2,2432
9123,3,1386
9123,4,1054
9123,5,332
9123,6,39
9124,0,1014
9124,1,2906
9124,2,2396
9124,3,1352
9124,4,1081
9124,5,339
9124,6,36
9125,0,1000
9125,1,2888
9125,2,2415
9125,3,1409
9125,4,1053
9125,5,331
9125,6,28
9125,7,1
9126,0,1032
9126,1,2860
9126,2,2413
9126,3,1401
9126,4,1036
9126,5,339
9126,6,45
9127,0,967
9127,1,2918
9127,2,2462
9127,3,1366
9127,4,1020
9127,5,364
9127,6,29
9127,7,1
9128,0,1017
9128,1,2884
9128,2,2406
9128,3,1382
9128,4,1061
9128,5,346
9128,6,32
9129,0,986
9129,1,2936
9129,2,2410
9129,3,1355
9129,4,1053
9129,5,357
9129,6,32
9130,0,1000
9130,1,2871
9130,2,2464
9130,3,1394
9130,4,1009
9130,5,360
9130,6,30
9130,7,2
9131,0,980
9131,1,2941
9131,2,2402
9131,3,1391
9131,4,1021
9131,5,367
9131,6,27
9131,7,2
9132,0,1023
9132,1,2844
9132,2,2453
9132,3,1410
9132,4,1021
9132,5,346
9132,6,35
9133,0,993
9133,1,2947
9133,2,2331
9133,3,1428
9133,4,1064
9133,5,334
9133,6,35
9133,7,1
9134,0,1005
9134,1,2915
9134,2,2397
9134,3,1383
9134,4,1050
9134,5,351
9134,6,32
9134,7,1
9135,0,990
9135,1,2893
9135,2,2461
9135,3,1380
9135,4,1016
9135,5,362
9135,6,32
9135,7,1
9136,0,1005
9136,1,2890
9136,2,2462
9136,3,1341
9136,4,1045
9136,5,364
9136,6,27
9136,7,2
9137,0,1015
9137,1,2867
9137,2,2421
9137,3,1414
9137,4,1042
9137,5,348
9137,6,29
9137,7,1
9138,0,1006
9138,1,2904
9138,2,2418
9138,3,1386
9138,4,1029
9138,5,360
9138,6,34
9138,7,1
9139,0,982
9139,1,2904
9139,2,2451
9139,3,1381
9139,4,1040
9139,5,347
9139,6,34
9140,0,1021
9140,1,2885
9140,2,2431
9140,3,1369
9140,4,1044
9140,5,360
9140,6,28
9140,7,2
9141,0,997
9141,1,2886
9141,2,2464
9141,3,1378
9141,4,1023
9141,5,362
9141,6,31
9142,0,1014
9142,1,2896
9142,2,2424
9142,3,1355
9142,4,1069
9142,5,351
9142,6,32
9142,7,1
9143,0,1001
9143,1,2920
9143,2,2380
9143,3,1414
9143,4,1053
9143,5,342
9143,6,33
9144,0,1003
9144,1,2871
9144,2,2457
9144,3,1407
9144,4,1033
9144,5,335
9144,6,38
9145,0,938
9145,1,3011
9145,2,2396
9145,3,1387
9145,4,1019
9145,5,356
9145,6,37
9145,7,1
9146,0,1012
9146,1,2906
9146,2,2411
9146,3,1386
9146,4,1048
9146,5,348
9146,6,34
9146,7,1
9147,0,1005
9147,1,2918
9147,2,2364
9147,3,1439
9147,4,1043
9147,5,344
9147,6,33
9147,7,1
9148,0,995
9148,1,2925
9148,2,2434
9148,3,1356
9148,4,1062
9148,5,340
9148,6,36
9149,0,1004
9149,1,2936
9149,2,2363
9149,3,1399
9149,4,1075
9149,5,336
9149,6,36
9150,0,1035
9150,1,2866
9150,2,2396
9150,3,1414
9150,4,1062
9150,5,345
9150,6,32
9151,0,1025
9151,1,2872
9151,2,2421
9151,3,1426
9151,4,1032
9151,5,334
9151,6,41
9152,0,1009
9152,1,2911
9152,2,2413
9152,3,1352
9152,4,1084
9152,5,353
9152,6,29
9152,7,1
9153,0,963
9153,1,2963
9153,2,2417
9153,3,1374
9153,4,1048
9153,5,354
9153,6,33
9153,7,1
9154,0,1027
9154,1,2856
9154,2,2458
9154,3,1413
9154,4,1028
9154,5,331
9154,6,41
9155,0,1010
9155,1,2901
9155,2,2406
9155,3,1392
9155,4,1070
9155,5,344
9155,6,32
9156,0,1024
9156,1,2860
9156,2,2434
9156,3,1436
9156,4,1021
9156,5,345
9156,6,35
9156,7,1
9157,0,994
9157,1,2935
9157,2,2405
9157,3,1390
9157,4,1043
9157,5,359
9157,6,31
9158,0,1029
9158,1,2876
9158,2,2424
9158,3,1392
9158,4,1047
9158,5,355
9158,6,34
9158,7,1
9159,0,988
9159,1,2934
9159,2,2423
9159,3,1392
9159,4,1022
9159,5,373
9159,6,26
9159,7,1
9160,0,1051
9160,1,2846
9160,2,2413
9160,3,1411
9160,4,1062
9160,5,343
9160,6,32
9160,7,2
9161,0,1013
9161,1,2897
9161,2,2392
9161,3,1451
9161,4,1015
9161,5,362
9161,6,31
9162,0,1054
9162,1,2820
9162,2,2440
9162,3,1418
9162,4,1061
9162,5,337
9162,6,30
9162,7,2
9163,0,1003
9163,1,2913
9163,2,2449
9163,3,1366
9163,4,1041
9163,5,362
9163,6,27
9163,7,2
9164,0,1006
9164,1,2878
9164,2,2452
9164,3,1381
9164,4,1076
9164,5,338
9164,6,32
9164,7,1
9165,0,994
9165,1,2951
9165,2,2406
9165,3,1374
9165,4,1062
9165,5,344
9165,6,33
9165,7,1
9166,0,1022
9166,1,2858
9166,2,2471
9166,3,1384
9166,4,1058
9166,5,331
9166,6,42
9167,0,974
9167,1,2967
9167,2,2397
9167,3,1393
9167,4,1046
9167,5,352
9167,6,37
9167,7,1
9168,0,984
9168,1,2944
9168,2,2404
9168,3,1432
9168,4,1017
9168,5,356
9168,6,31
9169,0,977
9169,1,2996
9169,2,2377
9169,3,1357
9169,4,1077
9169,5,350
9169,6,34
9169,7,1
9170,0,978
9170,1,2981
9170,2,2385
9170,3,1366
9170,4,1086
9170,5,339
9170,6,34
9170,7,1
9171,0,1020
9171,1,2903
9171,2,2375
9171,3,1461
9171,4,1036
9171,5,339
9171,6,37
9172,0,1002
9172,1,2941
9172,2,2421
9172,3,1353
9172,4,1067
9172,5,354
9172,6,34
9173,0,998
9173,1,2855
9173,2,2521
9173,3,1391
9173,4,1036
9173,5,339
9173,6,31
9173,7,2
9174,0,992
9174,1,2921
9174,2,2454
9174,3,1383
9174,4,1021
9174,5,368
9174,6,35
9175,0,999
9175,1,2934
9175,2,2442
9175,3,1341
9175,4,1072
9175,5,350
9175,6,37
9176,0,989
9176,1,2944
9176,2,2398
9176,3,1421
9176,4,1035
9176,5,364
9176,6,24
9176,7,1
9177,0,994
9177,1,2933
9177,2,2438
9177,3,1368
9177,4,1072
9177,5,335
9177,6,36
9177,7,1
9178,0,1017
9178,1,2914
9178,2,2395
9178,3,1409
9178,4,1065
9178,5,340
9178,6,37
9178,7,1
9179,0,983
9179,1,2949
9179,2,2421
9179,3,1398
9179,4,1043
9179,5,352
9179,6,33
9180,0,1024
9180,1,2898
9180,2,2411
9180,3,1418
9180,4,1033
9180,5,364
9180,6,31
9180,7,1
9181,0,1014
9181,1,2899
9181,2,2445
9181,3,1382
9181,4,1068
9181,5,336
9181,6,36
9181,7,1
9182,0,1024
9182,1,2858
9182,2,2467
9182,3,1434
9182,4,1013
9182,5,346
9182,6,40
9183,0,990
9183,1,2956
9183,2,2393
9183,3,1401
9183,4,1069
9183,5,339
9183,6,34
9183,7,1
9184,0,1010
9184,1,2912
9184,2,2426
9184,3,1391
9184,4,1063
9184,5,345
9184,6,37
9185,0,1014
9185,1,2912
9185,2,2449
9185,3,1371
9185,4,1049
9185,5,356
9185,6,34
9186,0,982
9186,1,2936
9186,2,2464
9186,3,1370
9186,4,1046
9186,5,349
9186,6,38
9186,7,1
9187,0,1001
9187,1,2934
9187,2,2399
9187,3,1401
9187,4,1071
9187,5,351
9187,6,29
9187,7,1
9188,0,1005
9188,1,2906
9188,2,2442
9188,3,1424
9188,4,1030
9188,5,348
9188,6,33
9189,0,1046
9189,1,2927
9189,2,2328
9189,3,1415
9189,4,1086
9189,5,358
9189,6,29
9190,0,1006
9190,1,2901
9190,2,2481
9190,3,1368
9190,4,1041
9190,5,353
9190,6,40
9191,0,1048
9191,1,2817
9191,2,2459
9191,3,1468
9191,4,1017
9191,5,346
9191,6,34
9191,7,2
9192,0,1009
9192,1,2938
9192,2,2417
9192,3,1362
9192,4,1099
9192,5,328
9192,6,39
9193,0,984
9193,1,2926
9193,2,2481
9193,3,1384
9193,4,1011
9193,5,375
9193,6,32
9194,0,987
9194,1,2960
9194,2,2424
9194,3,1374
9194,4,1070
9194,5,344
9194,6,34
9194,7,1
9195,0,1015
9195,1,2892
9195,2,2455
9195,3,1417
9195,4,1022
9195,5,356
9195,6,38
9196,0,984
9196,1,2952
9196,2,2436
9196,3,1397
9196,4,1043
9196,5,352
9196,6,30
9196,7,2
9197,0,1029
9197,1,2889
9197,2,2408
9197,3,1441
9197,4,1048
9197,5,349
9197,6,33
9198,0,951
9198,1,3032
9198,2,2370
9198,3,1427
9198,4,1029
9198,5,354
9198,6,34
9198,7,1
9199,0,1013
9199,1,2949
9199,2,2390
9199,3,1376
9199,4,1095
9199,5,341
9199,6,35
9200,0,1005
9200,1,2922
9200,2,2462
9200,3,1362
9200,4,1049
9200,5,370
9200,6,29
9200,7,1
9201,0,1007
9201,1,2913
9201,2,2438
9201,3,1408
9201,4,1056
9201,5,347
9201,6,30
9201,7,2
9202,0,994
9202,1,2951
9202,2,2410
9202,3,1401
9202,4,1074
9202,5,336
9202,6,35
9202,7,1
9203,0,1016
9203,1,2888
9203,2,2463
9203,3,1404
9203,4,1055
9203,5,346
9203,6,30
9203,7,1
9204,0,1023
9204,1,2950
9204,2,2353
9204,3,1425
9204,4,1066
9204,5,352
9204,6,35
9205,0,1011
9205,1,2898
9205,2,2469
9205,3,1395
9205,4,1039
9205,5,357
9205,6,36
9206,0,1005
9206,1,2942
9206,2,2419
9206,3,1406
9206,4,1042
9206,5,357
9206,6,35
9207,0,1027
9207,1,2881
9207,2,2468
9207,3,1389
9207,4,1056
9207,5,350
9207,6,36
9208,0,993
9208,1,2951
9208,2,2451
9208,3,1349
9208,4,1071
9208,5,363
9208,6,28
9208,7,2
9209,0,990
9209,1,2948
9209,2,2451
9209,3,1367
9209,4,1069
9209,5,351
9209,6,31
9209,7,2
9210,0,1011
9210,1,2935
9210,2,2406
9210,3,1421
9210,4,1047
9210,5,354
9210,6,36
9211,0,1026
9211,1,2919
9211,2,2391
9211,3,1444
9211,4,1056
9211,5,343
9211,6,30
9211,7,2
9212,0,992
9212,1,2945
9212,2,2428
9212,3,1423
9212,4,1045
9212,5,342
9212,6,37
9213,0,987
9213,1,2977
9213,2,2403
9213,3,1404
9213,4,1032
9213,5,377
9213,6,33
9214,0,1006
9214,1,2922
9214,2,2475
9214,3,1373
9214,4,1050
9214,5,357
9214,6,30
9214,7,1
9215,0,977
9215,1,2981
9215,2,2398
9215,3,1408
9215,4,1064
9215,5,355
9215,6,32
9216,0,1044
9216,1,2865
9216,2,2471
9216,3,1406
9216,4,1050
9216,5,338
9216,6,42
9217,0,1036
9217,1,2908
9217,2,2412
9217,3,1402
9217,4,1079
9217,5,345
9217,6,35
9218,0,988
9218,1,2976
9218,2,2410
9218,3,1396
9218,4,1061
9218,5,354
9218,6,31
9218,7,2
9219,0,1006
9219,1,2931
9219,2,2395
9219,3,1468
9219,4,1040
9219,5,352
9219,6,26
9219,7,1
9220,0,971
9220,1,2984
9220,2,2456
9220,3,1365
9220,4,1052
9220,5,355
9220,6,36
9220,7,1
9221,0,987
9221,1,2990
9221,2,2396
9221,3,1378
9221,4,1083
9221,5,355
9221,6,31
9221,7,1
9222,0,1021
9222,1,2898
9222,2,2487
9222,3,1371
9222,4,1051
9222,5,360
9222,6,33
9222,7,1
9223,0,1008
9223,1,2902
9223,2,2489
9223,3,1401
9223,4,1035
9223,5,349
9223,6,39
9224,0,1039
9224,1,2882
9224,2,2440
9224,3,1429
9224,4,1047
9224,5,350
9224,6,36
9224,7,1
9225,0,963
9225,1,2986
9225,2,2452
9225,3,1381
9225,4,1056
9225,5,349
9225,6,38
9226,0,1038
9226,1,2893
9226,2,2455
9226,3,1390
9226,4,1068
9226,5,343
9226,6,39
9227,0,1010
9227,1,2915
9227,2,2460
9227,3,1408
9227,4,1048
9227,5,356
9227,6,29
9227,7,1
9228,0,1015
9228,1,2931
9228,2,2438
9228,3,1394
9228,4,1057
9228,5,356
9228,6,37
9229,0,981
9229,1,2984
9229,2,2406
9229,3,1419
9229,4,1053
9229,5,352
9229,6,33
9229,7,1
9230,0,1018
9230,1,2883
9230,2,2514
9230,3,1374
9230,4,1050
9230,5,357
9230,6,34
9231,0,987
9231,1,2995
9231,2,2378
9231,3,1438
9231,4,1047
9231,5,352
9231,6,33
9231,7,1
9232,0,1020
9232,1,2905
9232,2,2473
9232,3,1375
9232,4,1091
9232,5,323
9232,6,45
9233,0,1043
9233,1,2863
9233,2,2465
9233,3,1416
9233,4,1078
9233,5,336
9233,6,32
9234,0,978
9234,1,2998
9234,2,2399
9234,3,1434
9234,4,1026
9234,5,366
9234,6,31
9234,7,2
9235,0,1014
9235,1,2931
9235,2,2437
9235,3,1411
9235,4,1041
9235,5,370
9235,6,30
9235,7,1
9236,0,1041
9236,1,2899
9236,2,2426
9236,3,1413
9236,4,1086
9236,5,334
9236,6,37
9237,0,1038
9237,1,2920
9237,2,2411
9237,3,1399
9237,4,1094
9237,5,338
9237,6,37
9238,0,988
9238,1,2956
9238,2,2456
9238,3,1382
9238,4,1070
9238,5,346
9238,6,40
9239,0,1007
9239,1,2906
9239,2,2501
9239,3,1404
9239,4,1034
9239,5,348
9239,6,39
9240,0,1024
9240,1,2921
9240,2,2434
9240,3,1413
9240,4,1064
9240,5,343
9240,6,41
9241,0,1039
9241,1,2881
9241,2,2467
9241,3,1399
9241,4,1077
9241,5,341
9241,6,36
9241,7,1
9242,0,1019
9242,1,2888
9242,2,2467
9242,3,1451
9242,4,1031
9242,5,354
9242,6,31
9242,7,1
9243,0,1042
9243,1,2901
9243,2,2443
9243,3,1407
9243,4,1068
9243,5,344
9243,6,38
9244,0,995
9244,1,2967
9244,2,2434
9244,3,1382
9244,4,1080
9244,5,352
9244,6,33
9244,7,1
9245,0,1004
9245,1,2988
9245,2,2384
9245,3,1419
9245,4,1057
9245,5,361
9245,6,31
9245,7,1
9246,0,1026
9246,1,2947
9246,2,2370
9246,3,1453
9246,4,1069
9246,5,350
9246,6,30
9246,7,1
9247,0,1046
9247,1,2904
9247,2,2423
9247,3,1422
9247,4,1056
9247,5,371
9247,6,22
9247,7,3
9248,0,997
9248,1,2918
9248,2,2519
9248,3,1382
9248,4,1043
9248,5,347
9248,6,42
9249,0,997
9249,1,2958
9249,2,2423
9249,3,1421
9249,4,1070
9249,5,346
9249,6,34
9250,0,997
9250,1,2996
9250,2,2418
9250,3,1380
9250,4,1061
9250,5,364
9250,6,33
9250,7,1
9251,0,1002
9251,1,2968
9251,2,2420
9251,3,1407
9251,4,1060
9251,5,364
9251,6,29
9251,7,1
9252,0,1006
9252,1,2933
9252,2,2471
9252,3,1394
9252,4,1064
9252,5,346
9252,6,37
9252,7,1
9253,0,1026
9253,1,2926
9253,2,2430
9253,3,1422
9253,4,1072
9253,5,339
9253,6,38
9254,0,1016
9254,1,2908
9254,2,2477
9254,3,1421
9254,4,1051
9254,5,344
9254,6,37
9255,0,1023
9255,1,2920
9255,2,2452
9255,3,1411
9255,4,1052
9255,5,364
9255,6,33
9256,0,1002
9256,1,2941
9256,2,2486
9256,3,1380
9256,4,1057
9256,5,350
9256,6,39
9256,7,1
9257,0,978
9257,1,2991
9257,2,2456
9257,3,1383
9257,4,1064
9257,5,348
9257,6,37
9258,0,1028
9258,1,2922
9258,2,2436
9258,3,1420
9258,4,1057
9258,5,363
9258,6,31
9258,7,1
9259,0,1030
9259,1,2895
9259,2,2481
9259,3,1408
9259,4,1069
9259,5,338
9259,6,37
9259,7,1
9260,0,1015
9260,1,2912
9260,2,2455
9260,3,1437
9260,4,1070
9260,5,334
9260,6,37
9261,0,1000
9261,1,3001
9261,2,2411
9261,3,1409
9261,4,1029
9261,5,377
9261,6,33
9261,7,1
9262,0,1052
9262,1,2872
9262,2,2491
9262,3,1376
9262,4,1075
9262,5,363
9262,6,32
9262,7,1
9263,0,980
9263,1,2960
9263,2,2487
9263,3,1411
9263,4,1037
9263,5,352
9263,6,36
9264,0,1037
9264,1,2903
9264,2,2461
9264,3,1410
9264,4,1054
9264,5,371
9264,6,27
9264,7,1
9265,0,1004
9265,1,2958
9265,2,2449
9265,3,1409
9265,4,1044
9265,5,366
9265,6,34
9265,7,1
9266,0,1019
9266,1,2929
9266,2,2431
9266,3,1459
9266,4,1043
9266,5,348
9266,6,36
9266,7,1
9267,0,1022
9267,1,2954
9267,2,2437
9267,3,1377
9267,4,1092
9267,5,352
9267,6,32
9267,7,1
9268,0,1021
9268,1,2935
9268,2,2460
9268,3,1386
9268,4,1082
9268,5,350
9268,6,34
9269,0,1004
9269,1,2965
9269,2,2425
9269,3,1423
9269,4,1071
9269,5,347
9269,6,33
9269,7,1
9270,0,998
9270,1,2981
9270,2,2417
9270,3,1424
9270,4,1062
9270,5,350
9270,6,38
9271,0,1039
9271,1,2929
9271,2,2442
9271,3,1389
9271,4,1081
9271,5,357
9271,6,34
9272,0,1006
9272,1,2927
9272,2,2502
9272,3,1392
9272,4,1067
9272,5,341
9272,6,36
9272,7,1
9273,0,1000
9273,1,2964
9273,2,2462
9273,3,1385
9273,4,1062
9273,5,370
9273,6,28
9273,7,2
9274,0,1019
9274,1,2947
9274,2,2438
9274,3,1418
9274,4,1062
9274,5,360
9274,6,28
9274,7,2
9275,0,1033
9275,1,2923
9275,2,2463
9275,3,1400
9275,4,1065
9275,5,360
9275,6,28
9275,7,3
9276,0,1008
9276,1,2951
9276,2,2436
9276,3,1422
9276,4,1075
9276,5,348
9276,6,36
9277,0,1048
9277,1,2847
9277,2,2543
9277,3,1415
9277,4,1040
9277,5,346
9277,6,38
9278,0,1015
9278,1,2939
9278,2,2451
9278,3,1449
9278,4,1030
9278,5,355
9278,6,39
9279,0,1022
9279,1,2934
9279,2,2465
9279,3,1375
9279,4,1106
9279,5,342
9279,6,34
9279,7,1
9280,0,995
9280,1,2982
9280,2,2470
9280,3,1377
9280,4,1051
9280,5,370
9280,6,34
9280,7,1
9281,0,985
9281,1,2999
9281,2,2431
9281,3,1399
9281,4,1089
9281,5,343
9281,6,34
9281,7,1
9282,0,1016
9282,1,2956
9282,2,2439
9282,3,1408
9282,4,1076
9282,5,351
9282,6,35
9282,7,1
9283,0,1025
9283,1,2949
9283,2,2410
9283,3,1461
9283,4,1045
9283,5,360
9283,6,32
9283,7,1
9284,0,1018
9284,1,2963
9284,2,2427
9284,3,1418
9284,4,1068
9284,5,357
9284,6,33
9285,0,987
9285,1,3006
9285,2,2418
9285,3,1420
9285,4,1067
9285,5,344
9285,6,43
9286,0,1021
9286,1,2957
9286,2,2438
9286,3,1401
9286,4,1088
9286,5,346
9286,6,34
9286,7,1
9287,0,985
9287,1,3003
9287,2,2438
9287,3,1414
9287,4,1050
9287,5,366
9287,6,30
9287,7,1
9288,0,1054
9288,1,2895
9288,2,2454
9288,3,1438
9288,4,1054
9288,5,357
9288,6,35
9288,7,1
9289,0,1024
9289,1,2907
9289,2,2498
9289,3,1402
9289,4,1071
9289,5,348
9289,6,39
9290,0,1012
9290,1,2936
9290,2,2529
9290,3,1367
9290,4,1044
9290,5,366
9290,6,36
9291,0,984
9291,1,2990
9291,2,2482
9291,3,1384
9291,4,1048
9291,5,373
9291,6,29
9291,7,1
9292,0,1033
9292,1,2895
9292,2,2472
9292,3,1449
9292,4,1060
9292,5,344
9292,6,39
9293,0,1006
9293,1,2983
9293,2,2411
9293,3,1444
9293,4,1062
9293,5,356
9293,6,29
9293,7,2
9294,0,1038
9294,1,2930
9294,2,2432
9294,3,1445
9294,4,1055
9294,5,364
9294,6,29
9294,7,1
9295,0,998
9295,1,2971
9295,2,2468
9295,3,1407
9295,4,1058
9295,5,358
9295,6,33
9295,7,2
9296,0,1040
9296,1,2902
9296,2,2482
9296,3,1443
9296,4,1030
9296,5,367
9296,6,32
9297,0,1029
9297,1,2895
9297,2,2509
9297,3,1427
9297,4,1058
9297,5,340
9297,6,38
9297,7,1
9298,0,1030
9298,1,2961
9298,2,2404
9298,3,1424
9298,4,1089
9298,5,356
9298,6,34
9299,0,1021
9299,1,2982
9299,2,2403
9299,3,1422
9299,4,1095
9299,5,337
9299,6,39
9300,0,1016
9300,1,2942
9300,2,2450
9300,3,1441
9300,4,1080
9300,5,329
9300,6,41
9300,7,1
9301,0,1059
9301,1,2871
9301,2,2478
9301,3,1472
9301,4,1045
9301,5,335
9301,6,41
9302,0,1008
9302,1,3003
9302,2,2407
9302,3,1394
9302,4,1090
9302,5,374
9302,6,24
9302,7,2
9303,0,1018
9303,1,2968
9303,2,2421
9303,3,1435
9303,4,1076
9303,5,349
9303,6,35
9303,7,1
9304,0,994
9304,1,2997
9304,2,2445
9304,3,1418
9304,4,1051
9304,5,368
9304,6,31
9305,0,1019
9305,1,2968
9305,2,2450
9305,3,1413
9305,4,1065
9305,5,352
9305,6,36
9305,7,2
9306,0,1012
9306,1,2989
9306,2,2392
9306,3,1452
9306,4,1081
9306,5,345
9306,6,33
9306,7,2
9307,0,1066
9307,1,2869
9307,2,2466
9307,3,1443
9307,4,1089
9307,5,336
9307,6,38
9308,0,976
9308,1,3040
9308,2,2430
9308,3,1409
9308,4,1067
9308,5,350
9308,6,35
9308,7,1
9309,0,1028
9309,1,2949
9309,2,2455
9309,3,1420
9309,4,1056
9309,5,366
9309,6,35
9310,0,1020
9310,1,2922
9310,2,2529
9310,3,1397
9310,4,1024
9310,5,386
9310,6,31
9310,7,1
9311,0,1003
9311,1,2995
9311,2,2450
9311,3,1373
9311,4,1088
9311,5,373
9311,6,29
9312,0,1017
9312,1,2936
9312,2,2509
9312,3,1402
9312,4,1060
9312,5,353
9312,6,34
9312,7,1
9313,0,1021
9313,1,2943
9313,2,2481
9313,3,1403
9313,4,1072
9313,5,359
9313,6,32
9313,7,2
9314,0,1022
9314,1,2942
9314,2,2470
9314,3,1450
9314,4,1028
9314,5,369
9314,6,32
9314,7,1
9315,0,1040
9315,1,2941
9315,2,2433
9315,3,1433
9315,4,1076
9315,5,359
9315,6,33
9316,0,1012
9316,1,2966
9316,2,2480
9316,3,1392
9316,4,1077
9316,5,352
9316,6,36
9316,7,1
9317,0,1013
9317,1,2930
9317,2,2516
9317,3,1414
9317,4,1047
9317,5,362
9317,6,34
9317,7,1
9318,0,1003
9318,1,2950
9318,2,2524
9318,3,1397
9318,4,1050
9318,5,357
9318,6,37
9319,0,1023
9319,1,2959
9319,2,2470
9319,3,1405
9319,4,1060
9319,5,368
9319,6,33
9319,7,1
9320,0,1048
9320,1,2910
9320,2,2480
9320,3,1400
9320,4,1099
9320,5,348
9320,6,34
9320,7,1
9321,0,1028
9321,1,2933
9321,2,2468
9321,3,1467
9321,4,1027
9321,5,364
9321,6,34
9322,0,1008
9322,1,2982
9322,2,2455
9322,3,1411
9322,4,1079
9322,5,349
9322,6,37
9322,7,1
9323,0,1016
9323,1,2971
9323,2,2458
9323,3,1410
9323,4,1064
9323,5,375
9323,6,28
9323,7,1
9324,0,993
9324,1,2999
9324,2,2464
9324,3,1397
9324,4,1080
9324,5,352
9324,6,39
9325,0,1020
9325,1,2938
9325,2,2497
9325,3,1429
9325,4,1049
9325,5,355
9325,6,36
9325,7,1
9326,0,1020
9326,1,2975
9326,2,2458
9326,3,1390
9326,4,1095
9326,5,357
9326,6,30
9326,7,1
9327,0,1032
9327,1,2968
9327,2,2428
9327,3,1429
9327,4,1079
9327,5,358
9327,6,32
9327,7,1
9328,0,1042
9328,1,2910
9328,2,2466
9328,3,1454
9328,4,1070
9328,5,347
9328,6,38
9328,7,1
9329,0,1012
9329,1,2990
9329,2,2441
9329,3,1425
9329,4,1071
9329,5,360
9329,6,28
9329,7,2
9330,0,1018
9330,1,2957
9330,2,2475
9330,3,1431
9330,4,1061
9330,5,354
9330,6,32
9330,7,2
9331,0,1035
9331,1,2951
9331,2,2453
9331,3,1419
9331,4,1071
9331,5,366
9331,6,36
9332,0,1012
9332,1,2979
9332,2,2465
9332,3,1404
9332,4,1091
9332,5,346
9332,6,35
9333,0,971
9333,1,3053
9333,2,2467
9333,3,1351
9333,4,1092
9333,5,360
9333,6,39
9334,0,1021
9334,1,2937
9334,2,2504
9334,3,1440
9334,4,1044
9334,5,351
9334,6,36
9334,7,1
9335,0,1042
9335,1,2917
9335,2,2487
9335,3,1431
9335,4,1054
9335,5,374
9335,6,29
9335,7,1
9336,0,1035
9336,1,2931
9336,2,2509
9336,3,1384
9336,4,1084
9336,5,358
9336,6,34
9336,7,1
9337,0,1007
9337,1,3003
9337,2,2428
9337,3,1439
9337,4,1069
9337,5,360
9337,6,30
9337,7,1
9338,0,1039
9338,1,2913
9338,2,2483
9338,3,1451
9338,4,1060
9338,5,357
9338,6,34
9338,7,1
9339,0,1024
9339,1,3003
9339,2,2408
9339,3,1437
9339,4,1071
9339,5,359
9339,6,36
9339,7,1
9340,0,1015
9340,1,2963
9340,2,2488
9340,3,1404
9340,4,1077
9340,5,355
9340,6,38
9341,0,1020
9341,1,2953
9341,2,2500
9341,3,1412
9341,4,1070
9341,5,349
9341,6,36
9341,7,1
9342,0,1045
9342,1,2922
9342,2,2456
9342,3,1458
9342,4,1079
9342,5,346
9342,6,34
9342,7,2
9343,0,1010
9343,1,2973
9343,2,2467
9343,3,1465
9343,4,1039
9343,5,354
9343,6,35
9344,0,1032
9344,1,2966
9344,2,2446
9344,3,1414
9344,4,1087
9344,5,367
9344,6,30
9344,7,2
9345,0,1004
9345,1,3007
9345,2,2464
9345,3,1396
9345,4,1083
9345,5,352
9345,6,39
9346,0,1015
9346,1,2966
9346,2,2472
9346,3,1430
9346,4,1067
9346,5,360
9346,6,35
9346,7,1
9347,0,1019
9347,1,3019
9347,2,2386
9347,3,1444
9347,4,1103
9347,5,342
9347,6,34
9348,0,980
9348,1,3052
9348,2,2456
9348,3,1369
9348,4,1097
9348,5,344
9348,6,50
9349,0,990
9349,1,2984
9349,2,2499
9349,3,1423
9349,4,1066
9349,5,354
9349,6,33
9350,0,1032
9350,1,2974
9350,2,2461
9350,3,1417
9350,4,1064
9350,5,368
9350,6,33
9350,7,1
9351,0,1025
9351,1,2975
9351,2,2464
9351,3,1416
9351,4,1067
9351,5,369
9351,6,34
9351,7,1
9352,0,1033
9352,1,2882
9352,2,2551
9352,3,1472
9352,4,1019
9352,5,356
9352,6,38
9352,7,1
9353,0,995
9353,1,3027
9353,2,2461
9353,3,1387
9353,4,1092
9353,5,358
9353,6,33
9354,0,1065
9354,1,2908
9354,2,2453
9354,3,1466
9354,4,1070
9354,5,355
9354,6,37
9355,0,1016
9355,1,2958
9355,2,2505
9355,3,1419
9355,4,1060
9355,5,365
9355,6,30
9355,7,2
9356,0,1033
9356,1,2925
9356,2,2520
9356,3,1430
9356,4,1051
9356,5,365
9356,6,32
9357,0,1019
9357,1,2977
9357,2,2465
9357,3,1438
9357,4,1057
9357,5,370
9357,6,30
9357,7,1
9358,0,1005
9358,1,3010
9358,2,2446
9358,3,1421
9358,4,1074
9358,5,368
9358,6,33
9358,7,1
9359,0,1043
9359,1,2962
9359,2,2474
9359,3,1383
9359,4,1097
9359,5,367
9359,6,33
9360,0,1036
9360,1,2940
9360,2,2482
9360,3,1441
9360,4,1081
9360,5,341
9360,6,39
9361,0,1013
9361,1,3001
9361,2,2472
9361,3,1399
9361,4,1068
9361,5,369
9361,6,38
9361,7,1
9362,0,1023
9362,1,2929
9362,2,2539
9362,3,1414
9362,4,1069
9362,5,347
9362,6,41
9363,0,1001
9363,1,2994
9363,2,2483
9363,3,1437
9363,4,1049
9363,5,368
9363,6,30
9363,7,1
9364,0,1033
9364,1,2941
9364,2,2515
9364,3,1418
9364,4,1045
9364,5,378
9364,6,33
9364,7,1
9365,0,1003
9365,1,3011
9365,2,2446
9365,3,1449
9365,4,1063
9365,5,356
9365,6,37
9366,0,1015
9366,1,2968
9366,2,2498
9366,3,1424
9366,4,1070
9366,5,357
9366,6,33
9366,7,1
9367,0,1021
9367,1,2983
9367,2,2468
9367,3,1424
9367,4,1076
9367,5,360
9367,6,33
9367,7,2
9368,0,1027
9368,1,2978
9368,2,2470
9368,3,1392
9368,4,1120
9368,5,352
9368,6,27
9368,7,2
9369,0,1034
9369,1,2977
9369,2,2457
9369,3,1427
9369,4,1078
9369,5,361
9369,6,34
9369,7,1
9370,0,1021
9370,1,2988
9370,2,2474
9370,3,1418
9370,4,1069
9370,5,365
9370,6,35
9371,0,1018
9371,1,2991
9371,2,2445
9371,3,1430
9371,4,1109
9371,5,337
9371,6,41
9372,0,1044
9372,1,2975
9372,2,2441
9372,3,1426
9372,4,1091
9372,5,360
9372,6,35
9373,0,1007
9373,1,3036
9373,2,2405
9373,3,1431
9373,4,1102
9373,5,354
9373,6,37
9373,7,1
9374,0,1046
9374,1,2954
9374,2,2452
9374,3,1458
9374,4,1070
9374,5,363
9374,6,31
9375,0,1027
9375,1,2950
9375,2,2538
9375,3,1414
9375,4,1036
9375,5,371
9375,6,39
9376,0,1024
9376,1,2963
9376,2,2464
9376,3,1489
9376,4,1043
9376,5,353
9376,6,39
9376,7,1
9377,0,1031
9377,1,2935
9377,2,2528
9377,3,1419
9377,4,1065
9377,5,368
9377,6,30
9377,7,1
9378,0,1017
9378,1,2991
9378,2,2485
9378,3,1408
9378,4,1092
9378,5,345
9378,6,40
9379,0,1049
9379,1,2950
9379,2,2472
9379,3,1444
9379,4,1061
9379,5,369
9379,6,34
9380,0,1032
9380,1,2964
9380,2,2482
9380,3,1415
9380,4,1104
9380,5,346
9380,6,35
9380,7,2
9381,0,1012
9381,1,2942
9381,2,2539
9381,3,1448
9381,4,1053
9381,5,351
9381,6,36
9382,0,1057
9382,1,2943
9382,2,2481
9382,3,1408
9382,4,1089
9382,5,369
9382,6,34
9382,7,1
9383,0,1032
9383,1,2952
9383,2,2504
9383,3,1447
9383,4,1059
9383,5,354
9383,6,35
9384,0,1059
9384,1,2941
9384,2,2455
9384,3,1443
9384,4,1095
9384,5,358
9384,6,32
9384,7,1
9385,0,1023
9385,1,2964
9385,2,2504
9385,3,1432
9385,4,1061
9385,5,358
9385,6,43
9386,0,1030
9386,1,3015
9386,2,2409
9386,3,1446
9386,4,1098
9386,5,356
9386,6,31
9386,7,1
9387,0,1002
9387,1,3041
9387,2,2456
9387,3,1400
9387,4,1086
9387,5,369
9387,6,32
9387,7,1
9388,0,999
9388,1,2992
9388,2,2534
9388,3,1390
9388,4,1081
9388,5,357
9388,6,33
9388,7,2
9389,0,1075
9389,1,2899
9389,2,2517
9389,3,1427
9389,4,1077
9389,5,357
9389,6,36
9389,7,1
9390,0,988
9390,1,3007
9390,2,2505
9390,3,1436
9390,4,1060
9390,5,353
9390,6,41
9391,0,1040
9391,1,2959
9391,2,2489
9391,3,1424
9391,4,1087
9391,5,350
9391,6,41
9391,7,1
9392,0,1055
9392,1,2916
9392,2,2517
9392,3,1424
9392,4,1100
9392,5,342
9392,6,38
9393,0,1077
9393,1,2894
9393,2,2477
9393,3,1494
9393,4,1072
9393,5,335
9393,6,44
9394,0,1026
9394,1,2967
9394,2,2514
9394,3,1413
9394,4,1071
9394,5,371
9394,6,30
9394,7,2
9395,0,1026
9395,1,2968
9395,2,2482
9395,3,1482
9395,4,1033
9395,5,370
9395,6,34
9396,0,1053
9396,1,2941
9396,2,2488
9396,3,1417
9396,4,1110
9396,5,353
9396,6,34
9397,0,1026
9397,1,2970
9397,2,2511
9397,3,1430
9397,4,1049
9397,5,380
9397,6,30
9397,7,1
9398,0,1007
9398,1,2994
9398,2,2534
9398,3,1399
9398,4,1041
9398,5,393
9398,6,29
9398,7,1
9399,0,1026
9399,1,2956
9399,2,2521
9399,3,1433
9399,4,1071
9399,5,352
9399,6,40
9400,0,1007
9400,1,3031
9400,2,2463
9400,3,1408
9400,4,1097
9400,5,360
9400,6,33
9400,7,1
9401,0,1025
9401,1,2986
9401,2,2493
9401,3,1445
9401,4,1042
9401,5,376
9401,6,34
9402,0,1056
9402,1,2934
9402,2,2491
9402,3,1434
9402,4,1085
9402,5,369
9402,6,32
9402,7,1
9403,0,1040
9403,1,2953
9403,2,2526
9403,3,1434
9403,4,1044
9403,5,371
9403,6,33
9403,7,2
9404,0,1017
9404,1,3042
9404,2,2423
9404,3,1389
9404,4,1156
9404,5,343
9404,6,33
9404,7,1
9405,0,992
9405,1,3045
9405,2,2455
9405,3,1444
9405,4,1061
9405,5,376
9405,6,31
9405,7,1
9406,0,1022
9406,1,3013
9406,2,2435
9406,3,1463
9406,4,1086
9406,5,355
9406,6,30
9406,7,2
9407,0,1000
9407,1,3030
9407,2,2483
9407,3,1422
9407,4,1074
9407,5,362
9407,6,35
9407,7,1
9408,0,1010
9408,1,2985
9408,2,2550
9408,3,1385
9408,4,1076
9408,5,367
9408,6,35
9409,0,1003
9409,1,3012
9409,2,2529
9409,3,1392
9409,4,1065
9409,5,368
9409,6,40
9410,0,1007
9410,1,2998
9410,2,2511
9410,3,1418
9410,4,1086
9410,5,351
9410,6,38
9410,7,1
9411,0,1018
9411,1,2992
9411,2,2482
9411,3,1451
9411,4,1072
9411,5,361
9411,6,34
9411,7,1
9412,0,1033
9412,1,2991
9412,2,2505
9412,3,1404
9412,4,1081
9412,5,361
9412,6,37
9413,0,1045
9413,1,2953
9413,2,2465
9413,3,1472
9413,4,1102
9413,5,337
9413,6,38
9413,7,1
9414,0,1061
9414,1,2936
9414,2,2495
9414,3,1451
9414,4,1061
9414,5,374
9414,6,36
9415,0,1018
9415,1,3018
9415,2,2463
9415,3,1440
9415,4,1087
9415,5,351
9415,6,37
9415,7,1
9416,0,1037
9416,1,2967
9416,2,2515
9416,3,1388
9416,4,1128
9416,5,339
9416,6,41
9416,7,1
9417,0,988
9417,1,3024
9417,2,2519
9417,3,1432
9417,4,1053
9417,5,366
9417,6,35
9418,0,1040
9418,1,2981
9418,2,2516
9418,3,1378
9418,4,1098
9418,5,369
9418,6,35
9418,7,1
9419,0,1041
9419,1,2963
9419,2,2496
9419,3,1445
9419,4,1074
9419,5,367
9419,6,32
9419,7,1
9420,0,1017
9420,1,3005
9420,2,2480
9420,3,1466
9420,4,1039
9420,5,376
9420,6,36
9420,7,1
9421,0,1033
9421,1,2987
9421,2,2480
9421,3,1432
9421,4,1087
9421,5,370
9421,6,31
9421,7,1
9422,0,1026
9422,1,3007
9422,2,2462
9422,3,1463
9422,4,1074
9422,5,355
9422,6,34
9422,7,1
9423,0,1053
9423,1,2966
9423,2,2438
9423,3,1497
9423,4,1073
9423,5,363
9423,6,32
9423,7,1
9424,0,1045
9424,1,2972
9424,2,2489
9424,3,1435
9424,4,1096
9424,5,347
9424,6,40
9425,0,1025
9425,1,2967
9425,2,2529
9425,3,1443
9425,4,1065
9425,5,356
9425,6,39
9425,7,1
9426,0,1046
9426,1,2964
9426,2,2504
9426,3,1423
9426,4,1097
9426,5,350
9426,6,42
9427,0,1047
9427,1,2957
9427,2,2518
9427,3,1409
9427,4,1102
9427,5,361
9427,6,32
9427,7,1
9428,0,1041
9428,1,2987
9428,2,2461
9428,3,1455
9428,4,1090
9428,5,366
9428,6,27
9428,7,1
9429,0,1024
9429,1,2979
9429,2,2525
9429,3,1429
9429,4,1073
9429,5,355
9429,6,44
9430,0,1067
9430,1,2904
9430,2,2546
9430,3,1444
9430,4,1066
9430,5,368
9430,6,35
9431,0,1019
9431,1,3032
9431,2,2445
9431,3,1466
9431,4,1069
9431,5,366
9431,6,33
9431,7,1
9432,0,1009
9432,1,3078
9432,2,2369
9432,3,1492
9432,4,1097
9432,5,353
9432,6,32
9432,7,2
9433,0,1049
9433,1,2951
9433,2,2537
9433,3,1391
9433,4,1104
9433,5,365
9433,6,35
9433,7,1
9434,0,996
9434,1,3027
9434,2,2513
9434,3,1433
9434,4,1086
9434,5,340
9434,6,38
9434,7,1
9435,0,1017
9435,1,3022
9435,2,2481
9435,3,1426
9435,4,1078
9435,5,374
9435,6,37
9436,0,1038
9436,1,2988
9436,2,2468
9436,3,1468
9436,4,1085
9436,5,352
9436,6,36
9436,7,1
9437,0,1044
9437,1,3005
9437,2,2467
9437,3,1406
9437,4,1122
9437,5,357
9437,6,36
9438,0,1025
9438,1,2991
9438,2,2503
9438,3,1452
9438,4,1062
9438,5,368
9438,6,35
9438,7,2
9439,0,1060
9439,1,2932
9439,2,2522
9439,3,1457
9439,4,1078
9439,5,355
9439,6,35
9440,0,998
9440,1,3020
9440,2,2523
9440,3,1442
9440,4,1037
9440,5,386
9440,6,32
9440,7,2
9441,0,1038
9441,1,3018
9441,2,2433
9441,3,1455
9441,4,1102
9441,5,359
9441,6,36
9442,0,1075
9442,1,2920
9442,2,2502
9442,3,1460
9442,4,1095
9442,5,354
9442,6,34
9442,7,2
9443,0,1040
9443,1,2971
9443,2,2520
9443,3,1444
9443,4,1060
9443,5,378
9443,6,30
9444,0,1011
9444,1,3028
9444,2,2483
9444,3,1432
9444,4,1085
9444,5,365
9444,6,39
9444,7,1
9445,0,1032
9445,1,2990
9445,2,2503
9445,3,1451
9445,4,1067
9445,5,364
9445,6,37
9445,7,1
9446,0,1057
9446,1,2962
9446,2,2508
9446,3,1423
9446,4,1098
9446,5,364
9446,6,33
9446,7,1
9447,0,1043
9447,1,2965
9447,2,2529
9447,3,1416
9447,4,1095
9447,5,361
9447,6,37
9447,7,1
9448,0,1023
9448,1,2994
9448,2,2509
9448,3,1458
9448,4,1062
9448,5,367
9448,6,35
9449,0,1046
9449,1,2968
9449,2,2518
9449,3,1437
9449,4,1074
9449,5,377
9449,6,28
9449,7,1
9450,0,1003
9450,1,3024
9450,2,2515
9450,3,1432
9450,4,1084
9450,5,347
9450,6,44
9450,7,1
9451,0,1060
9451,1,2973
9451,2,2480
9451,3,1434
9451,4,1103
9451,5,373
9451,6,27
9451,7,1
9452,0,1014
9452,1,3019
9452,2,2505
9452,3,1435
9452,4,1092
9452,5,349
9452,6,36
9452,7,2
9453,0,989
9453,1,3077
9453,2,2490
9453,3,1394
9453,4,1100
9453,5,373
9453,6,29
9453,7,1
9454,0,1029
9454,1,2975
9454,2,2546
9454,3,1445
9454,4,1044
9454,5,381
9454,6,34
9455,0,1056
9455,1,3007
9455,2,2432
9455,3,1441
9455,4,1135
9455,5,343
9455,6,40
9455,7,1
9456,0,1034
9456,1,2968
9456,2,2545
9456,3,1418
9456,4,1108
9456,5,343
9456,6,40
9457,0,1011
9457,1,3012
9457,2,2520
9457,3,1454
9457,4,1067
9457,5,355
9457,6,37
9457,7,1
9458,0,1021
9458,1,3042
9458,2,2489
9458,3,1384
9458,4,1114
9458,5,373
9458,6,35
9459,0,1020
9459,1,3041
9459,2,2453
9459,3,1427
9459,4,1130
9459,5,364
9459,6,22
9459,7,2
9460,0,1033
9460,1,2987
9460,2,2518
9460,3,1462
9460,4,1039
9460,5,382
9460,6,38
9460,7,1
9461,0,1047
9461,1,2953
9461,2,2543
9461,3,1437
9461,4,1105
9461,5,336
9461,6,39
9461,7,1
9462,0,1012
9462,1,3022
9462,2,2512
9462,3,1439
9462,4,1081
9462,5,358
9462,6,36
9462,7,2
9463,0,1028
9463,1,3056
9463,2,2441
9463,3,1426
9463,4,1102
9463,5,379
9463,6,31
9464,0,1021
9464,1,3015
9464,2,2481
9464,3,1465
9464,4,1095
9464,5,349
9464,6,37
9464,7,1
9465,0,1033
9465,1,3050
9465,2,2461
9465,3,1420
9465,4,1077
9465,5,394
9465,6,30
9466,0,1046
9466,1,2939
9466,2,2530
9466,3,1508
9466,4,1046
9466,5,357
9466,6,39
9466,7,1
9467,0,1022
9467,1,3035
9467,2,2473
9467,3,1447
9467,4,1079
9467,5,377
9467,6,33
9467,7,1
9468,0,990
9468,1,3075
9468,2,2486
9468,3,1426
9468,4,1095
9468,5,361
9468,6,35
9469,0,1040
9469,1,2997
9469,2,2517
9469,3,1399
9469,4,1119
9469,5,357
9469,6,39
9469,7,1
9470,0,1012
9470,1,3081
9470,2,2452
9470,3,1437
9470,4,1085
9470,5,371
9470,6,31
9470,7,1
9471,0,1013
9471,1,3012
9471,2,2494
9471,3,1473
9471,4,1077
9471,5,366
9471,6,35
9471,7,1
9472,0,1024
9472,1,3003
9472,2,2541
9472,3,1431
9472,4,1069
9472,5,370
9472,6,33
9472,7,1
9473,0,1032
9473,1,3001
9473,2,2497
9473,3,1465
9473,4,1081
9473,5,364
9473,6,31
9473,7,2
9474,0,1011
9474,1,3073
9474,2,2476
9474,3,1389
9474,4,1111
9474,5,384
9474,6,29
9474,7,1
9475,0,1011
9475,1,3042
9475,2,2488
9475,3,1464
9475,4,1063
9475,5,371
9475,6,35
9475,7,1
9476,0,1031
9476,1,3044
9476,2,2446
9476,3,1440
9476,4,1134
9476,5,337
9476,6,44
9477,0,1036
9477,1,3008
9477,2,2477
9477,3,1482
9477,4,1072
9477,5,369
9477,6,33
9478,0,1055
9478,1,2959
9478,2,2537
9478,3,1410
9478,4,1128
9478,5,349
9478,6,39
9478,7,1
9479,0,1047
9479,1,2994
9479,2,2516
9479,3,1428
9479,4,1113
9479,5,339
9479,6,41
9479,7,1
9480,0,1018
9480,1,3008
9480,2,2523
9480,3,1440
9480,4,1088
9480,5,369
9480,6,34
9481,0,1053
9481,1,2997
9481,2,2472
9481,3,1473
9481,4,1098
9481,5,345
9481,6,43
9482,0,1034
9482,1,3004
9482,2,2501
9482,3,1474
9482,4,1056
9482,5,382
9482,6,28
9482,7,3
9483,0,1001
9483,1,3078
9483,2,2470
9483,3,1447
9483,4,1089
9483,5,362
9483,6,36
9484,0,1028
9484,1,3038
9484,2,2454
9484,3,1487
9484,4,1074
9484,5,362
9484,6,41
9485,0,1045
9485,1,2973
9485,2,2539
9485,3,1430
9485,4,1086
9485,5,382
9485,6,29
9485,7,1
9486,0,1045
9486,1,3005
9486,2,2501
9486,3,1445
9486,4,1093
9486,5,358
9486,6,38
9486,7,1
9487,0,1053
9487,1,2970
9487,2,2517
9487,3,1470
9487,4,1087
9487,5,354
9487,6,34
9487,7,2
9488,0,1045
9488,1,3002
9488,2,2479
9488,3,1480
9488,4,1068
9488,5,381
9488,6,33
9489,0,1014
9489,1,3012
9489,2,2521
9489,3,1477
9489,4,1069
9489,5,355
9489,6,41
9490,0,1078
9490,1,2957
9490,2,2539
9490,3,1410
9490,4,1093
9490,5,374
9490,6,38
9490,7,1
9491,0,1043
9491,1,2987
9491,2,2491
9491,3,1495
9491,4,1071
9491,5,370
9491,6,34
9492,0,1041
9492,1,3013
9492,2,2519
9492,3,1400
9492,4,1130
9492,5,345
9492,6,43
9492,7,1
9493,0,1027
9493,1,3019
9493,2,2504
9493,3,1459
9493,4,1080
9493,5,373
9493,6,30
9493,7,1
9494,0,1062
9494,1,2947
9494,2,2519
9494,3,1488
9494,4,1088
9494,5,352
9494,6,38
9495,0,1047
9495,1,2993
9495,2,2519
9495,3,1459
9495,4,1073
9495,5,368
9495,6,36
9496,0,1061
9496,1,3000
9496,2,2481
9496,3,1432
9496,4,1129
9496,5,351
9496,6,42
9497,0,1013
9497,1,3043
9497,2,2477
9497,3,1481
9497,4,1090
9497,5,361
9497,6,31
9497,7,1
9498,0,1018
9498,1,3037
9498,2,2501
9498,3,1472
9498,4,1078
9498,5,351
9498,6,40
9498,7,1
9499,0,1068
9499,1,3001
9499,2,2492
9499,3,1402
9499,4,1127
9499,5,381
9499,6,26
9499,7,2
9500,0,1008
9500,1,3067
9500,2,2475
9500,3,1462
9500,4,1076
9500,5,375
9500,6,37
9501,0,1054
9501,1,2960
9501,2,2539
9501,3,1474
9501,4,1082
9501,5,350
9501,6,42
9502,0,1068
9502,1,2963
9502,2,2515
9502,3,1461
9502,4,1091
9502,5,370
9502,6,34
9503,0,1047
9503,1,2993
9503,2,2517
9503,3,1455
9503,4,1091
9503,5,362
9503,6,37
9503,7,1
9504,0,1059
9504,1,2952
9504,2,2572
9504,3,1453
9504,4,1062
9504,5,369
9504,6,36
9504,7,1
9505,0,1038
9505,1,3003
9505,2,2505
9505,3,1455
9505,4,1101
9505,5,370
9505,6,31
9505,7,2
9506,0,1015
9506,1,3030
9506,2,2538
9506,3,1447
9506,4,1068
9506,5,366
9506,6,42
9507,0,1051
9507,1,3062
9507,2,2435
9507,3,1420
9507,4,1136
9507,5,370
9507,6,30
9507,7,3
9508,0,1035
9508,1,3004
9508,2,2530
9508,3,1445
9508,4,1100
9508,5,357
9508,6,37
9509,0,1015
9509,1,3038
9509,2,2517
9509,3,1451
9509,4,1076
9509,5,380
9509,6,31
9509,7,1
9510,0,1071
9510,1,2945
9510,2,2548
9510,3,1461
9510,4,1089
9510,5,356
9510,6,39
9510,7,1
9511,0,1062
9511,1,2976
9511,2,2517
9511,3,1462
9511,4,1105
9511,5,350
9511,6,38
9511,7,1
9512,0,1038
9512,1,3017
9512,2,2509
9512,3,1456
9512,4,1093
9512,5,365
9512,6,34
9513,0,1045
9513,1,2997
9513,2,2519
9513,3,1458
9513,4,1094
9513,5,362
9513,6,38
9514,0,1028
9514,1,3035
9514,2,2502
9514,3,1480
9514,4,1051
9514,5,385
9514,6,32
9514,7,1
9515,0,1005
9515,1,3068
9515,2,2467
9515,3,1488
9515,4,1085
9515,5,368
9515,6,33
9515,7,1
9516,0,1048
9516,1,3019
9516,2,2500
9516,3,1442
9516,4,1122
9516,5,343
9516,6,41
9516,7,1
9517,0,1024
9517,1,3029
9517,2,2551
9517,3,1409
9517,4,1086
9517,5,380
9517,6,38
9518,0,1020
9518,1,3065
9518,2,2478
9518,3,1458
9518,4,1092
9518,5,370
9518,6,35
9519,0,1060
9519,1,2982
9519,2,2500
9519,3,1479
9519,4,1104
9519,5,356
9519,6,37
9519,7,1
9520,0,1029
9520,1,3027
9520,2,2558
9520,3,1417
9520,4,1070
9520,5,383
9520,6,35
9520,7,1
9521,0,1010
9521,1,3056
9521,2,2542
9521,3,1409
9521,4,1099
9521,5,375
9521,6,29
9521,7,1
9522,0,1039
9522,1,3015
9522,2,2531
9522,3,1430
9522,4,1094
9522,5,371
9522,6,42
9523,0,1064
9523,1,2991
9523,2,2482
9523,3,1492
9523,4,1101
9523,5,358
9523,6,34
9523,7,1
9524,0,1053
9524,1,2996
9524,2,2498
9524,3,1497
9524,4,1084
9524,5,358
9524,6,38
9525,0,1001
9525,1,3090
9525,2,2522
9525,3,1413
9525,4,1090
9525,5,371
9525,6,38
9526,0,1068
9526,1,2955
9526,2,2527
9526,3,1472
9526,4,1114
9526,5,356
9526,6,32
9526,7,2
9527,0,1053
9527,1,2991
9527,2,2544
9527,3,1439
9527,4,1091
9527,5,371
9527,6,36
9527,7,2
9528,0,1039
9528,1,3000
9528,2,2558
9528,3,1453
9528,4,1076
9528,5,365
9528,6,37
9529,0,1038
9529,1,3002
9529,2,2568
9529,3,1430
9529,4,1065
9529,5,387
9529,6,39
9530,0,1061
9530,1,2986
9530,2,2489
9530,3,1510
9530,4,1084
9530,5,373
9530,6,24
9530,7,3
9531,0,995
9531,1,3100
9531,2,2511
9531,3,1439
9531,4,1064
9531,5,381
9531,6,40
9531,7,1
9532,0,1049
9532,1,3003
9532,2,2521
9532,3,1463
9532,4,1098
9532,5,367
9532,6,30
9532,7,1
9533,0,1049
9533,1,3024
9533,2,2486
9533,3,1466
9533,4,1106
9533,5,368
9533,6,34
9534,0,1042
9534,1,2991
9534,2,2569
9534,3,1428
9534,4,1098
9534,5,367
9534,6,39
9535,0,1083
9535,1,2917
9535,2,2595
9535,3,1465
9535,4,1059
9535,5,378
9535,6,37
9535,7,1
9536,0,1069
9536,1,2965
9536,2,2519
9536,3,1514
9536,4,1073
9536,5,357
9536,6,38
9536,7,1
9537,0,1025
9537,1,3052
9537,2,2517
9537,3,1425
9537,4,1113
9537,5,371
9537,6,33
9537,7,1
9538,0,1004
9538,1,3136
9538,2,2471
9538,3,1390
9538,4,1120
9538,5,382
9538,6,34
9538,7,1
9539,0,1038
9539,1,3018
9539,2,2516
9539,3,1481
9539,4,1088
9539,5,364
9539,6,33
9539,7,1
9540,0,1039
9540,1,3026
9540,2,2512
9540,3,1472
9540,4,1088
9540,5,367
9540,6,36
9541,0,1052
9541,1,3002
9541,2,2504
9541,3,1485
9541,4,1096
9541,5,366
9541,6,35
9541,7,1
9542,0,1025
9542,1,3069
9542,2,2513
9542,3,1414
9542,4,1123
9542,5,354
9542,6,44
9543,0,1054
9543,1,2977
9543,2,2572
9543,3,1428
9543,4,1122
9543,5,345
9543,6,45
9544,0,1011
9544,1,3069
9544,2,2544
9544,3,1418
9544,4,1099
9544,5,364
9544,6,39
9545,0,1039
9545,1,3035
9545,2,2493
9545,3,1482
9545,4,1107
9545,5,351
9545,6,38
9546,0,1043
9546,1,3035
9546,2,2486
9546,3,1473
9546,4,1110
9546,5,362
9546,6,36
9546,7,1
9547,0,1039
9547,1,3027
9547,2,2527
9547,3,1470
9547,4,1071
9547,5,372
9547,6,41
9548,0,1058
9548,1,2975
9548,2,2571
9548,3,1464
9548,4,1066
9548,5,377
9548,6,37
9549,0,1076
9549,1,3011
9549,2,2464
9549,3,1480
9549,4,1126
9549,5,354
9549,6,36
9549,7,2
9550,0,1040
9550,1,2994
9550,2,2563
9550,3,1477
9550,4,1082
9550,5,348
9550,6,46
9551,0,1061
9551,1,3003
9551,2,2488
9551,3,1498
9551,4,1101
9551,5,365
9551,6,35
9552,0,1048
9552,1,3016
9552,2,2508
9552,3,1505
9552,4,1065
9552,5,375
9552,6,34
9552,7,1
9553,0,1067
9553,1,2986
9553,2,2509
9553,3,1491
9553,4,1104
9553,5,361
9553,6,33
9553,7,2
9554,0,1064
9554,1,2993
9554,2,2526
9554,3,1463
9554,4,1114
9554,5,357
9554,6,36
9554,7,1
9555,0,1046
9555,1,2984
9555,2,2591
9555,3,1446
9555,4,1080
9555,5,367
9555,6,41
9556,0,1015
9556,1,3098
9556,2,2527
9556,3,1384
9556,4,1103
9556,5,395
9556,6,34
9557,0,1039
9557,1,3002
9557,2,2559
9557,3,1482
9557,4,1073
9557,5,367
9557,6,35
9558,0,1051
9558,1,3035
9558,2,2491
9558,3,1473
9558,4,1108
9558,5,362
9558,6,36
9558,7,2
9559,0,1031
9559,1,3024
9559,2,2562
9559,3,1464
9559,4,1069
9559,5,368
9559,6,40
9559,7,1
9560,0,1027
9560,1,3094
9560,2,2407
9560,3,1523
9560,4,1111
9560,5,363
9560,6,34
9560,7,1
9561,0,1033
9561,1,3050
9561,2,2559
9561,3,1399
9561,4,1116
9561,5,374
9561,6,29
9561,7,1
9562,0,1038
9562,1,3037
9562,2,2531
9562,3,1453
9562,4,1087
9562,5,380
9562,6,35
9562,7,1
9563,0,1036
9563,1,3023
9563,2,2540
9563,3,1478
9563,4,1072
9563,5,377
9563,6,36
9563,7,1
9564,0,1059
9564,1,3012
9564,2,2554
9564,3,1415
9564,4,1102
9564,5,386
9564,6,36
9565,0,1050
9565,1,3008
9565,2,2546
9565,3,1468
9565,4,1088
9565,5,367
9565,6,38
9566,0,1022
9566,1,3066
9566,2,2496
9566,3,1482
9566,4,1102
9566,5,367
9566,6,29
9566,7,2
9567,0,1069
9567,1,3018
9567,2,2503
9567,3,1457
9567,4,1112
9567,5,372
9567,6,35
9567,7,1
9568,0,1019
9568,1,3072
9568,2,2504
9568,3,1480
9568,4,1100
9568,5,350
9568,6,43
9569,0,1032
9569,1,3039
9569,2,2557
9569,3,1446
9569,4,1081
9569,5,379
9569,6,34
9569,7,1
9570,0,1063
9570,1,3009
9570,2,2504
9570,3,1484
9570,4,1128
9570,5,337
9570,6,45
9571,0,1050
9571,1,3063
9571,2,2489
9571,3,1429
9571,4,1124
9571,5,378
9571,6,37
9571,7,1
9572,0,1024
9572,1,3035
9572,2,2576
9572,3,1457
9572,4,1063
9572,5,382
9572,6,34
9572,7,1
9573,0,1050
9573,1,3007
9573,2,2555
9573,3,1451
9573,4,1135
9573,5,333
9573,6,41
9573,7,1
9574,0,1076
9574,1,2979
9574,2,2532
9574,3,1478
9574,4,1101
9574,5,376
9574,6,31
9574,7,1
9575,0,1069
9575,1,2970
9575,2,2565
9575,3,1481
9575,4,1094
9575,5,356
9575,6,39
9575,7,1
9576,0,1071
9576,1,2963
9576,2,2587
9576,3,1460
9576,4,1088
9576,5,373
9576,6,34
9577,0,1033
9577,1,3035
9577,2,2588
9577,3,1397
9577,4,1102
9577,5,388
9577,6,32
9577,7,2
9578,0,1039
9578,1,3066
9578,2,2482
9578,3,1494
9578,4,1083
9578,5,382
9578,6,31
9578,7,1
9579,0,1030
9579,1,3062
9579,2,2540
9579,3,1419
9579,4,1119
9579,5,375
9579,6,32
9579,7,2
9580,0,1036
9580,1,3041
9580,2,2536
9580,3,1469
9580,4,1091
9580,5,369
9580,6,38
9581,0,1033
9581,1,3042
9581,2,2570
9581,3,1428
9581,4,1100
9581,5,371
9581,6,36
9581,7,1
9582,0,1005
9582,1,3102
9582,2,2515
9582,3,1478
9582,4,1072
9582,5,371
9582,6,39
9583,0,1042
9583,1,3048
9583,2,2515
9583,3,1470
9583,4,1101
9583,5,363
9583,6,44
9584,0,1040
9584,1,3058
9584,2,2493
9584,3,1473
9584,4,1130
9584,5,355
9584,6,34
9584,7,1
9585,0,1041
9585,1,3028
9585,2,2568
9585,3,1443
9585,4,1101
9585,5,366
9585,6,36
9585,7,2
9586,0,1049
9586,1,3066
9586,2,2481
9586,3,1462
9586,4,1124
9586,5,368
9586,6,36
9587,0,1013
9587,1,3102
9587,2,2498
9587,3,1472
9587,4,1091
9587,5,375
9587,6,34
9587,7,2
9588,0,1083
9588,1,2976
9588,2,2526
9588,3,1497
9588,4,1100
9588,5,372
9588,6,34
9589,0,1083
9589,1,3007
9589,2,2471
9589,3,1526
9589,4,1108
9589,5,363
9589,6,29
9589,7,2
9590,0,1024
9590,1,3068
9590,2,2549
9590,3,1440
9590,4,1104
9590,5,366
9590,6,37
9590,7,2
9591,0,1043
9591,1,3062
9591,2,2490
9591,3,1493
9591,4,1091
9591,5,376
9591,6,36
9592,0,1019
9592,1,3107
9592,2,2503
9592,3,1444
9592,4,1120
9592,5,357
9592,6,41
9592,7,1
9593,0,1069
9593,1,2994
9593,2,2529
9593,3,1522
9593,4,1070
9593,5,376
9593,6,32
9593,7,1
9594,0,1041
9594,1,3071
9594,2,2501
9594,3,1441
9594,4,1143
9594,5,357
9594,6,39
9594,7,1
9595,0,1057
9595,1,3019
9595,2,2545
9595,3,1464
9595,4,1119
9595,5,349
9595,6,41
9595,7,1
9596,0,1049
9596,1,3024
9596,2,2552
9596,3,1471
9596,4,1097
9596,5,367
9596,6,35
9596,7,1
9597,0,1059
9597,1,3008
9597,2,2574
9597,3,1434
9597,4,1115
9597,5,364
9597,6,43
9598,0,1066
9598,1,2980
9598,2,2592
9598,3,1459
9598,4,1086
9598,5,381
9598,6,34
9599,0,1024
9599,1,3084
9599,2,2532
9599,3,1458
9599,4,1079
9599,5,389
9599,6,32
9599,7,1
9600,0,1031
9600,1,3061
9600,2,2556
9600,3,1434
9600,4,1113
9600,5,366
9600,6,39
9601,0,1078
9601,1,2989
9601,2,2544
9601,3,1489
9601,4,1099
9601,5,362
9601,6,39
9601,7,1
9602,0,1045
9602,1,3072
9602,2,2475
9602,3,1503
9602,4,1103
9602,5,365
9602,6,38
9602,7,1
9603,0,1026
9603,1,3053
9603,2,2548
9603,3,1501
9603,4,1055
9603,5,386
9603,6,33
9603,7,1
9604,0,1040
9604,1,3028
9604,2,2602
9604,3,1425
9604,4,1098
9604,5,368
9604,6,43
9605,0,1043
9605,1,3052
9605,2,2540
9605,3,1450
9605,4,1111
9605,5,375
9605,6,33
9605,7,1
9606,0,1039
9606,1,3074
9606,2,2516
9606,3,1455
9606,4,1127
9606,5,358
9606,6,36
9606,7,1
9607,0,1034
9607,1,3066
9607,2,2544
9607,3,1437
9607,4,1114
9607,5,376
9607,6,36
9608,0,1052
9608,1,3051
9608,2,2533
9608,3,1447
9608,4,1131
9608,5,359
9608,6,34
9608,7,1
9609,0,1013
9609,1,3081
9609,2,2550
9609,3,1455
9609,4,1096
9609,5,374
9609,6,40
9610,0,1057
9610,1,3005
9610,2,2590
9610,3,1477
9610,4,1075
9610,5,367
9610,6,38
9610,7,1
9611,0,1060
9611,1,3036
9611,2,2508
9611,3,1496
9611,4,1095
9611,5,383
9611,6,32
9611,7,1
9612,0,1048
9612,1,3057
9612,2,2508
9612,3,1461
9612,4,1138
9612,5,357
9612,6,43
9613,0,1033
9613,1,3109
9613,2,2507
9613,3,1441
9613,4,1112
9613,5,377
9613,6,32
9613,7,2
9614,0,1066
9614,1,2997
9614,2,2564
9614,3,1498
9614,4,1089
9614,5,357
9614,6,42
9614,7,1
9615,0,1050
9615,1,3027
9615,2,2560
9615,3,1475
9615,4,1098
9615,5,367
9615,6,37
9615,7,1
9616,0,1048
9616,1,3078
9616,2,2501
9616,3,1452
9616,4,1122
9616,5,381
9616,6,34
9617,0,1052
9617,1,3039
9617,2,2528
9617,3,1496
9617,4,1091
9617,5,377
9617,6,34
9618,0,1038
9618,1,3040
9618,2,2586
9618,3,1465
9618,4,1064
9618,5,389
9618,6,33
9618,7,3
9619,0,1045
9619,1,2996
9619,2,2640
9619,3,1420
9619,4,1115
9619,5,362
9619,6,41
9620,0,1072
9620,1,3057
9620,2,2486
9620,3,1476
9620,4,1116
9620,5,381
9620,6,31
9620,7,1
9621,0,1035
9621,1,3094
9621,2,2529
9621,3,1431
9621,4,1120
9621,5,382
9621,6,29
9621,7,1
9622,0,1018
9622,1,3084
9622,2,2544
9622,3,1475
9622,4,1080
9622,5,386
9622,6,35
9623,0,1083
9623,1,2975
9623,2,2576
9623,3,1481
9623,4,1097
9623,5,371
9623,6,39
9623,7,1
9624,0,1057
9624,1,3027
9624,2,2559
9624,3,1474
9624,4,1099
9624,5,372
9624,6,35
9624,7,1
9625,0,1035
9625,1,3054
9625,2,2535
9625,3,1505
9625,4,1098
9625,5,357
9625,6,41
9626,0,1051
9626,1,3025
9626,2,2605
9626,3,1440
9626,4,1100
9626,5,370
9626,6,33
9626,7,2
9627,0,1076
9627,1,2994
9627,2,2576
9627,3,1456
9627,4,1121
9627,5,360
9627,6,43
9627,7,1
9628,0,1051
9628,1,3054
9628,2,2561
9628,3,1434
9628,4,1102
9628,5,391
9628,6,35
9629,0,1055
9629,1,3020
9629,2,2569
9629,3,1464
9629,4,1107
9629,5,383
9629,6,30
9629,7,1
9630,0,1070
9630,1,3023
9630,2,2534
9630,3,1492
9630,4,1105
9630,5,370
9630,6,35
9630,7,1
9631,0,1022
9631,1,3092
9631,2,2520
9631,3,1488
9631,4,1115
9631,5,352
9631,6,41
9631,7,1
9632,0,1066
9632,1,3052
9632,2,2517
9632,3,1481
9632,4,1114
9632,5,365
9632,6,36
9632,7,1
9633,0,1064
9633,1,3015
9633,2,2561
9633,3,1483
9633,4,1100
9633,5,376
9633,6,33
9633,7,1
9634,0,1062
9634,1,3040
9634,2,2539
9634,3,1500
9634,4,1068
9634,5,393
9634,6,31
9634,7,1
9635,0,1073
9635,1,2994
9635,2,2568
9635,3,1487
9635,4,1111
9635,5,358
9635,6,44
9636,0,1005
9636,1,3139
9636,2,2547
9636,3,1424
9636,4,1085
9636,5,403
9636,6,32
9636,7,1
9637,0,1048
9637,1,3024
9637,2,2589
9637,3,1480
9637,4,1093
9637,5,365
9637,6,36
9637,7,2
9638,0,1074
9638,1,3028
9638,2,2506
9638,3,1505
9638,4,1125
9638,5,371
9638,6,26
9638,7,3
9639,0,1059
9639,1,3045
9639,2,2553
9639,3,1455
9639,4,1118
9639,5,372
9639,6,37
9640,0,1028
9640,1,3110
9640,2,2515
9640,3,1472
9640,4,1089
9640,5,390
9640,6,36
9641,0,1057
9641,1,3053
9641,2,2549
9641,3,1435
9641,4,1138
9641,5,375
9641,6,33
9641,7,1
9642,0,1009
9642,1,3123
9642,2,2562
9642,3,1413
9642,4,1123
9642,5,368
9642,6,44
9643,0,1021
9643,1,3111
9643,2,2543
9643,3,1439
9643,4,1119
9643,5,369
9643,6,41
9644,0,1031
9644,1,3080
9644,2,2555
9644,3,1457
9644,4,1114
9644,5,370
9644,6,37
9645,0,1010
9645,1,3091
9645,2,2574
9645,3,1469
9645,4,1082
9645,5,384
9645,6,33
9645,7,2
9646,0,1078
9646,1,3027
9646,2,2542
9646,3,1465
9646,4,1128
9646,5,367
9646,6,38
9646,7,1
9647,0,1029
9647,1,3123
9647,2,2492
9647,3,1487
9647,4,1105
9647,5,375
9647,6,35
9647,7,1
9648,0,1069
9648,1,3004
9648,2,2558
9648,3,1526
9648,4,1082
9648,5,372
9648,6,36
9648,7,1
9649,0,1075
9649,1,3015
9649,2,2549
9649,3,1510
9649,4,1100
9649,5,360
9649,6,40
9650,0,1002
9650,1,3103
9650,2,2575
9650,3,1467
9650,4,1081
9650,5,387
9650,6,35
9651,0,1078
9651,1,2991
9651,2,2611
9651,3,1468
9651,4,1090
9651,5,374
9651,6,39
9652,0,1068
9652,1,3054
9652,2,2506
9652,3,1481
9652,4,1138
9652,5,371
9652,6,31
9652,7,3
9653,0,1063
9653,1,3019
9653,2,2591
9653,3,1468
9653,4,1103
9653,5,370
9653,6,39
9654,0,1035
9654,1,3072
9654,2,2571
9654,3,1478
9654,4,1074
9654,5,391
9654,6,31
9654,7,2
9655,0,1053
9655,1,3106
9655,2,2491
9655,3,1470
9655,4,1122
9655,5,371
9655,6,42
9656,0,1044
9656,1,3059
9656,2,2564
9656,3,1472
9656,4,1119
9656,5,355
9656,6,43
9657,0,1045
9657,1,3054
9657,2,2575
9657,3,1447
9657,4,1126
9657,5,374
9657,6,36
9658,0,1034
9658,1,3097
9658,2,2535
9658,3,1461
9658,4,1116
9658,5,381
9658,6,32
9658,7,2
9659,0,1059
9659,1,3005
9659,2,2624
9659,3,1470
9659,4,1103
9659,5,358
9659,6,39
9659,7,1
9660,0,1073
9660,1,3055
9660,2,2496
9660,3,1515
9660,4,1115
9660,5,365
9660,6,41
9661,0,1076
9661,1,3036
9661,2,2523
9661,3,1514
9661,4,1090
9661,5,389
9661,6,32
9661,7,1
9662,0,1080
9662,1,3003
9662,2,2564
9662,3,1520
9662,4,1085
9662,5,374
9662,6,33
9662,7,3
9663,0,1044
9663,1,3086
9663,2,2531
9663,3,1480
9663,4,1124
9663,5,362
9663,6,35
9663,7,1
9664,0,1033
9664,1,3089
9664,2,2554
9664,3,1485
9664,4,1084
9664,5,381
9664,6,37
9664,7,1
9665,0,1046
9665,1,3059
9665,2,2545
9665,3,1501
9665,4,1111
9665,5,357
9665,6,46
9666,0,1049
9666,1,3060
9666,2,2594
9666,3,1441
9666,4,1095
9666,5,389
9666,6,38
9667,0,1084
9667,1,3033
9667,2,2537
9667,3,1490
9667,4,1098
9667,5,390
9667,6,35
9668,0,1049
9668,1,3071
9668,2,2559
9668,3,1442
9668,4,1140
9668,5,372
9668,6,35
9669,0,1061
9669,1,3008
9669,2,2647
9669,3,1443
9669,4,1093
9669,5,376
9669,6,41
9670,0,1069
9670,1,2969
9670,2,2673
9670,3,1451
9670,4,1096
9670,5,370
9670,6,42
9671,0,1018
9671,1,3125
9671,2,2552
9671,3,1447
9671,4,1115
9671,5,374
9671,6,39
9671,7,1
9672,0,1043
9672,1,3103
9672,2,2507
9672,3,1482
9672,4,1138
9672,5,365
9672,6,32
9672,7,2
9673,0,1057
9673,1,3033
9673,2,2583
9673,3,1492
9673,4,1091
9673,5,385
9673,6,30
9673,7,2
9674,0,1032
9674,1,3108
9674,2,2540
9674,3,1472
9674,4,1112
9674,5,376
9674,6,33
9674,7,1
9675,0,1071
9675,1,3051
9675,2,2545
9675,3,1465
9675,4,1131
9675,5,375
9675,6,36
9675,7,1
9676,0,1054
9676,1,3087
9676,2,2553
9676,3,1459
9676,4,1113
9676,5,370
9676,6,39
9676,7,1
9677,0,1040
9677,1,3075
9677,2,2563
9677,3,1445
9677,4,1147
9677,5,371
9677,6,35
9677,7,1
9678,0,1051
9678,1,3091
9678,2,2517
9678,3,1495
9678,4,1109
9678,5,384
9678,6,30
9678,7,1
9679,0,1031
9679,1,3082
9679,2,2615
9679,3,1418
9679,4,1115
9679,5,376
9679,6,42
9680,0,1047
9680,1,3080
9680,2,2544
9680,3,1511
9680,4,1086
9680,5,374
9680,6,37
9680,7,1
9681,0,1056
9681,1,3067
9681,2,2564
9681,3,1460
9681,4,1096
9681,5,403
9681,6,35
9682,0,1069
9682,1,3043
9682,2,2543
9682,3,1529
9682,4,1098
9682,5,361
9682,6,38
9682,7,1
9683,0,1033
9683,1,3109
9683,2,2536
9683,3,1478
9683,4,1109
9683,5,380
9683,6,37
9683,7,1
9684,0,1032
9684,1,3096
9684,2,2558
9684,3,1471
9684,4,1116
9684,5,376
9684,6,35
9685,0,1101
9685,1,3013
9685,2,2553
9685,3,1493
9685,4,1104
9685,5,383
9685,6,38
9686,0,1043
9686,1,3075
9686,2,2581
9686,3,1460
9686,4,1127
9686,5,362
9686,6,36
9686,7,2
9687,0,1044
9687,1,3117
9687,2,2519
9687,3,1470
9687,4,1105
9687,5,398
9687,6,34
9688,0,1072
9688,1,3038
9688,2,2543
9688,3,1525
9688,4,1100
9688,5,372
9688,6,37
9688,7,1
9689,0,1061
9689,1,3026
9689,2,2606
9689,3,1464
9689,4,1133
9689,5,359
9689,6,40
9690,0,1091
9690,1,3019
9690,2,2542
9690,3,1535
9690,4,1086
9690,5,380
9690,6,36
9690,7,1
9691,0,1065
9691,1,3089
9691,2,2502
9691,3,1485
9691,4,1146
9691,5,361
9691,6,42
9691,7,1
9692,0,1018
9692,1,3112
9692,2,2568
9692,3,1490
9692,4,1109
9692,5,355
9692,6,40
9693,0,1072
9693,1,3023
9693,2,2600
9693,3,1479
9693,4,1112
9693,5,368
9693,6,37
9693,7,2
9694,0,1046
9694,1,3052
9694,2,2599
9694,3,1503
9694,4,1072
9694,5,383
9694,6,39
9695,0,1053
9695,1,3078
9695,2,2563
9695,3,1477
9695,4,1099
9695,5,387
9695,6,37
9695,7,1
9696,0,1104
9696,1,2986
9696,2,2582
9696,3,1505
9696,4,1094
9696,5,387
9696,6,38
9697,0,1044
9697,1,3034
9697,2,2642
9697,3,1475
9697,4,1096
9697,5,365
9697,6,39
9697,7,2
9698,0,1100
9698,1,3047
9698,2,2506
9698,3,1508
9698,4,1118
9698,5,386
9698,6,31
9698,7,2
9699,0,1065
9699,1,3047
9699,2,2580
9699,3,1486
9699,4,1118
9699,5,368
9699,6,34
9699,7,1
9700,0,1073
9700,1,3053
9700,2,2546
9700,3,1507
9700,4,1089
9700,5,392
9700,6,40
9701,0,1019
9701,1,3093
9701,2,2632
9701,3,1444
9701,4,1080
9701,5,399
9701,6,33
9701,7,1
9702,0,1030
9702,1,3129
9702,2,2537
9702,3,1454
9702,4,1140
9702,5,373
9702,6,38
9702,7,1
9703,0,1089
9703,1,2986
9703,2,2624
9703,3,1495
9703,4,1102
9703,5,368
9703,6,39
9704,0,1015
9704,1,3161
9704,2,2532
9704,3,1482
9704,4,1089
9704,5,386
9704,6,39
9705,0,1072
9705,1,3048
9705,2,2595
9705,3,1426
9705,4,1149
9705,5,379
9705,6,35
9705,7,1
9706,0,1070
9706,1,3042
9706,2,2586
9706,3,1475
9706,4,1134
9706,5,353
9706,6,46
9707,0,1062
9707,1,3033
9707,2,2622
9707,3,1467
9707,4,1115
9707,5,369
9707,6,38
9707,7,1
9708,0,1037
9708,1,3130
9708,2,2520
9708,3,1472
9708,4,1138
9708,5,371
9708,6,40
9709,0,1054
9709,1,3088
9709,2,2556
9709,3,1482
9709,4,1114
9709,5,377
9709,6,37
9709,7,1
9710,0,1050
9710,1,3077
9710,2,2592
9710,3,1469
9710,4,1098
9710,5,388
9710,6,36
9711,0,1067
9711,1,3033
9711,2,2590
9711,3,1518
9711,4,1094
9711,5,365
9711,6,44
9712,0,1048
9712,1,3118
9712,2,2523
9712,3,1474
9712,4,1144
9712,5,369
9712,6,34
9712,7,2
9713,0,1049
9713,1,3118
9713,2,2503
9713,3,1513
9713,4,1121
9713,5,374
9713,6,35
9714,0,1065
9714,1,3039
9714,2,2604
9714,3,1483
9714,4,1114
9714,5,375
9714,6,33
9714,7,1
9715,0,1053
9715,1,3082
9715,2,2592
9715,3,1449
9715,4,1097
9715,5,410
9715,6,31
9715,7,1
9716,0,1057
9716,1,3090
9716,2,2549
9716,3,1498
9716,4,1100
9716,5,387
9716,6,34
9716,7,1
9717,0,1056
9717,1,3026
9717,2,2694
9717,3,1408
9717,4,1122
9717,5,368
9717,6,42
9717,7,1
9718,0,1047
9718,1,3063
9718,2,2577
9718,3,1530
9718,4,1097
9718,5,361
9718,6,43
9719,0,1081
9719,1,3048
9719,2,2585
9719,3,1480
9719,4,1102
9719,5,392
9719,6,29
9719,7,2
9720,0,1048
9720,1,3117
9720,2,2499
9720,3,1507
9720,4,1135
9720,5,380
9720,6,33
9720,7,1
9721,0,1096
9721,1,2962
9721,2,2650
9721,3,1530
9721,4,1064
9721,5,374
9721,6,44
9721,7,1
9722,0,1050
9722,1,3075
9722,2,2633
9722,3,1428
9722,4,1127
9722,5,368
9722,6,41
9723,0,1057
9723,1,3103
9723,2,2516
9723,3,1509
9723,4,1113
9723,5,393
9723,6,32
9724,0,1018
9724,1,3133
9724,2,2607
9724,3,1452
9724,4,1087
9724,5,389
9724,6,37
9724,7,1
9725,0,1082
9725,1,3031
9725,2,2588
9725,3,1485
9725,4,1125
9725,5,373
9725,6,41
9726,0,1068
9726,1,3051
9726,2,2619
9726,3,1460
9726,4,1114
9726,5,374
9726,6,40
9727,0,1063
9727,1,3078
9727,2,2546
9727,3,1489
9727,4,1142
9727,5,372
9727,6,35
9727,7,2
9728,0,1045
9728,1,3101
9728,2,2569
9728,3,1487
9728,4,1104
9728,5,389
9728,6,32
9728,7,1
9729,0,1056
9729,1,3113
9729,2,2541
9729,3,1449
9729,4,1173
9729,5,358
9729,6,39
9730,0,1078
9730,1,3063
9730,2,2535
9730,3,1525
9730,4,1117
9730,5,376
9730,6,34
9730,7,2
9731,0,1035
9731,1,3139
9731,2,2526
9731,3,1490
9731,4,1124
9731,5,381
9731,6,35
9731,7,1
9732,0,1059
9732,1,3072
9732,2,2579
9732,3,1516
9732,4,1094
9732,5,367
9732,6,45
9733,0,1081
9733,1,3049
9733,2,2590
9733,3,1475
9733,4,1098
9733,5,408
9733,6,32
9734,0,1058
9734,1,3077
9734,2,2572
9734,3,1503
9734,4,1131
9734,5,355
9734,6,37
9734,7,1
9735,0,1046
9735,1,3112
9735,2,2552
9735,3,1481
9735,4,1123
9735,5,383
9735,6,36
9735,7,2
9736,0,1081
9736,1,3003
9736,2,2660
9736,3,1473
9736,4,1106
9736,5,377
9736,6,35
9736,7,1
9737,0,1099
9737,1,3028
9737,2,2593
9737,3,1452
9737,4,1149
9737,5,382
9737,6,32
9737,7,2
9738,0,1079
9738,1,3028
9738,2,2620
9738,3,1490
9738,4,1104
9738,5,381
9738,6,33
9738,7,3
9739,0,1074
9739,1,3082
9739,2,2534
9739,3,1529
9739,4,1095
9739,5,391
9739,6,34
9740,0,1065
9740,1,3040
9740,2,2616
9740,3,1517
9740,4,1078
9740,5,390
9740,6,32
9740,7,2
9741,0,1081
9741,1,3052
9741,2,2569
9741,3,1494
9741,4,1140
9741,5,365
9741,6,40
9742,0,1072
9742,1,3051
9742,2,2588
9742,3,1518
9742,4,1083
9742,5,393
9742,6,36
9742,7,1
9743,0,1086
9743,1,3051
9743,2,2575
9743,3,1476
9743,4,1156
9743,5,358
9743,6,41
9744,0,1065
9744,1,3060
9744,2,2620
9744,3,1453
9744,4,1147
9744,5,354
9744,6,45
9745,0,1071
9745,1,3091
9745,2,2555
9745,3,1484
9745,4,1125
9745,5,380
9745,6,39
9746,0,1061
9746,1,3067
9746,2,2566
9746,3,1531
9746,4,1115
9746,5,366
9746,6,39
9746,7,1
9747,0,1069
9747,1,3095
9747,2,2555
9747,3,1483
9747,4,1134
9747,5,370
9747,6,41
9748,0,1011
9748,1,3160
9748,2,2555
9748,3,1501
9748,4,1099
9748,5,381
9748,6,41
9749,0,1072
9749,1,3067
9749,2,2584
9749,3,1501
9749,4,1098
9749,5,398
9749,6,26
9749,7,3
9750,0,1064
9750,1,3082
9750,2,2579
9750,3,1473
9750,4,1154
9750,5,360
9750,6,36
9750,7,2
9751,0,1036
9751,1,3105
9751,2,2587
9751,3,1494
9751,4,1107
9751,5,382
9751,6,39
9751,7,1
9752,0,1083
9752,1,3068
9752,2,2576
9752,3,1478
9752,4,1137
9752,5,372
9752,6,38
9753,0,1034
9753,1,3122
9753,2,2594
9753,3,1461
9753,4,1132
9753,5,363
9753,6,47
9754,0,1062
9754,1,3056
9754,2,2647
9754,3,1445
9754,4,1118
9754,5,390
9754,6,36
9755,0,1061
9755,1,3090
9755,2,2582
9755,3,1484
9755,4,1110
9755,5,394
9755,6,33
9755,7,1
9756,0,1081
9756,1,3060
9756,2,2596
9756,3,1478
9756,4,1126
9756,5,376
9756,6,39
9757,0,1078
9757,1,3040
9757,2,2587
9757,3,1555
9757,4,1078
9757,5,378
9757,6,40
9757,7,1
9758,0,1062
9758,1,3101
9758,2,2547
9758,3,1502
9758,4,1148
9758,5,354
9758,6,44
9759,0,1039
9759,1,3119
9759,2,2602
9759,3,1469
9759,4,1102
9759,5,385
9759,6,43
9760,0,1072
9760,1,3074
9760,2,2579
9760,3,1484
9760,4,1150
9760,5,360
9760,6,41
9761,0,1072
9761,1,3067
9761,2,2574
9761,3,1536
9761,4,1088
9761,5,387
9761,6,36
9761,7,1
9762,0,1078
9762,1,3067
9762,2,2557
9762,3,1526
9762,4,1121
9762,5,373
9762,6,38
9762,7,2
9763,0,1024
9763,1,3133
9763,2,2631
9763,3,1452
9763,4,1087
9763,5,403
9763,6,32
9763,7,1
9764,0,1067
9764,1,3102
9764,2,2545
9764,3,1504
9764,4,1121
9764,5,392
9764,6,32
9764,7,1
9765,0,1048
9765,1,3115
9765,2,2554
9765,3,1535
9765,4,1112
9765,5,357
9765,6,43
9765,7,1
9766,0,1078
9766,1,3057
9766,2,2583
9766,3,1493
9766,4,1156
9766,5,361
9766,6,37
9766,7,1
9767,0,1069
9767,1,3114
9767,2,2515
9767,3,1524
9767,4,1127
9767,5,383
9767,6,33
9767,7,2
9768,0,1094
9768,1,3055
9768,2,2558
9768,3,1532
9768,4,1119
9768,5,370
9768,6,39
9768,7,1
9769,0,1061
9769,1,3101
9769,2,2553
9769,3,1520
9769,4,1126
9769,5,367
9769,6,41
9770,0,1086
9770,1,3067
9770,2,2557
9770,3,1508
9770,4,1167
9770,5,340
9770,6,45
9771,0,1076
9771,1,3052
9771,2,2618
9771,3,1498
9771,4,1110
9771,5,373
9771,6,44
9772,0,1050
9772,1,3118
9772,2,2579
9772,3,1480
9772,4,1118
9772,5,391
9772,6,35
9772,7,1
9773,0,1095
9773,1,3033
9773,2,2580
9773,3,1541
9773,4,1109
9773,5,380
9773,6,34
9773,7,1
9774,0,1062
9774,1,3084
9774,2,2586
9774,3,1512
9774,4,1118
9774,5,375
9774,6,35
9774,7,2
9775,0,1057
9775,1,3123
9775,2,2549
9775,3,1505
9775,4,1115
9775,5,388
9775,6,37
9775,7,1
9776,0,1054
9776,1,3113
9776,2,2592
9776,3,1473
9776,4,1138
9776,5,368
9776,6,37
9776,7,1
9777,0,1056
9777,1,3108
9777,2,2564
9777,3,1512
9777,4,1123
9777,5,373
9777,6,40
9777,7,1
9778,0,1052
9778,1,3117
9778,2,2599
9778,3,1452
9778,4,1129
9778,5,390
9778,6,39
9779,0,1059
9779,1,3120
9779,2,2557
9779,3,1493
9779,4,1152
9779,5,356
9779,6,41
9779,7,1
9780,0,1049
9780,1,3094
9780,2,2646
9780,3,1460
9780,4,1096
9780,5,394
9780,6,40
9780,7,1
9781,0,1089
9781,1,3066
9781,2,2579
9781,3,1493
9781,4,1128
9781,5,387
9781,6,38
9781,7,1
9782,0,1025
9782,1,3129
9782,2,2594
9782,3,1509
9782,4,1123
9782,5,365
9782,6,36
9782,7,1
9783,0,1054
9783,1,3160
9783,2,2524
9783,3,1466
9783,4,1165
9783,5,375
9783,6,39
9784,0,1047
9784,1,3092
9784,2,2616
9784,3,1530
9784,4,1069
9784,5,391
9784,6,39
9785,0,1061
9785,1,3108
9785,2,2546
9785,3,1545
9785,4,1110
9785,5,376
9785,6,38
9785,7,1
9786,0,1077
9786,1,3116
9786,2,2552
9786,3,1465
9786,4,1175
9786,5,358
9786,6,43
9787,0,1048
9787,1,3101
9787,2,2589
9787,3,1531
9787,4,1104
9787,5,377
9787,6,35
9787,7,2
9788,0,1085
9788,1,3074
9788,2,2560
9788,3,1521
9788,4,1128
9788,5,385
9788,6,35
9789,0,1081
9789,1,3065
9789,2,2638
9789,3,1479
9789,4,1090
9789,5,393
9789,6,43
9790,0,1083
9790,1,3042
9790,2,2611
9790,3,1520
9790,4,1118
9790,5,380
9790,6,34
9790,7,2
9791,0,1068
9791,1,3060
9791,2,2643
9791,3,1493
9791,4,1114
9791,5,371
9791,6,41
9791,7,1
9792,0,1080
9792,1,3107
9792,2,2570
9792,3,1467
9792,4,1144
9792,5,393
9792,6,31
9793,0,1075
9793,1,3074
9793,2,2598
9793,3,1513
9793,4,1115
9793,5,375
9793,6,42
9793,7,1
9794,0,1050
9794,1,3140
9794,2,2546
9794,3,1510
9794,4,1114
9794,5,397
9794,6,37
9795,0,1082
9795,1,3043
9795,2,2641
9795,3,1497
9795,4,1129
9795,5,361
9795,6,41
9795,7,1
9796,0,1090
9796,1,3090
9796,2,2558
9796,3,1513
9796,4,1121
9796,5,386
9796,6,37
9796,7,1
9797,0,1066
9797,1,3126
9797,2,2534
9797,3,1500
9797,4,1158
9797,5,374
9797,6,39
9798,0,1039
9798,1,3138
9798,2,2609
9798,3,1462
9798,4,1141
9798,5,368
9798,6,41
9799,0,1070
9799,1,3110
9799,2,2507
9799,3,1558
9799,4,1166
9799,5,348
9799,6,38
9799,7,2
9800,0,1044
9800,1,3142
9800,2,2584
9800,3,1501
9800,4,1106
9800,5,381
9800,6,42
9801,0,1051
9801,1,3101
9801,2,2651
9801,3,1447
9801,4,1121
9801,5,389
9801,6,41
9802,0,1069
9802,1,3073
9802,2,2609
9802,3,1532
9802,4,1108
9802,5,368
9802,6,41
9802,7,2
9803,0,1076
9803,1,3073
9803,2,2600
9803,3,1519
9803,4,1119
9803,5,380
9803,6,34
9803,7,2
9804,0,1058
9804,1,3118
9804,2,2614
9804,3,1446
9804,4,1148
9804,5,382
9804,6,38
9805,0,1075
9805,1,3067
9805,2,2600
9805,3,1541
9805,4,1110
9805,5,372
9805,6,38
9805,7,2
9806,0,1100
9806,1,3035
9806,2,2632
9806,3,1508
9806,4,1104
9806,5,390
9806,6,37
9807,0,1035
9807,1,3154
9807,2,2590
9807,3,1485
9807,4,1106
9807,5,399
9807,6,37
9807,7,1
9808,0,1015
9808,1,3158
9808,2,2638
9808,3,1461
9808,4,1119
9808,5,381
9808,6,35
9808,7,1
9809,0,1058
9809,1,3133
9809,2,2583
9809,3,1446
9809,4,1166
9809,5,390
9809,6,31
9809,7,2
9810,0,1073
9810,1,3090
9810,2,2594
9810,3,1506
9810,4,1130
9810,5,378
9810,6,39
9811,0,1093
9811,1,3077
9811,2,2599
9811,3,1489
9811,4,1135
9811,5,380
9811,6,37
9811,7,1
9812,0,1056
9812,1,3123
9812,2,2563
9812,3,1538
9812,4,1117
9812,5,377
9812,6,38
9813,0,1060
9813,1,3087
9813,2,2626
9813,3,1503
9813,4,1127
9813,5,367
9813,6,41
9813,7,2
9814,0,1068
9814,1,3131
9814,2,2591
9814,3,1442
9814,4,1144
9814,5,401
9814,6,37
9815,0,1066
9815,1,3133
9815,2,2533
9815,3,1522
9815,4,1161
9815,5,364
9815,6,35
9815,7,1
9816,0,1051
9816,1,3144
9816,2,2568
9816,3,1511
9816,4,1132
9816,5,365
9816,6,45
9817,0,1102
9817,1,3056
9817,2,2613
9817,3,1467
9817,4,1166
9817,5,373
9817,6,40
9818,0,1085
9818,1,3056
9818,2,2602
9818,3,1550
9818,4,1119
9818,5,362
9818,6,43
9818,7,1
9819,0,1064
9819,1,3131
9819,2,2552
9819,3,1529
9819,4,1118
9819,5,389
9819,6,35
9819,7,1
9820,0,1044
9820,1,3159
9820,2,2568
9820,3,1500
9820,4,1132
9820,5,379
9820,6,37
9820,7,1
9821,0,1076
9821,1,3097
9821,2,2602
9821,3,1476
9821,4,1145
9821,5,383
9821,6,42
9822,0,1057
9822,1,3119
9822,2,2604
9822,3,1507
9822,4,1121
9822,5,370
9822,6,44
9823,0,1055
9823,1,3138
9823,2,2593
9823,3,1486
9823,4,1129
9823,5,386
9823,6,35
9823,7,1
9824,0,1042
9824,1,3119
9824,2,2652
9824,3,1473
9824,4,1086
9824,5,419
9824,6,33
9825,0,1076
9825,1,3102
9825,2,2569
9825,3,1544
9825,4,1110
9825,5,390
9825,6,31
9825,7,3
9826,0,1099
9826,1,3078
9826,2,2571
9826,3,1544
9826,4,1108
9826,5,389
9826,6,35
9826,7,2
9827,0,1066
9827,1,3065
9827,2,2653
9827,3,1516
9827,4,1126
9827,5,357
9827,6,44
9828,0,1082
9828,1,3078
9828,2,2618
9828,3,1519
9828,4,1096
9828,5,399
9828,6,35
9828,7,1
9829,0,1098
9829,1,3066
9829,2,2592
9829,3,1499
9829,4,1158
9829,5,382
9829,6,33
9829,7,1
9830,0,1083
9830,1,3121
9830,2,2566
9830,3,1504
9830,4,1129
9830,5,384
9830,6,43
9831,0,1078
9831,1,3083
9831,2,2601
9831,3,1532
9831,4,1111
9831,5,387
9831,6,38
9831,7,1
9832,0,1080
9832,1,3066
9832,2,2634
9832,3,1495
9832,4,1153
9832,5,358
9832,6,45
9832,7,1
9833,0,1083
9833,1,3077
9833,2,2616
9833,3,1509
9833,4,1138
9833,5,374
9833,6,36
9834,0,1051
9834,1,3169
9834,2,2564
9834,3,1481
9834,4,1146
9834,5,387
9834,6,34
9834,7,2
9835,0,1025
9835,1,3166
9835,2,2612
9835,3,1511
9835,4,1097
9835,5,388
9835,6,34
9835,7,2
9836,0,1099
9836,1,3082
9836,2,2554
9836,3,1550
9836,4,1124
9836,5,389
9836,6,38
9837,0,1070
9837,1,3109
9837,2,2603
9837,3,1510
9837,4,1124
9837,5,384
9837,6,36
9837,7,1
9838,0,1085
9838,1,3072
9838,2,2631
9838,3,1508
9838,4,1117
9838,5,384
9838,6,40
9838,7,1
9839,0,1088
9839,1,3105
9839,2,2555
9839,3,1514
9839,4,1172
9839,5,367
9839,6,37
9839,7,1
9840,0,1046
9840,1,3128
9840,2,2614
9840,3,1512
9840,4,1123
9840,5,373
9840,6,43
9840,7,1
9841,0,1069
9841,1,3110
9841,2,2626
9841,3,1470
9841,4,1151
9841,5,372
9841,6,43
9842,0,1071
9842,1,3141
9842,2,2598
9842,3,1479
9842,4,1114
9842,5,405
9842,6,34
9843,0,1037
9843,1,3162
9843,2,2605
9843,3,1468
9843,4,1128
9843,5,410
9843,6,33
9844,0,1072
9844,1,3106
9844,2,2611
9844,3,1519
9844,4,1109
9844,5,393
9844,6,31
9844,7,3
9845,0,1073
9845,1,3084
9845,2,2627
9845,3,1546
9845,4,1089
9845,5,386
9845,6,38
9845,7,2
9846,0,1089
9846,1,3095
9846,2,2585
9846,3,1514
9846,4,1159
9846,5,360
9846,6,44
9847,0,1087
9847,1,3074
9847,2,2622
9847,3,1522
9847,4,1115
9847,5,384
9847,6,43
9848,0,1103
9848,1,3040
9848,2,2634
9848,3,1528
9848,4,1117
9848,5,389
9848,6,37
9849,0,1054
9849,1,3132
9849,2,2632
9849,3,1485
9849,4,1118
9849,5,391
9849,6,36
9849,7,1
9850,0,1072
9850,1,3122
9850,2,2598
9850,3,1511
9850,4,1104
9850,5,407
9850,6,34
9850,7,2
9851,0,1092
9851,1,3063
9851,2,2615
9851,3,1532
9851,4,1134
9851,5,381
9851,6,33
9851,7,1
9852,0,1044
9852,1,3169
9852,2,2591
9852,3,1474
9852,4,1158
9852,5,380
9852,6,35
9852,7,1
9853,0,1066
9853,1,3145
9853,2,2565
9853,3,1520
9853,4,1130
9853,5,390
9853,6,36
9853,7,1
9854,0,1076
9854,1,3099
9854,2,2620
9854,3,1520
9854,4,1110
9854,5,392
9854,6,36
9854,7,1
9855,0,1047
9855,1,3124
9855,2,2669
9855,3,1456
9855,4,1150
9855,5,362
9855,6,46
9855,7,1
9856,0,1085
9856,1,3123
9856,2,2582
9856,3,1489
9856,4,1148
9856,5,391
9856,6,37
9856,7,1
9857,0,1051
9857,1,3172
9857,2,2575
9857,3,1490
9857,4,1145
9857,5,390
9857,6,34
9858,0,1025
9858,1,3211
9858,2,2543
9858,3,1516
9858,4,1156
9858,5,364
9858,6,42
9858,7,1
9859,0,1042
9859,1,3155
9859,2,2631
9859,3,1482
9859,4,1114
9859,5,400
9859,6,34
9859,7,1
9860,0,1068
9860,1,3111
9860,2,2640
9860,3,1468
9860,4,1165
9860,5,365
9860,6,41
9860,7,2
9861,0,1117
9861,1,3040
9861,2,2601
9861,3,1549
9861,4,1142
9861,5,377
9861,6,34
9861,7,1
9862,0,1062
9862,1,3167
9862,2,2552
9862,3,1492
9862,4,1180
9862,5,372
9862,6,37
9863,0,1083
9863,1,3115
9863,2,2603
9863,3,1498
9863,4,1138
9863,5,388
9863,6,37
9863,7,1
9864,0,1076
9864,1,3100
9864,2,2599
9864,3,1551
9864,4,1122
9864,5,378
9864,6,38
9865,0,1058
9865,1,3148
9865,2,2604
9865,3,1492
9865,4,1142
9865,5,376
9865,6,44
9865,7,1
9866,0,1061
9866,1,3162
9866,2,2581
9866,3,1493
9866,4,1152
9866,5,379
9866,6,38
9867,0,1079
9867,1,3108
9867,2,2610
9867,3,1519
9867,4,1126
9867,5,383
9867,6,41
9867,7,1
9868,0,1075
9868,1,3123
9868,2,2546
9868,3,1585
9868,4,1132
9868,5,367
9868,6,39
9868,7,1
9869,0,1089
9869,1,3084
9869,2,2636
9869,3,1522
9869,4,1100
9869,5,402
9869,6,35
9869,7,1
9870,0,1058
9870,1,3122
9870,2,2657
9870,3,1467
9870,4,1133
9870,5,393
9870,6,39
9870,7,1
9871,0,1080
9871,1,3078
9871,2,2647
9871,3,1535
9871,4,1111
9871,5,384
9871,6,35
9871,7,1
9872,0,1111
9872,1,3063
9872,2,2637
9872,3,1486
9872,4,1139
9872,5,403
9872,6,33
9873,0,1075
9873,1,3114
9873,2,2610
9873,3,1518
9873,4,1138
9873,5,375
9873,6,41
9873,7,2
9874,0,1114
9874,1,3045
9874,2,2634
9874,3,1528
9874,4,1131
9874,5,384
9874,6,37
9874,7,1
9875,0,1077
9875,1,3090
9875,2,2637
9875,3,1537
9875,4,1114
9875,5,383
9875,6,37
9876,0,1106
9876,1,3061
9876,2,2647
9876,3,1515
9876,4,1117
9876,5,385
9876,6,44
9876,7,1
9877,0,1094
9877,1,3095
9877,2,2583
9877,3,1548
9877,4,1131
9877,5,391
9877,6,34
9877,7,1
9878,0,1077
9878,1,3142
9878,2,2584
9878,3,1503
9878,4,1141
9878,5,400
9878,6,28
9878,7,3
9879,0,1077
9879,1,3108
9879,2,2597
9879,3,1564
9879,4,1125
9879,5,367
9879,6,41
9880,0,1062
9880,1,3152
9880,2,2592
9880,3,1519
9880,4,1114
9880,5,406
9880,6,34
9880,7,1
9881,0,1079
9881,1,3102
9881,2,2647
9881,3,1502
9881,4,1136
9881,5,371
9881,6,44
9882,0,1087
9882,1,3106
9882,2,2613
9882,3,1516
9882,4,1142
9882,5,372
9882,6,45
9882,7,1
9883,0,1053
9883,1,3143
9883,2,2642
9883,3,1478
9883,4,1147
9883,5,379
9883,6,40
9883,7,1
9884,0,1057
9884,1,3152
9884,2,2573
9884,3,1570
9884,4,1110
9884,5,381
9884,6,40
9884,7,1
9885,0,1097
9885,1,3110
9885,2,2592
9885,3,1539
9885,4,1098
9885,5,418
9885,6,29
9885,7,2
9886,0,1071
9886,1,3139
9886,2,2577
9886,3,1545
9886,4,1134
9886,5,384
9886,6,35
9886,7,1
9887,0,1060
9887,1,3156
9887,2,2610
9887,3,1474
9887,4,1166
9887,5,381
9887,6,39
9887,7,1
9888,0,1104
9888,1,3100
9888,2,2592
9888,3,1525
9888,4,1154
9888,5,376
9888,6,37
9889,0,1069
9889,1,3081
9889,2,2680
9889,3,1509
9889,4,1145
9889,5,359
9889,6,46
9890,0,1117
9890,1,3091
9890,2,2600
9890,3,1498
9890,4,1148
9890,5,402
9890,6,34
9891,0,1050
9891,1,3139
9891,2,2677
9891,3,1460
9891,4,1118
9891,5,411
9891,6,35
9891,7,1
9892,0,1056
9892,1,3127
9892,2,2634
9892,3,1537
9892,4,1118
9892,5,377
9892,6,42
9892,7,1
9893,0,1062
9893,1,3166
9893,2,2576
9893,3,1537
9893,4,1122
9893,5,396
9893,6,32
9893,7,2
9894,0,1113
9894,1,3071
9894,2,2621
9894,3,1525
9894,4,1151
9894,5,374
9894,6,38
9894,7,1
9895,0,1128
9895,1,3001
9895,2,2691
9895,3,1543
9895,4,1115
9895,5,372
9895,6,45
9896,0,1043
9896,1,3141
9896,2,2650
9896,3,1512
9896,4,1127
9896,5,379
9896,6,44
9897,0,1080
9897,1,3124
9897,2,2604
9897,3,1523
9897,4,1156
9897,5,365
9897,6,44
9897,7,1
9898,0,1067
9898,1,3187
9898,2,2565
9898,3,1497
9898,4,1150
9898,5,398
9898,6,34
9899,0,1046
9899,1,3171
9899,2,2615
9899,3,1522
9899,4,1108
9899,5,405
9899,6,29
9899,7,3
9900,0,1072
9900,1,3123
9900,2,2639
9900,3,1510
9900,4,1134
9900,5,383
9900,6,38
9900,7,1
9901,0,1026
9901,1,3182
9901,2,2663
9901,3,1459
9901,4,1122
9901,5,411
9901,6,38
9902,0,1101
9902,1,3115
9902,2,2593
9902,3,1531
9902,4,1138
9902,5,383
9902,6,41
9903,0,1074
9903,1,3152
9903,2,2593
9903,3,1501
9903,4,1159
9903,5,387
9903,6,36
9903,7,1
9904,0,1057
9904,1,3168
9904,2,2620
9904,3,1484
9904,4,1148
9904,5,392
9904,6,33
9904,7,2
9905,0,1063
9905,1,3128
9905,2,2606
9905,3,1587
9905,4,1101
9905,5,380
9905,6,39
9905,7,1
9906,0,1073
9906,1,3183
9906,2,2540
9906,3,1517
9906,4,1190
9906,5,362
9906,6,40
9906,7,1
9907,0,1045
9907,1,3212
9907,2,2585
9907,3,1486
9907,4,1150
9907,5,386
9907,6,43
9908,0,1080
9908,1,3102
9908,2,2636
9908,3,1546
9908,4,1127
9908,5,375
9908,6,41
9908,7,1
9909,0,1081
9909,1,3115
9909,2,2648
9909,3,1493
9909,4,1153
9909,5,371
9909,6,48
9910,0,1116
9910,1,3048
9910,2,2658
9910,3,1546
9910,4,1108
9910,5,391
9910,6,42
9910,7,1
9911,0,1057
9911,1,3179
9911,2,2589
9911,3,1502
9911,4,1162
9911,5,386
9911,6,36
9912,0,1084
9912,1,3110
9912,2,2653
9912,3,1514
9912,4,1138
9912,5,368
9912,6,45
9913,0,1109
9913,1,3103
9913,2,2577
9913,3,1544
9913,4,1155
9913,5,390
9913,6,34
9913,7,1
9914,0,1049
9914,1,3189
9914,2,2606
9914,3,1496
9914,4,1151
9914,5,380
9914,6,42
9914,7,1
9915,0,1060
9915,1,3147
9915,2,2630
9915,3,1528
9915,4,1128
9915,5,385
9915,6,36
9915,7,1
9916,0,1083
9916,1,3144
9916,2,2596
9916,3,1511
9916,4,1140
9916,5,409
9916,6,31
9916,7,2
9917,0,1093
9917,1,3067
9917,2,2684
9917,3,1537
9917,4,1117
9917,5,379
9917,6,39
9917,7,1
9918,0,1090
9918,1,3120
9918,2,2607
9918,3,1539
9918,4,1138
9918,5,388
9918,6,35
9918,7,1
9919,0,1057
9919,1,3135
9919,2,2695
9919,3,1495
9919,4,1093
9919,5,402
9919,6,41
9919,7,1
9920,0,1091
9920,1,3100
9920,2,2636
9920,3,1522
9920,4,1143
9920,5,393
9920,6,34
9920,7,1
9921,0,1096
9921,1,3105
9921,2,2663
9921,3,1491
9921,4,1126
9921,5,400
9921,6,40
9922,0,1087
9922,1,3125
9922,2,2600
9922,3,1545
9922,4,1139
9922,5,389
9922,6,36
9922,7,1
9923,0,1065
9923,1,3128
9923,2,2692
9923,3,1488
9923,4,1119
9923,5,389
9923,6,42
9924,0,1076
9924,1,3173
9924,2,2569
9924,3,1514
9924,4,1168
9924,5,384
9924,6,39
9924,7,1
9925,0,1107
9925,1,3087
9925,2,2639
9925,3,1535
9925,4,1113
9925,5,407
9925,6,36
9925,7,1
9926,0,1100
9926,1,3081
9926,2,2661
9926,3,1533
9926,4,1123
9926,5,394
9926,6,33
9926,7,1
9927,0,1072
9927,1,3146
9927,2,2628
9927,3,1494
9927,4,1164
9927,5,379
9927,6,42
9927,7,2
9928,0,1098
9928,1,3097
9928,2,2631
9928,3,1557
9928,4,1121
9928,5,386
9928,6,38
9929,0,1058
9929,1,3139
9929,2,2654
9929,3,1536
9929,4,1109
9929,5,397
9929,6,35
9929,7,1
9930,0,1103
9930,1,3095
9930,2,2620
9930,3,1529
9930,4,1182
9930,5,355
9930,6,44
9930,7,2
9931,0,1052
9931,1,3186
9931,2,2627
9931,3,1531
9931,4,1105
9931,5,391
9931,6,37
9931,7,2
9932,0,1103
9932,1,3091
9932,2,2612
9932,3,1564
9932,4,1127
9932,5,398
9932,6,37
9933,0,1038
9933,1,3215
9933,2,2634
9933,3,1446
9933,4,1176
9933,5,382
9933,6,42
9934,0,1066
9934,1,3195
9934,2,2581
9934,3,1517
9934,4,1141
9934,5,389
9934,6,45
9935,0,1081
9935,1,3138
9935,2,2640
9935,3,1493
9935,4,1148
9935,5,402
9935,6,33
9936,0,1067
9936,1,3139
9936,2,2653
9936,3,1511
9936,4,1134
9936,5,395
9936,6,35
9936,7,2
9937,0,1060
9937,1,3162
9937,2,2665
9937,3,1476
9937,4,1132
9937,5,403
9937,6,38
9937,7,1
9938,0,1028
9938,1,3231
9938,2,2610
9938,3,1507
9938,4,1116
9938,5,412
9938,6,33
9938,7,1
9939,0,1077
9939,1,3155
9939,2,2591
9939,3,1542
9939,4,1166
9939,5,367
9939,6,40
9939,7,1
9940,0,1095
9940,1,3112
9940,2,2644
9940,3,1530
9940,4,1130
9940,5,387
9940,6,41
9940,7,1
9941,0,1118
9941,1,3095
9941,2,2582
9941,3,1577
9941,4,1151
9941,5,384
9941,6,33
9941,7,1
9942,0,1045
9942,1,3211
9942,2,2595
9942,3,1513
9942,4,1149
9942,5,391
9942,6,35
9942,7,3
9943,0,1082
9943,1,3165
9943,2,2602
9943,3,1521
9943,4,1132
9943,5,403
9943,6,38
9944,0,1068
9944,1,3145
9944,2,2666
9944,3,1485
9944,4,1162
9944,5,382
9944,6,34
9944,7,2
9945,0,1060
9945,1,3160
9945,2,2640
9945,3,1539
9945,4,1122
9945,5,375
9945,6,49
9946,0,1066
9946,1,3193
9946,2,2570
9946,3,1534
9946,4,1158
9946,5,388
9946,6,37
9947,0,1046
9947,1,3238
9947,2,2580
9947,3,1472
9947,4,1191
9947,5,378
9947,6,42
9948,0,1068
9948,1,3157
9948,2,2635
9948,3,1529
9948,4,1126
9948,5,396
9948,6,36
9948,7,1
9949,0,1095
9949,1,3143
9949,2,2615
9949,3,1502
9949,4,1172
9949,5,386
9949,6,34
9949,7,2
9950,0,1117
9950,1,3063
9950,2,2646
9950,3,1573
9950,4,1101
9950,5,416
9950,6,34
9951,0,1117
9951,1,3077
9951,2,2674
9951,3,1512
9951,4,1152
9951,5,377
9951,6,42
9952,0,1075
9952,1,3112
9952,2,2665
9952,3,1543
9952,4,1133
9952,5,380
9952,6,44
9953,0,1093
9953,1,3134
9953,2,2634
9953,3,1499
9953,4,1197
9953,5,355
9953,6,40
9953,7,1
9954,0,1058
9954,1,3162
9954,2,2651
9954,3,1525
9954,4,1113
9954,5,402
9954,6,43
9955,0,1063
9955,1,3159
9955,2,2690
9955,3,1474
9955,4,1126
9955,5,403
9955,6,39
9955,7,1
9956,0,1101
9956,1,3124
9956,2,2625
9956,3,1514
9956,4,1164
9956,5,392
9956,6,35
9956,7,1
9957,0,1083
9957,1,3130
9957,2,2650
9957,3,1538
9957,4,1139
9957,5,376
9957,6,39
9957,7,2
9958,0,1079
9958,1,3148
9958,2,2612
9958,3,1562
9958,4,1132
9958,5,379
9958,6,46
9959,0,1058
9959,1,3192
9959,2,2626
9959,3,1493
9959,4,1177
9959,5,370
9959,6,42
9959,7,1
9960,0,1041
9960,1,3218
9960,2,2608
9960,3,1518
9960,4,1142
9960,5,398
9960,6,34
9960,7,1
9961,0,1111
9961,1,3083
9961,2,2697
9961,3,1505
9961,4,1131
9961,5,393
9961,6,39
9961,7,2
9962,0,1056
9962,1,3204
9962,2,2583
9962,3,1548
9962,4,1143
9962,5,390
9962,6,37
9962,7,1
9963,0,1046
9963,1,3205
9963,2,2641
9963,3,1482
9963,4,1147
9963,5,408
9963,6,33
9963,7,1
9964,0,1080
9964,1,3162
9964,2,2626
9964,3,1514
9964,4,1155
9964,5,391
9964,6,34
9964,7,2
9965,0,1052
9965,1,3161
9965,2,2677
9965,3,1522
9965,4,1128
9965,5,383
9965,6,41
9965,7,1
9966,0,1125
9966,1,3118
9966,2,2597
9966,3,1519
9966,4,1179
9966,5,395
9966,6,32
9966,7,1
9967,0,1095
9967,1,3095
9967,2,2669
9967,3,1553
9967,4,1145
9967,5,361
9967,6,49
9968,0,1083
9968,1,3174
9968,2,2617
9968,3,1487
9968,4,1174
9968,5,398
9968,6,34
9968,7,1
9969,0,1083
9969,1,3144
9969,2,2654
9969,3,1520
9969,4,1130
9969,5,400
9969,6,38
9970,0,1066
9970,1,3151
9970,2,2652
9970,3,1554
9970,4,1120
9970,5,385
9970,6,41
9970,7,1
9971,0,1049
9971,1,3189
9971,2,2671
9971,3,1474
9971,4,1160
9971,5,387
9971,6,40
9971,7,1
9972,0,1092
9972,1,3172
9972,2,2577
9972,3,1542
9972,4,1169
9972,5,381
9972,6,37
9972,7,2
9973,0,1123
9973,1,3065
9973,2,2650
9973,3,1580
9973,4,1138
9973,5,372
9973,6,45
9974,0,1084
9974,1,3165
9974,2,2605
9974,3,1537
9974,4,1159
9974,5,382
9974,6,42
9975,0,1069
9975,1,3189
9975,2,2609
9975,3,1528
9975,4,1138
9975,5,401
9975,6,41
9976,0,1076
9976,1,3170
9976,2,2642
9976,3,1516
9976,4,1154
9976,5,378
9976,6,39
9976,7,1
9977,0,1094
9977,1,3158
9977,2,2589
9977,3,1546
9977,4,1185
9977,5,357
9977,6,48
9978,0,1100
9978,1,3144
9978,2,2598
9978,3,1576
9978,4,1126
9978,5,395
9978,6,38
9978,7,1
9979,0,1093
9979,1,3095
9979,2,2704
9979,3,1519
9979,4,1138
9979,5,390
9979,6,40
9980,0,1168
9980,1,3009
9980,2,2664
9980,3,1565
9980,4,1144
9980,5,395
9980,6,33
9980,7,2
9981,0,1075
9981,1,3175
9981,2,2632
9981,3,1510
9981,4,1159
9981,5,389
9981,6,41
9982,0,1079
9982,1,3156
9982,2,2643
9982,3,1531
9982,4,1173
9982,5,351
9982,6,49
9983,0,1064
9983,1,3195
9983,2,2634
9983,3,1485
9983,4,1180
9983,5,383
9983,6,42
9984,0,1062
9984,1,3202
9984,2,2603
9984,3,1523
9984,4,1183
9984,5,369
9984,6,42
9985,0,1095
9985,1,3118
9985,2,2666
9985,3,1529
9985,4,1147
9985,5,390
9985,6,37
9985,7,3
9986,0,1073
9986,1,3218
9986,2,2597
9986,3,1500
9986,4,1168
9986,5,392
9986,6,38
9987,0,1053
9987,1,3247
9987,2,2555
9987,3,1541
9987,4,1158
9987,5,395
9987,6,37
9987,7,1
9988,0,1100
9988,1,3105
9988,2,2669
9988,3,1542
9988,4,1152
9988,5,379
9988,6,41
9989,0,1049
9989,1,3202
9989,2,2630
9989,3,1565
9989,4,1125
9989,5,371
9989,6,47
9990,0,1098
9990,1,3156
9990,2,2603
9990,3,1563
9990,4,1138
9990,5,398
9990,6,32
9990,7,2
9991,0,1086
9991,1,3151
9991,2,2653
9991,3,1511
9991,4,1154
9991,5,395
9991,6,40
9991,7,1
9992,0,1078
9992,1,3144
9992,2,2684
9992,3,1499
9992,4,1171
9992,5,371
9992,6,45
9993,0,1107
9993,1,3134
9993,2,2642
9993,3,1519
9993,4,1154
9993,5,398
9993,6,38
9993,7,1
9994,0,1090
9994,1,3106
9994,2,2698
9994,3,1551
9994,4,1124
9994,5,387
9994,6,37
9994,7,1
9995,0,1089
9995,1,3171
9995,2,2599
9995,3,1547
9995,4,1144
9995,5,413
9995,6,30
9995,7,2
9996,0,1094
9996,1,3152
9996,2,2646
9996,3,1504
9996,4,1184
9996,5,375
9996,6,41
9997,0,1087
9997,1,3175
9997,2,2659
9997,3,1489
9997,4,1136
9997,5,415
9997,6,35
9997,7,1
9998,0,1105
9998,1,3111
9998,2,2648
9998,3,1567
9998,4,1151
9998,5,375
9998,6,40
9998,7,1
9999,0,1077
9999,1,3196
9999,2,2613
9999,3,1511
9999,4,1176
9999,5,387
9999,6,38
9999,7,1
10000,0,1081
10000,1,3169
10000,2,2639
10000,3,1540
10000,4,1121
10000,5,412
10000,6,38
