model,trial,seed,worst_start,max_R,band,actual_weighted_mass,actual_intersections,count_j1,weighted_j1,count_j2,weighted_j2,count_j3,weighted_j3,count_j4,weighted_j4,count_j5,weighted_j5
genuine,0,0,449021,19.538984077823596,d<=n,399.80000000001263,2218,945,945.0,789,-736.399999999989,326,260.80000000000155,131,-78.59999999999997,27,8.999999999999998
genuine,0,0,449021,19.538984077823596,n<d<=n^2,-18.133333333329986,1173,0,0.0,281,-262.26666666666733,456,364.800000000003,285,-170.9999999999991,151,50.333333333333414
genuine,0,0,449021,19.538984077823596,n^2<d<(n+1)^2,8.600000000000005,72,0,0.0,0,0.0,21,16.800000000000004,27,-16.199999999999996,24,7.9999999999999964
genuine,0,0,449021,19.538984077823596,(n+1)^2<=d<=n^3,0.0,0,0,0.0,0,0.0,0,0.0,0,0.0,0,0.0
genuine,0,0,449021,19.538984077823596,n^3<d<=n^4,0.0,0,0,0.0,0,0.0,0,0.0,0,0.0,0,0.0
genuine,0,0,449021,19.538984077823596,d>n^4,0.0,0,0,0.0,0,0.0,0,0.0,0,0.0,0,0.0
uniform,1,13429448149543749704,979412,109.47231741115694,d<=n,415.13333333334754,2279,956,956.0,812,-757.8666666666544,356,284.8000000000019,128,-76.79999999999998,27,8.999999999999998
uniform,1,13429448149543749704,979412,109.47231741115694,n<d<=n^2,1.1333333333351732,2209,0,0.0,331,-308.9333333333342,639,511.2000000000051,658,-394.80000000000354,581,193.6666666666678
uniform,1,13429448149543749704,979412,109.47231741115694,n^2<d<(n+1)^2,0.0,0,0,0.0,0,0.0,0,0.0,0,0.0,0,0.0
uniform,1,13429448149543749704,979412,109.47231741115694,(n+1)^2<=d<=n^3,52.533333333334085,796,0,0.0,0,0.0,68,54.399999999999935,262,-157.19999999999922,466,155.33333333333337
uniform,1,13429448149543749704,979412,109.47231741115694,n^3<d<=n^4,11.400000000000004,37,0,0.0,0,0.0,0,0.0,1,-0.6,36,12.000000000000004
uniform,1,13429448149543749704,979412,109.47231741115694,d>n^4,0.0,0,0,0.0,0,0.0,0,0.0,0,0.0,0,0.0
uniform,2,654489455647505135,103865,177.67231741115694,d<=n,422.4666666666826,2302,935,935.0,834,-778.3999999999866,415,332.00000000000256,113,-67.80000000000007,5,1.6666666666666665
uniform,2,654489455647505135,103865,177.67231741115694,n<d<=n^2,67.66666666665657,2987,0,0.0,285,-266.0000000000007,609,487.20000000000476,912,-547.2000000000093,1181,393.66666666666174
uniform,2,654489455647505135,103865,177.67231741115694,n^2<d<(n+1)^2,0.0,0,0,0.0,0,0.0,0,0.0,0,0.0,0,0.0
uniform,2,654489455647505135,103865,177.67231741115694,(n+1)^2<=d<=n^3,53.06666666666651,512,0,0.0,0,0.0,64,51.199999999999946,158,-94.79999999999981,290,96.66666666666637
uniform,2,654489455647505135,103865,177.67231741115694,n^3<d<=n^4,5.2,38,0,0.0,0,0.0,0,0.0,8,-4.8,30,10.0
uniform,2,654489455647505135,103865,177.67231741115694,d>n^4,0.0,0,0,0.0,0,0.0,0,0.0,0,0.0,0,0.0
uniform,3,6618614526801382215,738247,285.53898407782356,d<=n,374.6666666666845,2286,939,939.0,877,-818.5333333333176,379,303.20000000000215,85,-51.00000000000008,6,1.9999999999999998
uniform,3,6618614526801382215,738247,285.53898407782356,n<d<=n^2,-6.933333333343171,2595,0,0.0,282,-263.20000000000067,769,615.1999999999992,936,-561.6000000000098,608,202.66666666666805
uniform,3,6618614526801382215,738247,285.53898407782356,n^2<d<(n+1)^2,0.0,0,0,0.0,0,0.0,0,0.0,0,0.0,0,0.0
uniform,3,6618614526801382215,738247,285.53898407782356,(n+1)^2<=d<=n^3,254.1999999999919,1863,0,0.0,0,0.0,24,19.200000000000006,405,-242.9999999999984,1434,477.9999999999903
uniform,3,6618614526801382215,738247,285.53898407782356,n^3<d<=n^4,34.3333333333333,103,0,0.0,0,0.0,0,0.0,0,0.0,103,34.3333333333333
uniform,3,6618614526801382215,738247,285.53898407782356,d>n^4,0.0,0,0,0.0,0,0.0,0,0.0,0,0.0,0,0.0
uniform,4,16383558136999202022,575694,98.3389840778236,d<=n,402.46666666668176,2210,959,959.0,836,-780.2666666666531,335,268.00000000000165,76,-45.600000000000065,4,1.3333333333333333
uniform,4,16383558136999202022,575694,98.3389840778236,n<d<=n^2,-12.399999999998613,1952,0,0.0,305,-284.6666666666674,619,495.2000000000049,606,-363.60000000000235,422,140.6666666666663
uniform,4,16383558136999202022,575694,98.3389840778236,n^2<d<(n+1)^2,0.0,0,0,0.0,0,0.0,0,0.0,0,0.0,0,0.0
uniform,4,16383558136999202022,575694,98.3389840778236,(n+1)^2<=d<=n^3,75.00000000000036,680,0,0.0,0,0.0,35,28.000000000000014,180,-107.99999999999969,465,155.00000000000003
uniform,4,16383558136999202022,575694,98.3389840778236,n^3<d<=n^4,4.0,12,0,0.0,0,0.0,0,0.0,0,0.0,12,4.0
uniform,4,16383558136999202022,575694,98.3389840778236,d>n^4,0.0,0,0,0.0,0,0.0,0,0.0,0,0.0,0,0.0
uniform,5,11972638422273130425,679958,81.47231741115694,d<=n,419.06666666668326,2233,969,969.0,860,-802.6666666666518,353,282.40000000000185,50,-30.00000000000003,1,0.3333333333333333
uniform,5,11972638422273130425,679958,81.47231741115694,n<d<=n^2,-46.46666666666411,1749,0,0.0,305,-284.6666666666674,641,512.8000000000051,581,-348.6000000000018,222,74.00000000000003
uniform,5,11972638422273130425,679958,81.47231741115694,n^2<d<(n+1)^2,0.0,0,0,0.0,0,0.0,0,0.0,0,0.0,0,0.0
uniform,5,11972638422273130425,679958,81.47231741115694,(n+1)^2<=d<=n^3,46.266666666669096,997,0,0.0,0,0.0,63,50.39999999999995,338,-202.7999999999988,596,198.66666666666794
uniform,5,11972638422273130425,679958,81.47231741115694,n^3<d<=n^4,33.333333333333336,128,0,0.0,0,0.0,0,0.0,10,-5.999999999999999,118,39.333333333333336
uniform,5,11972638422273130425,679958,81.47231741115694,d>n^4,0.0,0,0,0.0,0,0.0,0,0.0,0,0.0,0,0.0
uniform,6,9422953212362058280,662698,120.7389840778236,d<=n,420.66666666668186,2243,950,950.0,830,-774.6666666666534,371,296.80000000000206,88,-52.80000000000008,4,1.3333333333333333
uniform,6,9422953212362058280,662698,120.7389840778236,n<d<=n^2,-50.20000000000451,2461,0,0.0,317,-295.86666666666747,691,552.8000000000028,848,-508.80000000000786,605,201.66666666666802
uniform,6,9422953212362058280,662698,120.7389840778236,n^2<d<(n+1)^2,0.0,0,0,0.0,0,0.0,0,0.0,0,0.0,0,0.0
uniform,6,9422953212362058280,662698,120.7389840778236,(n+1)^2<=d<=n^3,118.60000000000161,822,0,0.0,0,0.0,41,32.80000000000001,187,-112.19999999999965,594,198.00000000000125
uniform,6,9422953212362058280,662698,120.7389840778236,n^3<d<=n^4,2.4,10,0,0.0,0,0.0,0,0.0,1,-0.6,9,3.0
uniform,6,9422953212362058280,662698,120.7389840778236,d>n^4,0.0,0,0,0.0,0,0.0,0,0.0,0,0.0,0,0.0
uniform,7,14313603868592645910,410631,175.9389840778236,d<=n,442.4666666666813,2241,976,976.0,823,-768.1333333333205,353,282.40000000000185,83,-49.800000000000075,6,1.9999999999999998
uniform,7,14313603868592645910,410631,175.9389840778236,n<d<=n^2,-57.200000000000244,2227,0,0.0,356,-332.2666666666676,651,520.8000000000046,699,-419.40000000000447,521,173.66666666666723
uniform,7,14313603868592645910,410631,175.9389840778236,n^2<d<(n+1)^2,0.0,0,0,0.0,0,0.0,0,0.0,0,0.0,0,0.0
uniform,7,14313603868592645910,410631,175.9389840778236,(n+1)^2<=d<=n^3,135.00000000000267,1259,0,0.0,0,0.0,76,60.79999999999991,343,-205.79999999999876,840,280.00000000000153
uniform,7,14313603868592645910,410631,175.9389840778236,n^3<d<=n^4,26.39999999999996,110,0,0.0,0,0.0,0,0.0,11,-6.599999999999999,99,32.99999999999996
uniform,7,14313603868592645910,410631,175.9389840778236,d>n^4,0.0,0,0,0.0,0,0.0,0,0.0,0,0.0,0,0.0
uniform,8,6063938839846445032,412571,176.60565074449028,d<=n,384.13333333334793,2185,932,932.0,826,-770.9333333333203,337,269.60000000000167,82,-49.200000000000074,8,2.6666666666666665
uniform,8,6063938839846445032,412571,176.60565074449028,n<d<=n^2,7.599999999999824,2150,0,0.0,261,-243.60000000000062,643,514.400000000005,727,-436.2000000000051,519,173.00000000000054
uniform,8,6063938839846445032,412571,176.60565074449028,n^2<d<(n+1)^2,0.0,0,0,0.0,0,0.0,0,0.0,0,0.0,0,0.0
uniform,8,6063938839846445032,412571,176.60565074449028,(n+1)^2<=d<=n^3,119.20000000000203,1262,0,0.0,0,0.0,40,32.000000000000014,343,-205.79999999999876,879,293.0000000000008
uniform,8,6063938839846445032,412571,176.60565074449028,n^3<d<=n^4,36.400000000000006,126,0,0.0,0,0.0,0,0.0,6,-3.6,120,40.00000000000001
uniform,8,6063938839846445032,412571,176.60565074449028,d>n^4,0.0,0,0,0.0,0,0.0,0,0.0,0,0.0,0,0.0
uniform,9,2174959700052425482,539336,94.00565074449027,d<=n,416.0666666666814,2206,950,950.0,825,-769.999999999987,348,278.4000000000018,75,-45.000000000000064,8,2.6666666666666665
uniform,9,2174959700052425482,539336,94.00565074449027,n<d<=n^2,-40.79999999999902,1826,0,0.0,288,-268.8000000000007,560,448.0000000000042,585,-351.0000000000019,393,130.99999999999935
uniform,9,2174959700052425482,539336,94.00565074449027,n^2<d<(n+1)^2,0.0,0,0,0.0,0,0.0,0,0.0,0,0.0,0,0.0
uniform,9,2174959700052425482,539336,94.00565074449027,(n+1)^2<=d<=n^3,76.33333333333363,670,0,0.0,0,0.0,33,26.400000000000013,174,-104.39999999999972,463,154.33333333333334
uniform,9,2174959700052425482,539336,94.00565074449027,n^3<d<=n^4,13.133333333333342,45,0,0.0,0,0.0,0,0.0,2,-1.2,43,14.333333333333341
uniform,9,2174959700052425482,539336,94.00565074449027,d>n^4,0.0,0,0,0.0,0,0.0,0,0.0,0,0.0,0,0.0
uniform,10,14048621895664392185,14323,173.5389840778236,d<=n,408.1333333333485,2380,967,967.0,823,-768.1333333333205,369,295.20000000000203,171,-102.59999999999974,50,16.666666666666675
uniform,10,14048621895664392185,14323,173.5389840778236,n<d<=n^2,71.1999999999959,2606,0,0.0,291,-271.6000000000007,545,436.00000000000404,732,-439.2000000000052,1038,345.9999999999978
uniform,10,14048621895664392185,14323,173.5389840778236,n^2<d<(n+1)^2,0.0,0,0,0.0,0,0.0,0,0.0,0,0.0,0,0.0
uniform,10,14048621895664392185,14323,173.5389840778236,(n+1)^2<=d<=n^3,64.19999999999973,376,0,0.0,0,0.0,27,21.60000000000001,79,-47.40000000000007,270,89.9999999999998
uniform,10,14048621895664392185,14323,173.5389840778236,n^3<d<=n^4,0.7333333333333333,5,0,0.0,0,0.0,0,0.0,1,-0.6,4,1.3333333333333333
uniform,10,14048621895664392185,14323,173.5389840778236,d>n^4,0.0,0,0,0.0,0,0.0,0,0.0,0,0.0,0,0.0
uniform,11,1242139564026159251,387762,174.87231741115693,d<=n,424.13333333334646,2132,934,934.0,797,-743.8666666666552,337,269.60000000000167,61,-36.600000000000044,3,1.0
uniform,11,1242139564026159251,387762,174.87231741115693,n<d<=n^2,-46.79999999999748,1698,0,0.0,290,-270.66666666666737,602,481.6000000000047,564,-338.4000000000014,242,80.6666666666666
uniform,11,1242139564026159251,387762,174.87231741115693,n^2<d<(n+1)^2,0.0,0,0,0.0,0,0.0,0,0.0,0,0.0,0,0.0
uniform,11,1242139564026159251,387762,174.87231741115693,(n+1)^2<=d<=n^3,99.13333333333426,1444,0,0.0,0,0.0,59,47.19999999999996,439,-263.39999999999856,946,315.33333333333286
uniform,11,1242139564026159251,387762,174.87231741115693,n^3<d<=n^4,69.13333333333337,227,0,0.0,0,0.0,0,0.0,7,-4.2,220,73.33333333333337
uniform,11,1242139564026159251,387762,174.87231741115693,d>n^4,0.0,0,0,0.0,0,0.0,0,0.0,0,0.0,0,0.0
uniform,12,8707273500827646467,621174,95.3389840778236,d<=n,404.8666666666814,2182,938,938.0,826,-770.9333333333203,347,277.6000000000018,68,-40.800000000000054,3,1.0
uniform,12,8707273500827646467,621174,95.3389840778236,n<d<=n^2,-37.666666666662834,1544,0,0.0,278,-259.4666666666673,563,450.40000000000424,496,-297.59999999999985,207,69.0000000000001
uniform,12,8707273500827646467,621174,95.3389840778236,n^2<d<(n+1)^2,0.0,0,0,0.0,0,0.0,0,0.0,0,0.0,0,0.0
uniform,12,8707273500827646467,621174,95.3389840778236,(n+1)^2<=d<=n^3,51.266666666668925,984,0,0.0,0,0.0,69,55.19999999999993,331,-198.59999999999883,584,194.66666666666782
uniform,12,8707273500827646467,621174,95.3389840778236,n^3<d<=n^4,46.26666666666682,206,0,0.0,0,0.0,0,0.0,24,-14.399999999999995,182,60.66666666666682
uniform,12,8707273500827646467,621174,95.3389840778236,d>n^4,1.3333333333333333,4,0,0.0,0,0.0,0,0.0,0,0.0,4,1.3333333333333333
uniform,13,14075945122134914314,350838,101.3389840778236,d<=n,408.7333333333477,2169,937,937.0,819,-764.3999999999874,345,276.00000000000176,67,-40.20000000000005,1,0.3333333333333333
uniform,13,14075945122134914314,350838,101.3389840778236,n<d<=n^2,-31.33333333333455,1958,0,0.0,323,-301.4666666666675,685,548.0000000000031,637,-382.20000000000306,313,104.33333333333293
uniform,13,14075945122134914314,350838,101.3389840778236,n^2<d<(n+1)^2,0.0,0,0,0.0,0,0.0,0,0.0,0,0.0,0,0.0
uniform,13,14075945122134914314,350838,101.3389840778236,(n+1)^2<=d<=n^3,71.93333333333607,1004,0,0.0,0,0.0,53,42.39999999999998,308,-184.79999999999896,643,214.33333333333505
uniform,13,14075945122134914314,350838,101.3389840778236,n^3<d<=n^4,22.733333333333306,85,0,0.0,0,0.0,0,0.0,6,-3.6,79,26.333333333333307
uniform,13,14075945122134914314,350838,101.3389840778236,d>n^4,0.0,0,0,0.0,0,0.0,0,0.0,0,0.0,0,0.0
uniform,14,16601869682840745810,489901,95.80565074449026,d<=n,404.7333333333467,2140,915,915.0,800,-746.666666666655,349,279.2000000000018,73,-43.80000000000006,3,1.0
uniform,14,16601869682840745810,489901,95.80565074449026,n<d<=n^2,-26.26666666666611,1869,0,0.0,244,-227.7333333333339,523,418.4000000000038,626,-375.6000000000028,476,158.6666666666668
uniform,14,16601869682840745810,489901,95.80565074449026,n^2<d<(n+1)^2,0.0,0,0,0.0,0,0.0,0,0.0,0,0.0,0,0.0
uniform,14,16601869682840745810,489901,95.80565074449026,(n+1)^2<=d<=n^3,85.53333333333308,594,0,0.0,0,0.0,31,24.80000000000001,136,-81.59999999999994,427,142.333333333333
uniform,14,16601869682840745810,489901,95.80565074449026,n^3<d<=n^4,2.533333333333333,16,0,0.0,0,0.0,0,0.0,3,-1.7999999999999998,13,4.333333333333333
uniform,14,16601869682840745810,489901,95.80565074449026,d>n^4,0.0,0,0,0.0,0,0.0,0,0.0,0,0.0,0,0.0
uniform,15,6125273720180884520,395275,94.9389840778236,d<=n,422.9333333333473,2285,958,958.0,807,-753.199999999988,364,291.200000000002,134,-80.39999999999995,22,7.33333333333333
uniform,15,6125273720180884520,395275,94.9389840778236,n<d<=n^2,33.20000000000414,2103,0,0.0,294,-274.4000000000007,479,383.2000000000033,556,-333.6000000000012,774,258.0000000000028
uniform,15,6125273720180884520,395275,94.9389840778236,n^2<d<(n+1)^2,0.0,0,0,0.0,0,0.0,0,0.0,0,0.0,0,0.0
uniform,15,6125273720180884520,395275,94.9389840778236,(n+1)^2<=d<=n^3,9.666666666666622,162,0,0.0,0,0.0,33,26.400000000000013,64,-38.40000000000005,65,21.666666666666657
uniform,15,6125273720180884520,395275,94.9389840778236,n^3<d<=n^4,-0.1333333333333333,8,0,0.0,0,0.0,0,0.0,3,-1.7999999999999998,5,1.6666666666666665
uniform,15,6125273720180884520,395275,94.9389840778236,d>n^4,0.0,0,0,0.0,0,0.0,0,0.0,0,0.0,0,0.0
uniform,16,17650198933150359458,338675,101.5389840778236,d<=n,385.80000000001957,2336,947,947.0,904,-843.7333333333162,407,325.60000000000247,74,-44.40000000000006,4,1.3333333333333333
uniform,16,17650198933150359458,338675,101.5389840778236,n<d<=n^2,-10.600000000010795,2664,0,0.0,306,-285.60000000000076,789,631.1999999999983,942,-565.2000000000099,627,209.00000000000156
uniform,16,17650198933150359458,338675,101.5389840778236,n^2<d<(n+1)^2,0.0,0,0,0.0,0,0.0,0,0.0,0,0.0,0,0.0
uniform,16,17650198933150359458,338675,101.5389840778236,(n+1)^2<=d<=n^3,95.40000000000086,716,0,0.0,0,0.0,23,18.400000000000006,165,-98.99999999999977,528,176.00000000000063
uniform,16,17650198933150359458,338675,101.5389840778236,n^3<d<=n^4,1.6666666666666665,5,0,0.0,0,0.0,0,0.0,0,0.0,5,1.6666666666666665
uniform,16,17650198933150359458,338675,101.5389840778236,d>n^4,0.0,0,0,0.0,0,0.0,0,0.0,0,0.0,0,0.0
uniform,17,17052203730736473688,15852,100.5389840778236,d<=n,431.40000000001385,2199,955,955.0,810,-755.9999999999878,346,276.8000000000018,79,-47.40000000000007,9,3.0
uniform,17,17052203730736473688,15852,100.5389840778236,n<d<=n^2,-16.799999999998334,2193,0,0.0,310,-289.3333333333341,565,452.00000000000426,663,-397.80000000000365,655,218.33333333333516
uniform,17,17052203730736473688,15852,100.5389840778236,n^2<d<(n+1)^2,0.0,0,0,0.0,0,0.0,0,0.0,0,0.0,0,0.0
uniform,17,17052203730736473688,15852,100.5389840778236,(n+1)^2<=d<=n^3,56.1999999999998,394,0,0.0,0,0.0,41,32.80000000000001,101,-60.6000000000001,252,83.99999999999989
uniform,17,17052203730736473688,15852,100.5389840778236,n^3<d<=n^4,0.46666666666666656,7,0,0.0,0,0.0,0,0.0,2,-1.2,5,1.6666666666666665
uniform,17,17052203730736473688,15852,100.5389840778236,d>n^4,0.0,0,0,0.0,0,0.0,0,0.0,0,0.0,0,0.0
uniform,18,8057768030829828420,962306,101.40565074449027,d<=n,429.733333333348,2337,949,949.0,808,-754.1333333333213,399,319.2000000000024,155,-92.99999999999983,26,8.666666666666664
uniform,18,8057768030829828420,962306,101.40565074449027,n<d<=n^2,1.2000000000027455,2122,0,0.0,297,-277.2000000000007,515,412.0000000000037,611,-366.60000000000247,699,233.00000000000225
uniform,18,8057768030829828420,962306,101.40565074449027,n^2<d<(n+1)^2,0.0,0,0,0.0,0,0.0,0,0.0,0,0.0,0,0.0
uniform,18,8057768030829828420,962306,101.40565074449027,(n+1)^2<=d<=n^3,40.26666666666664,384,0,0.0,0,0.0,44,35.2,116,-69.60000000000005,224,74.66666666666669
uniform,18,8057768030829828420,962306,101.40565074449027,n^3<d<=n^4,0.9333333333333336,14,0,0.0,0,0.0,0,0.0,4,-2.4,10,3.3333333333333335
uniform,18,8057768030829828420,962306,101.40565074449027,d>n^4,0.0,0,0,0.0,0,0.0,0,0.0,0,0.0,0,0.0
uniform,19,17892911531743763324,858649,170.7389840778236,d<=n,411.66666666668283,2305,952,952.0,846,-789.5999999999859,382,305.6000000000022,105,-63.00000000000011,20,6.666666666666664
uniform,19,17892911531743763324,858649,170.7389840778236,n<d<=n^2,-68.0666666666678,1997,0,0.0,286,-266.933333333334,614,491.2000000000048,705,-423.0000000000046,392,130.666666666666
uniform,19,17892911531743763324,858649,170.7389840778236,n^2<d<(n+1)^2,0.0,0,0,0.0,0,0.0,0,0.0,0,0.0,0,0.0
uniform,19,17892911531743763324,858649,170.7389840778236,(n+1)^2<=d<=n^3,180.3999999999999,1307,0,0.0,0,0.0,37,29.600000000000016,292,-175.19999999999905,978,325.9999999999989
uniform,19,17892911531743763324,858649,170.7389840778236,n^3<d<=n^4,17.46666666666667,58,0,0.0,0,0.0,0,0.0,2,-1.2,56,18.666666666666668
uniform,19,17892911531743763324,858649,170.7389840778236,d>n^4,0.0,0,0,0.0,0,0.0,0,0.0,0,0.0,0,0.0
uniform,20,17808163220771216140,283868,92.80565074449026,d<=n,404.73333333334955,2414,942,942.0,834,-778.3999999999866,411,328.8000000000025,175,-104.99999999999972,52,17.33333333333334
uniform,20,17808163220771216140,283868,92.80565074449026,n<d<=n^2,30.53333333333623,2117,0,0.0,274,-255.733333333334,525,420.0000000000038,614,-368.40000000000254,704,234.66666666666896
uniform,20,17808163220771216140,283868,92.80565074449026,n^2<d<(n+1)^2,0.0,0,0,0.0,0,0.0,0,0.0,0,0.0,0,0.0
uniform,20,17808163220771216140,283868,92.80565074449026,(n+1)^2<=d<=n^3,26.266666666666723,279,0,0.0,0,0.0,25,20.000000000000007,84,-50.40000000000008,170,56.66666666666679
uniform,20,17808163220771216140,283868,92.80565074449026,n^3<d<=n^4,1.9999999999999998,6,0,0.0,0,0.0,0,0.0,0,0.0,6,1.9999999999999998
uniform,20,17808163220771216140,283868,92.80565074449026,d>n^4,0.0,0,0,0.0,0,0.0,0,0.0,0,0.0,0,0.0
uniform,21,5053919419842168106,204702,162.27231741115693,d<=n,410.73333333334665,2146,936,936.0,802,-748.5333333333216,331,264.8000000000016,72,-43.20000000000006,5,1.6666666666666665
uniform,21,5053919419842168106,204702,162.27231741115693,n<d<=n^2,-56.33333333333303,1883,0,0.0,288,-268.8000000000007,562,449.60000000000423,623,-373.80000000000274,410,136.66666666666617
uniform,21,5053919419842168106,204702,162.27231741115693,n^2<d<(n+1)^2,0.0,0,0,0.0,0,0.0,0,0.0,0,0.0,0,0.0
uniform,21,5053919419842168106,204702,162.27231741115693,(n+1)^2<=d<=n^3,134.4000000000028,1197,0,0.0,0,0.0,57,45.599999999999966,312,-187.19999999999894,828,276.00000000000176
uniform,21,5053919419842168106,204702,162.27231741115693,n^3<d<=n^4,44.200000000000095,169,0,0.0,0,0.0,0,0.0,13,-7.799999999999998,156,52.00000000000009
uniform,21,5053919419842168106,204702,162.27231741115693,d>n^4,0.0,0,0,0.0,0,0.0,0,0.0,0,0.0,0,0.0
uniform,22,5268627978043286199,654668,171.60565074449028,d<=n,393.9333333333505,2451,950,950.0,848,-791.4666666666525,420,336.0000000000026,191,-114.59999999999962,42,14.000000000000007
uniform,22,5268627978043286199,654668,171.60565074449028,n<d<=n^2,29.066666666666436,2451,0,0.0,289,-269.73333333333403,578,462.4000000000044,741,-444.6000000000054,843,281.0000000000015
uniform,22,5268627978043286199,654668,171.60565074449028,n^2<d<(n+1)^2,0.0,0,0,0.0,0,0.0,0,0.0,0,0.0,0,0.0
uniform,22,5268627978043286199,654668,171.60565074449028,(n+1)^2<=d<=n^3,114.26666666666837,858,0,0.0,0,0.0,54,43.199999999999974,211,-126.59999999999951,593,197.6666666666679
uniform,22,5268627978043286199,654668,171.60565074449028,n^3<d<=n^4,5.066666666666665,32,0,0.0,0,0.0,0,0.0,6,-3.6,26,8.666666666666664
uniform,22,5268627978043286199,654668,171.60565074449028,d>n^4,0.0,0,0,0.0,0,0.0,0,0.0,0,0.0,0,0.0
uniform,23,17810266434497161093,645652,102.5389840778236,d<=n,417.0000000000147,2192,939,939.0,824,-769.0666666666538,355,284.0000000000019,66,-39.60000000000005,8,2.6666666666666665
uniform,23,17810266434497161093,645652,102.5389840778236,n<d<=n^2,-57.400000000000546,1905,0,0.0,295,-275.33333333333405,659,527.2000000000043,671,-402.60000000000383,280,93.33333333333309
uniform,23,17810266434497161093,645652,102.5389840778236,n^2<d<(n+1)^2,0.0,0,0,0.0,0,0.0,0,0.0,0,0.0,0,0.0
uniform,23,17810266434497161093,645652,102.5389840778236,(n+1)^2<=d<=n^3,103.9333333333363,981,0,0.0,0,0.0,30,24.00000000000001,254,-152.39999999999927,697,232.33333333333556
uniform,23,17810266434497161093,645652,102.5389840778236,n^3<d<=n^4,9.733333333333334,32,0,0.0,0,0.0,0,0.0,1,-0.6,31,10.333333333333334
uniform,23,17810266434497161093,645652,102.5389840778236,d>n^4,0.0,0,0,0.0,0,0.0,0,0.0,0,0.0,0,0.0
uniform,24,5457879368817183138,877150,181.00565074449025,d<=n,418.13333333334924,2271,955,955.0,842,-785.8666666666528,377,301.6000000000021,91,-54.60000000000009,6,1.9999999999999998
uniform,24,5457879368817183138,877150,181.00565074449025,n<d<=n^2,-54.80000000000075,2099,0,0.0,295,-275.33333333333405,624,499.20000000000493,720,-432.00000000000495,460,153.33333333333331
uniform,24,5457879368817183138,877150,181.00565074449025,n^2<d<(n+1)^2,0.0,0,0,0.0,0,0.0,0,0.0,0,0.0,0,0.0
uniform,24,5457879368817183138,877150,181.00565074449025,(n+1)^2<=d<=n^3,129.40000000000256,1294,0,0.0,0,0.0,79,63.1999999999999,363,-217.79999999999865,852,284.0000000000013
uniform,24,5457879368817183138,877150,181.00565074449025,n^3<d<=n^4,57.66666666666672,243,0,0.0,0,0.0,0,0.0,25,-14.999999999999995,218,72.66666666666671
uniform,24,5457879368817183138,877150,181.00565074449025,d>n^4,1.3333333333333333,4,0,0.0,0,0.0,0,0.0,0,0.0,4,1.3333333333333333
uniform,25,14522195495049473902,190083,69.00565074449027,d<=n,420.53333333334587,2114,943,943.0,791,-738.2666666666555,313,250.4000000000014,61,-36.600000000000044,6,1.9999999999999998
uniform,25,14522195495049473902,190083,69.00565074449027,n<d<=n^2,-40.59999999999695,1676,0,0.0,304,-283.7333333333341,575,460.0000000000044,517,-310.20000000000033,280,93.33333333333309
uniform,25,14522195495049473902,190083,69.00565074449027,n^2<d<(n+1)^2,0.0,0,0,0.0,0,0.0,0,0.0,0,0.0,0,0.0
uniform,25,14522195495049473902,190083,69.00565074449027,(n+1)^2<=d<=n^3,48.06666666666746,756,0,0.0,0,0.0,41,32.80000000000001,239,-143.39999999999935,476,158.6666666666668
uniform,25,14522195495049473902,190083,69.00565074449027,n^3<d<=n^4,11.733333333333338,38,0,0.0,0,0.0,0,0.0,1,-0.6,37,12.333333333333337
uniform,25,14522195495049473902,190083,69.00565074449027,d>n^4,0.0,0,0,0.0,0,0.0,0,0.0,0,0.0,0,0.0
uniform,26,15164071724502618051,677986,101.60565074449026,d<=n,411.60000000001565,2212,937,937.0,838,-782.1333333333197,370,296.00000000000205,66,-39.60000000000005,1,0.3333333333333333
uniform,26,15164071724502618051,677986,101.60565074449026,n<d<=n^2,-37.266666666668954,2167,0,0.0,295,-275.33333333333405,665,532.000000000004,746,-447.60000000000554,461,153.66666666666666
uniform,26,15164071724502618051,677986,101.60565074449026,n^2<d<(n+1)^2,0.0,0,0,0.0,0,0.0,0,0.0,0,0.0,0,0.0
uniform,26,15164071724502618051,677986,101.60565074449026,(n+1)^2<=d<=n^3,92.33333333333516,858,0,0.0,0,0.0,39,31.200000000000017,227,-136.19999999999942,592,197.33333333333456
uniform,26,15164071724502618051,677986,101.60565074449026,n^3<d<=n^4,5.666666666666665,17,0,0.0,0,0.0,0,0.0,0,0.0,17,5.666666666666665
uniform,26,15164071724502618051,677986,101.60565074449026,d>n^4,0.0,0,0,0.0,0,0.0,0,0.0,0,0.0,0,0.0
uniform,27,1095734666785547918,536500,172.1389840778236,d<=n,423.6666666666801,2129,947,947.0,806,-752.2666666666547,324,259.2000000000015,51,-30.60000000000003,1,0.3333333333333333
uniform,27,1095734666785547918,536500,172.1389840778236,n<d<=n^2,-69.3333333333336,1958,0,0.0,304,-283.7333333333341,594,475.2000000000046,658,-394.80000000000354,402,133.99999999999943
uniform,27,1095734666785547918,536500,172.1389840778236,n^2<d<(n+1)^2,0.0,0,0,0.0,0,0.0,0,0.0,0,0.0,0,0.0
uniform,27,1095734666785547918,536500,172.1389840778236,(n+1)^2<=d<=n^3,169.9333333333348,1242,0,0.0,0,0.0,59,47.19999999999996,291,-174.59999999999906,892,297.3333333333339
uniform,27,1095734666785547918,536500,172.1389840778236,n^3<d<=n^4,17.599999999999977,92,0,0.0,0,0.0,0,0.0,14,-8.399999999999999,78,25.999999999999975
uniform,27,1095734666785547918,536500,172.1389840778236,d>n^4,1.0,3,0,0.0,0,0.0,0,0.0,0,0.0,3,1.0
uniform,28,8831732822205739675,879909,171.40565074449026,d<=n,409.0666666666835,2292,943,943.0,855,-797.9999999999854,395,316.00000000000233,91,-54.60000000000009,8,2.6666666666666665
uniform,28,8831732822205739675,879909,171.40565074449026,n<d<=n^2,-33.200000000000244,2015,0,0.0,296,-276.2666666666674,643,514.400000000005,675,-405.0000000000039,401,133.6666666666661
uniform,28,8831732822205739675,879909,171.40565074449026,n^2<d<(n+1)^2,0.0,0,0,0.0,0,0.0,0,0.0,0,0.0,0,0.0
uniform,28,8831732822205739675,879909,171.40565074449026,(n+1)^2<=d<=n^3,117.93333333333561,1345,0,0.0,0,0.0,76,60.79999999999991,392,-235.19999999999848,877,292.33333333333417
uniform,28,8831732822205739675,879909,171.40565074449026,n^3<d<=n^4,48.00000000000013,186,0,0.0,0,0.0,0,0.0,15,-8.999999999999998,171,57.00000000000013
uniform,28,8831732822205739675,879909,171.40565074449026,d>n^4,0.3333333333333333,1,0,0.0,0,0.0,0,0.0,0,0.0,1,0.3333333333333333
uniform,29,2060645563191172025,266232,99.07231741115693,d<=n,408.86666666668077,2225,972,972.0,820,-765.3333333333206,322,257.6000000000015,99,-59.4000000000001,12,4.0
uniform,29,2060645563191172025,266232,99.07231741115693,n<d<=n^2,-25.93333333333203,2011,0,0.0,343,-320.13333333333424,645,516.0000000000049,603,-361.8000000000023,420,139.9999999999996
uniform,29,2060645563191172025,266232,99.07231741115693,n^2<d<(n+1)^2,0.0,0,0,0.0,0,0.0,0,0.0,0,0.0,0,0.0
uniform,29,2060645563191172025,266232,99.07231741115693,(n+1)^2<=d<=n^3,79.46666666666745,748,0,0.0,0,0.0,46,36.8,205,-122.99999999999955,497,165.666666666667
uniform,29,2060645563191172025,266232,99.07231741115693,n^3<d<=n^4,7.399999999999997,25,0,0.0,0,0.0,0,0.0,1,-0.6,24,7.9999999999999964
uniform,29,2060645563191172025,266232,99.07231741115693,d>n^4,0.0,0,0,0.0,0,0.0,0,0.0,0,0.0,0,0.0
uniform,30,10005628822224780695,626593,100.3389840778236,d<=n,385.06666666668434,2293,944,944.0,874,-815.7333333333178,381,304.80000000000217,85,-51.00000000000008,9,3.0
uniform,30,10005628822224780695,626593,100.3389840778236,n<d<=n^2,15.599999999997095,2390,0,0.0,281,-262.26666666666733,687,549.600000000003,799,-479.40000000000674,623,207.6666666666682
uniform,30,10005628822224780695,626593,100.3389840778236,n^2<d<(n+1)^2,0.0,0,0,0.0,0,0.0,0,0.0,0,0.0,0,0.0
uniform,30,10005628822224780695,626593,100.3389840778236,(n+1)^2<=d<=n^3,69.39999999999978,589,0,0.0,0,0.0,18,14.400000000000004,145,-86.99999999999989,426,141.99999999999966
uniform,30,10005628822224780695,626593,100.3389840778236,n^3<d<=n^4,1.0,3,0,0.0,0,0.0,0,0.0,0,0.0,3,1.0
uniform,30,10005628822224780695,626593,100.3389840778236,d>n^4,0.0,0,0,0.0,0,0.0,0,0.0,0,0.0,0,0.0
uniform,31,1149243824635878920,389722,98.40565074449027,d<=n,392.73333333335216,2308,982,982.0,900,-839.9999999999831,361,288.80000000000194,64,-38.40000000000005,1,0.3333333333333333
uniform,31,1149243824635878920,389722,98.40565074449027,n<d<=n^2,-16.000000000010203,2292,0,0.0,359,-335.06666666666763,815,651.9999999999972,756,-453.60000000000576,362,120.66666666666603
uniform,31,1149243824635878920,389722,98.40565074449027,n^2<d<(n+1)^2,0.0,0,0,0.0,0,0.0,0,0.0,0,0.0,0,0.0
uniform,31,1149243824635878920,389722,98.40565074449027,(n+1)^2<=d<=n^3,72.73333333333659,1054,0,0.0,0,0.0,45,36.0,321,-192.5999999999989,688,229.33333333333547
uniform,31,1149243824635878920,389722,98.40565074449027,n^3<d<=n^4,19.666666666666664,59,0,0.0,0,0.0,0,0.0,0,0.0,59,19.666666666666664
uniform,31,1149243824635878920,389722,98.40565074449027,d>n^4,0.0,0,0,0.0,0,0.0,0,0.0,0,0.0,0,0.0
uniform,32,14010337148789434687,562389,134.60565074449025,d<=n,411.7333333333483,2209,952,952.0,831,-775.5999999999867,348,278.4000000000018,74,-44.40000000000006,4,1.3333333333333333
uniform,32,14010337148789434687,562389,134.60565074449025,n<d<=n^2,-54.66666666667156,2108,0,0.0,354,-330.40000000000094,732,585.6000000000009,697,-418.2000000000044,325,108.33333333333287
uniform,32,14010337148789434687,562389,134.60565074449025,n^2<d<(n+1)^2,0.0,0,0,0.0,0,0.0,0,0.0,0,0.0,0,0.0
uniform,32,14010337148789434687,562389,134.60565074449025,(n+1)^2<=d<=n^3,94.60000000000065,1471,0,0.0,0,0.0,80,63.9999999999999,464,-278.3999999999991,927,308.9999999999999
uniform,32,14010337148789434687,562389,134.60565074449025,n^3<d<=n^4,53.66666666666679,175,0,0.0,0,0.0,0,0.0,5,-3.0,170,56.66666666666679
uniform,32,14010337148789434687,562389,134.60565074449025,d>n^4,0.0,0,0,0.0,0,0.0,0,0.0,0,0.0,0,0.0
uniform,33,2695261746004246540,995252,97.40565074449027,d<=n,407.6000000000167,2386,955,955.0,850,-793.333333333319,396,316.80000000000234,142,-85.1999999999999,43,14.333333333333341
uniform,33,2695261746004246540,995252,97.40565074449027,n<d<=n^2,5.4666666666688,2197,0,0.0,313,-292.1333333333341,592,473.60000000000457,650,-390.00000000000335,642,214.0000000000017
uniform,33,2695261746004246540,995252,97.40565074449027,n^2<d<(n+1)^2,0.0,0,0,0.0,0,0.0,0,0.0,0,0.0,0,0.0
uniform,33,2695261746004246540,995252,97.40565074449027,(n+1)^2<=d<=n^3,50.466666666666555,465,0,0.0,0,0.0,60,47.99999999999996,142,-85.1999999999999,263,87.6666666666665
uniform,33,2695261746004246540,995252,97.40565074449027,n^3<d<=n^4,4.599999999999998,25,0,0.0,0,0.0,0,0.0,4,-2.4,21,6.999999999999997
uniform,33,2695261746004246540,995252,97.40565074449027,d>n^4,0.0,0,0,0.0,0,0.0,0,0.0,0,0.0,0,0.0
uniform,34,1122265878850096961,408761,103.00565074449027,d<=n,417.20000000001414,2187,953,953.0,817,-762.5333333333208,338,270.4000000000017,75,-45.000000000000064,4,1.3333333333333333
uniform,34,1122265878850096961,408761,103.00565074449027,n<d<=n^2,-40.13333333333232,1880,0,0.0,305,-284.6666666666674,605,484.0000000000047,603,-361.8000000000023,367,122.33333333333267
uniform,34,1122265878850096961,408761,103.00565074449027,n^2<d<(n+1)^2,0.0,0,0,0.0,0,0.0,0,0.0,0,0.0,0,0.0
uniform,34,1122265878850096961,408761,103.00565074449027,(n+1)^2<=d<=n^3,92.20000000000098,754,0,0.0,0,0.0,39,31.200000000000017,190,-113.99999999999963,525,175.0000000000006
uniform,34,1122265878850096961,408761,103.00565074449027,n^3<d<=n^4,4.466666666666665,19,0,0.0,0,0.0,0,0.0,2,-1.2,17,5.666666666666665
uniform,34,1122265878850096961,408761,103.00565074449027,d>n^4,0.0,0,0,0.0,0,0.0,0,0.0,0,0.0,0,0.0
uniform,35,17241154326776197027,146500,172.80565074449026,d<=n,416.933333333346,2128,916,916.0,787,-734.5333333333224,347,277.6000000000018,73,-43.80000000000006,5,1.6666666666666665
uniform,35,17241154326776197027,146500,172.80565074449026,n<d<=n^2,-37.799999999999926,1933,0,0.0,281,-262.26666666666733,601,480.8000000000047,650,-390.00000000000335,401,133.6666666666661
uniform,35,17241154326776197027,146500,172.80565074449026,n^2<d<(n+1)^2,0.0,0,0,0.0,0,0.0,0,0.0,0,0.0,0,0.0
uniform,35,17241154326776197027,146500,172.80565074449026,(n+1)^2<=d<=n^3,113.00000000000207,1340,0,0.0,0,0.0,63,50.39999999999995,389,-233.3999999999985,888,296.0000000000006
uniform,35,17241154326776197027,146500,172.80565074449026,n^3<d<=n^4,51.06666666666682,198,0,0.0,0,0.0,0,0.0,16,-9.599999999999998,182,60.66666666666682
uniform,35,17241154326776197027,146500,172.80565074449026,d>n^4,0.3333333333333333,1,0,0.0,0,0.0,0,0.0,0,0.0,1,0.3333333333333333
uniform,36,17168738959795029436,381398,94.87231741115693,d<=n,378.3333333333501,2223,953,953.0,866,-808.2666666666515,338,270.4000000000017,63,-37.80000000000005,3,1.0
uniform,36,17168738959795029436,381398,94.87231741115693,n<d<=n^2,-19.466666666666114,1872,0,0.0,291,-271.6000000000007,657,525.6000000000043,623,-373.80000000000274,301,100.33333333333299
uniform,36,17168738959795029436,381398,94.87231741115693,n^2<d<(n+1)^2,0.0,0,0,0.0,0,0.0,0,0.0,0,0.0,0,0.0
uniform,36,17168738959795029436,381398,94.87231741115693,(n+1)^2<=d<=n^3,86.4666666666687,895,0,0.0,0,0.0,44,35.2,249,-149.3999999999993,602,200.666666666668
uniform,36,17168738959795029436,381398,94.87231741115693,n^3<d<=n^4,20.266666666666655,72,0,0.0,0,0.0,0,0.0,4,-2.4,68,22.666666666666654
uniform,36,17168738959795029436,381398,94.87231741115693,d>n^4,0.0,0,0,0.0,0,0.0,0,0.0,0,0.0,0,0.0
uniform,37,2603053954296272380,288388,64.80565074449026,d<=n,415.0666666666804,2204,932,932.0,804,-750.3999999999882,362,289.60000000000196,98,-58.8000000000001,8,2.6666666666666665
uniform,37,2603053954296272380,288388,64.80565074449026,n<d<=n^2,-24.799999999999358,2048,0,0.0,308,-287.46666666666744,634,507.20000000000505,657,-394.2000000000035,449,149.66666666666654
uniform,37,2603053954296272380,288388,64.80565074449026,n^2<d<(n+1)^2,0.0,0,0,0.0,0,0.0,0,0.0,0,0.0,0,0.0
uniform,37,2603053954296272380,288388,64.80565074449026,(n+1)^2<=d<=n^3,41.26666666666641,548,0,0.0,0,0.0,37,29.600000000000016,170,-101.99999999999974,341,113.66666666666613
uniform,37,2603053954296272380,288388,64.80565074449026,n^3<d<=n^4,4.0,12,0,0.0,0,0.0,0,0.0,0,0.0,12,4.0
uniform,37,2603053954296272380,288388,64.80565074449026,d>n^4,0.0,0,0,0.0,0,0.0,0,0.0,0,0.0,0,0.0
uniform,38,17251848433485109764,726851,110.80565074449026,d<=n,449.6000000000163,2305,960,960.0,842,-785.8666666666528,409,327.2000000000025,89,-53.400000000000084,5,1.6666666666666665
uniform,38,17251848433485109764,726851,110.80565074449026,n<d<=n^2,-47.93333333333385,2368,0,0.0,318,-296.8000000000008,635,508.00000000000506,783,-469.8000000000064,632,210.66666666666828
uniform,38,17251848433485109764,726851,110.80565074449026,n^2<d<(n+1)^2,0.0,0,0,0.0,0,0.0,0,0.0,0,0.0,0,0.0
uniform,38,17251848433485109764,726851,110.80565074449026,(n+1)^2<=d<=n^3,77.26666666666664,635,0,0.0,0,0.0,38,30.400000000000016,163,-97.79999999999978,434,144.6666666666664
uniform,38,17251848433485109764,726851,110.80565074449026,n^3<d<=n^4,2.599999999999999,19,0,0.0,0,0.0,0,0.0,4,-2.4,15,4.999999999999999
uniform,38,17251848433485109764,726851,110.80565074449026,d>n^4,0.0,0,0,0.0,0,0.0,0,0.0,0,0.0,0,0.0
uniform,39,2147676241649231079,884322,111.47231741115694,d<=n,413.0666666666829,2281,947,947.0,847,-790.5333333333192,386,308.8000000000022,92,-55.20000000000009,9,3.0
uniform,39,2147676241649231079,884322,111.47231741115694,n<d<=n^2,-42.73333333333403,2076,0,0.0,310,-289.3333333333341,649,519.2000000000047,691,-414.6000000000043,426,141.99999999999966
uniform,39,2147676241649231079,884322,111.47231741115694,n^2<d<(n+1)^2,0.0,0,0,0.0,0,0.0,0,0.0,0,0.0,0,0.0
uniform,39,2147676241649231079,884322,111.47231741115694,(n+1)^2<=d<=n^3,94.80000000000283,990,0,0.0,0,0.0,46,36.8,275,-164.99999999999915,669,223.00000000000196
uniform,39,2147676241649231079,884322,111.47231741115694,n^3<d<=n^4,17.06666666666667,54,0,0.0,0,0.0,0,0.0,1,-0.6,53,17.66666666666667
uniform,39,2147676241649231079,884322,111.47231741115694,d>n^4,0.0,0,0,0.0,0,0.0,0,0.0,0,0.0,0,0.0
uniform,40,13194349143828874386,201873,96.00565074449027,d<=n,400.1333333333461,2173,924,924.0,792,-739.1999999999888,341,272.8000000000017,103,-61.800000000000104,13,4.333333333333333
uniform,40,13194349143828874386,201873,96.00565074449027,n<d<=n^2,-14.466666666665503,1915,0,0.0,242,-225.86666666666721,498,398.4000000000035,620,-372.0000000000027,555,185.00000000000088
uniform,40,13194349143828874386,201873,96.00565074449027,n^2<d<(n+1)^2,0.0,0,0,0.0,0,0.0,0,0.0,0,0.0,0,0.0
uniform,40,13194349143828874386,201873,96.00565074449027,(n+1)^2<=d<=n^3,81.33333333333283,405,0,0.0,0,0.0,15,12.000000000000002,65,-39.00000000000005,325,108.33333333333287
uniform,40,13194349143828874386,201873,96.00565074449027,n^3<d<=n^4,-0.26666666666666666,2,0,0.0,0,0.0,0,0.0,1,-0.6,1,0.3333333333333333
uniform,40,13194349143828874386,201873,96.00565074449027,d>n^4,0.0,0,0,0.0,0,0.0,0,0.0,0,0.0,0,0.0
uniform,41,4593750618322779610,574870,97.1389840778236,d<=n,416.26666666668234,2247,960,960.0,842,-785.8666666666528,357,285.6000000000019,78,-46.80000000000007,10,3.3333333333333335
uniform,41,4593750618322779610,574870,97.1389840778236,n<d<=n^2,-55.06666666666504,1861,0,0.0,328,-306.1333333333342,643,514.400000000005,600,-360.0000000000022,290,96.66666666666637
uniform,41,4593750618322779610,574870,97.1389840778236,n^2<d<(n+1)^2,0.0,0,0,0.0,0,0.0,0,0.0,0,0.0,0,0.0
uniform,41,4593750618322779610,574870,97.1389840778236,(n+1)^2<=d<=n^3,62.93333333333547,970,0,0.0,0,0.0,72,57.59999999999992,315,-188.99999999999892,583,194.33333333333448
uniform,41,4593750618322779610,574870,97.1389840778236,n^3<d<=n^4,43.400000000000105,175,0,0.0,0,0.0,0,0.0,16,-9.599999999999998,159,53.0000000000001
uniform,41,4593750618322779610,574870,97.1389840778236,d>n^4,0.3333333333333333,1,0,0.0,0,0.0,0,0.0,0,0.0,1,0.3333333333333333
uniform,42,9226705772181374165,545199,167.60565074449028,d<=n,390.86666666668253,2252,928,928.0,841,-784.9333333333195,378,302.40000000000214,96,-57.600000000000094,9,3.0
uniform,42,9226705772181374165,545199,167.60565074449028,n<d<=n^2,4.933333333333053,2430,0,0.0,262,-244.53333333333396,616,492.80000000000484,815,-489.0000000000071,737,245.66666666666927
uniform,42,9226705772181374165,545199,167.60565074449028,n^2<d<(n+1)^2,0.0,0,0,0.0,0,0.0,0,0.0,0,0.0,0,0.0
uniform,42,9226705772181374165,545199,167.60565074449028,(n+1)^2<=d<=n^3,137.80000000000234,881,0,0.0,0,0.0,24,19.200000000000006,179,-107.3999999999997,678,226.00000000000205
uniform,42,9226705772181374165,545199,167.60565074449028,n^3<d<=n^4,4.7333333333333325,17,0,0.0,0,0.0,0,0.0,1,-0.6,16,5.333333333333332
uniform,42,9226705772181374165,545199,167.60565074449028,d>n^4,0.0,0,0,0.0,0,0.0,0,0.0,0,0.0,0,0.0
uniform,43,4699857250292667841,973815,175.47231741115692,d<=n,399.8666666666863,2337,971,971.0,908,-847.4666666666493,393,314.4000000000023,64,-38.40000000000005,1,0.3333333333333333
uniform,43,4699857250292667841,973815,175.47231741115692,n<d<=n^2,-36.666666666674544,2169,0,0.0,326,-304.2666666666675,771,616.7999999999992,757,-454.2000000000058,315,104.99999999999959
uniform,43,4699857250292667841,973815,175.47231741115692,n^2<d<(n+1)^2,0.0,0,0,0.0,0,0.0,0,0.0,0,0.0,0,0.0
uniform,43,4699857250292667841,973815,175.47231741115692,(n+1)^2<=d<=n^3,116.99999999999784,1611,0,0.0,0,0.0,76,60.79999999999991,488,-292.79999999999967,1047,348.9999999999976
uniform,43,4699857250292667841,973815,175.47231741115692,n^3<d<=n^4,65.66666666666673,225,0,0.0,0,0.0,0,0.0,10,-5.999999999999999,215,71.66666666666673
uniform,43,4699857250292667841,973815,175.47231741115692,d>n^4,0.3333333333333333,1,0,0.0,0,0.0,0,0.0,0,0.0,1,0.3333333333333333
uniform,44,16540815585529415604,109046,108.47231741115694,d<=n,443.9333333333481,2203,958,958.0,823,-768.1333333333205,361,288.80000000000194,59,-35.40000000000004,2,0.6666666666666666
uniform,44,16540815585529415604,109046,108.47231741115694,n<d<=n^2,-59.93333333333679,2044,0,0.0,359,-335.06666666666763,718,574.4000000000016,666,-399.6000000000037,301,100.33333333333299
uniform,44,16540815585529415604,109046,108.47231741115694,n^2<d<(n+1)^2,0.0,0,0,0.0,0,0.0,0,0.0,0,0.0,0,0.0
uniform,44,16540815585529415604,109046,108.47231741115694,(n+1)^2<=d<=n^3,61.466666666670676,1191,0,0.0,0,0.0,67,53.59999999999994,393,-235.79999999999848,731,243.66666666666922
uniform,44,16540815585529415604,109046,108.47231741115694,n^3<d<=n^4,33.73333333333332,118,0,0.0,0,0.0,0,0.0,6,-3.6,112,37.33333333333332
uniform,44,16540815585529415604,109046,108.47231741115694,d>n^4,0.0,0,0,0.0,0,0.0,0,0.0,0,0.0,0,0.0
uniform,45,9558739336293505974,548667,99.00565074449027,d<=n,398.2000000000144,2139,970,970.0,832,-776.53333333332,290,232.00000000000114,46,-27.600000000000023,1,0.3333333333333333
uniform,45,9558739336293505974,548667,99.00565074449027,n<d<=n^2,-29.80000000000031,1771,0,0.0,361,-336.9333333333343,723,578.4000000000013,536,-321.60000000000076,151,50.333333333333414
uniform,45,9558739336293505974,548667,99.00565074449027,n^2<d<(n+1)^2,0.0,0,0,0.0,0,0.0,0,0.0,0,0.0,0,0.0
uniform,45,9558739336293505974,548667,99.00565074449027,(n+1)^2<=d<=n^3,74.60000000000434,1250,0,0.0,0,0.0,81,64.7999999999999,407,-244.1999999999984,762,254.00000000000284
uniform,45,9558739336293505974,548667,99.00565074449027,n^3<d<=n^4,26.73333333333329,97,0,0.0,0,0.0,0,0.0,6,-3.6,91,30.333333333333293
uniform,45,9558739336293505974,548667,99.00565074449027,d>n^4,0.0,0,0,0.0,0,0.0,0,0.0,0,0.0,0,0.0
uniform,46,17315193449335715945,177019,100.20565074449027,d<=n,411.80000000001854,2325,994,994.0,895,-835.3333333333167,363,290.40000000000197,66,-39.60000000000005,7,2.333333333333333
uniform,46,17315193449335715945,177019,100.20565074449027,n<d<=n^2,-25.0000000000029,2067,0,0.0,343,-320.13333333333424,707,565.6000000000021,653,-391.8000000000034,364,121.33333333333269
uniform,46,17315193449335715945,177019,100.20565074449027,n^2<d<(n+1)^2,0.0,0,0,0.0,0,0.0,0,0.0,0,0.0,0,0.0
uniform,46,17315193449335715945,177019,100.20565074449027,(n+1)^2<=d<=n^3,62.866666666668635,911,0,0.0,0,0.0,52,41.59999999999998,284,-170.3999999999991,575,191.66666666666774
uniform,46,17315193449335715945,177019,100.20565074449027,n^3<d<=n^4,21.26666666666665,75,0,0.0,0,0.0,0,0.0,4,-2.4,71,23.66666666666665
uniform,46,17315193449335715945,177019,100.20565074449027,d>n^4,0.0,0,0,0.0,0,0.0,0,0.0,0,0.0,0,0.0
uniform,47,1806005878972806933,652405,101.80565074449026,d<=n,412.1333333333466,2163,930,930.0,800,-746.666666666655,343,274.40000000000174,81,-48.60000000000007,9,3.0
uniform,47,1806005878972806933,652405,101.80565074449026,n<d<=n^2,-22.133333333332445,2024,0,0.0,290,-270.66666666666737,588,470.4000000000045,647,-388.2000000000033,499,166.33333333333368
uniform,47,1806005878972806933,652405,101.80565074449026,n^2<d<(n+1)^2,0.0,0,0,0.0,0,0.0,0,0.0,0,0.0,0,0.0
uniform,47,1806005878972806933,652405,101.80565074449026,(n+1)^2<=d<=n^3,77.00000000000061,721,0,0.0,0,0.0,42,33.60000000000001,196,-117.5999999999996,483,161.0000000000002
uniform,47,1806005878972806933,652405,101.80565074449026,n^3<d<=n^4,5.5333333333333306,25,0,0.0,0,0.0,0,0.0,3,-1.7999999999999998,22,7.33333333333333
uniform,47,1806005878972806933,652405,101.80565074449026,d>n^4,0.0,0,0,0.0,0,0.0,0,0.0,0,0.0,0,0.0
uniform,48,2363637113911169719,644705,104.60565074449026,d<=n,431.73333333334733,2304,943,943.0,799,-745.7333333333218,395,316.00000000000233,147,-88.19999999999987,20,6.666666666666664
uniform,48,2363637113911169719,644705,104.60565074449026,n<d<=n^2,-31.799999999998334,2017,0,0.0,298,-278.13333333333406,528,422.40000000000384,614,-368.40000000000254,577,192.33333333333442
uniform,48,2363637113911169719,644705,104.60565074449026,n^2<d<(n+1)^2,0.0,0,0,0.0,0,0.0,0,0.0,0,0.0,0,0.0
uniform,48,2363637113911169719,644705,104.60565074449026,(n+1)^2<=d<=n^3,72.9999999999998,611,0,0.0,0,0.0,34,27.200000000000014,157,-94.19999999999982,420,139.9999999999996
uniform,48,2363637113911169719,644705,104.60565074449026,n^3<d<=n^4,2.4,10,0,0.0,0,0.0,0,0.0,1,-0.6,9,3.0
uniform,48,2363637113911169719,644705,104.60565074449026,d>n^4,0.0,0,0,0.0,0,0.0,0,0.0,0,0.0,0,0.0
uniform,49,7743596886023264804,518958,94.47231741115694,d<=n,400.266666666681,2205,930,930.0,816,-761.5999999999875,359,287.2000000000019,95,-57.00000000000009,5,1.6666666666666665
uniform,49,7743596886023264804,518958,94.47231741115694,n<d<=n^2,-1.799999999998505,2024,0,0.0,285,-266.0000000000007,584,467.2000000000045,630,-378.0000000000029,525,175.0000000000006
uniform,49,7743596886023264804,518958,94.47231741115694,n^2<d<(n+1)^2,0.0,0,0,0.0,0,0.0,0,0.0,0,0.0,0,0.0
uniform,49,7743596886023264804,518958,94.47231741115694,(n+1)^2<=d<=n^3,62.39999999999978,631,0,0.0,0,0.0,45,36.0,181,-108.59999999999968,405,134.99999999999946
uniform,49,7743596886023264804,518958,94.47231741115694,n^3<d<=n^4,4.333333333333333,13,0,0.0,0,0.0,0,0.0,0,0.0,13,4.333333333333333
uniform,49,7743596886023264804,518958,94.47231741115694,d>n^4,0.0,0,0,0.0,0,0.0,0,0.0,0,0.0,0,0.0
uniform,50,10673223809566102092,896412,165.47231741115692,d<=n,404.5333333333462,2156,916,916.0,792,-739.1999999999888,346,276.8000000000018,89,-53.400000000000084,13,4.333333333333333
uniform,50,10673223809566102092,896412,165.47231741115692,n<d<=n^2,-24.266666666666225,2030,0,0.0,266,-248.2666666666673,560,448.0000000000042,670,-402.0000000000038,534,178.00000000000068
uniform,50,10673223809566102092,896412,165.47231741115692,n^2<d<(n+1)^2,0.0,0,0,0.0,0,0.0,0,0.0,0,0.0,0,0.0
uniform,50,10673223809566102092,896412,165.47231741115692,(n+1)^2<=d<=n^3,136.26666666667012,1029,0,0.0,0,0.0,35,28.000000000000014,239,-143.39999999999935,755,251.66666666666944
uniform,50,10673223809566102092,896412,165.47231741115692,n^3<d<=n^4,19.666666666666654,73,0,0.0,0,0.0,0,0.0,5,-3.0,68,22.666666666666654
uniform,50,10673223809566102092,896412,165.47231741115692,d>n^4,0.0,0,0,0.0,0,0.0,0,0.0,0,0.0,0,0.0
uniform,51,14413751282253952044,884650,104.3389840778236,d<=n,424.266666666681,2316,944,944.0,806,-752.2666666666547,388,310.40000000000225,147,-88.19999999999987,31,10.333333333333334
uniform,51,14413751282253952044,884650,104.3389840778236,n<d<=n^2,22.266666666668357,2277,0,0.0,281,-262.26666666666733,528,422.40000000000384,672,-403.20000000000385,796,265.3333333333357
uniform,51,14413751282253952044,884650,104.3389840778236,n^2<d<(n+1)^2,0.0,0,0,0.0,0,0.0,0,0.0,0,0.0,0,0.0
uniform,51,14413751282253952044,884650,104.3389840778236,(n+1)^2<=d<=n^3,24.866666666666752,300,0,0.0,0,0.0,21,16.800000000000004,91,-54.60000000000009,188,62.666666666666835
uniform,51,14413751282253952044,884650,104.3389840778236,n^3<d<=n^4,3.666666666666667,11,0,0.0,0,0.0,0,0.0,0,0.0,11,3.666666666666667
uniform,51,14413751282253952044,884650,104.3389840778236,d>n^4,0.0,0,0,0.0,0,0.0,0,0.0,0,0.0,0,0.0
uniform,52,18430124290723235976,549289,104.60565074449026,d<=n,439.73333333334824,2263,940,940.0,819,-764.3999999999874,398,318.40000000000236,96,-57.600000000000094,10,3.3333333333333335
uniform,52,18430124290723235976,549289,104.60565074449026,n<d<=n^2,-46.86666666666969,2285,0,0.0,348,-324.8000000000009,690,552.0000000000028,739,-443.4000000000054,508,169.33333333333377
uniform,52,18430124290723235976,549289,104.60565074449026,n^2<d<(n+1)^2,0.0,0,0,0.0,0,0.0,0,0.0,0,0.0,0,0.0
uniform,52,18430124290723235976,549289,104.60565074449026,(n+1)^2<=d<=n^3,68.86666666666926,1027,0,0.0,0,0.0,74,59.19999999999992,330,-197.99999999999883,623,207.6666666666682
uniform,52,18430124290723235976,549289,104.60565074449026,n^3<d<=n^4,13.60000000000001,52,0,0.0,0,0.0,0,0.0,4,-2.4,48,16.00000000000001
uniform,52,18430124290723235976,549289,104.60565074449026,d>n^4,0.0,0,0,0.0,0,0.0,0,0.0,0,0.0,0,0.0
uniform,53,16657168272117680621,669096,94.3389840778236,d<=n,395.13333333334555,2083,924,924.0,787,-734.5333333333224,303,242.40000000000128,64,-38.40000000000005,5,1.6666666666666665
uniform,53,16657168272117680621,669096,94.3389840778236,n<d<=n^2,-17.733333333328666,1286,0,0.0,271,-252.933333333334,535,428.0000000000039,378,-226.79999999999856,102,33.999999999999964
uniform,53,16657168272117680621,669096,94.3389840778236,n^2<d<(n+1)^2,0.0,0,0,0.0,0,0.0,0,0.0,0,0.0,0,0.0
uniform,53,16657168272117680621,669096,94.3389840778236,(n+1)^2<=d<=n^3,10.400000000001796,937,0,0.0,0,0.0,63,50.39999999999995,355,-212.9999999999987,519,173.00000000000054
uniform,53,16657168272117680621,669096,94.3389840778236,n^3<d<=n^4,76.26666666666647,296,0,0.0,0,0.0,0,0.0,24,-14.399999999999995,272,90.66666666666646
uniform,53,16657168272117680621,669096,94.3389840778236,d>n^4,1.0,3,0,0.0,0,0.0,0,0.0,0,0.0,3,1.0
uniform,54,1905261976061308272,141860,104.60565074449026,d<=n,397.93333333335016,2319,943,943.0,858,-800.7999999999853,388,310.40000000000225,105,-63.00000000000011,25,8.33333333333333
uniform,54,1905261976061308272,141860,104.60565074449026,n<d<=n^2,-65.00000000000256,2052,0,0.0,294,-274.4000000000007,663,530.4000000000041,735,-441.0000000000053,360,119.99999999999937
uniform,54,1905261976061308272,141860,104.60565074449026,n^2<d<(n+1)^2,0.0,0,0,0.0,0,0.0,0,0.0,0,0.0,0,0.0
uniform,54,1905261976061308272,141860,104.60565074449026,(n+1)^2<=d<=n^3,142.26666666666918,907,0,0.0,0,0.0,31,24.80000000000001,187,-112.19999999999965,689,229.66666666666882
uniform,54,1905261976061308272,141860,104.60565074449026,n^3<d<=n^4,0.1333333333333333,6,0,0.0,0,0.0,0,0.0,2,-1.2,4,1.3333333333333333
uniform,54,1905261976061308272,141860,104.60565074449026,d>n^4,0.0,0,0,0.0,0,0.0,0,0.0,0,0.0,0,0.0
uniform,55,17579865502794581295,863583,172.60565074449028,d<=n,408.00000000001324,2078,955,955.0,811,-756.9333333333211,283,226.40000000000106,28,-16.799999999999997,1,0.3333333333333333
uniform,55,17579865502794581295,863583,172.60565074449028,n<d<=n^2,-37.66666666666093,1430,0,0.0,318,-296.8000000000008,619,495.2000000000049,429,-257.39999999999833,64,21.333333333333325
uniform,55,17579865502794581295,863583,172.60565074449028,n^2<d<(n+1)^2,0.0,0,0,0.0,0,0.0,0,0.0,0,0.0,0,0.0
uniform,55,17579865502794581295,863583,172.60565074449028,(n+1)^2<=d<=n^3,33.333333333331495,1598,0,0.0,0,0.0,102,81.59999999999984,586,-351.6000000000019,910,303.33333333333354
uniform,55,17579865502794581295,863583,172.60565074449028,n^3<d<=n^4,139.66666666666634,433,0,0.0,0,0.0,0,0.0,5,-3.0,428,142.66666666666634
uniform,55,17579865502794581295,863583,172.60565074449028,d>n^4,0.0,0,0,0.0,0,0.0,0,0.0,0,0.0,0,0.0
uniform,56,16810219245519978699,797442,172.20565074449027,d<=n,425.6000000000169,2333,946,946.0,851,-794.2666666666523,420,336.0000000000026,108,-64.8000000000001,8,2.6666666666666665
uniform,56,16810219245519978699,797442,172.20565074449027,n<d<=n^2,4.799999999992565,2832,0,0.0,327,-305.20000000000084,709,567.200000000002,917,-550.2000000000094,879,293.0000000000008
uniform,56,16810219245519978699,797442,172.20565074449027,n^2<d<(n+1)^2,0.0,0,0,0.0,0,0.0,0,0.0,0,0.0,0,0.0
uniform,56,16810219245519978699,797442,172.20565074449027,(n+1)^2<=d<=n^3,112.06666666666867,871,0,0.0,0,0.0,40,32.000000000000014,211,-126.59999999999951,620,206.66666666666816
uniform,56,16810219245519978699,797442,172.20565074449027,n^3<d<=n^4,0.46666666666666656,7,0,0.0,0,0.0,0,0.0,2,-1.2,5,1.6666666666666665
uniform,56,16810219245519978699,797442,172.20565074449027,d>n^4,0.0,0,0,0.0,0,0.0,0,0.0,0,0.0,0,0.0
uniform,57,17727297950050456629,951920,74.47231741115694,d<=n,428.2000000000177,2314,972,972.0,872,-813.8666666666512,391,312.8000000000023,74,-44.40000000000006,5,1.6666666666666665
uniform,57,17727297950050456629,951920,74.47231741115694,n<d<=n^2,-56.266666666668286,2011,0,0.0,322,-300.53333333333416,671,536.8000000000037,677,-406.20000000000397,341,113.66666666666613
uniform,57,17727297950050456629,951920,74.47231741115694,n^2<d<(n+1)^2,0.0,0,0,0.0,0,0.0,0,0.0,0,0.0,0,0.0
uniform,57,17727297950050456629,951920,74.47231741115694,(n+1)^2<=d<=n^3,54.60000000000123,805,0,0.0,0,0.0,40,32.000000000000014,249,-149.3999999999993,516,172.0000000000005
uniform,57,17727297950050456629,951920,74.47231741115694,n^3<d<=n^4,18.666666666666657,70,0,0.0,0,0.0,0,0.0,5,-3.0,65,21.666666666666657
uniform,57,17727297950050456629,951920,74.47231741115694,d>n^4,0.0,0,0,0.0,0,0.0,0,0.0,0,0.0,0,0.0
uniform,58,12280759125770512069,757850,96.7389840778236,d<=n,415.46666666667795,2047,914,914.0,768,-716.7999999999901,311,248.80000000000138,52,-31.20000000000003,2,0.6666666666666666
uniform,58,12280759125770512069,757850,96.7389840778236,n<d<=n^2,-45.866666666666134,1698,0,0.0,227,-211.86666666666716,465,372.0000000000031,580,-348.00000000000176,426,141.99999999999966
uniform,58,12280759125770512069,757850,96.7389840778236,n^2<d<(n+1)^2,0.0,0,0,0.0,0,0.0,0,0.0,0,0.0,0,0.0
uniform,58,12280759125770512069,757850,96.7389840778236,(n+1)^2<=d<=n^3,96.86666666666656,593,0,0.0,0,0.0,20,16.000000000000004,118,-70.80000000000004,455,151.6666666666666
uniform,58,12280759125770512069,757850,96.7389840778236,n^3<d<=n^4,1.0,3,0,0.0,0,0.0,0,0.0,0,0.0,3,1.0
uniform,58,12280759125770512069,757850,96.7389840778236,d>n^4,0.0,0,0,0.0,0,0.0,0,0.0,0,0.0,0,0.0
uniform,59,17274514349122069055,928460,89.60565074449026,d<=n,421.93333333334846,2211,945,945.0,829,-773.7333333333202,363,290.40000000000197,69,-41.400000000000055,5,1.6666666666666665
uniform,59,17274514349122069055,928460,89.60565074449026,n<d<=n^2,-43.53333333333302,2085,0,0.0,292,-272.53333333333404,572,457.60000000000434,681,-408.60000000000406,540,180.00000000000074
uniform,59,17274514349122069055,928460,89.60565074449026,n^2<d<(n+1)^2,0.0,0,0,0.0,0,0.0,0,0.0,0,0.0,0,0.0
uniform,59,17274514349122069055,928460,89.60565074449026,(n+1)^2<=d<=n^3,82.0666666666661,564,0,0.0,0,0.0,37,29.600000000000016,132,-79.19999999999996,395,131.66666666666603
uniform,59,17274514349122069055,928460,89.60565074449026,n^3<d<=n^4,-0.1333333333333333,8,0,0.0,0,0.0,0,0.0,3,-1.7999999999999998,5,1.6666666666666665
uniform,59,17274514349122069055,928460,89.60565074449026,d>n^4,0.0,0,0,0.0,0,0.0,0,0.0,0,0.0,0,0.0
uniform,60,9169926221389230890,479478,97.9389840778236,d<=n,424.5333333333431,2036,922,922.0,743,-693.466666666658,295,236.0000000000012,70,-42.00000000000006,6,1.9999999999999998
uniform,60,9169926221389230890,479478,97.9389840778236,n<d<=n^2,-43.46666666666276,1236,0,0.0,294,-274.4000000000007,492,393.60000000000343,335,-200.9999999999988,115,38.33333333333333
uniform,60,9169926221389230890,479478,97.9389840778236,n^2<d<(n+1)^2,0.0,0,0,0.0,0,0.0,0,0.0,0,0.0,0,0.0
uniform,60,9169926221389230890,479478,97.9389840778236,(n+1)^2<=d<=n^3,13.066666666668198,959,0,0.0,0,0.0,95,75.99999999999986,376,-225.59999999999857,488,162.6666666666669
uniform,60,9169926221389230890,479478,97.9389840778236,n^3<d<=n^4,72.86666666666638,325,0,0.0,0,0.0,0,0.0,38,-22.80000000000001,287,95.66666666666639
uniform,60,9169926221389230890,479478,97.9389840778236,d>n^4,1.6666666666666665,5,0,0.0,0,0.0,0,0.0,0,0.0,5,1.6666666666666665
uniform,61,12692306265315498601,550521,292.73898407782355,d<=n,436.40000000001544,2299,953,953.0,828,-772.7999999999869,401,320.8000000000024,111,-66.60000000000008,6,1.9999999999999998
uniform,61,12692306265315498601,550521,292.73898407782355,n<d<=n^2,32.59999999998831,3119,0,0.0,322,-300.53333333333416,654,523.2000000000045,969,-581.4000000000106,1174,391.33333333332854
uniform,61,12692306265315498601,550521,292.73898407782355,n^2<d<(n+1)^2,0.0,0,0,0.0,0,0.0,0,0.0,0,0.0,0,0.0
uniform,61,12692306265315498601,550521,292.73898407782355,(n+1)^2<=d<=n^3,185.53333333333413,1300,0,0.0,0,0.0,71,56.799999999999926,301,-180.599999999999,928,309.3333333333332
uniform,61,12692306265315498601,550521,292.73898407782355,n^3<d<=n^4,8.93333333333334,52,0,0.0,0,0.0,0,0.0,9,-5.3999999999999995,43,14.333333333333341
uniform,61,12692306265315498601,550521,292.73898407782355,d>n^4,0.0,0,0,0.0,0,0.0,0,0.0,0,0.0,0,0.0
uniform,62,912723564994218050,412406,97.40565074449027,d<=n,402.60000000001446,2177,928,928.0,819,-764.3999999999874,353,282.40000000000185,74,-44.40000000000006,3,1.0
uniform,62,912723564994218050,412406,97.40565074449027,n<d<=n^2,-40.933333333330296,1532,0,0.0,252,-235.20000000000059,538,430.40000000000396,518,-310.80000000000035,224,74.66666666666669
uniform,62,912723564994218050,412406,97.40565074449027,n^2<d<(n+1)^2,0.0,0,0,0.0,0,0.0,0,0.0,0,0.0,0,0.0
uniform,62,912723564994218050,412406,97.40565074449027,(n+1)^2<=d<=n^3,68.33333333333584,961,0,0.0,0,0.0,44,35.2,292,-175.19999999999905,625,208.33333333333488
uniform,62,912723564994218050,412406,97.40565074449027,n^3<d<=n^4,38.133333333333354,134,0,0.0,0,0.0,0,0.0,7,-4.2,127,42.33333333333336
uniform,62,912723564994218050,412406,97.40565074449027,d>n^4,0.0,0,0,0.0,0,0.0,0,0.0,0,0.0,0,0.0
uniform,63,7340599011895167585,38235,103.80565074449026,d<=n,421.80000000001445,2236,941,941.0,817,-762.5333333333208,370,296.00000000000205,95,-57.00000000000009,13,4.333333333333333
uniform,63,7340599011895167585,38235,103.80565074449026,n<d<=n^2,-40.533333333331356,1843,0,0.0,321,-299.6000000000008,626,500.80000000000496,579,-347.40000000000174,317,105.66666666666625
uniform,63,7340599011895167585,38235,103.80565074449026,n^2<d<(n+1)^2,0.0,0,0,0.0,0,0.0,0,0.0,0,0.0,0,0.0
uniform,63,7340599011895167585,38235,103.80565074449026,(n+1)^2<=d<=n^3,63.53333333333583,990,0,0.0,0,0.0,59,47.19999999999996,315,-188.99999999999892,616,205.3333333333348
uniform,63,7340599011895167585,38235,103.80565074449026,n^3<d<=n^4,29.73333333333329,106,0,0.0,0,0.0,0,0.0,6,-3.6,100,33.33333333333329
uniform,63,7340599011895167585,38235,103.80565074449026,d>n^4,0.0,0,0,0.0,0,0.0,0,0.0,0,0.0,0,0.0
uniform,64,16763647181811983526,856949,462.53898407782356,d<=n,422.4666666666855,2432,971,971.0,882,-823.199999999984,435,348.0000000000028,130,-77.99999999999997,14,4.666666666666666
uniform,64,16763647181811983526,856949,462.53898407782356,n<d<=n^2,10.533333333303972,3784,0,0.0,349,-325.73333333333426,817,653.5999999999971,1275,-765.0000000000175,1343,447.66666666665867
uniform,64,16763647181811983526,856949,462.53898407782356,n^2<d<(n+1)^2,0.0,0,0,0.0,0,0.0,0,0.0,0,0.0,0,0.0
uniform,64,16763647181811983526,856949,462.53898407782356,(n+1)^2<=d<=n^3,380.1999999999968,2143,0,0.0,0,0.0,42,33.60000000000001,379,-227.39999999999856,1722,573.9999999999953
uniform,64,16763647181811983526,856949,462.53898407782356,n^3<d<=n^4,20.06666666666666,63,0,0.0,0,0.0,0,0.0,1,-0.6,62,20.66666666666666
uniform,64,16763647181811983526,856949,462.53898407782356,d>n^4,0.0,0,0,0.0,0,0.0,0,0.0,0,0.0,0,0.0
uniform,65,11848539689456647535,114285,107.3389840778236,d<=n,394.4666666666842,2313,955,955.0,871,-812.9333333333179,385,308.0000000000022,96,-57.600000000000094,6,1.9999999999999998
uniform,65,11848539689456647535,114285,107.3389840778236,n<d<=n^2,-13.733333333332098,1892,0,0.0,291,-271.6000000000007,641,512.8000000000051,616,-369.6000000000026,344,114.66666666666612
uniform,65,11848539689456647535,114285,107.3389840778236,n^2<d<(n+1)^2,0.0,0,0,0.0,0,0.0,0,0.0,0,0.0,0,0.0
uniform,65,11848539689456647535,114285,107.3389840778236,(n+1)^2<=d<=n^3,73.46666666666931,982,0,0.0,0,0.0,48,38.39999999999999,296,-177.59999999999903,638,212.66666666666833
uniform,65,11848539689456647535,114285,107.3389840778236,n^3<d<=n^4,23.866666666666642,80,0,0.0,0,0.0,0,0.0,3,-1.7999999999999998,77,25.666666666666643
uniform,65,11848539689456647535,114285,107.3389840778236,d>n^4,0.0,0,0,0.0,0,0.0,0,0.0,0,0.0,0,0.0
uniform,66,14918573513556145926,237343,287.9389840778236,d<=n,421.0000000000124,2178,919,919.0,779,-727.0666666666561,362,289.60000000000196,107,-64.2000000000001,11,3.666666666666667
uniform,66,14918573513556145926,237343,287.9389840778236,n<d<=n^2,-11.533333333339442,2828,0,0.0,295,-275.33333333333405,640,512.0000000000051,942,-565.2000000000099,951,316.99999999999943
uniform,66,14918573513556145926,237343,287.9389840778236,n^2<d<(n+1)^2,0.0,0,0,0.0,0,0.0,0,0.0,0,0.0,0,0.0
uniform,66,14918573513556145926,237343,287.9389840778236,(n+1)^2<=d<=n^3,230.73333333333017,1521,0,0.0,0,0.0,52,41.59999999999998,322,-193.19999999999888,1147,382.33333333332905
uniform,66,14918573513556145926,237343,287.9389840778236,n^3<d<=n^4,18.133333333333322,74,0,0.0,0,0.0,0,0.0,7,-4.2,67,22.33333333333332
uniform,66,14918573513556145926,237343,287.9389840778236,d>n^4,0.3333333333333333,1,0,0.0,0,0.0,0,0.0,0,0.0,1,0.3333333333333333
uniform,67,5745142070703483904,494348,59.338984077823596,d<=n,427.8000000000147,2211,955,955.0,823,-768.1333333333205,357,285.6000000000019,75,-45.000000000000064,1,0.3333333333333333
uniform,67,5745142070703483904,494348,59.338984077823596,n<d<=n^2,-55.26666666666446,1797,0,0.0,322,-300.53333333333416,622,497.6000000000049,575,-345.00000000000165,278,92.66666666666643
uniform,67,5745142070703483904,494348,59.338984077823596,n^2<d<(n+1)^2,0.0,0,0,0.0,0,0.0,0,0.0,0,0.0,0,0.0
uniform,67,5745142070703483904,494348,59.338984077823596,(n+1)^2<=d<=n^3,49.80000000000008,673,0,0.0,0,0.0,44,35.2,209,-125.39999999999952,420,139.9999999999996
uniform,67,5745142070703483904,494348,59.338984077823596,n^3<d<=n^4,7.733333333333331,26,0,0.0,0,0.0,0,0.0,1,-0.6,25,8.33333333333333
uniform,67,5745142070703483904,494348,59.338984077823596,d>n^4,0.0,0,0,0.0,0,0.0,0,0.0,0,0.0,0,0.0
uniform,68,6833221639398671370,756338,60.672317411156925,d<=n,439.8000000000168,2335,968,968.0,853,-796.1333333333189,407,325.60000000000247,100,-60.0000000000001,7,2.333333333333333
uniform,68,6833221639398671370,756338,60.672317411156925,n<d<=n^2,-30.733333333332638,2243,0,0.0,315,-294.0000000000008,603,482.4000000000047,708,-424.8000000000047,617,205.66666666666814
uniform,68,6833221639398671370,756338,60.672317411156925,n^2<d<(n+1)^2,0.0,0,0,0.0,0,0.0,0,0.0,0,0.0,0,0.0
uniform,68,6833221639398671370,756338,60.672317411156925,(n+1)^2<=d<=n^3,22.266666666666673,267,0,0.0,0,0.0,31,24.80000000000001,87,-52.20000000000008,149,49.66666666666674
uniform,68,6833221639398671370,756338,60.672317411156925,n^3<d<=n^4,0.06666666666666665,3,0,0.0,0,0.0,0,0.0,1,-0.6,2,0.6666666666666666
uniform,68,6833221639398671370,756338,60.672317411156925,d>n^4,0.0,0,0,0.0,0,0.0,0,0.0,0,0.0,0,0.0
uniform,69,15060255819091035987,190251,107.7389840778236,d<=n,426.0666666666802,2170,948,948.0,804,-750.3999999999882,341,272.8000000000017,75,-45.000000000000064,2,0.6666666666666666
uniform,69,15060255819091035987,190251,107.7389840778236,n<d<=n^2,-49.133333333330015,1616,0,0.0,299,-279.0666666666674,560,448.0000000000042,504,-302.40000000000003,253,84.33333333333321
uniform,69,15060255819091035987,190251,107.7389840778236,n^2<d<(n+1)^2,0.0,0,0,0.0,0,0.0,0,0.0,0,0.0,0,0.0
uniform,69,15060255819091035987,190251,107.7389840778236,(n+1)^2<=d<=n^3,46.80000000000169,916,0,0.0,0,0.0,68,54.399999999999935,311,-186.59999999999894,537,179.0000000000007
uniform,69,15060255819091035987,190251,107.7389840778236,n^3<d<=n^4,53.06666666666678,232,0,0.0,0,0.0,0,0.0,26,-15.599999999999994,206,68.66666666666677
uniform,69,15060255819091035987,190251,107.7389840778236,d>n^4,1.6666666666666665,5,0,0.0,0,0.0,0,0.0,0,0.0,5,1.6666666666666665
uniform,70,8732927878075605085,233998,103.3389840778236,d<=n,405.26666666668467,2371,960,960.0,873,-814.7999999999845,411,328.8000000000025,119,-71.40000000000003,8,2.6666666666666665
uniform,70,8732927878075605085,233998,103.3389840778236,n<d<=n^2,14.733333333331473,2406,0,0.0,308,-287.46666666666744,683,546.4000000000032,767,-460.200000000006,648,216.00000000000176
uniform,70,8732927878075605085,233998,103.3389840778236,n^2<d<(n+1)^2,0.0,0,0,0.0,0,0.0,0,0.0,0,0.0,0,0.0
uniform,70,8732927878075605085,233998,103.3389840778236,(n+1)^2<=d<=n^3,44.133333333334335,824,0,0.0,0,0.0,64,51.199999999999946,279,-167.39999999999912,481,160.3333333333335
uniform,70,8732927878075605085,233998,103.3389840778236,n^3<d<=n^4,9.933333333333344,55,0,0.0,0,0.0,0,0.0,9,-5.3999999999999995,46,15.333333333333343
uniform,70,8732927878075605085,233998,103.3389840778236,d>n^4,0.0,0,0,0.0,0,0.0,0,0.0,0,0.0,0,0.0
uniform,71,6033799109011135140,107091,177.00565074449025,d<=n,427.20000000001687,2271,969,969.0,861,-803.5999999999851,372,297.60000000000207,63,-37.80000000000005,6,1.9999999999999998
uniform,71,6033799109011135140,107091,177.00565074449025,n<d<=n^2,-69.4666666666696,2171,0,0.0,313,-292.1333333333341,666,532.8000000000039,758,-454.8000000000058,434,144.6666666666664
uniform,71,6033799109011135140,107091,177.00565074449025,n^2<d<(n+1)^2,0.0,0,0,0.0,0,0.0,0,0.0,0,0.0,0,0.0
uniform,71,6033799109011135140,107091,177.00565074449025,(n+1)^2<=d<=n^3,165.8666666666672,1339,0,0.0,0,0.0,57,45.599999999999966,329,-197.39999999999884,953,317.66666666666606
uniform,71,6033799109011135140,107091,177.00565074449025,n^3<d<=n^4,24.13333333333331,78,0,0.0,0,0.0,0,0.0,2,-1.2,76,25.33333333333331
uniform,71,6033799109011135140,107091,177.00565074449025,d>n^4,0.0,0,0,0.0,0,0.0,0,0.0,0,0.0,0,0.0
uniform,72,13904830441241163781,746423,59.7389840778236,d<=n,399.00000000001614,2290,940,940.0,845,-788.6666666666526,384,307.2000000000022,107,-64.2000000000001,14,4.666666666666666
uniform,72,13904830441241163781,746423,59.7389840778236,n<d<=n^2,-6.46666666666556,1874,0,0.0,261,-243.60000000000062,568,454.4000000000043,606,-363.60000000000235,439,146.33333333333312
uniform,72,13904830441241163781,746423,59.7389840778236,n^2<d<(n+1)^2,0.0,0,0,0.0,0,0.0,0,0.0,0,0.0,0,0.0
uniform,72,13904830441241163781,746423,59.7389840778236,(n+1)^2<=d<=n^3,36.599999999999795,387,0,0.0,0,0.0,22,17.600000000000005,110,-66.00000000000009,255,84.99999999999987
uniform,72,13904830441241163781,746423,59.7389840778236,n^3<d<=n^4,1.3333333333333333,4,0,0.0,0,0.0,0,0.0,0,0.0,4,1.3333333333333333
uniform,72,13904830441241163781,746423,59.7389840778236,d>n^4,0.0,0,0,0.0,0,0.0,0,0.0,0,0.0,0,0.0
uniform,73,5595438618765515791,74968,74.00565074449027,d<=n,398.53333333334797,2164,906,906.0,819,-764.3999999999874,371,296.80000000000206,67,-40.20000000000005,1,0.3333333333333333
uniform,73,5595438618765515791,74968,74.00565074449027,n<d<=n^2,-37.999999999999886,1771,0,0.0,233,-217.46666666666718,562,449.60000000000423,638,-382.8000000000031,338,112.66666666666615
uniform,73,5595438618765515791,74968,74.00565074449027,n^2<d<(n+1)^2,0.0,0,0,0.0,0,0.0,0,0.0,0,0.0,0,0.0
uniform,73,5595438618765515791,74968,74.00565074449027,(n+1)^2<=d<=n^3,77.20000000000144,807,0,0.0,0,0.0,31,24.80000000000001,221,-132.59999999999945,555,185.00000000000088
uniform,73,5595438618765515791,74968,74.00565074449027,n^3<d<=n^4,6.999999999999997,21,0,0.0,0,0.0,0,0.0,0,0.0,21,6.999999999999997
uniform,73,5595438618765515791,74968,74.00565074449027,d>n^4,0.0,0,0,0.0,0,0.0,0,0.0,0,0.0,0,0.0
uniform,74,12366644277280904214,965911,111.27231741115693,d<=n,382.0666666666813,2190,897,897.0,819,-764.3999999999874,370,296.00000000000205,87,-52.20000000000008,17,5.666666666666665
uniform,74,12366644277280904214,965911,111.27231741115693,n<d<=n^2,-33.06666666666831,2123,0,0.0,230,-214.66666666666717,597,477.6000000000046,780,-468.0000000000063,516,172.0000000000005
uniform,74,12366644277280904214,965911,111.27231741115693,n^2<d<(n+1)^2,0.0,0,0,0.0,0,0.0,0,0.0,0,0.0,0,0.0
uniform,74,12366644277280904214,965911,111.27231741115693,(n+1)^2<=d<=n^3,132.66666666666808,755,0,0.0,0,0.0,15,12.000000000000002,135,-80.99999999999994,605,201.66666666666802
uniform,74,12366644277280904214,965911,111.27231741115693,n^3<d<=n^4,0.3333333333333333,1,0,0.0,0,0.0,0,0.0,0,0.0,1,0.3333333333333333
uniform,74,12366644277280904214,965911,111.27231741115693,d>n^4,0.0,0,0,0.0,0,0.0,0,0.0,0,0.0,0,0.0
uniform,75,8815263277912166396,179909,98.47231741115694,d<=n,401.6000000000133,2115,945,945.0,808,-754.1333333333213,305,244.0000000000013,56,-33.60000000000004,1,0.3333333333333333
uniform,75,8815263277912166396,179909,98.47231741115694,n<d<=n^2,-24.93333333332906,1659,0,0.0,317,-295.86666666666747,632,505.600000000005,505,-303.00000000000006,205,68.33333333333344
uniform,75,8815263277912166396,179909,98.47231741115694,n^2<d<(n+1)^2,0.0,0,0,0.0,0,0.0,0,0.0,0,0.0,0,0.0
uniform,75,8815263277912166396,179909,98.47231741115694,(n+1)^2<=d<=n^3,48.60000000000261,1018,0,0.0,0,0.0,63,50.39999999999995,343,-205.79999999999876,612,204.00000000000142
uniform,75,8815263277912166396,179909,98.47231741115694,n^3<d<=n^4,43.26666666666676,169,0,0.0,0,0.0,0,0.0,14,-8.399999999999999,155,51.66666666666676
uniform,75,8815263277912166396,179909,98.47231741115694,d>n^4,0.6666666666666666,2,0,0.0,0,0.0,0,0.0,0,0.0,2,0.6666666666666666
uniform,76,10448014934585914817,257308,102.67231741115694,d<=n,406.0000000000175,2486,942,942.0,849,-792.3999999999858,443,354.4000000000029,195,-116.9999999999996,57,19.0
uniform,76,10448014934585914817,257308,102.67231741115694,n<d<=n^2,31.13333333333466,2312,0,0.0,274,-255.733333333334,545,436.00000000000404,693,-415.80000000000433,800,266.66666666666896
uniform,76,10448014934585914817,257308,102.67231741115694,n^2<d<(n+1)^2,0.0,0,0,0.0,0,0.0,0,0.0,0,0.0,0,0.0
uniform,76,10448014934585914817,257308,102.67231741115694,(n+1)^2<=d<=n^3,36.06666666666669,356,0,0.0,0,0.0,41,32.80000000000001,109,-65.40000000000009,206,68.66666666666677
uniform,76,10448014934585914817,257308,102.67231741115694,n^3<d<=n^4,0.19999999999999996,9,0,0.0,0,0.0,0,0.0,3,-1.7999999999999998,6,1.9999999999999998
uniform,76,10448014934585914817,257308,102.67231741115694,d>n^4,0.0,0,0,0.0,0,0.0,0,0.0,0,0.0,0,0.0
uniform,77,8241117507303512693,323519,105.9389840778236,d<=n,416.0000000000171,2359,942,942.0,853,-796.1333333333189,428,342.4000000000027,126,-75.6,10,3.3333333333333335
uniform,77,8241117507303512693,323519,105.9389840778236,n<d<=n^2,-3.3999999999992383,2256,0,0.0,274,-255.733333333334,573,458.40000000000435,724,-434.40000000000504,685,228.33333333333545
uniform,77,8241117507303512693,323519,105.9389840778236,n^2<d<(n+1)^2,0.0,0,0,0.0,0,0.0,0,0.0,0,0.0,0,0.0
uniform,77,8241117507303512693,323519,105.9389840778236,(n+1)^2<=d<=n^3,60.933333333332854,530,0,0.0,0,0.0,36,28.800000000000015,142,-85.1999999999999,352,117.33333333333275
uniform,77,8241117507303512693,323519,105.9389840778236,n^3<d<=n^4,3.133333333333333,15,0,0.0,0,0.0,0,0.0,2,-1.2,13,4.333333333333333
uniform,77,8241117507303512693,323519,105.9389840778236,d>n^4,0.0,0,0,0.0,0,0.0,0,0.0,0,0.0,0,0.0
uniform,78,9081345859371628542,876486,180.20565074449027,d<=n,419.0000000000122,2061,945,945.0,790,-737.3333333333222,290,232.00000000000114,35,-21.000000000000007,1,0.3333333333333333
uniform,78,9081345859371628542,876486,180.20565074449027,n<d<=n^2,-45.133333333329375,1620,0,0.0,312,-291.2000000000008,629,503.200000000005,518,-310.80000000000035,161,53.66666666666677
uniform,78,9081345859371628542,876486,180.20565074449027,n^2<d<(n+1)^2,0.0,0,0,0.0,0,0.0,0,0.0,0,0.0,0,0.0
uniform,78,9081345859371628542,876486,180.20565074449027,(n+1)^2<=d<=n^3,72.53333333333529,1409,0,0.0,0,0.0,89,71.19999999999987,470,-281.99999999999926,850,283.3333333333347
uniform,78,9081345859371628542,876486,180.20565074449027,n^3<d<=n^4,103.5333333333326,417,0,0.0,0,0.0,0,0.0,38,-22.80000000000001,379,126.33333333333262
uniform,78,9081345859371628542,876486,180.20565074449027,d>n^4,1.0,3,0,0.0,0,0.0,0,0.0,0,0.0,3,1.0
uniform,79,8048001190188274897,42612,97.5389840778236,d<=n,433.4000000000167,2317,966,966.0,853,-796.1333333333189,397,317.60000000000235,94,-56.40000000000009,7,2.333333333333333
uniform,79,8048001190188274897,42612,97.5389840778236,n<d<=n^2,-26.266666666665856,2234,0,0.0,308,-287.46666666666744,592,473.60000000000457,704,-422.4000000000046,630,210.0000000000016
uniform,79,8048001190188274897,42612,97.5389840778236,n^2<d<(n+1)^2,0.0,0,0,0.0,0,0.0,0,0.0,0,0.0,0,0.0
uniform,79,8048001190188274897,42612,97.5389840778236,(n+1)^2<=d<=n^3,59.79999999999956,458,0,0.0,0,0.0,31,24.80000000000001,115,-69.00000000000006,312,103.9999999999996
uniform,79,8048001190188274897,42612,97.5389840778236,n^3<d<=n^4,1.3333333333333333,4,0,0.0,0,0.0,0,0.0,0,0.0,4,1.3333333333333333
uniform,79,8048001190188274897,42612,97.5389840778236,d>n^4,0.0,0,0,0.0,0,0.0,0,0.0,0,0.0,0,0.0
uniform,80,7164757769105214229,268072,170.07231741115694,d<=n,398.73333333335137,2307,961,961.0,881,-822.2666666666507,381,304.80000000000217,78,-46.80000000000007,6,1.9999999999999998
uniform,80,7164757769105214229,268072,170.07231741115694,n<d<=n^2,-16.799999999999997,1816,0,0.0,325,-303.33333333333417,699,559.2000000000024,575,-345.00000000000165,217,72.33333333333339
uniform,80,7164757769105214229,268072,170.07231741115694,n^2<d<(n+1)^2,0.0,0,0,0.0,0,0.0,0,0.0,0,0.0,0,0.0
uniform,80,7164757769105214229,268072,170.07231741115694,(n+1)^2<=d<=n^3,53.066666666667174,1471,0,0.0,0,0.0,81,64.7999999999999,509,-305.40000000000015,881,293.6666666666674
uniform,80,7164757769105214229,268072,170.07231741115694,n^3<d<=n^4,105.46666666666607,378,0,0.0,0,0.0,0,0.0,22,-13.199999999999996,356,118.66666666666606
uniform,80,7164757769105214229,268072,170.07231741115694,d>n^4,0.3333333333333333,1,0,0.0,0,0.0,0,0.0,0,0.0,1,0.3333333333333333
uniform,81,5225123166932277096,638960,96.27231741115693,d<=n,395.0000000000149,2238,913,913.0,821,-766.2666666666539,386,308.8000000000022,107,-64.2000000000001,11,3.666666666666667
uniform,81,5225123166932277096,638960,96.27231741115693,n<d<=n^2,4.000000000001336,1899,0,0.0,228,-212.8000000000005,503,402.40000000000356,616,-369.6000000000026,552,184.00000000000085
uniform,81,5225123166932277096,638960,96.27231741115693,n^2<d<(n+1)^2,0.0,0,0,0.0,0,0.0,0,0.0,0,0.0,0,0.0
uniform,81,5225123166932277096,638960,96.27231741115693,(n+1)^2<=d<=n^3,66.53333333333279,530,0,0.0,0,0.0,36,28.800000000000015,136,-81.59999999999994,358,119.33333333333272
uniform,81,5225123166932277096,638960,96.27231741115693,n^3<d<=n^4,1.4666666666666666,10,0,0.0,0,0.0,0,0.0,2,-1.2,8,2.6666666666666665
uniform,81,5225123166932277096,638960,96.27231741115693,d>n^4,0.0,0,0,0.0,0,0.0,0,0.0,0,0.0,0,0.0
uniform,82,14276197416223855692,571767,63.87231741115693,d<=n,413.3333333333491,2239,935,935.0,839,-783.066666666653,380,304.00000000000216,76,-45.600000000000065,9,3.0
uniform,82,14276197416223855692,571767,63.87231741115693,n<d<=n^2,-51.06666666666504,1809,0,0.0,299,-279.0666666666674,630,504.000000000005,610,-366.00000000000244,270,89.9999999999998
uniform,82,14276197416223855692,571767,63.87231741115693,n^2<d<(n+1)^2,0.0,0,0,0.0,0,0.0,0,0.0,0,0.0,0,0.0
uniform,82,14276197416223855692,571767,63.87231741115693,(n+1)^2<=d<=n^3,59.333333333334565,794,0,0.0,0,0.0,34,27.200000000000014,237,-142.19999999999936,523,174.3333333333339
uniform,82,14276197416223855692,571767,63.87231741115693,n^3<d<=n^4,13.000000000000005,39,0,0.0,0,0.0,0,0.0,0,0.0,39,13.000000000000005
uniform,82,14276197416223855692,571767,63.87231741115693,d>n^4,0.0,0,0,0.0,0,0.0,0,0.0,0,0.0,0,0.0
uniform,83,7541296211184330870,544377,181.1389840778236,d<=n,388.60000000001753,2297,943,943.0,871,-812.9333333333179,385,308.0000000000022,88,-52.80000000000008,10,3.3333333333333335
uniform,83,7541296211184330870,544377,181.1389840778236,n<d<=n^2,-24.666666666676292,2228,0,0.0,321,-299.6000000000008,795,635.9999999999981,784,-470.4000000000064,328,109.33333333333286
uniform,83,7541296211184330870,544377,181.1389840778236,n^2<d<(n+1)^2,0.0,0,0,0.0,0,0.0,0,0.0,0,0.0,0,0.0
uniform,83,7541296211184330870,544377,181.1389840778236,(n+1)^2<=d<=n^3,131.06666666666405,1628,0,0.0,0,0.0,64,51.199999999999946,473,-283.79999999999933,1091,363.66666666666345
uniform,83,7541296211184330870,544377,181.1389840778236,n^3<d<=n^4,56.86666666666683,193,0,0.0,0,0.0,0,0.0,8,-4.8,185,61.66666666666683
uniform,83,7541296211184330870,544377,181.1389840778236,d>n^4,0.0,0,0,0.0,0,0.0,0,0.0,0,0.0,0,0.0
uniform,84,14536127255201632630,832931,97.7389840778236,d<=n,424.06666666668116,2205,961,961.0,822,-767.1999999999872,344,275.20000000000175,76,-45.600000000000065,2,0.6666666666666666
uniform,84,14536127255201632630,832931,97.7389840778236,n<d<=n^2,-64.73333333333301,2010,0,0.0,338,-315.46666666666755,629,503.200000000005,643,-385.8000000000032,400,133.33333333333275
uniform,84,14536127255201632630,832931,97.7389840778236,n^2<d<(n+1)^2,0.0,0,0,0.0,0,0.0,0,0.0,0,0.0,0,0.0
uniform,84,14536127255201632630,832931,97.7389840778236,(n+1)^2<=d<=n^3,103.80000000000136,821,0,0.0,0,0.0,54,43.199999999999974,209,-125.39999999999952,558,186.0000000000009
uniform,84,14536127255201632630,832931,97.7389840778236,n^3<d<=n^4,5.33333333333333,30,0,0.0,0,0.0,0,0.0,5,-3.0,25,8.33333333333333
uniform,84,14536127255201632630,832931,97.7389840778236,d>n^4,0.0,0,0,0.0,0,0.0,0,0.0,0,0.0,0,0.0
uniform,85,3630830006288927859,77546,56.205650744490256,d<=n,429.0666666666784,2136,933,933.0,773,-721.4666666666565,331,264.8000000000016,86,-51.60000000000008,13,4.333333333333333
uniform,85,3630830006288927859,77546,56.205650744490256,n<d<=n^2,-21.59999999999637,1483,0,0.0,271,-252.933333333334,464,371.2000000000031,417,-250.19999999999834,331,110.33333333333285
uniform,85,3630830006288927859,77546,56.205650744490256,n^2<d<(n+1)^2,0.0,0,0,0.0,0,0.0,0,0.0,0,0.0,0,0.0
uniform,85,3630830006288927859,77546,56.205650744490256,(n+1)^2<=d<=n^3,18.466666666666725,327,0,0.0,0,0.0,22,17.600000000000005,108,-64.8000000000001,197,65.66666666666681
uniform,85,3630830006288927859,77546,56.205650744490256,n^3<d<=n^4,1.0,3,0,0.0,0,0.0,0,0.0,0,0.0,3,1.0
uniform,85,3630830006288927859,77546,56.205650744490256,d>n^4,0.0,0,0,0.0,0,0.0,0,0.0,0,0.0,0,0.0
uniform,86,15470511143632938280,104361,90.00565074449027,d<=n,412.8000000000153,2238,945,945.0,833,-777.4666666666533,365,292.000000000002,84,-50.40000000000008,11,3.666666666666667
uniform,86,15470511143632938280,104361,90.00565074449027,n<d<=n^2,-37.99999999999932,2047,0,0.0,327,-305.20000000000084,640,512.0000000000051,648,-388.8000000000033,432,143.99999999999972
uniform,86,15470511143632938280,104361,90.00565074449027,n^2<d<(n+1)^2,0.0,0,0,0.0,0,0.0,0,0.0,0,0.0,0,0.0
uniform,86,15470511143632938280,104361,90.00565074449027,(n+1)^2<=d<=n^3,72.80000000000116,826,0,0.0,0,0.0,62,49.59999999999995,248,-148.7999999999993,516,172.0000000000005
uniform,86,15470511143632938280,104361,90.00565074449027,n^3<d<=n^4,13.133333333333342,45,0,0.0,0,0.0,0,0.0,2,-1.2,43,14.333333333333341
uniform,86,15470511143632938280,104361,90.00565074449027,d>n^4,0.0,0,0,0.0,0,0.0,0,0.0,0,0.0,0,0.0
uniform,87,12687623199101602464,767720,171.00565074449025,d<=n,411.1333333333497,2579,922,922.0,811,-756.9333333333211,483,386.40000000000333,280,-167.99999999999912,83,27.666666666666636
uniform,87,12687623199101602464,767720,171.00565074449025,n<d<=n^2,134.13333333332622,2478,0,0.0,222,-207.20000000000047,388,310.40000000000225,634,-380.400000000003,1234,411.3333333333274
uniform,87,12687623199101602464,767720,171.00565074449025,n^2<d<(n+1)^2,0.0,0,0,0.0,0,0.0,0,0.0,0,0.0,0,0.0
uniform,87,12687623199101602464,767720,171.00565074449025,(n+1)^2<=d<=n^3,-3.5333333333333297,51,0,0.0,0,0.0,10,7.999999999999999,27,-16.199999999999996,14,4.666666666666666
uniform,87,12687623199101602464,767720,171.00565074449025,n^3<d<=n^4,0.0,0,0,0.0,0,0.0,0,0.0,0,0.0,0,0.0
uniform,87,12687623199101602464,767720,171.00565074449025,d>n^4,0.0,0,0,0.0,0,0.0,0,0.0,0,0.0,0,0.0
uniform,88,15053736847569090239,864051,99.67231741115694,d<=n,407.2666666666846,2323,965,965.0,878,-819.4666666666509,390,312.0000000000023,86,-51.60000000000008,4,1.3333333333333333
uniform,88,15053736847569090239,864051,99.67231741115694,n<d<=n^2,-37.86666666666687,2168,0,0.0,295,-275.33333333333405,617,493.60000000000485,723,-433.800000000005,533,177.66666666666734
uniform,88,15053736847569090239,864051,99.67231741115694,n^2<d<(n+1)^2,0.0,0,0,0.0,0,0.0,0,0.0,0,0.0,0,0.0
uniform,88,15053736847569090239,864051,99.67231741115694,(n+1)^2<=d<=n^3,100.46666666666708,685,0,0.0,0,0.0,42,33.60000000000001,158,-94.79999999999981,485,161.66666666666688
uniform,88,15053736847569090239,864051,99.67231741115694,n^3<d<=n^4,0.5333333333333332,10,0,0.0,0,0.0,0,0.0,3,-1.7999999999999998,7,2.333333333333333
uniform,88,15053736847569090239,864051,99.67231741115694,d>n^4,0.0,0,0,0.0,0,0.0,0,0.0,0,0.0,0,0.0
uniform,89,10946776174760604745,150296,109.3389840778236,d<=n,417.86666666668265,2256,954,954.0,844,-787.7333333333194,372,297.60000000000207,80,-48.00000000000007,6,1.9999999999999998
uniform,89,10946776174760604745,150296,109.3389840778236,n<d<=n^2,-38.80000000000439,2221,0,0.0,341,-318.26666666666756,712,569.6000000000018,728,-436.8000000000051,440,146.66666666666646
uniform,89,10946776174760604745,150296,109.3389840778236,n^2<d<(n+1)^2,0.0,0,0,0.0,0,0.0,0,0.0,0,0.0,0,0.0
uniform,89,10946776174760604745,150296,109.3389840778236,(n+1)^2<=d<=n^3,85.06666666666906,986,0,0.0,0,0.0,70,55.99999999999993,296,-177.59999999999903,620,206.66666666666816
uniform,89,10946776174760604745,150296,109.3389840778236,n^3<d<=n^4,15.599999999999994,72,0,0.0,0,0.0,0,0.0,9,-5.3999999999999995,63,20.999999999999993
uniform,89,10946776174760604745,150296,109.3389840778236,d>n^4,0.3333333333333333,1,0,0.0,0,0.0,0,0.0,0,0.0,1,0.3333333333333333
uniform,90,5902169455799456720,723219,164.9389840778236,d<=n,404.2666666666789,2069,927,927.0,788,-735.4666666666557,301,240.80000000000126,49,-29.400000000000027,4,1.3333333333333333
uniform,90,5902169455799456720,723219,164.9389840778236,n<d<=n^2,-37.599999999995255,1578,0,0.0,323,-301.4666666666675,629,503.200000000005,480,-287.9999999999995,146,48.666666666666735
uniform,90,5902169455799456720,723219,164.9389840778236,n^2<d<(n+1)^2,0.0,0,0,0.0,0,0.0,0,0.0,0,0.0,0,0.0
uniform,90,5902169455799456720,723219,164.9389840778236,(n+1)^2<=d<=n^3,35.39999999999952,1537,0,0.0,0,0.0,112,89.59999999999981,567,-340.20000000000147,858,286.0000000000012
uniform,90,5902169455799456720,723219,164.9389840778236,n^3<d<=n^4,130.60000000000008,515,0,0.0,0,0.0,0,0.0,44,-26.40000000000002,471,157.00000000000009
uniform,90,5902169455799456720,723219,164.9389840778236,d>n^4,3.0,9,0,0.0,0,0.0,0,0.0,0,0.0,9,3.0
uniform,91,1200697233756374787,255728,95.07231741115693,d<=n,411.6666666666814,2168,917,917.0,821,-766.2666666666539,370,296.00000000000205,59,-35.40000000000004,1,0.3333333333333333
uniform,91,1200697233756374787,255728,95.07231741115693,n<d<=n^2,-51.400000000001256,2024,0,0.0,263,-245.4666666666673,608,486.40000000000475,725,-435.00000000000506,428,142.66666666666634
uniform,91,1200697233756374787,255728,95.07231741115693,n^2<d<(n+1)^2,0.0,0,0,0.0,0,0.0,0,0.0,0,0.0,0,0.0
uniform,91,1200697233756374787,255728,95.07231741115693,(n+1)^2<=d<=n^3,103.86666666666788,754,0,0.0,0,0.0,22,17.600000000000005,169,-101.39999999999975,563,187.66666666666762
uniform,91,1200697233756374787,255728,95.07231741115693,n^3<d<=n^4,1.6666666666666665,5,0,0.0,0,0.0,0,0.0,0,0.0,5,1.6666666666666665
uniform,91,1200697233756374787,255728,95.07231741115693,d>n^4,0.0,0,0,0.0,0,0.0,0,0.0,0,0.0,0,0.0
uniform,92,14429855470499674906,794816,107.7389840778236,d<=n,402.1333333333474,2150,929,929.0,815,-760.6666666666542,339,271.2000000000017,64,-38.40000000000005,3,1.0
uniform,92,14429855470499674906,794816,107.7389840778236,n<d<=n^2,-31.999999999999133,1829,0,0.0,294,-274.4000000000007,657,525.6000000000043,617,-370.2000000000026,261,86.99999999999984
uniform,92,14429855470499674906,794816,107.7389840778236,n^2<d<(n+1)^2,0.0,0,0,0.0,0,0.0,0,0.0,0,0.0,0,0.0
uniform,92,14429855470499674906,794816,107.7389840778236,(n+1)^2<=d<=n^3,77.33333333333655,1051,0,0.0,0,0.0,47,37.599999999999994,316,-189.59999999999891,688,229.33333333333547
uniform,92,14429855470499674906,794816,107.7389840778236,n^3<d<=n^4,30.999999999999964,107,0,0.0,0,0.0,0,0.0,5,-3.0,102,33.999999999999964
uniform,92,14429855470499674906,794816,107.7389840778236,d>n^4,0.0,0,0,0.0,0,0.0,0,0.0,0,0.0,0,0.0
uniform,93,8104497589530584752,808452,100.00565074449027,d<=n,419.3333333333487,2226,944,944.0,833,-777.4666666666533,371,296.80000000000206,75,-45.000000000000064,3,1.0
uniform,93,8104497589530584752,808452,100.00565074449027,n<d<=n^2,-67.19999999999975,1820,0,0.0,280,-261.333333333334,566,452.8000000000043,625,-375.0000000000028,349,116.33333333333276
uniform,93,8104497589530584752,808452,100.00565074449027,n^2<d<(n+1)^2,0.0,0,0,0.0,0,0.0,0,0.0,0,0.0,0,0.0
uniform,93,8104497589530584752,808452,100.00565074449027,(n+1)^2<=d<=n^3,113.40000000000151,812,0,0.0,0,0.0,41,32.80000000000001,189,-113.39999999999964,582,194.00000000000114
uniform,93,8104497589530584752,808452,100.00565074449027,n^3<d<=n^4,4.533333333333339,50,0,0.0,0,0.0,0,0.0,13,-7.799999999999998,37,12.333333333333337
uniform,93,8104497589530584752,808452,100.00565074449027,d>n^4,0.6666666666666666,2,0,0.0,0,0.0,0,0.0,0,0.0,2,0.6666666666666666
uniform,94,10496429244065856064,872510,172.7389840778236,d<=n,439.4000000000155,2199,971,971.0,839,-783.066666666653,345,276.00000000000176,42,-25.200000000000017,2,0.6666666666666666
uniform,94,10496429244065856064,872510,172.7389840778236,n<d<=n^2,-58.333333333337634,2461,0,0.0,340,-317.3333333333342,694,555.2000000000027,827,-496.2000000000074,600,200.0000000000013
uniform,94,10496429244065856064,872510,172.7389840778236,n^2<d<(n+1)^2,0.0,0,0,0.0,0,0.0,0,0.0,0,0.0,0,0.0
uniform,94,10496429244065856064,872510,172.7389840778236,(n+1)^2<=d<=n^3,152.00000000000216,1198,0,0.0,0,0.0,52,41.59999999999998,291,-174.59999999999906,855,285.00000000000125
uniform,94,10496429244065856064,872510,172.7389840778236,n^3<d<=n^4,10.400000000000002,34,0,0.0,0,0.0,0,0.0,1,-0.6,33,11.000000000000002
uniform,94,10496429244065856064,872510,172.7389840778236,d>n^4,0.0,0,0,0.0,0,0.0,0,0.0,0,0.0,0,0.0
uniform,95,11126687222191146219,333220,98.9389840778236,d<=n,438.86666666668077,2284,964,964.0,808,-754.1333333333213,371,296.80000000000206,123,-73.80000000000001,18,5.999999999999998
uniform,95,11126687222191146219,333220,98.9389840778236,n<d<=n^2,5.666666666670409,2043,0,0.0,297,-277.2000000000007,467,373.60000000000315,554,-332.40000000000117,725,241.66666666666916
uniform,95,11126687222191146219,333220,98.9389840778236,n^2<d<(n+1)^2,0.0,0,0,0.0,0,0.0,0,0.0,0,0.0,0,0.0
uniform,95,11126687222191146219,333220,98.9389840778236,(n+1)^2<=d<=n^3,25.066666666666624,155,0,0.0,0,0.0,27,21.60000000000001,42,-25.200000000000017,86,28.666666666666632
uniform,95,11126687222191146219,333220,98.9389840778236,n^3<d<=n^4,0.06666666666666665,3,0,0.0,0,0.0,0,0.0,1,-0.6,2,0.6666666666666666
uniform,95,11126687222191146219,333220,98.9389840778236,d>n^4,0.0,0,0,0.0,0,0.0,0,0.0,0,0.0,0,0.0
uniform,96,15689249321920698649,748015,97.47231741115694,d<=n,404.13333333334754,2219,940,940.0,816,-761.5999999999875,351,280.80000000000183,99,-59.4000000000001,13,4.333333333333333
uniform,96,15689249321920698649,748015,97.47231741115694,n<d<=n^2,-12.666666666664682,1744,0,0.0,277,-258.533333333334,553,442.4000000000041,537,-322.2000000000008,377,125.66666666666596
uniform,96,15689249321920698649,748015,97.47231741115694,n^2<d<(n+1)^2,0.0,0,0,0.0,0,0.0,0,0.0,0,0.0,0,0.0
uniform,96,15689249321920698649,748015,97.47231741115694,(n+1)^2<=d<=n^3,63.46666666666704,686,0,0.0,0,0.0,34,27.200000000000014,194,-116.39999999999961,458,152.66666666666663
uniform,96,15689249321920698649,748015,97.47231741115694,n^3<d<=n^4,13.266666666666676,51,0,0.0,0,0.0,0,0.0,4,-2.4,47,15.666666666666677
uniform,96,15689249321920698649,748015,97.47231741115694,d>n^4,0.0,0,0,0.0,0,0.0,0,0.0,0,0.0,0,0.0
uniform,97,15337533159845488304,220268,97.7389840778236,d<=n,419.400000000015,2244,947,947.0,826,-770.9333333333203,371,296.80000000000206,93,-55.80000000000009,7,2.333333333333333
uniform,97,15337533159845488304,220268,97.7389840778236,n<d<=n^2,-49.86666666666608,1885,0,0.0,300,-280.00000000000074,583,466.40000000000447,611,-366.60000000000247,391,130.33333333333266
uniform,97,15337533159845488304,220268,97.7389840778236,n^2<d<(n+1)^2,0.0,0,0,0.0,0,0.0,0,0.0,0,0.0,0,0.0
uniform,97,15337533159845488304,220268,97.7389840778236,(n+1)^2<=d<=n^3,85.80000000000105,767,0,0.0,0,0.0,40,32.000000000000014,202,-121.19999999999956,525,175.0000000000006
uniform,97,15337533159845488304,220268,97.7389840778236,n^3<d<=n^4,13.133333333333342,45,0,0.0,0,0.0,0,0.0,2,-1.2,43,14.333333333333341
uniform,97,15337533159845488304,220268,97.7389840778236,d>n^4,0.0,0,0,0.0,0,0.0,0,0.0,0,0.0,0,0.0
uniform,98,11456988543798685732,729890,174.47231741115692,d<=n,398.4000000000179,2533,925,925.0,847,-790.5333333333192,472,377.6000000000032,225,-134.99999999999943,64,21.333333333333325
uniform,98,11456988543798685732,729890,174.47231741115692,n<d<=n^2,90.86666666665684,2957,0,0.0,275,-256.6666666666673,601,480.8000000000047,886,-531.6000000000087,1195,398.33333333332814
uniform,98,11456988543798685732,729890,174.47231741115692,n^2<d<(n+1)^2,0.0,0,0,0.0,0,0.0,0,0.0,0,0.0,0,0.0
uniform,98,11456988543798685732,729890,174.47231741115692,(n+1)^2<=d<=n^3,53.199999999999605,434,0,0.0,0,0.0,26,20.800000000000008,111,-66.60000000000008,297,98.99999999999967
uniform,98,11456988543798685732,729890,174.47231741115692,n^3<d<=n^4,2.7333333333333334,11,0,0.0,0,0.0,0,0.0,1,-0.6,10,3.3333333333333335
uniform,98,11456988543798685732,729890,174.47231741115692,d>n^4,0.0,0,0,0.0,0,0.0,0,0.0,0,0.0,0,0.0
uniform,99,2648050754682924088,378357,104.47231741115694,d<=n,410.2000000000147,2271,940,940.0,819,-764.3999999999874,377,301.6000000000021,120,-72.00000000000003,15,4.999999999999999
uniform,99,2648050754682924088,378357,104.47231741115694,n<d<=n^2,-2.2666666666650883,1963,0,0.0,252,-235.20000000000059,513,410.4000000000037,618,-370.8000000000026,580,193.33333333333445
uniform,99,2648050754682924088,378357,104.47231741115694,n^2<d<(n+1)^2,0.0,0,0,0.0,0,0.0,0,0.0,0,0.0,0,0.0
uniform,99,2648050754682924088,378357,104.47231741115694,(n+1)^2<=d<=n^3,66.93333333333278,443,0,0.0,0,0.0,21,16.800000000000004,97,-58.200000000000095,325,108.33333333333287
uniform,99,2648050754682924088,378357,104.47231741115694,n^3<d<=n^4,0.3333333333333333,1,0,0.0,0,0.0,0,0.0,0,0.0,1,0.3333333333333333
uniform,99,2648050754682924088,378357,104.47231741115694,d>n^4,0.0,0,0,0.0,0,0.0,0,0.0,0,0.0,0,0.0
uniform,100,11911000891909793527,168009,104.3389840778236,d<=n,412.8000000000144,2190,941,941.0,819,-764.3999999999874,351,280.80000000000183,76,-45.600000000000065,3,1.0
uniform,100,11911000891909793527,168009,104.3389840778236,n<d<=n^2,-28.59999999999833,1857,0,0.0,302,-281.8666666666674,640,512.0000000000051,604,-362.4000000000023,311,103.66666666666627
uniform,100,11911000891909793527,168009,104.3389840778236,n^2<d<(n+1)^2,0.0,0,0,0.0,0,0.0,0,0.0,0,0.0,0,0.0
uniform,100,11911000891909793527,168009,104.3389840778236,(n+1)^2<=d<=n^3,46.00000000000196,929,0,0.0,0,0.0,57,45.599999999999966,311,-186.59999999999894,561,187.00000000000094
uniform,100,11911000891909793527,168009,104.3389840778236,n^3<d<=n^4,44.20000000000012,183,0,0.0,0,0.0,0,0.0,18,-10.799999999999997,165,55.000000000000114
uniform,100,11911000891909793527,168009,104.3389840778236,d>n^4,0.6666666666666666,2,0,0.0,0,0.0,0,0.0,0,0.0,2,0.6666666666666666
independent_square,1,3760684019240542450,560000,93.5389840778236,d<=n,383.66666666668374,2417,947,947.0,857,-799.866666666652,389,311.20000000000226,160,-95.9999999999998,64,21.333333333333325
independent_square,1,3760684019240542450,560000,93.5389840778236,n<d<=n^2,41.73333333333599,2076,0,0.0,282,-263.20000000000067,594,475.2000000000046,611,-366.60000000000247,589,196.33333333333454
independent_square,1,3760684019240542450,560000,93.5389840778236,n^2<d<(n+1)^2,0.0,0,0,0.0,0,0.0,0,0.0,0,0.0,0,0.0
independent_square,1,3760684019240542450,560000,93.5389840778236,(n+1)^2<=d<=n^3,35.066666666666514,465,0,0.0,0,0.0,33,26.400000000000013,145,-86.99999999999989,287,95.66666666666639
independent_square,1,3760684019240542450,560000,93.5389840778236,n^3<d<=n^4,3.799999999999999,17,0,0.0,0,0.0,0,0.0,2,-1.2,15,4.999999999999999
independent_square,1,3760684019240542450,560000,93.5389840778236,d>n^4,0.0,0,0,0.0,0,0.0,0,0.0,0,0.0,0,0.0
independent_square,2,11152968823687245083,156800,95.27231741115693,d<=n,409.86666666668225,2244,937,937.0,836,-780.2666666666531,378,302.40000000000214,86,-51.60000000000008,7,2.333333333333333
independent_square,2,11152968823687245083,156800,95.27231741115693,n<d<=n^2,-39.73333333333295,1814,0,0.0,256,-238.93333333333393,536,428.80000000000393,611,-366.60000000000247,411,136.99999999999952
independent_square,2,11152968823687245083,156800,95.27231741115693,n^2<d<(n+1)^2,0.0,0,0,0.0,0,0.0,0,0.0,0,0.0,0,0.0
independent_square,2,11152968823687245083,156800,95.27231741115693,(n+1)^2<=d<=n^3,86.53333333333345,632,0,0.0,0,0.0,26,20.800000000000008,146,-87.59999999999988,460,153.33333333333331
independent_square,2,11152968823687245083,156800,95.27231741115693,n^3<d<=n^4,9.333333333333332,28,0,0.0,0,0.0,0,0.0,0,0.0,28,9.333333333333332
independent_square,2,11152968823687245083,156800,95.27231741115693,d>n^4,0.0,0,0,0.0,0,0.0,0,0.0,0,0.0,0,0.0
independent_square,3,5673012824866946814,749981,176.1389840778236,d<=n,420.9333333333501,2308,945,945.0,852,-795.1999999999856,408,326.4000000000025,96,-57.600000000000094,7,2.333333333333333
independent_square,3,5673012824866946814,749981,176.1389840778236,n<d<=n^2,-38.26666666667094,2350,0,0.0,320,-298.6666666666675,698,558.4000000000025,795,-477.00000000000665,537,179.0000000000007
independent_square,3,5673012824866946814,749981,176.1389840778236,n^2<d<(n+1)^2,0.0,0,0,0.0,0,0.0,0,0.0,0,0.0,0,0.0
independent_square,3,5673012824866946814,749981,176.1389840778236,(n+1)^2<=d<=n^3,94.33333333333746,1235,0,0.0,0,0.0,80,63.9999999999999,380,-227.99999999999855,775,258.3333333333361
independent_square,3,5673012824866946814,749981,176.1389840778236,n^3<d<=n^4,67.53333333333316,295,0,0.0,0,0.0,0,0.0,33,-19.800000000000004,262,87.33333333333317
independent_square,3,5673012824866946814,749981,176.1389840778236,d>n^4,2.333333333333333,7,0,0.0,0,0.0,0,0.0,0,0.0,7,2.333333333333333
independent_square,4,15598168032123741713,435900,99.07231741115693,d<=n,442.6666666666808,2216,944,944.0,809,-755.0666666666546,377,301.6000000000021,82,-49.200000000000074,4,1.3333333333333333
independent_square,4,15598168032123741713,435900,99.07231741115693,n<d<=n^2,-52.73333333333261,1965,0,0.0,299,-279.0666666666674,553,442.4000000000041,629,-377.4000000000029,484,161.33333333333354
independent_square,4,15598168032123741713,435900,99.07231741115693,n^2<d<(n+1)^2,0.0,0,0,0.0,0,0.0,0,0.0,0,0.0,0,0.0
independent_square,4,15598168032123741713,435900,99.07231741115693,(n+1)^2<=d<=n^3,76.8666666666669,666,0,0.0,0,0.0,37,29.600000000000016,174,-104.39999999999972,455,151.6666666666666
independent_square,4,15598168032123741713,435900,99.07231741115693,n^3<d<=n^4,3.0,9,0,0.0,0,0.0,0,0.0,0,0.0,9,3.0
independent_square,4,15598168032123741713,435900,99.07231741115693,d>n^4,0.0,0,0,0.0,0,0.0,0,0.0,0,0.0,0,0.0
independent_square,5,13424278471330186248,454523,143.67231741115694,d<=n,412.26666666668194,2221,957,957.0,836,-780.2666666666531,349,279.2000000000018,75,-45.000000000000064,4,1.3333333333333333
independent_square,5,13424278471330186248,454523,143.67231741115694,n<d<=n^2,-47.533333333341034,2344,0,0.0,346,-322.93333333333425,753,602.4,795,-477.00000000000665,450,149.9999999999999
independent_square,5,13424278471330186248,454523,143.67231741115694,n^2<d<(n+1)^2,0.0,0,0,0.0,0,0.0,0,0.0,0,0.0,0,0.0
independent_square,5,13424278471330186248,454523,143.67231741115694,(n+1)^2<=d<=n^3,113.66666666666873,1384,0,0.0,0,0.0,79,63.1999999999999,412,-247.19999999999837,893,297.6666666666672
independent_square,5,13424278471330186248,454523,143.67231741115694,n^3<d<=n^4,36.0,122,0,0.0,0,0.0,0,0.0,5,-3.0,117,39.0
independent_square,5,13424278471330186248,454523,143.67231741115694,d>n^4,0.0,0,0,0.0,0,0.0,0,0.0,0,0.0,0,0.0
independent_square,6,15133472560840775736,803357,113.47231741115694,d<=n,413.86666666668265,2279,946,946.0,842,-785.8666666666528,387,309.60000000000224,97,-58.200000000000095,7,2.333333333333333
independent_square,6,15133472560840775736,803357,113.47231741115694,n<d<=n^2,-12.666666666670096,2468,0,0.0,301,-280.9333333333341,687,549.600000000003,830,-498.00000000000745,650,216.66666666666845
independent_square,6,15133472560840775736,803357,113.47231741115694,n^2<d<(n+1)^2,0.0,0,0,0.0,0,0.0,0,0.0,0,0.0,0,0.0
independent_square,6,15133472560840775736,803357,113.47231741115694,(n+1)^2<=d<=n^3,81.33333333333391,706,0,0.0,0,0.0,36,28.800000000000015,183,-109.79999999999967,487,162.33333333333357
independent_square,6,15133472560840775736,803357,113.47231741115694,n^3<d<=n^4,1.6666666666666665,5,0,0.0,0,0.0,0,0.0,0,0.0,5,1.6666666666666665
independent_square,6,15133472560840775736,803357,113.47231741115694,d>n^4,0.0,0,0,0.0,0,0.0,0,0.0,0,0.0,0,0.0
independent_square,7,8768164236184003122,373596,291.0723174111569,d<=n,414.00000000001603,2270,963,963.0,847,-790.5333333333192,365,292.000000000002,88,-52.80000000000008,7,2.333333333333333
independent_square,7,8768164236184003122,373596,291.0723174111569,n<d<=n^2,-43.066666666675815,2212,0,0.0,384,-358.40000000000106,814,651.1999999999972,722,-433.200000000005,292,97.33333333333303
independent_square,7,8768164236184003122,373596,291.0723174111569,n^2<d<(n+1)^2,0.0,0,0,0.0,0,0.0,0,0.0,0,0.0,0,0.0
independent_square,7,8768164236184003122,373596,291.0723174111569,(n+1)^2<=d<=n^3,100.46666666665237,2239,0,0.0,0,0.0,124,99.19999999999978,754,-452.4000000000057,1361,453.66666666665833
independent_square,7,8768164236184003122,373596,291.0723174111569,n^3<d<=n^4,186.7333333333351,703,0,0.0,0,0.0,0,0.0,51,-30.60000000000003,652,217.33333333333513
independent_square,7,8768164236184003122,373596,291.0723174111569,d>n^4,3.666666666666667,11,0,0.0,0,0.0,0,0.0,0,0.0,11,3.666666666666667
independent_square,8,3346887413222867795,785357,105.00565074449027,d<=n,418.3333333333494,2289,963,963.0,846,-789.5999999999859,376,300.8000000000021,97,-58.200000000000095,7,2.333333333333333
independent_square,8,3346887413222867795,785357,105.00565074449027,n<d<=n^2,-18.733333333333434,2225,0,0.0,331,-308.9333333333342,657,525.6000000000043,694,-416.40000000000435,543,181.00000000000077
independent_square,8,3346887413222867795,785357,105.00565074449027,n^2<d<(n+1)^2,0.0,0,0,0.0,0,0.0,0,0.0,0,0.0,0,0.0
independent_square,8,3346887413222867795,785357,105.00565074449027,(n+1)^2<=d<=n^3,69.13333333333416,773,0,0.0,0,0.0,54,43.199999999999974,229,-137.3999999999994,490,163.3333333333336
independent_square,8,3346887413222867795,785357,105.00565074449027,n^3<d<=n^4,7.0,35,0,0.0,0,0.0,0,0.0,5,-3.0,30,10.0
independent_square,8,3346887413222867795,785357,105.00565074449027,d>n^4,0.0,0,0,0.0,0,0.0,0,0.0,0,0.0,0,0.0
independent_square,9,4036888401711380382,177494,195.3389840778236,d<=n,387.4666666666836,2230,932,932.0,861,-803.5999999999851,371,296.80000000000206,64,-38.40000000000005,2,0.6666666666666666
independent_square,9,4036888401711380382,177494,195.3389840778236,n<d<=n^2,-13.93333333334624,2343,0,0.0,338,-315.46666666666755,848,678.3999999999957,817,-490.20000000000715,340,113.3333333333328
independent_square,9,4036888401711380382,177494,195.3389840778236,n^2<d<(n+1)^2,0.0,0,0,0.0,0,0.0,0,0.0,0,0.0,0,0.0
independent_square,9,4036888401711380382,177494,195.3389840778236,(n+1)^2<=d<=n^3,62.13333333332753,1802,0,0.0,0,0.0,106,84.79999999999983,630,-378.0000000000029,1066,355.3333333333306
independent_square,9,4036888401711380382,177494,195.3389840778236,n^3<d<=n^4,124.73333333333335,517,0,0.0,0,0.0,0,0.0,51,-30.60000000000003,466,155.33333333333337
independent_square,9,4036888401711380382,177494,195.3389840778236,d>n^4,5.666666666666665,17,0,0.0,0,0.0,0,0.0,0,0.0,17,5.666666666666665
independent_square,10,15954420470927862892,872935,99.47231741115694,d<=n,417.4000000000128,2094,934,934.0,796,-742.9333333333219,315,252.00000000000142,45,-27.00000000000002,4,1.3333333333333333
independent_square,10,15954420470927862892,872935,99.47231741115694,n<d<=n^2,-27.333333333328206,1467,0,0.0,296,-276.2666666666674,593,474.4000000000046,448,-268.79999999999876,130,43.333333333333364
independent_square,10,15954420470927862892,872935,99.47231741115694,n^2<d<(n+1)^2,0.0,0,0,0.0,0,0.0,0,0.0,0,0.0,0,0.0
independent_square,10,15954420470927862892,872935,99.47231741115694,(n+1)^2<=d<=n^3,36.13333333333654,1066,0,0.0,0,0.0,46,36.8,365,-218.99999999999864,655,218.33333333333516
independent_square,10,15954420470927862892,872935,99.47231741115694,n^3<d<=n^4,43.66666666666672,145,0,0.0,0,0.0,0,0.0,5,-3.0,140,46.66666666666672
independent_square,10,15954420470927862892,872935,99.47231741115694,d>n^4,0.3333333333333333,1,0,0.0,0,0.0,0,0.0,0,0.0,1,0.3333333333333333
independent_square,11,12689853545985403984,179149,97.5389840778236,d<=n,397.60000000001395,2143,924,924.0,813,-758.7999999999877,338,270.4000000000017,65,-39.00000000000005,3,1.0
independent_square,11,12689853545985403984,179149,97.5389840778236,n<d<=n^2,-36.46666666666687,1890,0,0.0,241,-224.93333333333388,542,433.600000000004,658,-394.80000000000354,449,149.66666666666654
independent_square,11,12689853545985403984,179149,97.5389840778236,n^2<d<(n+1)^2,0.0,0,0,0.0,0,0.0,0,0.0,0,0.0,0,0.0
independent_square,11,12689853545985403984,179149,97.5389840778236,(n+1)^2<=d<=n^3,102.93333333333337,614,0,0.0,0,0.0,26,20.800000000000008,122,-73.20000000000002,466,155.33333333333337
independent_square,11,12689853545985403984,179149,97.5389840778236,n^3<d<=n^4,4.199999999999998,21,0,0.0,0,0.0,0,0.0,3,-1.7999999999999998,18,5.999999999999998
independent_square,11,12689853545985403984,179149,97.5389840778236,d>n^4,0.0,0,0,0.0,0,0.0,0,0.0,0,0.0,0,0.0
independent_square,12,4291604966143500096,318569,94.07231741115693,d<=n,407.00000000001796,2420,945,945.0,863,-805.4666666666517,438,350.4000000000028,151,-90.59999999999985,23,7.666666666666663
independent_square,12,4291604966143500096,318569,94.07231741115693,n<d<=n^2,17.33333333333556,2125,0,0.0,274,-255.733333333334,539,431.20000000000397,638,-382.8000000000031,674,224.66666666666868
independent_square,12,4291604966143500096,318569,94.07231741115693,n^2<d<(n+1)^2,0.0,0,0,0.0,0,0.0,0,0.0,0,0.0,0,0.0
independent_square,12,4291604966143500096,318569,94.07231741115693,(n+1)^2<=d<=n^3,40.000000000000014,330,0,0.0,0,0.0,30,24.00000000000001,90,-54.000000000000085,210,70.00000000000009
independent_square,12,4291604966143500096,318569,94.07231741115693,n^3<d<=n^4,0.46666666666666656,7,0,0.0,0,0.0,0,0.0,2,-1.2,5,1.6666666666666665
independent_square,12,4291604966143500096,318569,94.07231741115693,d>n^4,0.0,0,0,0.0,0,0.0,0,0.0,0,0.0,0,0.0
independent_square,13,12514303176209966691,999035,177.67231741115694,d<=n,427.4000000000165,2244,963,963.0,855,-797.9999999999854,366,292.800000000002,54,-32.400000000000034,6,1.9999999999999998
independent_square,13,12514303176209966691,999035,177.67231741115694,n<d<=n^2,-87.26666666667538,2364,0,0.0,327,-305.20000000000084,740,592.0000000000006,864,-518.4000000000082,433,144.33333333333306
independent_square,13,12514303176209966691,999035,177.67231741115694,n^2<d<(n+1)^2,0.0,0,0,0.0,0,0.0,0,0.0,0,0.0,0,0.0
independent_square,13,12514303176209966691,999035,177.67231741115694,(n+1)^2<=d<=n^3,199.86666666666503,1399,0,0.0,0,0.0,35,28.000000000000014,303,-181.799999999999,1061,353.666666666664
independent_square,13,12514303176209966691,999035,177.67231741115694,n^3<d<=n^4,8.399999999999999,28,0,0.0,0,0.0,0,0.0,1,-0.6,27,8.999999999999998
independent_square,13,12514303176209966691,999035,177.67231741115694,d>n^4,0.0,0,0,0.0,0,0.0,0,0.0,0,0.0,0,0.0
independent_square,14,1810448075220651958,620756,91.80565074449026,d<=n,397.46666666668176,2207,949,949.0,835,-779.3333333333198,338,270.4000000000017,76,-45.600000000000065,9,3.0
independent_square,14,1810448075220651958,620756,91.80565074449026,n<d<=n^2,-3.8000000000001535,1995,0,0.0,339,-316.4000000000009,675,540.0000000000035,594,-356.4000000000021,387,128.9999999999993
independent_square,14,1810448075220651958,620756,91.80565074449026,n^2<d<(n+1)^2,0.0,0,0,0.0,0,0.0,0,0.0,0,0.0,0,0.0
independent_square,14,1810448075220651958,620756,91.80565074449026,(n+1)^2<=d<=n^3,56.26666666666833,873,0,0.0,0,0.0,49,39.19999999999999,276,-165.59999999999914,548,182.66666666666748
independent_square,14,1810448075220651958,620756,91.80565074449026,n^3<d<=n^4,12.600000000000009,49,0,0.0,0,0.0,0,0.0,4,-2.4,45,15.000000000000009
independent_square,14,1810448075220651958,620756,91.80565074449026,d>n^4,0.0,0,0,0.0,0,0.0,0,0.0,0,0.0,0,0.0
independent_square,15,18371652861380401229,667750,289.9389840778236,d<=n,415.6666666666847,2392,941,941.0,864,-806.399999999985,449,359.20000000000294,133,-79.79999999999995,5,1.6666666666666665
independent_square,15,18371652861380401229,667750,289.9389840778236,n<d<=n^2,-40.733333333339374,2746,0,0.0,309,-288.4000000000008,702,561.6000000000023,956,-573.6000000000103,779,259.66666666666936
independent_square,15,18371652861380401229,667750,289.9389840778236,n^2<d<(n+1)^2,0.0,0,0,0.0,0,0.0,0,0.0,0,0.0,0,0.0
independent_square,15,18371652861380401229,667750,289.9389840778236,(n+1)^2<=d<=n^3,225.39999999999486,1785,0,0.0,0,0.0,82,65.5999999999999,437,-262.1999999999985,1266,421.99999999999346
independent_square,15,18371652861380401229,667750,289.9389840778236,n^3<d<=n^4,60.00000000000006,236,0,0.0,0,0.0,0,0.0,20,-11.999999999999996,216,72.00000000000006
independent_square,15,18371652861380401229,667750,289.9389840778236,d>n^4,0.3333333333333333,1,0,0.0,0,0.0,0,0.0,0,0.0,1,0.3333333333333333
independent_square,16,4767209394541770639,733619,166.00565074449025,d<=n,386.5333333333453,2064,909,909.0,782,-729.866666666656,306,244.80000000000132,64,-38.40000000000005,3,1.0
independent_square,16,4767209394541770639,733619,166.00565074449025,n<d<=n^2,-6.999999999999375,1999,0,0.0,249,-232.40000000000057,557,445.6000000000042,662,-397.2000000000036,531,177.00000000000065
independent_square,16,4767209394541770639,733619,166.00565074449025,n^2<d<(n+1)^2,0.0,0,0,0.0,0,0.0,0,0.0,0,0.0,0,0.0
independent_square,16,4767209394541770639,733619,166.00565074449025,(n+1)^2<=d<=n^3,141.0666666666701,1021,0,0.0,0,0.0,31,24.80000000000001,229,-137.3999999999994,761,253.6666666666695
independent_square,16,4767209394541770639,733619,166.00565074449025,n^3<d<=n^4,16.13333333333334,54,0,0.0,0,0.0,0,0.0,2,-1.2,52,17.33333333333334
independent_square,16,4767209394541770639,733619,166.00565074449025,d>n^4,0.0,0,0,0.0,0,0.0,0,0.0,0,0.0,0,0.0
independent_square,17,8217072949997476534,270,92.80565074449026,d<=n,380.4000000000161,2417,944,944.0,837,-781.1999999999864,382,305.6000000000022,185,-110.99999999999966,69,22.999999999999986
independent_square,17,8217072949997476534,270,92.80565074449026,n<d<=n^2,47.60000000000349,2068,0,0.0,297,-277.2000000000007,583,466.40000000000447,576,-345.60000000000167,612,204.00000000000142
independent_square,17,8217072949997476534,270,92.80565074449026,n^2<d<(n+1)^2,0.0,0,0,0.0,0,0.0,0,0.0,0,0.0,0,0.0
independent_square,17,8217072949997476534,270,92.80565074449026,(n+1)^2<=d<=n^3,33.4,376,0,0.0,0,0.0,37,29.600000000000016,117,-70.20000000000005,222,74.00000000000003
independent_square,17,8217072949997476534,270,92.80565074449026,n^3<d<=n^4,2.1333333333333337,12,0,0.0,0,0.0,0,0.0,2,-1.2,10,3.3333333333333335
independent_square,17,8217072949997476534,270,92.80565074449026,d>n^4,0.0,0,0,0.0,0,0.0,0,0.0,0,0.0,0,0.0
independent_square,18,18010541614231416064,580110,103.7389840778236,d<=n,397.6000000000166,2275,954,954.0,858,-800.7999999999853,367,293.600000000002,87,-52.20000000000008,9,3.0
independent_square,18,18010541614231416064,580110,103.7389840778236,n<d<=n^2,-10.79999999999869,1851,0,0.0,307,-286.5333333333341,658,526.4000000000043,585,-351.0000000000019,301,100.33333333333299
independent_square,18,18010541614231416064,580110,103.7389840778236,n^2<d<(n+1)^2,0.0,0,0,0.0,0,0.0,0,0.0,0,0.0,0,0.0
independent_square,18,18010541614231416064,580110,103.7389840778236,(n+1)^2<=d<=n^3,46.46666666666934,1006,0,0.0,0,0.0,51,40.79999999999998,335,-200.9999999999988,620,206.66666666666816
independent_square,18,18010541614231416064,580110,103.7389840778236,n^3<d<=n^4,41.20000000000005,146,0,0.0,0,0.0,0,0.0,8,-4.8,138,46.00000000000005
independent_square,18,18010541614231416064,580110,103.7389840778236,d>n^4,0.0,0,0,0.0,0,0.0,0,0.0,0,0.0,0,0.0
independent_square,19,14279817985918294756,72672,68.67231741115693,d<=n,373.66666666668146,2178,930,930.0,831,-775.5999999999867,328,262.40000000000157,78,-46.80000000000007,11,3.666666666666667
independent_square,19,14279817985918294756,72672,68.67231741115693,n<d<=n^2,16.933333333336165,1776,0,0.0,279,-260.40000000000066,635,508.00000000000506,555,-333.0000000000012,307,102.33333333333296
independent_square,19,14279817985918294756,72672,68.67231741115693,n^2<d<(n+1)^2,0.0,0,0,0.0,0,0.0,0,0.0,0,0.0,0,0.0
independent_square,19,14279817985918294756,72672,68.67231741115693,(n+1)^2<=d<=n^3,37.66666666666731,736,0,0.0,0,0.0,37,29.600000000000016,241,-144.59999999999934,458,152.66666666666663
independent_square,19,14279817985918294756,72672,68.67231741115693,n^3<d<=n^4,11.133333333333338,39,0,0.0,0,0.0,0,0.0,2,-1.2,37,12.333333333333337
independent_square,19,14279817985918294756,72672,68.67231741115693,d>n^4,0.0,0,0,0.0,0,0.0,0,0.0,0,0.0,0,0.0
independent_square,20,8642352814767816782,182279,99.7389840778236,d<=n,406.0666666666831,2227,946,946.0,854,-797.0666666666522,364,291.200000000002,59,-35.40000000000004,4,1.3333333333333333
independent_square,20,8642352814767816782,182279,99.7389840778236,n<d<=n^2,-50.7333333333348,1915,0,0.0,313,-292.1333333333341,687,549.600000000003,657,-394.2000000000035,258,85.99999999999986
independent_square,20,8642352814767816782,182279,99.7389840778236,n^2<d<(n+1)^2,0.0,0,0,0.0,0,0.0,0,0.0,0,0.0,0,0.0
independent_square,20,8642352814767816782,182279,99.7389840778236,(n+1)^2<=d<=n^3,83.73333333333662,1059,0,0.0,0,0.0,49,39.19999999999999,313,-187.79999999999893,697,232.33333333333556
independent_square,20,8642352814767816782,182279,99.7389840778236,n^3<d<=n^4,31.39999999999997,111,0,0.0,0,0.0,0,0.0,6,-3.6,105,34.99999999999997
independent_square,20,8642352814767816782,182279,99.7389840778236,d>n^4,0.0,0,0,0.0,0,0.0,0,0.0,0,0.0,0,0.0
independent_square,21,16870189793694861261,76532,175.87231741115693,d<=n,425.2000000000141,2206,942,942.0,811,-756.9333333333211,365,292.000000000002,87,-52.20000000000008,1,0.3333333333333333
independent_square,21,16870189793694861261,76532,175.87231741115693,n<d<=n^2,-55.066666666666535,1955,0,0.0,310,-289.3333333333341,621,496.8000000000049,647,-388.2000000000033,377,125.66666666666596
independent_square,21,16870189793694861261,76532,175.87231741115693,n^2<d<(n+1)^2,0.0,0,0,0.0,0,0.0,0,0.0,0,0.0,0,0.0
independent_square,21,16870189793694861261,76532,175.87231741115693,(n+1)^2<=d<=n^3,121.466666666668,1420,0,0.0,0,0.0,74,59.19999999999992,414,-248.39999999999836,932,310.66666666666646
independent_square,21,16870189793694861261,76532,175.87231741115693,n^3<d<=n^4,55.00000000000017,207,0,0.0,0,0.0,0,0.0,15,-8.999999999999998,192,64.00000000000017
independent_square,21,16870189793694861261,76532,175.87231741115693,d>n^4,0.0,0,0,0.0,0,0.0,0,0.0,0,0.0,0,0.0
independent_square,22,8681747571449753125,345859,92.47231741115694,d<=n,408.6000000000152,2353,952,952.0,822,-767.1999999999872,384,307.2000000000022,159,-95.3999999999998,36,12.000000000000004
independent_square,22,8681747571449753125,345859,92.47231741115694,n<d<=n^2,18.066666666669477,2227,0,0.0,343,-320.13333333333424,635,508.00000000000506,628,-376.80000000000285,621,207.0000000000015
independent_square,22,8681747571449753125,345859,92.47231741115694,n^2<d<(n+1)^2,0.0,0,0,0.0,0,0.0,0,0.0,0,0.0,0,0.0
independent_square,22,8681747571449753125,345859,92.47231741115694,(n+1)^2<=d<=n^3,33.33333333333324,520,0,0.0,0,0.0,44,35.2,172,-103.19999999999973,304,101.33333333333297
independent_square,22,8681747571449753125,345859,92.47231741115694,n^3<d<=n^4,3.1999999999999993,18,0,0.0,0,0.0,0,0.0,3,-1.7999999999999998,15,4.999999999999999
independent_square,22,8681747571449753125,345859,92.47231741115694,d>n^4,0.0,0,0,0.0,0,0.0,0,0.0,0,0.0,0,0.0
independent_square,23,7860091661239013041,666965,105.5389840778236,d<=n,418.40000000001504,2260,924,924.0,820,-765.3333333333206,404,323.20000000000243,108,-64.8000000000001,4,1.3333333333333333
independent_square,23,7860091661239013041,666965,105.5389840778236,n<d<=n^2,-43.80000000000058,2211,0,0.0,269,-251.06666666666732,565,452.00000000000426,754,-452.4000000000057,623,207.6666666666682
independent_square,23,7860091661239013041,666965,105.5389840778236,n^2<d<(n+1)^2,0.0,0,0,0.0,0,0.0,0,0.0,0,0.0,0,0.0
independent_square,23,7860091661239013041,666965,105.5389840778236,(n+1)^2<=d<=n^3,98.60000000000018,636,0,0.0,0,0.0,27,21.60000000000001,135,-80.99999999999994,474,158.0000000000001
independent_square,23,7860091661239013041,666965,105.5389840778236,n^3<d<=n^4,3.066666666666667,12,0,0.0,0,0.0,0,0.0,1,-0.6,11,3.666666666666667
independent_square,23,7860091661239013041,666965,105.5389840778236,d>n^4,0.0,0,0,0.0,0,0.0,0,0.0,0,0.0,0,0.0
independent_square,24,11423400672835504822,438541,99.5389840778236,d<=n,414.2000000000157,2227,935,935.0,837,-781.1999999999864,379,303.20000000000215,73,-43.80000000000006,3,1.0
independent_square,24,11423400672835504822,438541,99.5389840778236,n<d<=n^2,-38.33333333333553,2135,0,0.0,304,-283.7333333333341,668,534.4000000000038,725,-435.00000000000506,438,145.99999999999977
independent_square,24,11423400672835504822,438541,99.5389840778236,n^2<d<(n+1)^2,0.0,0,0,0.0,0,0.0,0,0.0,0,0.0,0,0.0
independent_square,24,11423400672835504822,438541,99.5389840778236,(n+1)^2<=d<=n^3,87.73333333333537,875,0,0.0,0,0.0,31,24.80000000000001,234,-140.39999999999938,610,203.33333333333474
independent_square,24,11423400672835504822,438541,99.5389840778236,n^3<d<=n^4,6.666666666666664,20,0,0.0,0,0.0,0,0.0,0,0.0,20,6.666666666666664
independent_square,24,11423400672835504822,438541,99.5389840778236,d>n^4,0.0,0,0,0.0,0,0.0,0,0.0,0,0.0,0,0.0
independent_square,25,16236339653217658223,946191,172.7389840778236,d<=n,381.06666666668417,2247,936,936.0,873,-814.7999999999845,370,296.00000000000205,63,-37.80000000000005,5,1.6666666666666665
independent_square,25,16236339653217658223,946191,172.7389840778236,n<d<=n^2,-19.666666666672043,2026,0,0.0,286,-266.933333333334,739,591.2000000000006,726,-435.6000000000051,275,91.66666666666644
independent_square,25,16236339653217658223,946191,172.7389840778236,n^2<d<(n+1)^2,0.0,0,0,0.0,0,0.0,0,0.0,0,0.0,0,0.0
independent_square,25,16236339653217658223,946191,172.7389840778236,(n+1)^2<=d<=n^3,114.33333333333118,1596,0,0.0,0,0.0,55,43.99999999999997,475,-284.9999999999994,1066,355.3333333333306
independent_square,25,16236339653217658223,946191,172.7389840778236,n^3<d<=n^4,67.7333333333334,220,0,0.0,0,0.0,0,0.0,6,-3.6,214,71.3333333333334
independent_square,25,16236339653217658223,946191,172.7389840778236,d>n^4,0.0,0,0,0.0,0,0.0,0,0.0,0,0.0,0,0.0
independent_square,26,12869327790998693949,51208,69.67231741115693,d<=n,389.20000000001704,2301,967,967.0,868,-810.1333333333181,357,285.6000000000019,96,-57.600000000000094,13,4.333333333333333
independent_square,26,12869327790998693949,51208,69.67231741115693,n<d<=n^2,-7.533333333331171,1778,0,0.0,283,-264.133333333334,596,476.8000000000046,557,-334.20000000000124,342,113.99999999999946
independent_square,26,12869327790998693949,51208,69.67231741115693,n^2<d<(n+1)^2,0.0,0,0,0.0,0,0.0,0,0.0,0,0.0,0,0.0
independent_square,26,12869327790998693949,51208,69.67231741115693,(n+1)^2<=d<=n^3,43.933333333333394,668,0,0.0,0,0.0,41,32.80000000000001,212,-127.1999999999995,415,138.3333333333329
independent_square,26,12869327790998693949,51208,69.67231741115693,n^3<d<=n^4,14.800000000000011,50,0,0.0,0,0.0,0,0.0,2,-1.2,48,16.00000000000001
independent_square,26,12869327790998693949,51208,69.67231741115693,d>n^4,0.0,0,0,0.0,0,0.0,0,0.0,0,0.0,0,0.0
independent_square,27,9307313185570824525,656290,55.5389840778236,d<=n,445.13333333334845,2288,953,953.0,823,-768.1333333333205,396,316.80000000000234,102,-61.2000000000001,14,4.666666666666666
independent_square,27,9307313185570824525,656290,55.5389840778236,n<d<=n^2,-72.13333333333304,1937,0,0.0,318,-296.8000000000008,581,464.80000000000445,628,-376.80000000000285,410,136.66666666666617
independent_square,27,9307313185570824525,656290,55.5389840778236,n^2<d<(n+1)^2,0.0,0,0,0.0,0,0.0,0,0.0,0,0.0,0,0.0
independent_square,27,9307313185570824525,656290,55.5389840778236,(n+1)^2<=d<=n^3,51.33333333333307,504,0,0.0,0,0.0,46,36.8,148,-88.79999999999987,310,103.33333333333294
independent_square,27,9307313185570824525,656290,55.5389840778236,n^3<d<=n^4,1.5999999999999979,30,0,0.0,0,0.0,0,0.0,9,-5.3999999999999995,21,6.999999999999997
independent_square,27,9307313185570824525,656290,55.5389840778236,d>n^4,0.3333333333333333,1,0,0.0,0,0.0,0,0.0,0,0.0,1,0.3333333333333333
independent_square,28,7326665137890325103,676668,61.27231741115693,d<=n,407.7333333333482,2188,937,937.0,827,-771.8666666666536,353,282.40000000000185,68,-40.800000000000054,3,1.0
independent_square,28,7326665137890325103,676668,61.27231741115693,n<d<=n^2,-40.333333333331694,1732,0,0.0,271,-252.933333333334,586,468.8000000000045,587,-352.2000000000019,288,95.99999999999972
independent_square,28,7326665137890325103,676668,61.27231741115693,n^2<d<(n+1)^2,0.0,0,0,0.0,0,0.0,0,0.0,0,0.0,0,0.0
independent_square,28,7326665137890325103,676668,61.27231741115693,(n+1)^2<=d<=n^3,60.600000000000236,669,0,0.0,0,0.0,32,25.600000000000012,190,-113.99999999999963,447,148.99999999999986
independent_square,28,7326665137890325103,676668,61.27231741115693,n^3<d<=n^4,4.0,12,0,0.0,0,0.0,0,0.0,0,0.0,12,4.0
independent_square,28,7326665137890325103,676668,61.27231741115693,d>n^4,0.0,0,0,0.0,0,0.0,0,0.0,0,0.0,0,0.0
independent_square,29,9460286839201919682,87869,99.00565074449027,d<=n,418.0666666666791,2071,949,949.0,794,-741.0666666666554,290,232.00000000000114,37,-22.20000000000001,1,0.3333333333333333
independent_square,29,9460286839201919682,87869,99.00565074449027,n<d<=n^2,-52.93333333332933,1561,0,0.0,303,-282.80000000000075,596,476.8000000000046,501,-300.59999999999997,161,53.66666666666677
independent_square,29,9460286839201919682,87869,99.00565074449027,n^2<d<(n+1)^2,0.0,0,0,0.0,0,0.0,0,0.0,0,0.0,0,0.0
independent_square,29,9460286839201919682,87869,99.00565074449027,(n+1)^2<=d<=n^3,93.86666666666954,976,0,0.0,0,0.0,30,24.00000000000001,263,-157.79999999999922,683,227.66666666666876
independent_square,29,9460286839201919682,87869,99.00565074449027,n^3<d<=n^4,10.733333333333336,35,0,0.0,0,0.0,0,0.0,1,-0.6,34,11.333333333333336
independent_square,29,9460286839201919682,87869,99.00565074449027,d>n^4,0.0,0,0,0.0,0,0.0,0,0.0,0,0.0,0,0.0
independent_square,30,5823974729352673706,648360,110.3389840778236,d<=n,420.8000000000161,2261,979,979.0,851,-794.2666666666523,350,280.0000000000018,76,-45.600000000000065,5,1.6666666666666665
independent_square,30,5823974729352673706,648360,110.3389840778236,n<d<=n^2,-31.000000000000853,2222,0,0.0,327,-305.20000000000084,660,528.0000000000042,713,-427.8000000000048,522,174.00000000000057
independent_square,30,5823974729352673706,648360,110.3389840778236,n^2<d<(n+1)^2,0.0,0,0,0.0,0,0.0,0,0.0,0,0.0,0,0.0
independent_square,30,5823974729352673706,648360,110.3389840778236,(n+1)^2<=d<=n^3,81.86666666666785,814,0,0.0,0,0.0,56,44.79999999999997,231,-138.5999999999994,527,175.66666666666728
independent_square,30,5823974729352673706,648360,110.3389840778236,n^3<d<=n^4,9.400000000000006,45,0,0.0,0,0.0,0,0.0,6,-3.6,39,13.000000000000005
independent_square,30,5823974729352673706,648360,110.3389840778236,d>n^4,0.0,0,0,0.0,0,0.0,0,0.0,0,0.0,0,0.0
independent_square,31,1197906404156733684,437342,97.67231741115694,d<=n,411.2000000000184,2511,958,958.0,868,-810.1333333333181,443,354.4000000000029,184,-110.39999999999966,58,19.333333333333332
independent_square,31,1197906404156733684,437342,97.67231741115694,n<d<=n^2,20.866666666667413,2523,0,0.0,324,-302.40000000000083,640,512.0000000000051,759,-455.40000000000583,800,266.66666666666896
independent_square,31,1197906404156733684,437342,97.67231741115694,n^2<d<(n+1)^2,0.0,0,0,0.0,0,0.0,0,0.0,0,0.0,0,0.0
independent_square,31,1197906404156733684,437342,97.67231741115694,(n+1)^2<=d<=n^3,33.3333333333333,387,0,0.0,0,0.0,35,28.000000000000014,120,-72.00000000000003,232,77.33333333333331
independent_square,31,1197906404156733684,437342,97.67231741115694,n^3<d<=n^4,3.0,9,0,0.0,0,0.0,0,0.0,0,0.0,9,3.0
independent_square,31,1197906404156733684,437342,97.67231741115694,d>n^4,0.0,0,0,0.0,0,0.0,0,0.0,0,0.0,0,0.0
independent_square,32,987656070977910553,815921,99.07231741115693,d<=n,402.2000000000174,2292,961,961.0,871,-812.9333333333179,372,297.60000000000207,78,-46.80000000000007,10,3.3333333333333335
independent_square,32,987656070977910553,815921,99.07231741115693,n<d<=n^2,-28.800000000003507,2112,0,0.0,321,-299.6000000000008,699,559.2000000000024,699,-419.40000000000447,393,130.99999999999935
independent_square,32,987656070977910553,815921,99.07231741115693,n^2<d<(n+1)^2,0.0,0,0,0.0,0,0.0,0,0.0,0,0.0,0,0.0
independent_square,32,987656070977910553,815921,99.07231741115693,(n+1)^2<=d<=n^3,80.33333333333492,857,0,0.0,0,0.0,52,41.59999999999998,246,-147.5999999999993,559,186.33333333333425
independent_square,32,987656070977910553,815921,99.07231741115693,n^3<d<=n^4,16.066666666666663,65,0,0.0,0,0.0,0,0.0,6,-3.6,59,19.666666666666664
independent_square,32,987656070977910553,815921,99.07231741115693,d>n^4,0.0,0,0,0.0,0,0.0,0,0.0,0,0.0,0,0.0
independent_square,33,14807995973516257558,806569,182.87231741115693,d<=n,418.00000000001734,2320,972,972.0,868,-810.1333333333181,386,308.8000000000022,90,-54.000000000000085,4,1.3333333333333333
independent_square,33,14807995973516257558,806569,182.87231741115693,n<d<=n^2,-34.86666666667392,2673,0,0.0,329,-307.0666666666675,737,589.6000000000007,914,-548.4000000000093,693,231.0000000000022
independent_square,33,14807995973516257558,806569,182.87231741115693,n^2<d<(n+1)^2,0.0,0,0,0.0,0,0.0,0,0.0,0,0.0,0,0.0
independent_square,33,14807995973516257558,806569,182.87231741115693,(n+1)^2<=d<=n^3,162.06666666666854,1175,0,0.0,0,0.0,42,33.60000000000001,267,-160.1999999999992,866,288.6666666666677
independent_square,33,14807995973516257558,806569,182.87231741115693,n^3<d<=n^4,8.399999999999999,28,0,0.0,0,0.0,0,0.0,1,-0.6,27,8.999999999999998
independent_square,33,14807995973516257558,806569,182.87231741115693,d>n^4,0.0,0,0,0.0,0,0.0,0,0.0,0,0.0,0,0.0
independent_square,34,11035483966002043753,397468,178.60565074449028,d<=n,404.3333333333474,2134,955,955.0,822,-767.1999999999872,307,245.60000000000133,49,-29.400000000000027,1,0.3333333333333333
independent_square,34,11035483966002043753,397468,178.60565074449028,n<d<=n^2,-29.13333333333165,1724,0,0.0,319,-297.73333333333414,676,540.8000000000035,552,-331.2000000000011,177,59.00000000000014
independent_square,34,11035483966002043753,397468,178.60565074449028,n^2<d<(n+1)^2,0.0,0,0,0.0,0,0.0,0,0.0,0,0.0,0,0.0
independent_square,34,11035483966002043753,397468,178.60565074449028,(n+1)^2<=d<=n^3,92.33333333333249,1544,0,0.0,0,0.0,79,63.1999999999999,492,-295.19999999999976,973,324.33333333333235
independent_square,34,11035483966002043753,397468,178.60565074449028,n^3<d<=n^4,81.79999999999981,279,0,0.0,0,0.0,0,0.0,12,-7.199999999999998,267,88.99999999999982
independent_square,34,11035483966002043753,397468,178.60565074449028,d>n^4,0.0,0,0,0.0,0,0.0,0,0.0,0,0.0,0,0.0
independent_square,35,908277930378458596,280439,107.60565074449026,d<=n,414.66666666667965,2093,950,950.0,803,-749.4666666666549,298,238.40000000000123,41,-24.600000000000016,1,0.3333333333333333
independent_square,35,908277930378458596,280439,107.60565074449026,n<d<=n^2,-32.33333333333013,1696,0,0.0,316,-294.93333333333413,651,520.8000000000046,537,-322.2000000000008,192,64.00000000000017
independent_square,35,908277930378458596,280439,107.60565074449026,n^2<d<(n+1)^2,0.0,0,0,0.0,0,0.0,0,0.0,0,0.0,0,0.0
independent_square,35,908277930378458596,280439,107.60565074449026,(n+1)^2<=d<=n^3,61.93333333333726,1149,0,0.0,0,0.0,50,39.999999999999986,369,-221.3999999999986,730,243.33333333333587
independent_square,35,908277930378458596,280439,107.60565074449026,n^3<d<=n^4,34.066666666666634,105,0,0.0,0,0.0,0,0.0,1,-0.6,104,34.666666666666636
independent_square,35,908277930378458596,280439,107.60565074449026,d>n^4,0.0,0,0,0.0,0,0.0,0,0.0,0,0.0,0,0.0
independent_square,36,6578733034294322267,657206,100.07231741115693,d<=n,403.9333333333462,2092,926,926.0,796,-742.9333333333219,315,252.00000000000142,53,-31.800000000000033,2,0.6666666666666666
independent_square,36,6578733034294322267,657206,100.07231741115693,n<d<=n^2,-25.399999999996155,1520,0,0.0,262,-244.53333333333396,555,444.00000000000415,492,-295.19999999999976,211,70.33333333333341
independent_square,36,6578733034294322267,657206,100.07231741115693,n^2<d<(n+1)^2,0.0,0,0,0.0,0,0.0,0,0.0,0,0.0,0,0.0
independent_square,36,6578733034294322267,657206,100.07231741115693,(n+1)^2<=d<=n^3,65.06666666666897,926,0,0.0,0,0.0,36,28.800000000000015,279,-167.39999999999912,611,203.66666666666808
independent_square,36,6578733034294322267,657206,100.07231741115693,n^3<d<=n^4,27.199999999999964,90,0,0.0,0,0.0,0,0.0,3,-1.7999999999999998,87,28.999999999999964
independent_square,36,6578733034294322267,657206,100.07231741115693,d>n^4,0.0,0,0,0.0,0,0.0,0,0.0,0,0.0,0,0.0
independent_square,37,13518324957499820077,410389,80.20565074449026,d<=n,389.53333333334774,2165,921,921.0,821,-766.2666666666539,343,274.40000000000174,71,-42.60000000000006,9,3.0
independent_square,37,13518324957499820077,410389,80.20565074449026,n<d<=n^2,-11.400000000000432,2023,0,0.0,261,-243.60000000000062,641,512.8000000000051,701,-420.6000000000045,420,139.9999999999996
independent_square,37,13518324957499820077,410389,80.20565074449026,n^2<d<(n+1)^2,0.0,0,0,0.0,0,0.0,0,0.0,0,0.0,0,0.0
independent_square,37,13518324957499820077,410389,80.20565074449026,(n+1)^2<=d<=n^3,63.73333333333457,803,0,0.0,0,0.0,41,32.80000000000001,239,-143.39999999999935,523,174.3333333333339
independent_square,37,13518324957499820077,410389,80.20565074449026,n^3<d<=n^4,9.066666666666666,30,0,0.0,0,0.0,0,0.0,1,-0.6,29,9.666666666666666
independent_square,37,13518324957499820077,410389,80.20565074449026,d>n^4,0.0,0,0,0.0,0,0.0,0,0.0,0,0.0,0,0.0
independent_square,38,12854477015722701219,528147,106.40565074449027,d<=n,409.20000000001386,2180,938,938.0,811,-756.9333333333211,341,272.8000000000017,80,-48.00000000000007,10,3.3333333333333335
independent_square,38,12854477015722701219,528147,106.40565074449027,n<d<=n^2,-14.933333333332428,2015,0,0.0,279,-260.40000000000066,582,465.60000000000446,648,-388.8000000000033,506,168.66666666666708
independent_square,38,12854477015722701219,528147,106.40565074449027,n^2<d<(n+1)^2,0.0,0,0,0.0,0,0.0,0,0.0,0,0.0,0,0.0
independent_square,38,12854477015722701219,528147,106.40565074449027,(n+1)^2<=d<=n^3,78.60000000000029,667,0,0.0,0,0.0,32,25.600000000000012,170,-101.99999999999974,465,155.00000000000003
independent_square,38,12854477015722701219,528147,106.40565074449027,n^3<d<=n^4,4.266666666666664,24,0,0.0,0,0.0,0,0.0,4,-2.4,20,6.666666666666664
independent_square,38,12854477015722701219,528147,106.40565074449027,d>n^4,0.0,0,0,0.0,0,0.0,0,0.0,0,0.0,0,0.0
independent_square,39,17628866059880776415,854789,98.67231741115694,d<=n,413.46666666668074,2135,940,940.0,816,-761.5999999999875,329,263.2000000000016,48,-28.800000000000026,2,0.6666666666666666
independent_square,39,17628866059880776415,854789,98.67231741115694,n<d<=n^2,-35.799999999995954,1630,0,0.0,308,-287.46666666666744,625,500.00000000000495,515,-309.0000000000003,182,60.66666666666682
independent_square,39,17628866059880776415,854789,98.67231741115694,n^2<d<(n+1)^2,0.0,0,0,0.0,0,0.0,0,0.0,0,0.0,0,0.0
independent_square,39,17628866059880776415,854789,98.67231741115694,(n+1)^2<=d<=n^3,31.133333333335855,1058,0,0.0,0,0.0,87,69.59999999999988,388,-232.7999999999985,583,194.33333333333448
independent_square,39,17628866059880776415,854789,98.67231741115694,n^3<d<=n^4,57.599999999999966,268,0,0.0,0,0.0,0,0.0,34,-20.400000000000006,234,77.99999999999997
independent_square,39,17628866059880776415,854789,98.67231741115694,d>n^4,3.0,9,0,0.0,0,0.0,0,0.0,0,0.0,9,3.0
independent_square,40,5059968125754596135,912749,170.3389840778236,d<=n,446.2666666666849,2470,955,955.0,860,-802.6666666666518,476,380.80000000000325,157,-94.19999999999982,22,7.33333333333333
independent_square,40,5059968125754596135,912749,170.3389840778236,n<d<=n^2,39.33333333332229,3058,0,0.0,308,-287.46666666666744,614,491.2000000000048,939,-563.4000000000099,1197,398.99999999999477
independent_square,40,5059968125754596135,912749,170.3389840778236,n^2<d<(n+1)^2,0.0,0,0,0.0,0,0.0,0,0.0,0,0.0,0,0.0
independent_square,40,5059968125754596135,912749,170.3389840778236,(n+1)^2<=d<=n^3,54.9999999999998,368,0,0.0,0,0.0,27,21.60000000000001,86,-51.60000000000008,255,84.99999999999987
independent_square,40,5059968125754596135,912749,170.3389840778236,n^3<d<=n^4,0.46666666666666656,7,0,0.0,0,0.0,0,0.0,2,-1.2,5,1.6666666666666665
independent_square,40,5059968125754596135,912749,170.3389840778236,d>n^4,0.0,0,0,0.0,0,0.0,0,0.0,0,0.0,0,0.0
independent_square,41,637132605493534720,203617,61.07231741115693,d<=n,427.00000000001467,2235,940,940.0,818,-763.4666666666541,378,302.40000000000214,91,-54.60000000000009,8,2.6666666666666665
independent_square,41,637132605493534720,203617,61.07231741115693,n<d<=n^2,-49.799999999999315,1874,0,0.0,300,-280.00000000000074,593,474.4000000000046,612,-367.2000000000025,369,122.99999999999933
independent_square,41,637132605493534720,203617,61.07231741115693,n^2<d<(n+1)^2,0.0,0,0,0.0,0,0.0,0,0.0,0,0.0,0,0.0
independent_square,41,637132605493534720,203617,61.07231741115693,(n+1)^2<=d<=n^3,52.86666666666635,601,0,0.0,0,0.0,30,24.00000000000001,173,-103.79999999999973,398,132.66666666666606
independent_square,41,637132605493534720,203617,61.07231741115693,n^3<d<=n^4,1.733333333333333,8,0,0.0,0,0.0,0,0.0,1,-0.6,7,2.333333333333333
independent_square,41,637132605493534720,203617,61.07231741115693,d>n^4,0.0,0,0,0.0,0,0.0,0,0.0,0,0.0,0,0.0
independent_square,42,12973709305259501376,350579,99.60565074449026,d<=n,410.06666666668,2161,959,959.0,809,-755.0666666666546,305,244.0000000000013,72,-43.20000000000006,16,5.333333333333332
independent_square,42,12973709305259501376,350579,99.60565074449026,n<d<=n^2,-44.733333333332,1837,0,0.0,308,-287.46666666666744,584,467.2000000000045,578,-346.8000000000017,367,122.33333333333267
independent_square,42,12973709305259501376,350579,99.60565074449026,n^2<d<(n+1)^2,0.0,0,0,0.0,0,0.0,0,0.0,0,0.0,0,0.0
independent_square,42,12973709305259501376,350579,99.60565074449026,(n+1)^2<=d<=n^3,84.7333333333346,810,0,0.0,0,0.0,49,39.19999999999999,223,-133.79999999999944,538,179.33333333333405
independent_square,42,12973709305259501376,350579,99.60565074449026,n^3<d<=n^4,20.266666666666644,86,0,0.0,0,0.0,0,0.0,9,-5.3999999999999995,77,25.666666666666643
independent_square,42,12973709305259501376,350579,99.60565074449026,d>n^4,0.0,0,0,0.0,0,0.0,0,0.0,0,0.0,0,0.0
independent_square,43,1184192299766106552,793289,100.5389840778236,d<=n,392.8666666666829,2213,942,942.0,852,-795.1999999999856,354,283.20000000000186,63,-37.80000000000005,2,0.6666666666666666
independent_square,43,1184192299766106552,793289,100.5389840778236,n<d<=n^2,-31.266666666668442,2122,0,0.0,281,-262.26666666666733,656,524.8000000000044,738,-442.80000000000535,447,148.99999999999986
independent_square,43,1184192299766106552,793289,100.5389840778236,n^2<d<(n+1)^2,0.0,0,0,0.0,0,0.0,0,0.0,0,0.0,0,0.0
independent_square,43,1184192299766106552,793289,100.5389840778236,(n+1)^2<=d<=n^3,107.26666666666823,802,0,0.0,0,0.0,27,21.60000000000001,185,-110.99999999999966,590,196.66666666666788
independent_square,43,1184192299766106552,793289,100.5389840778236,n^3<d<=n^4,2.4,10,0,0.0,0,0.0,0,0.0,1,-0.6,9,3.0
independent_square,43,1184192299766106552,793289,100.5389840778236,d>n^4,0.0,0,0,0.0,0,0.0,0,0.0,0,0.0,0,0.0
independent_square,44,5434204389300068256,913538,170.07231741115694,d<=n,409.73333333334824,2223,955,955.0,829,-773.7333333333202,346,276.8000000000018,85,-51.00000000000008,8,2.6666666666666665
independent_square,44,5434204389300068256,913538,170.07231741115694,n<d<=n^2,-5.115907697472721e-13,2091,0,0.0,327,-305.20000000000084,674,539.2000000000036,640,-384.0000000000031,450,149.9999999999999
independent_square,44,5434204389300068256,913538,170.07231741115694,n^2<d<(n+1)^2,0.0,0,0,0.0,0,0.0,0,0.0,0,0.0,0,0.0
independent_square,44,5434204389300068256,913538,170.07231741115694,(n+1)^2<=d<=n^3,94.6666666666695,1285,0,0.0,0,0.0,53,42.39999999999998,384,-230.39999999999853,848,282.66666666666805
independent_square,44,5434204389300068256,913538,170.07231741115694,n^3<d<=n^4,36.06666666666667,125,0,0.0,0,0.0,0,0.0,6,-3.6,119,39.66666666666667
independent_square,44,5434204389300068256,913538,170.07231741115694,d>n^4,0.3333333333333333,1,0,0.0,0,0.0,0,0.0,0,0.0,1,0.3333333333333333
independent_square,45,16675887738678317120,873013,96.20565074449027,d<=n,418.66666666668124,2212,955,955.0,822,-767.1999999999872,348,278.4000000000018,82,-49.200000000000074,5,1.6666666666666665
independent_square,45,16675887738678317120,873013,96.20565074449027,n<d<=n^2,-38.266666666664435,1840,0,0.0,328,-306.1333333333342,642,513.600000000005,574,-344.4000000000016,296,98.66666666666634
independent_square,45,16675887738678317120,873013,96.20565074449027,n^2<d<(n+1)^2,0.0,0,0,0.0,0,0.0,0,0.0,0,0.0,0,0.0
independent_square,45,16675887738678317120,873013,96.20565074449027,(n+1)^2<=d<=n^3,65.66666666666896,953,0,0.0,0,0.0,54,43.199999999999974,297,-178.19999999999902,602,200.666666666668
independent_square,45,16675887738678317120,873013,96.20565074449027,n^3<d<=n^4,20.866666666666653,71,0,0.0,0,0.0,0,0.0,3,-1.7999999999999998,68,22.666666666666654
independent_square,45,16675887738678317120,873013,96.20565074449027,d>n^4,0.0,0,0,0.0,0,0.0,0,0.0,0,0.0,0,0.0
independent_square,46,9448706360005846900,899664,177.3389840778236,d<=n,397.5333333333497,2334,961,961.0,850,-793.333333333319,369,295.20000000000203,125,-75.0,29,9.666666666666666
independent_square,46,9448706360005846900,899664,177.3389840778236,n<d<=n^2,23.73333333332755,2721,0,0.0,330,-308.00000000000085,735,588.0000000000008,866,-519.6000000000082,790,263.3333333333358
independent_square,46,9448706360005846900,899664,177.3389840778236,n^2<d<(n+1)^2,0.0,0,0,0.0,0,0.0,0,0.0,0,0.0,0,0.0
independent_square,46,9448706360005846900,899664,177.3389840778236,(n+1)^2<=d<=n^3,120.33333333333574,921,0,0.0,0,0.0,42,33.60000000000001,221,-132.59999999999945,658,219.3333333333352
independent_square,46,9448706360005846900,899664,177.3389840778236,n^3<d<=n^4,6.466666666666663,25,0,0.0,0,0.0,0,0.0,2,-1.2,23,7.666666666666663
independent_square,46,9448706360005846900,899664,177.3389840778236,d>n^4,0.0,0,0,0.0,0,0.0,0,0.0,0,0.0,0,0.0
independent_square,47,2188698242705343234,337077,98.27231741115693,d<=n,416.1333333333486,2299,940,940.0,825,-769.999999999987,396,316.80000000000234,125,-75.0,13,4.333333333333333
independent_square,47,2188698242705343234,337077,98.27231741115693,n<d<=n^2,-11.13333333333145,1976,0,0.0,279,-260.40000000000066,528,422.40000000000384,603,-361.8000000000023,566,188.66666666666765
independent_square,47,2188698242705343234,337077,98.27231741115693,n^2<d<(n+1)^2,0.0,0,0,0.0,0,0.0,0,0.0,0,0.0,0,0.0
independent_square,47,2188698242705343234,337077,98.27231741115693,(n+1)^2<=d<=n^3,63.66666666666614,478,0,0.0,0,0.0,29,23.20000000000001,117,-70.20000000000005,332,110.66666666666617
independent_square,47,2188698242705343234,337077,98.27231741115693,n^3<d<=n^4,0.3333333333333333,1,0,0.0,0,0.0,0,0.0,0,0.0,1,0.3333333333333333
independent_square,47,2188698242705343234,337077,98.27231741115693,d>n^4,0.0,0,0,0.0,0,0.0,0,0.0,0,0.0,0,0.0
independent_square,48,13891719119126417770,994113,118.47231741115694,d<=n,402.2666666666835,2287,937,937.0,857,-799.866666666652,390,312.0000000000023,87,-52.20000000000008,16,5.333333333333332
independent_square,48,13891719119126417770,994113,118.47231741115694,n<d<=n^2,-20.533333333334696,2086,0,0.0,273,-254.80000000000067,653,522.4000000000045,723,-433.800000000005,437,145.66666666666643
independent_square,48,13891719119126417770,994113,118.47231741115694,n^2<d<(n+1)^2,0.0,0,0,0.0,0,0.0,0,0.0,0,0.0,0,0.0
independent_square,48,13891719119126417770,994113,118.47231741115694,(n+1)^2<=d<=n^3,91.13333333333622,986,0,0.0,0,0.0,37,29.600000000000016,273,-163.79999999999916,676,225.33333333333536
independent_square,48,13891719119126417770,994113,118.47231741115694,n^3<d<=n^4,16.333333333333332,63,0,0.0,0,0.0,0,0.0,5,-3.0,58,19.333333333333332
independent_square,48,13891719119126417770,994113,118.47231741115694,d>n^4,0.0,0,0,0.0,0,0.0,0,0.0,0,0.0,0,0.0
independent_square,49,14043372116071084988,894152,58.87231741115693,d<=n,411.4666666666831,2252,961,961.0,855,-797.9999999999854,363,290.40000000000197,71,-42.60000000000006,2,0.6666666666666666
independent_square,49,14043372116071084988,894152,58.87231741115693,n<d<=n^2,-34.933333333330665,1771,0,0.0,326,-304.2666666666675,649,519.2000000000047,552,-331.2000000000011,244,81.33333333333326
independent_square,49,14043372116071084988,894152,58.87231741115693,n^2<d<(n+1)^2,0.0,0,0,0.0,0,0.0,0,0.0,0,0.0,0,0.0
independent_square,49,14043372116071084988,894152,58.87231741115693,(n+1)^2<=d<=n^3,22.600000000000065,709,0,0.0,0,0.0,58,46.39999999999996,258,-154.79999999999924,393,130.99999999999935
independent_square,49,14043372116071084988,894152,58.87231741115693,n^3<d<=n^4,30.133333333333347,138,0,0.0,0,0.0,0,0.0,17,-10.199999999999998,121,40.33333333333334
independent_square,49,14043372116071084988,894152,58.87231741115693,d>n^4,0.3333333333333333,1,0,0.0,0,0.0,0,0.0,0,0.0,1,0.3333333333333333
independent_square,50,12432315021664848872,490912,92.27231741115693,d<=n,385.3333333333487,2149,948,948.0,845,-788.6666666666526,312,249.6000000000014,41,-24.600000000000016,3,1.0
independent_square,50,12432315021664848872,490912,92.27231741115693,n<d<=n^2,-37.59999999999897,1821,0,0.0,307,-286.5333333333341,660,528.0000000000042,604,-362.4000000000023,250,83.33333333333323
independent_square,50,12432315021664848872,490912,92.27231741115693,n^2<d<(n+1)^2,0.0,0,0,0.0,0,0.0,0,0.0,0,0.0,0,0.0
independent_square,50,12432315021664848872,490912,92.27231741115693,(n+1)^2<=d<=n^3,94.4666666666698,1038,0,0.0,0,0.0,51,40.79999999999998,295,-176.99999999999903,692,230.66666666666885
independent_square,50,12432315021664848872,490912,92.27231741115693,n^3<d<=n^4,20.79999999999999,68,0,0.0,0,0.0,0,0.0,2,-1.2,66,21.99999999999999
independent_square,50,12432315021664848872,490912,92.27231741115693,d>n^4,0.0,0,0,0.0,0,0.0,0,0.0,0,0.0,0,0.0
independent_square,51,293218661746381214,832460,95.7389840778236,d<=n,389.4000000000166,2230,931,931.0,856,-798.9333333333187,371,296.80000000000206,68,-40.800000000000054,4,1.3333333333333333
independent_square,51,293218661746381214,832460,95.7389840778236,n<d<=n^2,-23.40000000000211,1977,0,0.0,300,-280.00000000000074,690,552.0000000000028,669,-401.4000000000038,318,105.99999999999957
independent_square,51,293218661746381214,832460,95.7389840778236,n^2<d<(n+1)^2,0.0,0,0,0.0,0,0.0,0,0.0,0,0.0,0,0.0
independent_square,51,293218661746381214,832460,95.7389840778236,(n+1)^2<=d<=n^3,82.06666666666987,1047,0,0.0,0,0.0,48,38.39999999999999,310,-185.99999999999895,689,229.66666666666882
independent_square,51,293218661746381214,832460,95.7389840778236,n^3<d<=n^4,18.4,58,0,0.0,0,0.0,0,0.0,1,-0.6,57,19.0
independent_square,51,293218661746381214,832460,95.7389840778236,d>n^4,0.0,0,0,0.0,0,0.0,0,0.0,0,0.0,0,0.0
independent_square,52,7556136525381486202,568997,100.3389840778236,d<=n,408.73333333334546,2142,929,929.0,783,-730.7999999999893,322,257.6000000000015,89,-53.400000000000084,19,6.333333333333331
independent_square,52,7556136525381486202,568997,100.3389840778236,n<d<=n^2,-31.599999999996058,1502,0,0.0,271,-252.933333333334,525,420.0000000000038,465,-278.99999999999915,241,80.33333333333327
independent_square,52,7556136525381486202,568997,100.3389840778236,n^2<d<(n+1)^2,0.0,0,0,0.0,0,0.0,0,0.0,0,0.0,0,0.0
independent_square,52,7556136525381486202,568997,100.3389840778236,(n+1)^2<=d<=n^3,66.06666666666843,866,0,0.0,0,0.0,41,32.80000000000001,259,-155.39999999999924,566,188.66666666666765
independent_square,52,7556136525381486202,568997,100.3389840778236,n^3<d<=n^4,27.866666666666628,92,0,0.0,0,0.0,0,0.0,3,-1.7999999999999998,89,29.66666666666663
independent_square,52,7556136525381486202,568997,100.3389840778236,d>n^4,0.0,0,0,0.0,0,0.0,0,0.0,0,0.0,0,0.0
independent_square,53,10950230522394557060,193175,138.60565074449025,d<=n,383.20000000001727,2296,942,942.0,866,-808.2666666666515,382,305.6000000000022,98,-58.8000000000001,8,2.6666666666666665
independent_square,53,10950230522394557060,193175,138.60565074449025,n<d<=n^2,-4.733333333334514,2232,0,0.0,268,-250.13333333333398,651,520.8000000000046,764,-458.40000000000595,549,183.00000000000082
independent_square,53,10950230522394557060,193175,138.60565074449025,n^2<d<(n+1)^2,0.0,0,0,0.0,0,0.0,0,0.0,0,0.0,0,0.0
independent_square,53,10950230522394557060,193175,138.60565074449025,(n+1)^2<=d<=n^3,114.00000000000323,1028,0,0.0,0,0.0,44,35.2,267,-160.1999999999992,717,239.00000000000242
independent_square,53,10950230522394557060,193175,138.60565074449025,n^3<d<=n^4,16.866666666666667,59,0,0.0,0,0.0,0,0.0,3,-1.7999999999999998,56,18.666666666666668
independent_square,53,10950230522394557060,193175,138.60565074449025,d>n^4,0.0,0,0,0.0,0,0.0,0,0.0,0,0.0,0,0.0
independent_square,54,5468053190198812478,663437,169.80565074449026,d<=n,387.6000000000198,2340,969,969.0,913,-852.1333333333157,387,309.60000000000224,67,-40.20000000000005,4,1.3333333333333333
independent_square,54,5468053190198812478,663437,169.80565074449026,n<d<=n^2,-33.666666666672995,2354,0,0.0,285,-266.0000000000007,714,571.2000000000018,847,-508.20000000000783,508,169.33333333333377
independent_square,54,5468053190198812478,663437,169.80565074449026,n^2<d<(n+1)^2,0.0,0,0,0.0,0,0.0,0,0.0,0,0.0,0,0.0
independent_square,54,5468053190198812478,663437,169.80565074449026,(n+1)^2<=d<=n^3,171.86666666666767,1175,0,0.0,0,0.0,23,18.400000000000006,247,-148.1999999999993,905,301.66666666666697
independent_square,54,5468053190198812478,663437,169.80565074449026,n^3<d<=n^4,14.733333333333343,47,0,0.0,0,0.0,0,0.0,1,-0.6,46,15.333333333333343
independent_square,54,5468053190198812478,663437,169.80565074449026,d>n^4,0.0,0,0,0.0,0,0.0,0,0.0,0,0.0,0,0.0
independent_square,55,3536529973622693616,333783,98.27231741115693,d<=n,416.66666666668095,2159,950,950.0,821,-766.2666666666539,330,264.0000000000016,54,-32.400000000000034,4,1.3333333333333333
independent_square,55,3536529973622693616,333783,98.27231741115693,n<d<=n^2,-45.333333333330316,1724,0,0.0,313,-292.1333333333341,627,501.60000000000497,553,-331.80000000000115,231,76.99999999999999
independent_square,55,3536529973622693616,333783,98.27231741115693,n^2<d<(n+1)^2,0.0,0,0,0.0,0,0.0,0,0.0,0,0.0,0,0.0
independent_square,55,3536529973622693616,333783,98.27231741115693,(n+1)^2<=d<=n^3,73.53333333333615,1013,0,0.0,0,0.0,52,41.59999999999998,309,-185.39999999999895,652,217.33333333333513
independent_square,55,3536529973622693616,333783,98.27231741115693,n^3<d<=n^4,23.79999999999997,91,0,0.0,0,0.0,0,0.0,7,-4.2,84,27.999999999999968
independent_square,55,3536529973622693616,333783,98.27231741115693,d>n^4,0.3333333333333333,1,0,0.0,0,0.0,0,0.0,0,0.0,1,0.3333333333333333
independent_square,56,15220359163025915617,714975,103.47231741115694,d<=n,422.8666666666841,2350,955,955.0,862,-804.5333333333184,421,336.8000000000026,109,-65.40000000000009,3,1.0
independent_square,56,15220359163025915617,714975,103.47231741115694,n<d<=n^2,-21.266666666665884,2096,0,0.0,309,-288.4000000000008,628,502.400000000005,666,-399.6000000000037,493,164.33333333333363
independent_square,56,15220359163025915617,714975,103.47231741115694,n^2<d<(n+1)^2,0.0,0,0,0.0,0,0.0,0,0.0,0,0.0,0,0.0
independent_square,56,15220359163025915617,714975,103.47231741115694,(n+1)^2<=d<=n^3,54.73333333333501,881,0,0.0,0,0.0,52,41.59999999999998,282,-169.1999999999991,547,182.33333333333414
independent_square,56,15220359163025915617,714975,103.47231741115694,n^3<d<=n^4,17.866666666666664,62,0,0.0,0,0.0,0,0.0,3,-1.7999999999999998,59,19.666666666666664
independent_square,56,15220359163025915617,714975,103.47231741115694,d>n^4,0.0,0,0,0.0,0,0.0,0,0.0,0,0.0,0,0.0
independent_square,57,16226745568922276408,788522,288.1389840778236,d<=n,431.9333333333473,2232,970,970.0,814,-759.733333333321,339,271.2000000000017,92,-55.20000000000009,17,5.666666666666665
independent_square,57,16226745568922276408,788522,288.1389840778236,n<d<=n^2,-34.000000000001876,2634,0,0.0,335,-312.66666666666754,653,522.4000000000045,849,-509.4000000000079,797,265.666666666669
independent_square,57,16226745568922276408,788522,288.1389840778236,n^2<d<(n+1)^2,0.0,0,0,0.0,0,0.0,0,0.0,0,0.0,0,0.0
independent_square,57,16226745568922276408,788522,288.1389840778236,(n+1)^2<=d<=n^3,227.99999999999687,1524,0,0.0,0,0.0,52,41.59999999999998,326,-195.59999999999886,1146,381.99999999999574
independent_square,57,16226745568922276408,788522,288.1389840778236,n^3<d<=n^4,32.93333333333331,110,0,0.0,0,0.0,0,0.0,4,-2.4,106,35.33333333333331
independent_square,57,16226745568922276408,788522,288.1389840778236,d>n^4,0.0,0,0,0.0,0,0.0,0,0.0,0,0.0,0,0.0
independent_square,58,15876391416045312888,621284,102.47231741115694,d<=n,430.9333333333476,2220,950,950.0,814,-759.733333333321,364,291.200000000002,87,-52.20000000000008,5,1.6666666666666665
independent_square,58,15876391416045312888,621284,102.47231741115694,n<d<=n^2,-51.1999999999972,1771,0,0.0,330,-308.00000000000085,625,500.00000000000495,552,-331.2000000000011,264,87.99999999999983
independent_square,58,15876391416045312888,621284,102.47231741115694,n^2<d<(n+1)^2,0.0,0,0,0.0,0,0.0,0,0.0,0,0.0,0,0.0
independent_square,58,15876391416045312888,621284,102.47231741115694,(n+1)^2<=d<=n^3,49.53333333333583,1011,0,0.0,0,0.0,68,54.399999999999935,342,-205.19999999999877,601,200.33333333333465
independent_square,58,15876391416045312888,621284,102.47231741115694,n^3<d<=n^4,43.600000000000094,170,0,0.0,0,0.0,0,0.0,14,-8.399999999999999,156,52.00000000000009
independent_square,58,15876391416045312888,621284,102.47231741115694,d>n^4,0.3333333333333333,1,0,0.0,0,0.0,0,0.0,0,0.0,1,0.3333333333333333
independent_square,59,10482482685356821710,820862,62.00565074449027,d<=n,422.5333333333473,2165,941,941.0,811,-756.9333333333211,346,276.8000000000018,65,-39.00000000000005,2,0.6666666666666666
independent_square,59,10482482685356821710,820862,62.00565074449027,n<d<=n^2,-53.06666666666341,1734,0,0.0,335,-312.66666666666754,643,514.400000000005,543,-325.8000000000009,213,71.00000000000007
independent_square,59,10482482685356821710,820862,62.00565074449027,n^2<d<(n+1)^2,0.0,0,0,0.0,0,0.0,0,0.0,0,0.0,0,0.0
independent_square,59,10482482685356821710,820862,62.00565074449027,(n+1)^2<=d<=n^3,47.86666666666814,908,0,0.0,0,0.0,80,63.9999999999999,313,-187.79999999999893,515,171.66666666666717
independent_square,59,10482482685356821710,820862,62.00565074449027,n^3<d<=n^4,15.06666666666666,76,0,0.0,0,0.0,0,0.0,11,-6.599999999999999,65,21.666666666666657
independent_square,59,10482482685356821710,820862,62.00565074449027,d>n^4,0.3333333333333333,1,0,0.0,0,0.0,0,0.0,0,0.0,1,0.3333333333333333
independent_square,60,16929935884758396718,71637,164.80565074449026,d<=n,427.86666666668134,2175,955,955.0,826,-770.9333333333203,341,272.8000000000017,50,-30.00000000000003,3,1.0
independent_square,60,16929935884758396718,71637,164.80565074449026,n<d<=n^2,-55.60000000000153,2437,0,0.0,312,-291.2000000000008,645,516.0000000000049,829,-497.4000000000074,651,217.0000000000018
independent_square,60,16929935884758396718,71637,164.80565074449026,n^2<d<(n+1)^2,0.0,0,0,0.0,0,0.0,0,0.0,0,0.0,0,0.0
independent_square,60,16929935884758396718,71637,164.80565074449026,(n+1)^2<=d<=n^3,161.60000000000286,930,0,0.0,0,0.0,24,19.200000000000006,171,-102.59999999999974,735,245.0000000000026
independent_square,60,16929935884758396718,71637,164.80565074449026,n^3<d<=n^4,1.6666666666666665,5,0,0.0,0,0.0,0,0.0,0,0.0,5,1.6666666666666665
independent_square,60,16929935884758396718,71637,164.80565074449026,d>n^4,0.0,0,0,0.0,0,0.0,0,0.0,0,0.0,0,0.0
independent_square,61,8320278773582600603,614709,97.20565074449027,d<=n,427.4000000000118,2087,956,956.0,782,-729.866666666656,290,232.00000000000114,54,-32.400000000000034,5,1.6666666666666665
independent_square,61,8320278773582600603,614709,97.20565074449027,n<d<=n^2,-57.06666666666361,1748,0,0.0,340,-317.3333333333342,606,484.80000000000473,527,-316.20000000000056,275,91.66666666666644
independent_square,61,8320278773582600603,614709,97.20565074449027,n^2<d<(n+1)^2,0.0,0,0,0.0,0,0.0,0,0.0,0,0.0,0,0.0
independent_square,61,8320278773582600603,614709,97.20565074449027,(n+1)^2<=d<=n^3,74.53333333333472,841,0,0.0,0,0.0,55,43.99999999999997,248,-148.7999999999993,538,179.33333333333405
independent_square,61,8320278773582600603,614709,97.20565074449027,n^3<d<=n^4,23.066666666666638,86,0,0.0,0,0.0,0,0.0,6,-3.6,80,26.66666666666664
independent_square,61,8320278773582600603,614709,97.20565074449027,d>n^4,0.0,0,0,0.0,0,0.0,0,0.0,0,0.0,0,0.0
independent_square,62,2584583942805075345,587390,97.5389840778236,d<=n,400.53333333334814,2191,922,922.0,823,-768.1333333333205,364,291.200000000002,77,-46.20000000000007,5,1.6666666666666665
independent_square,62,2584583942805075345,587390,97.5389840778236,n<d<=n^2,-36.133333333332544,1847,0,0.0,302,-281.8666666666674,657,525.6000000000043,617,-370.2000000000026,271,90.33333333333313
independent_square,62,2584583942805075345,587390,97.5389840778236,n^2<d<(n+1)^2,0.0,0,0,0.0,0,0.0,0,0.0,0,0.0,0,0.0
independent_square,62,2584583942805075345,587390,97.5389840778236,(n+1)^2<=d<=n^3,69.3333333333367,1097,0,0.0,0,0.0,61,48.799999999999955,348,-208.79999999999873,688,229.33333333333547
independent_square,62,2584583942805075345,587390,97.5389840778236,n^3<d<=n^4,34.53333333333334,126,0,0.0,0,0.0,0,0.0,8,-4.8,118,39.333333333333336
independent_square,62,2584583942805075345,587390,97.5389840778236,d>n^4,0.0,0,0,0.0,0,0.0,0,0.0,0,0.0,0,0.0
independent_square,63,3402490964352922804,518444,106.40565074449027,d<=n,409.5333333333481,2200,919,919.0,820,-765.3333333333206,377,301.6000000000021,79,-47.40000000000007,5,1.6666666666666665
independent_square,63,3402490964352922804,518444,106.40565074449027,n<d<=n^2,-43.39999999999969,1923,0,0.0,292,-272.53333333333404,628,502.400000000005,651,-390.6000000000034,352,117.33333333333275
independent_square,63,3402490964352922804,518444,106.40565074449027,n^2<d<(n+1)^2,0.0,0,0,0.0,0,0.0,0,0.0,0,0.0,0,0.0
independent_square,63,3402490964352922804,518444,106.40565074449027,(n+1)^2<=d<=n^3,91.93333333333621,1029,0,0.0,0,0.0,62,49.59999999999995,300,-179.999999999999,667,222.33333333333528
independent_square,63,3402490964352922804,518444,106.40565074449027,n^3<d<=n^4,19.066666666666652,74,0,0.0,0,0.0,0,0.0,6,-3.6,68,22.666666666666654
independent_square,63,3402490964352922804,518444,106.40565074449027,d>n^4,0.0,0,0,0.0,0,0.0,0,0.0,0,0.0,0,0.0
independent_square,64,10734882889121815513,237185,173.5389840778236,d<=n,408.0666666666842,2402,932,932.0,855,-797.9999999999854,442,353.60000000000286,147,-88.19999999999987,26,8.666666666666664
independent_square,64,10734882889121815513,237185,173.5389840778236,n<d<=n^2,12.133333333330768,2613,0,0.0,303,-282.80000000000075,676,540.8000000000035,847,-508.20000000000783,787,262.3333333333359
independent_square,64,10734882889121815513,237185,173.5389840778236,n^2<d<(n+1)^2,0.0,0,0,0.0,0,0.0,0,0.0,0,0.0,0,0.0
independent_square,64,10734882889121815513,237185,173.5389840778236,(n+1)^2<=d<=n^3,110.66666666666991,1046,0,0.0,0,0.0,52,41.59999999999998,281,-168.5999999999991,713,237.66666666666904
independent_square,64,10734882889121815513,237185,173.5389840778236,n^3<d<=n^4,13.400000000000007,43,0,0.0,0,0.0,0,0.0,1,-0.6,42,14.000000000000007
independent_square,64,10734882889121815513,237185,173.5389840778236,d>n^4,0.0,0,0,0.0,0,0.0,0,0.0,0,0.0,0,0.0
independent_square,65,6055785774254144567,925221,95.5389840778236,d<=n,415.4666666666834,2436,957,957.0,844,-787.7333333333194,412,329.6000000000025,169,-101.39999999999975,54,18.000000000000004
independent_square,65,6055785774254144567,925221,95.5389840778236,n<d<=n^2,44.00000000000398,2005,0,0.0,256,-238.93333333333393,459,367.20000000000306,551,-330.6000000000011,739,246.33333333333596
independent_square,65,6055785774254144567,925221,95.5389840778236,n^2<d<(n+1)^2,0.0,0,0,0.0,0,0.0,0,0.0,0,0.0,0,0.0
independent_square,65,6055785774254144567,925221,95.5389840778236,(n+1)^2<=d<=n^3,6.1333333333332725,157,0,0.0,0,0.0,21,16.800000000000004,60,-36.00000000000004,76,25.33333333333331
independent_square,65,6055785774254144567,925221,95.5389840778236,n^3<d<=n^4,0.6666666666666666,2,0,0.0,0,0.0,0,0.0,0,0.0,2,0.6666666666666666
independent_square,65,6055785774254144567,925221,95.5389840778236,d>n^4,0.0,0,0,0.0,0,0.0,0,0.0,0,0.0,0,0.0
independent_square,66,9672105876578051133,665075,285.8723174111569,d<=n,407.4000000000136,2095,945,945.0,814,-759.733333333321,302,241.60000000000127,33,-19.800000000000004,1,0.3333333333333333
independent_square,66,9672105876578051133,665075,285.8723174111569,n<d<=n^2,-23.73333333333028,1583,0,0.0,348,-324.8000000000009,685,548.0000000000031,461,-276.59999999999906,89,29.66666666666663
independent_square,66,9672105876578051133,665075,285.8723174111569,n^2<d<(n+1)^2,0.0,0,0,0.0,0,0.0,0,0.0,0,0.0,0,0.0
independent_square,66,9672105876578051133,665075,285.8723174111569,(n+1)^2<=d<=n^3,-8.400000000007651,1918,0,0.0,0,0.0,162,129.59999999999968,775,-465.0000000000062,981,326.99999999999886
independent_square,66,9672105876578051133,665075,285.8723174111569,n^3<d<=n^4,267.3333333333318,1110,0,0.0,0,0.0,0,0.0,110,-66.00000000000009,1000,333.33333333333184
independent_square,66,9672105876578051133,665075,285.8723174111569,d>n^4,14.000000000000007,42,0,0.0,0,0.0,0,0.0,0,0.0,42,14.000000000000007
independent_square,67,10733501782915983881,433153,104.87231741115693,d<=n,450.66666666668254,2269,989,989.0,844,-787.7333333333194,363,290.40000000000197,70,-42.00000000000006,3,1.0
independent_square,67,10733501782915983881,433153,104.87231741115693,n<d<=n^2,-72.73333333332928,1686,0,0.0,374,-349.0666666666677,647,517.6000000000048,496,-297.59999999999985,169,56.33333333333346
independent_square,67,10733501782915983881,433153,104.87231741115693,n^2<d<(n+1)^2,0.0,0,0,0.0,0,0.0,0,0.0,0,0.0,0,0.0
independent_square,67,10733501782915983881,433153,104.87231741115693,(n+1)^2<=d<=n^3,35.40000000000239,1040,0,0.0,0,0.0,87,69.59999999999988,377,-226.19999999999857,576,192.00000000000108
independent_square,67,10733501782915983881,433153,104.87231741115693,n^3<d<=n^4,61.93333333333334,253,0,0.0,0,0.0,0,0.0,24,-14.399999999999995,229,76.33333333333333
independent_square,67,10733501782915983881,433153,104.87231741115693,d>n^4,0.3333333333333333,1,0,0.0,0,0.0,0,0.0,0,0.0,1,0.3333333333333333
independent_square,68,6181574077228609181,97349,101.67231741115694,d<=n,409.33333333335315,2389,984,984.0,910,-849.3333333333159,403,322.4000000000024,84,-50.40000000000008,8,2.6666666666666665
independent_square,68,6181574077228609181,97349,101.67231741115694,n<d<=n^2,-28.46666666667224,2320,0,0.0,325,-303.33333333333417,724,579.2000000000013,780,-468.0000000000063,491,163.66666666666694
independent_square,68,6181574077228609181,97349,101.67231741115694,n^2<d<(n+1)^2,0.0,0,0,0.0,0,0.0,0,0.0,0,0.0,0,0.0
independent_square,68,6181574077228609181,97349,101.67231741115694,(n+1)^2<=d<=n^3,86.80000000000116,763,0,0.0,0,0.0,27,21.60000000000001,193,-115.79999999999961,543,181.00000000000077
independent_square,68,6181574077228609181,97349,101.67231741115694,n^3<d<=n^4,4.7333333333333325,17,0,0.0,0,0.0,0,0.0,1,-0.6,16,5.333333333333332
independent_square,68,6181574077228609181,97349,101.67231741115694,d>n^4,0.0,0,0,0.0,0,0.0,0,0.0,0,0.0,0,0.0
independent_square,69,10236555234450929913,213872,180.00565074449025,d<=n,393.60000000001673,2279,954,954.0,860,-802.6666666666518,365,292.000000000002,89,-53.400000000000084,11,3.666666666666667
independent_square,69,10236555234450929913,213872,180.00565074449025,n<d<=n^2,-23.666666666671404,2415,0,0.0,288,-268.8000000000007,696,556.8000000000026,845,-507.0000000000078,586,195.3333333333345
independent_square,69,10236555234450929913,213872,180.00565074449025,n^2<d<(n+1)^2,0.0,0,0,0.0,0,0.0,0,0.0,0,0.0,0,0.0
independent_square,69,10236555234450929913,213872,180.00565074449025,(n+1)^2<=d<=n^3,164.73333333333477,1162,0,0.0,0,0.0,27,21.60000000000001,252,-151.19999999999928,883,294.33333333333405
independent_square,69,10236555234450929913,213872,180.00565074449025,n^3<d<=n^4,16.066666666666674,51,0,0.0,0,0.0,0,0.0,1,-0.6,50,16.666666666666675
independent_square,69,10236555234450929913,213872,180.00565074449025,d>n^4,0.0,0,0,0.0,0,0.0,0,0.0,0,0.0,0,0.0
independent_square,70,4313037227833728590,936054,71.60565074449026,d<=n,392.6000000000164,2238,934,934.0,852,-795.1999999999856,371,296.80000000000206,75,-45.000000000000064,6,1.9999999999999998
independent_square,70,4313037227833728590,936054,71.60565074449026,n<d<=n^2,-52.06666666667502,2283,0,0.0,300,-280.00000000000074,742,593.6000000000005,835,-501.00000000000756,406,135.3333333333328
independent_square,70,4313037227833728590,936054,71.60565074449026,n^2<d<(n+1)^2,0.0,0,0,0.0,0,0.0,0,0.0,0,0.0,0,0.0
independent_square,70,4313037227833728590,936054,71.60565074449026,(n+1)^2<=d<=n^3,100.13333333333487,803,0,0.0,0,0.0,27,21.60000000000001,193,-115.79999999999961,583,194.33333333333448
independent_square,70,4313037227833728590,936054,71.60565074449026,n^3<d<=n^4,1.6666666666666665,5,0,0.0,0,0.0,0,0.0,0,0.0,5,1.6666666666666665
independent_square,70,4313037227833728590,936054,71.60565074449026,d>n^4,0.0,0,0,0.0,0,0.0,0,0.0,0,0.0,0,0.0
independent_square,71,342183982186129667,841919,65.47231741115694,d<=n,406.66666666668726,2443,970,970.0,916,-854.9333333333155,445,356.0000000000029,109,-65.40000000000009,3,1.0
independent_square,71,342183982186129667,841919,65.47231741115694,n<d<=n^2,-10.533333333334042,2254,0,0.0,306,-285.60000000000076,658,526.4000000000043,730,-438.0000000000052,560,186.6666666666676
independent_square,71,342183982186129667,841919,65.47231741115694,n^2<d<(n+1)^2,0.0,0,0,0.0,0,0.0,0,0.0,0,0.0,0,0.0
independent_square,71,342183982186129667,841919,65.47231741115694,(n+1)^2<=d<=n^3,38.59999999999984,456,0,0.0,0,0.0,35,28.000000000000014,139,-83.39999999999992,282,93.99999999999974
independent_square,71,342183982186129667,841919,65.47231741115694,n^3<d<=n^4,1.4666666666666666,10,0,0.0,0,0.0,0,0.0,2,-1.2,8,2.6666666666666665
independent_square,71,342183982186129667,841919,65.47231741115694,d>n^4,0.0,0,0,0.0,0,0.0,0,0.0,0,0.0,0,0.0
independent_square,72,15568465314337253201,645629,104.47231741115694,d<=n,401.5333333333519,2370,964,964.0,887,-827.8666666666504,404,323.20000000000243,103,-61.800000000000104,12,4.0
independent_square,72,15568465314337253201,645629,104.47231741115694,n<d<=n^2,-18.133333333337617,2466,0,0.0,307,-286.5333333333341,699,559.2000000000024,833,-499.8000000000075,627,209.00000000000156
independent_square,72,15568465314337253201,645629,104.47231741115694,n^2<d<(n+1)^2,0.0,0,0,0.0,0,0.0,0,0.0,0,0.0,0,0.0
independent_square,72,15568465314337253201,645629,104.47231741115694,(n+1)^2<=d<=n^3,87.26666666666786,791,0,0.0,0,0.0,44,35.2,211,-126.59999999999951,536,178.66666666666737
independent_square,72,15568465314337253201,645629,104.47231741115694,n^3<d<=n^4,4.533333333333331,22,0,0.0,0,0.0,0,0.0,3,-1.7999999999999998,19,6.333333333333331
independent_square,72,15568465314337253201,645629,104.47231741115694,d>n^4,0.0,0,0,0.0,0,0.0,0,0.0,0,0.0,0,0.0
independent_square,73,10042557594146017130,498075,115.60565074449026,d<=n,417.53333333335047,2358,939,939.0,854,-797.0666666666522,427,341.6000000000027,120,-72.00000000000003,18,5.999999999999998
independent_square,73,10042557594146017130,498075,115.60565074449026,n<d<=n^2,-12.266666666668101,2542,0,0.0,294,-274.4000000000007,654,523.2000000000045,849,-509.4000000000079,745,248.33333333333601
independent_square,73,10042557594146017130,498075,115.60565074449026,n^2<d<(n+1)^2,0.0,0,0,0.0,0,0.0,0,0.0,0,0.0,0,0.0
independent_square,73,10042557594146017130,498075,115.60565074449026,(n+1)^2<=d<=n^3,76.6666666666674,727,0,0.0,0,0.0,37,29.600000000000016,196,-117.5999999999996,494,164.66666666666697
independent_square,73,10042557594146017130,498075,115.60565074449026,n^3<d<=n^4,4.3999999999999995,16,0,0.0,0,0.0,0,0.0,1,-0.6,15,4.999999999999999
independent_square,73,10042557594146017130,498075,115.60565074449026,d>n^4,0.0,0,0,0.0,0,0.0,0,0.0,0,0.0,0,0.0
independent_square,74,4877169916391024896,767781,104.87231741115693,d<=n,424.4000000000173,2334,952,952.0,862,-804.5333333333184,412,329.6000000000025,95,-57.00000000000009,13,4.333333333333333
independent_square,74,4877169916391024896,767781,104.87231741115693,n<d<=n^2,-24.866666666666106,1988,0,0.0,279,-260.40000000000066,586,468.8000000000045,651,-390.6000000000034,472,157.33333333333343
independent_square,74,4877169916391024896,767781,104.87231741115693,n^2<d<(n+1)^2,0.0,0,0,0.0,0,0.0,0,0.0,0,0.0,0,0.0
independent_square,74,4877169916391024896,767781,104.87231741115693,(n+1)^2<=d<=n^3,61.2000000000009,752,0,0.0,0,0.0,34,27.200000000000014,220,-131.99999999999946,498,166.00000000000034
independent_square,74,4877169916391024896,767781,104.87231741115693,n^3<d<=n^4,14.866666666666674,53,0,0.0,0,0.0,0,0.0,3,-1.7999999999999998,50,16.666666666666675
independent_square,74,4877169916391024896,767781,104.87231741115693,d>n^4,0.0,0,0,0.0,0,0.0,0,0.0,0,0.0,0,0.0
independent_square,75,5407317260509235826,893320,119.20565074449027,d<=n,400.0666666666853,2353,957,957.0,887,-827.8666666666504,411,328.8000000000025,97,-58.200000000000095,1,0.3333333333333333
independent_square,75,5407317260509235826,893320,119.20565074449027,n<d<=n^2,-40.40000000000944,2606,0,0.0,308,-287.46666666666744,758,606.3999999999997,935,-561.0000000000098,605,201.66666666666802
independent_square,75,5407317260509235826,893320,119.20565074449027,n^2<d<(n+1)^2,0.0,0,0,0.0,0,0.0,0,0.0,0,0.0,0,0.0
independent_square,75,5407317260509235826,893320,119.20565074449027,(n+1)^2<=d<=n^3,124.26666666666972,986,0,0.0,0,0.0,34,27.200000000000014,236,-141.59999999999937,716,238.66666666666907
independent_square,75,5407317260509235826,893320,119.20565074449027,n^3<d<=n^4,5.999999999999998,18,0,0.0,0,0.0,0,0.0,0,0.0,18,5.999999999999998
independent_square,75,5407317260509235826,893320,119.20565074449027,d>n^4,0.0,0,0,0.0,0,0.0,0,0.0,0,0.0,0,0.0
independent_square,76,15318745980094274562,917563,102.1389840778236,d<=n,438.8000000000129,2138,948,948.0,794,-741.0666666666554,332,265.6000000000016,59,-35.40000000000004,5,1.6666666666666665
independent_square,76,15318745980094274562,917563,102.1389840778236,n<d<=n^2,-51.39999999999736,1773,0,0.0,327,-305.20000000000084,617,493.60000000000485,553,-331.80000000000115,276,91.99999999999977
independent_square,76,15318745980094274562,917563,102.1389840778236,n^2<d<(n+1)^2,0.0,0,0,0.0,0,0.0,0,0.0,0,0.0,0,0.0
independent_square,76,15318745980094274562,917563,102.1389840778236,(n+1)^2<=d<=n^3,58.26666666666961,1033,0,0.0,0,0.0,51,40.79999999999998,332,-199.19999999999882,650,216.66666666666845
independent_square,76,15318745980094274562,917563,102.1389840778236,n^3<d<=n^4,27.199999999999953,104,0,0.0,0,0.0,0,0.0,8,-4.8,96,31.999999999999954
independent_square,76,15318745980094274562,917563,102.1389840778236,d>n^4,0.0,0,0,0.0,0,0.0,0,0.0,0,0.0,0,0.0
independent_square,77,11362243006856914334,452333,96.20565074449027,d<=n,413.73333333334915,2269,931,931.0,836,-780.2666666666531,399,319.2000000000024,97,-58.200000000000095,6,1.9999999999999998
independent_square,77,11362243006856914334,452333,96.20565074449027,n<d<=n^2,-46.8666666666651,1683,0,0.0,264,-246.40000000000063,542,433.600000000004,564,-338.4000000000014,313,104.33333333333293
independent_square,77,11362243006856914334,452333,96.20565074449027,n^2<d<(n+1)^2,0.0,0,0,0.0,0,0.0,0,0.0,0,0.0,0,0.0
independent_square,77,11362243006856914334,452333,96.20565074449027,(n+1)^2<=d<=n^3,72.73333333333484,837,0,0.0,0,0.0,44,35.2,243,-145.79999999999933,550,183.33333333333417
independent_square,77,11362243006856914334,452333,96.20565074449027,n^3<d<=n^4,27.333333333333293,96,0,0.0,0,0.0,0,0.0,5,-3.0,91,30.333333333333293
independent_square,77,11362243006856914334,452333,96.20565074449027,d>n^4,0.0,0,0,0.0,0,0.0,0,0.0,0,0.0,0,0.0
independent_square,78,5093856578101258014,577333,107.00565074449027,d<=n,411.00000000001506,2173,936,936.0,831,-775.5999999999867,351,280.80000000000183,52,-31.20000000000003,3,1.0
independent_square,78,5093856578101258014,577333,107.00565074449027,n<d<=n^2,-43.99999999999838,1778,0,0.0,279,-260.40000000000066,633,506.40000000000504,620,-372.0000000000027,246,81.99999999999991
independent_square,78,5093856578101258014,577333,107.00565074449027,n^2<d<(n+1)^2,0.0,0,0,0.0,0,0.0,0,0.0,0,0.0,0,0.0
independent_square,78,5093856578101258014,577333,107.00565074449027,(n+1)^2<=d<=n^3,79.80000000000325,1050,0,0.0,0,0.0,45,36.0,312,-187.19999999999894,693,231.0000000000022
independent_square,78,5093856578101258014,577333,107.00565074449027,n^3<d<=n^4,30.933333333333294,104,0,0.0,0,0.0,0,0.0,4,-2.4,100,33.33333333333329
independent_square,78,5093856578101258014,577333,107.00565074449027,d>n^4,0.0,0,0,0.0,0,0.0,0,0.0,0,0.0,0,0.0
independent_square,79,11454705846777454509,41083,101.60565074449026,d<=n,425.66666666668505,2349,965,965.0,881,-822.2666666666507,413,330.40000000000254,83,-49.800000000000075,7,2.333333333333333
independent_square,79,11454705846777454509,41083,101.60565074449026,n<d<=n^2,-55.33333333333374,1960,0,0.0,327,-305.20000000000084,661,528.8000000000042,646,-387.60000000000326,326,108.6666666666662
independent_square,79,11454705846777454509,41083,101.60565074449026,n^2<d<(n+1)^2,0.0,0,0,0.0,0,0.0,0,0.0,0,0.0,0,0.0
independent_square,79,11454705846777454509,41083,101.60565074449026,(n+1)^2<=d<=n^3,72.40000000000245,976,0,0.0,0,0.0,56,44.79999999999997,299,-179.399999999999,621,207.0000000000015
independent_square,79,11454705846777454509,41083,101.60565074449026,n^3<d<=n^4,29.599999999999973,114,0,0.0,0,0.0,0,0.0,9,-5.3999999999999995,105,34.99999999999997
independent_square,79,11454705846777454509,41083,101.60565074449026,d>n^4,0.0,0,0,0.0,0,0.0,0,0.0,0,0.0,0,0.0
independent_square,80,2117215843390847875,346019,172.20565074449027,d<=n,440.2000000000139,2246,936,936.0,801,-747.5999999999883,396,316.80000000000234,110,-66.00000000000009,3,1.0
independent_square,80,2117215843390847875,346019,172.20565074449027,n<d<=n^2,38.599999999990985,2793,0,0.0,272,-253.86666666666733,524,419.2000000000038,849,-509.4000000000079,1148,382.66666666666237
independent_square,80,2117215843390847875,346019,172.20565074449027,n^2<d<(n+1)^2,0.0,0,0,0.0,0,0.0,0,0.0,0,0.0,0,0.0
independent_square,80,2117215843390847875,346019,172.20565074449027,(n+1)^2<=d<=n^3,64.39999999999998,308,0,0.0,0,0.0,26,20.800000000000008,54,-32.400000000000034,228,76.0
independent_square,80,2117215843390847875,346019,172.20565074449027,n^3<d<=n^4,-0.26666666666666666,2,0,0.0,0,0.0,0,0.0,1,-0.6,1,0.3333333333333333
independent_square,80,2117215843390847875,346019,172.20565074449027,d>n^4,0.0,0,0,0.0,0,0.0,0,0.0,0,0.0,0,0.0
independent_square,81,18408954351258253784,71344,171.5389840778236,d<=n,384.333333333351,2265,942,942.0,875,-816.666666666651,375,300.0000000000021,70,-42.00000000000006,3,1.0
independent_square,81,18408954351258253784,71344,171.5389840778236,n<d<=n^2,-74.4000000000037,2400,0,0.0,239,-223.0666666666672,621,496.8000000000049,923,-553.8000000000095,617,205.66666666666814
independent_square,81,18408954351258253784,71344,171.5389840778236,n^2<d<(n+1)^2,0.0,0,0,0.0,0,0.0,0,0.0,0,0.0,0,0.0
independent_square,81,18408954351258253784,71344,171.5389840778236,(n+1)^2<=d<=n^3,231.53333333333507,969,0,0.0,0,0.0,30,24.00000000000001,113,-67.80000000000007,826,275.33333333333513
independent_square,81,18408954351258253784,71344,171.5389840778236,n^3<d<=n^4,0.7999999999999998,8,0,0.0,0,0.0,0,0.0,2,-1.2,6,1.9999999999999998
independent_square,81,18408954351258253784,71344,171.5389840778236,d>n^4,0.0,0,0,0.0,0,0.0,0,0.0,0,0.0,0,0.0
independent_square,82,15072521947203003749,603099,102.87231741115693,d<=n,434.73333333334574,2173,922,922.0,778,-726.1333333333229,368,294.400000000002,97,-58.200000000000095,8,2.6666666666666665
independent_square,82,15072521947203003749,603099,102.87231741115693,n<d<=n^2,-42.79999999999707,1584,0,0.0,276,-257.60000000000065,520,416.00000000000375,497,-298.1999999999999,291,96.9999999999997
independent_square,82,15072521947203003749,603099,102.87231741115693,n^2<d<(n+1)^2,0.0,0,0,0.0,0,0.0,0,0.0,0,0.0,0,0.0
independent_square,82,15072521947203003749,603099,102.87231741115693,(n+1)^2<=d<=n^3,55.73333333333494,863,0,0.0,0,0.0,47,37.599999999999994,272,-163.19999999999916,544,181.3333333333341
independent_square,82,15072521947203003749,603099,102.87231741115693,n^3<d<=n^4,25.59999999999996,102,0,0.0,0,0.0,0,0.0,9,-5.3999999999999995,93,30.999999999999957
independent_square,82,15072521947203003749,603099,102.87231741115693,d>n^4,0.3333333333333333,1,0,0.0,0,0.0,0,0.0,0,0.0,1,0.3333333333333333
independent_square,83,13598361418396299901,346828,97.9389840778236,d<=n,409.93333333334584,2106,932,932.0,790,-737.3333333333222,315,252.00000000000142,64,-38.40000000000005,5,1.6666666666666665
independent_square,83,13598361418396299901,346828,97.9389840778236,n<d<=n^2,-31.79999999999913,1827,0,0.0,276,-257.60000000000065,564,451.20000000000425,594,-356.4000000000021,393,130.99999999999935
independent_square,83,13598361418396299901,346828,97.9389840778236,n^2<d<(n+1)^2,0.0,0,0,0.0,0,0.0,0,0.0,0,0.0,0,0.0
independent_square,83,13598361418396299901,346828,97.9389840778236,(n+1)^2<=d<=n^3,83.8666666666675,722,0,0.0,0,0.0,26,20.800000000000008,181,-108.59999999999968,515,171.66666666666717
independent_square,83,13598361418396299901,346828,97.9389840778236,n^3<d<=n^4,6.666666666666664,20,0,0.0,0,0.0,0,0.0,0,0.0,20,6.666666666666664
independent_square,83,13598361418396299901,346828,97.9389840778236,d>n^4,0.0,0,0,0.0,0,0.0,0,0.0,0,0.0,0,0.0
independent_square,84,6499372716433625343,78859,95.80565074449026,d<=n,394.0666666666846,2267,977,977.0,887,-827.8666666666504,347,277.6000000000018,55,-33.000000000000036,1,0.3333333333333333
independent_square,84,6499372716433625343,78859,95.80565074449026,n<d<=n^2,-14.933333333338254,2289,0,0.0,329,-307.0666666666675,724,579.2000000000013,749,-449.4000000000056,487,162.33333333333357
independent_square,84,6499372716433625343,78859,95.80565074449026,n^2<d<(n+1)^2,0.0,0,0,0.0,0,0.0,0,0.0,0,0.0,0,0.0
independent_square,84,6499372716433625343,78859,95.80565074449026,(n+1)^2<=d<=n^3,85.93333333333375,682,0,0.0,0,0.0,35,28.000000000000014,169,-101.39999999999975,478,159.33333333333348
independent_square,84,6499372716433625343,78859,95.80565074449026,n^3<d<=n^4,1.4666666666666666,10,0,0.0,0,0.0,0,0.0,2,-1.2,8,2.6666666666666665
independent_square,84,6499372716433625343,78859,95.80565074449026,d>n^4,0.0,0,0,0.0,0,0.0,0,0.0,0,0.0,0,0.0
independent_square,85,13177726361764425040,77160,173.80565074449026,d<=n,403.9333333333514,2332,967,967.0,880,-821.3333333333175,387,309.60000000000224,90,-54.000000000000085,8,2.6666666666666665
independent_square,85,13177726361764425040,77160,173.80565074449026,n<d<=n^2,-24.73333333333437,2130,0,0.0,296,-276.2666666666674,655,524.0000000000044,713,-427.8000000000048,466,155.33333333333337
independent_square,85,13177726361764425040,77160,173.80565074449026,n^2<d<(n+1)^2,0.0,0,0,0.0,0,0.0,0,0.0,0,0.0,0,0.0
independent_square,85,13177726361764425040,77160,173.80565074449026,(n+1)^2<=d<=n^3,130.73333333333545,1256,0,0.0,0,0.0,51,40.79999999999998,334,-200.3999999999988,871,290.3333333333343
independent_square,85,13177726361764425040,77160,173.80565074449026,n^3<d<=n^4,34.59999999999999,115,0,0.0,0,0.0,0,0.0,4,-2.4,111,36.999999999999986
independent_square,85,13177726361764425040,77160,173.80565074449026,d>n^4,0.0,0,0,0.0,0,0.0,0,0.0,0,0.0,0,0.0
independent_square,86,17954386242134053637,729634,70.87231741115693,d<=n,366.6666666666853,2317,936,936.0,891,-831.5999999999835,386,308.8000000000022,87,-52.20000000000008,17,5.666666666666665
independent_square,86,17954386242134053637,729634,70.87231741115693,n<d<=n^2,20.599999999996584,2048,0,0.0,274,-255.733333333334,703,562.4000000000023,689,-413.40000000000424,382,127.3333333333326
independent_square,86,17954386242134053637,729634,70.87231741115693,n^2<d<(n+1)^2,0.0,0,0,0.0,0,0.0,0,0.0,0,0.0,0,0.0
independent_square,86,17954386242134053637,729634,70.87231741115693,(n+1)^2<=d<=n^3,40.200000000001,801,0,0.0,0,0.0,50,39.999999999999986,268,-160.7999999999992,483,161.0000000000002
independent_square,86,17954386242134053637,729634,70.87231741115693,n^3<d<=n^4,14.133333333333344,48,0,0.0,0,0.0,0,0.0,2,-1.2,46,15.333333333333343
independent_square,86,17954386242134053637,729634,70.87231741115693,d>n^4,0.0,0,0,0.0,0,0.0,0,0.0,0,0.0,0,0.0
independent_square,87,13882706690113470275,99320,103.07231741115693,d<=n,408.000000000014,2174,924,924.0,810,-755.9999999999878,358,286.4000000000019,79,-47.40000000000007,3,1.0
independent_square,87,13882706690113470275,99320,103.07231741115693,n<d<=n^2,-37.666666666665435,1786,0,0.0,275,-256.6666666666673,588,470.4000000000045,599,-359.4000000000022,324,107.99999999999955
independent_square,87,13882706690113470275,99320,103.07231741115693,n^2<d<(n+1)^2,0.0,0,0,0.0,0,0.0,0,0.0,0,0.0,0,0.0
independent_square,87,13882706690113470275,99320,103.07231741115693,(n+1)^2<=d<=n^3,71.66666666666885,929,0,0.0,0,0.0,48,38.39999999999999,279,-167.39999999999912,602,200.666666666668
independent_square,87,13882706690113470275,99320,103.07231741115693,n^3<d<=n^4,31.79999999999998,115,0,0.0,0,0.0,0,0.0,7,-4.2,108,35.99999999999998
independent_square,87,13882706690113470275,99320,103.07231741115693,d>n^4,0.0,0,0,0.0,0,0.0,0,0.0,0,0.0,0,0.0
independent_square,88,15464553209163748111,79895,63.338984077823596,d<=n,391.8000000000151,2196,946,946.0,835,-779.3333333333198,336,268.80000000000166,75,-45.000000000000064,4,1.3333333333333333
independent_square,88,15464553209163748111,79895,63.338984077823596,n<d<=n^2,-9.999999999999574,1994,0,0.0,274,-255.733333333334,618,494.40000000000487,660,-396.0000000000036,442,147.33333333333314
independent_square,88,15464553209163748111,79895,63.338984077823596,n^2<d<(n+1)^2,0.0,0,0,0.0,0,0.0,0,0.0,0,0.0,0,0.0
independent_square,88,15464553209163748111,79895,63.338984077823596,(n+1)^2<=d<=n^3,52.53333333333292,411,0,0.0,0,0.0,17,13.600000000000003,99,-59.4000000000001,295,98.33333333333302
independent_square,88,15464553209163748111,79895,63.338984077823596,n^3<d<=n^4,-0.26666666666666666,2,0,0.0,0,0.0,0,0.0,1,-0.6,1,0.3333333333333333
independent_square,88,15464553209163748111,79895,63.338984077823596,d>n^4,0.0,0,0,0.0,0,0.0,0,0.0,0,0.0,0,0.0
independent_square,89,17009130128556282867,230886,100.00565074449027,d<=n,425.4666666666805,2244,939,939.0,803,-749.4666666666549,377,301.6000000000021,115,-69.00000000000006,10,3.3333333333333335
independent_square,89,17009130128556282867,230886,100.00565074449027,n<d<=n^2,-39.733333333332695,2043,0,0.0,296,-276.2666666666674,573,458.40000000000435,657,-394.2000000000035,517,172.33333333333385
independent_square,89,17009130128556282867,230886,100.00565074449027,n^2<d<(n+1)^2,0.0,0,0,0.0,0,0.0,0,0.0,0,0.0,0,0.0
independent_square,89,17009130128556282867,230886,100.00565074449027,(n+1)^2<=d<=n^3,77.26666666666677,649,0,0.0,0,0.0,36,28.800000000000015,167,-100.19999999999976,446,148.66666666666652
independent_square,89,17009130128556282867,230886,100.00565074449027,n^3<d<=n^4,7.733333333333331,26,0,0.0,0,0.0,0,0.0,1,-0.6,25,8.33333333333333
independent_square,89,17009130128556282867,230886,100.00565074449027,d>n^4,0.0,0,0,0.0,0,0.0,0,0.0,0,0.0,0,0.0
independent_square,90,280019076273232642,347969,101.5389840778236,d<=n,420.13333333335,2310,954,954.0,852,-795.1999999999856,400,320.0000000000024,100,-60.0000000000001,4,1.3333333333333333
independent_square,90,280019076273232642,347969,101.5389840778236,n<d<=n^2,-41.53333333333296,1976,0,0.0,296,-276.2666666666674,597,477.6000000000046,647,-388.2000000000033,436,145.3333333333331
independent_square,90,280019076273232642,347969,101.5389840778236,n^2<d<(n+1)^2,0.0,0,0,0.0,0,0.0,0,0.0,0,0.0,0,0.0
independent_square,90,280019076273232642,347969,101.5389840778236,(n+1)^2<=d<=n^3,82.40000000000089,761,0,0.0,0,0.0,47,37.599999999999994,207,-124.19999999999953,507,169.00000000000043
independent_square,90,280019076273232642,347969,101.5389840778236,n^3<d<=n^4,11.266666666666673,45,0,0.0,0,0.0,0,0.0,4,-2.4,41,13.666666666666673
independent_square,90,280019076273232642,347969,101.5389840778236,d>n^4,0.0,0,0,0.0,0,0.0,0,0.0,0,0.0,0,0.0
independent_square,91,7426595688938278053,320013,167.1389840778236,d<=n,436.0000000000164,2252,977,977.0,854,-797.0666666666522,362,289.60000000000196,57,-34.20000000000004,2,0.6666666666666666
independent_square,91,7426595688938278053,320013,167.1389840778236,n<d<=n^2,-83.46666666667141,2131,0,0.0,378,-352.80000000000103,725,580.0000000000013,700,-420.0000000000045,328,109.33333333333286
independent_square,91,7426595688938278053,320013,167.1389840778236,n^2<d<(n+1)^2,0.0,0,0,0.0,0,0.0,0,0.0,0,0.0,0,0.0
independent_square,91,7426595688938278053,320013,167.1389840778236,(n+1)^2<=d<=n^3,129.80000000000138,1431,0,0.0,0,0.0,86,68.79999999999988,415,-248.99999999999835,930,309.99999999999983
independent_square,91,7426595688938278053,320013,167.1389840778236,n^3<d<=n^4,55.53333333333347,217,0,0.0,0,0.0,0,0.0,18,-10.799999999999997,199,66.33333333333347
independent_square,91,7426595688938278053,320013,167.1389840778236,d>n^4,0.0,0,0,0.0,0,0.0,0,0.0,0,0.0,0,0.0
independent_square,92,1358259267230969491,352839,292.6723174111569,d<=n,430.80000000001684,2485,959,959.0,830,-774.6666666666534,459,367.20000000000306,214,-128.3999999999995,23,7.666666666666663
independent_square,92,1358259267230969491,352839,292.6723174111569,n<d<=n^2,129.2666666666517,3567,0,0.0,305,-284.6666666666674,589,471.20000000000454,1016,-609.6000000000116,1657,552.3333333333262
independent_square,92,1358259267230969491,352839,292.6723174111569,n^2<d<(n+1)^2,0.0,0,0,0.0,0,0.0,0,0.0,0,0.0,0,0.0
independent_square,92,1358259267230969491,352839,292.6723174111569,(n+1)^2<=d<=n^3,103.33333333333289,548,0,0.0,0,0.0,26,20.800000000000008,98,-58.8000000000001,424,141.33333333333297
independent_square,92,1358259267230969491,352839,292.6723174111569,n^3<d<=n^4,0.0,0,0,0.0,0,0.0,0,0.0,0,0.0,0,0.0
independent_square,92,1358259267230969491,352839,292.6723174111569,d>n^4,0.0,0,0,0.0,0,0.0,0,0.0,0,0.0,0,0.0
independent_square,93,9813158736986722592,581973,104.9389840778236,d<=n,395.66666666668067,2234,940,940.0,813,-758.7999999999877,344,275.20000000000175,114,-68.40000000000006,23,7.666666666666663
independent_square,93,9813158736986722592,581973,104.9389840778236,n<d<=n^2,5.0000000000011084,2143,0,0.0,287,-267.86666666666736,615,492.00000000000483,678,-406.800000000004,563,187.66666666666762
independent_square,93,9813158736986722592,581973,104.9389840778236,n^2<d<(n+1)^2,0.0,0,0,0.0,0,0.0,0,0.0,0,0.0,0,0.0
independent_square,93,9813158736986722592,581973,104.9389840778236,(n+1)^2<=d<=n^3,71.19999999999979,600,0,0.0,0,0.0,26,20.800000000000008,151,-90.59999999999985,423,140.99999999999963
independent_square,93,9813158736986722592,581973,104.9389840778236,n^3<d<=n^4,3.799999999999999,17,0,0.0,0,0.0,0,0.0,2,-1.2,15,4.999999999999999
independent_square,93,9813158736986722592,581973,104.9389840778236,d>n^4,0.0,0,0,0.0,0,0.0,0,0.0,0,0.0,0,0.0
independent_square,94,15967339680215176709,396502,178.07231741115694,d<=n,404.53333333335013,2441,964,964.0,851,-794.2666666666523,384,307.2000000000022,164,-98.39999999999978,78,25.999999999999975
independent_square,94,15967339680215176709,396502,178.07231741115694,n<d<=n^2,55.33333333333178,2607,0,0.0,292,-272.53333333333404,637,509.6000000000051,794,-476.4000000000066,884,294.66666666666737
independent_square,94,15967339680215176709,396502,178.07231741115694,n^2<d<(n+1)^2,0.0,0,0,0.0,0,0.0,0,0.0,0,0.0,0,0.0
independent_square,94,15967339680215176709,396502,178.07231741115694,(n+1)^2<=d<=n^3,86.26666666666672,627,0,0.0,0,0.0,27,21.60000000000001,145,-86.99999999999989,455,151.6666666666666
independent_square,94,15967339680215176709,396502,178.07231741115694,n^3<d<=n^4,2.6666666666666665,8,0,0.0,0,0.0,0,0.0,0,0.0,8,2.6666666666666665
independent_square,94,15967339680215176709,396502,178.07231741115694,d>n^4,0.0,0,0,0.0,0,0.0,0,0.0,0,0.0,0,0.0
independent_square,95,14192053071574162429,176076,104.1389840778236,d<=n,411.6000000000153,2241,924,924.0,827,-771.8666666666536,392,313.6000000000023,93,-55.80000000000009,5,1.6666666666666665
independent_square,95,14192053071574162429,176076,104.1389840778236,n<d<=n^2,-26.86666666666764,2329,0,0.0,269,-251.06666666666732,617,493.60000000000485,804,-482.40000000000686,639,213.00000000000168
independent_square,95,14192053071574162429,176076,104.1389840778236,n^2<d<(n+1)^2,0.0,0,0,0.0,0,0.0,0,0.0,0,0.0,0,0.0
independent_square,95,14192053071574162429,176076,104.1389840778236,(n+1)^2<=d<=n^3,88.79999999999997,608,0,0.0,0,0.0,22,17.600000000000005,133,-79.79999999999995,453,150.99999999999991
independent_square,95,14192053071574162429,176076,104.1389840778236,n^3<d<=n^4,1.3333333333333333,4,0,0.0,0,0.0,0,0.0,0,0.0,4,1.3333333333333333
independent_square,95,14192053071574162429,176076,104.1389840778236,d>n^4,0.0,0,0,0.0,0,0.0,0,0.0,0,0.0,0,0.0
independent_square,96,13829954770160065067,511158,105.27231741115693,d<=n,441.0000000000141,2221,926,926.0,804,-750.3999999999882,398,318.40000000000236,90,-54.000000000000085,3,1.0
independent_square,96,13829954770160065067,511158,105.27231741115693,n<d<=n^2,9.266666666666083,2319,0,0.0,257,-239.86666666666727,497,397.6000000000035,718,-430.8000000000049,847,282.33333333333474
independent_square,96,13829954770160065067,511158,105.27231741115693,n^2<d<(n+1)^2,0.0,0,0,0.0,0,0.0,0,0.0,0,0.0,0,0.0
independent_square,96,13829954770160065067,511158,105.27231741115693,(n+1)^2<=d<=n^3,26.0,225,0,0.0,0,0.0,25,20.000000000000007,65,-39.00000000000005,135,45.00000000000004
independent_square,96,13829954770160065067,511158,105.27231741115693,n^3<d<=n^4,-0.26666666666666666,2,0,0.0,0,0.0,0,0.0,1,-0.6,1,0.3333333333333333
independent_square,96,13829954770160065067,511158,105.27231741115693,d>n^4,0.0,0,0,0.0,0,0.0,0,0.0,0,0.0,0,0.0
independent_square,97,4173875877425453360,218128,98.60565074449026,d<=n,422.06666666668076,2198,947,947.0,814,-759.733333333321,349,279.2000000000018,79,-47.40000000000007,9,3.0
independent_square,97,4173875877425453360,218128,98.60565074449026,n<d<=n^2,-29.333333333331638,1780,0,0.0,293,-273.4666666666674,555,444.00000000000415,547,-328.200000000001,385,128.3333333333326
independent_square,97,4173875877425453360,218128,98.60565074449026,n^2<d<(n+1)^2,0.0,0,0,0.0,0,0.0,0,0.0,0,0.0,0,0.0
independent_square,97,4173875877425453360,218128,98.60565074449026,(n+1)^2<=d<=n^3,60.86666666666703,688,0,0.0,0,0.0,35,28.000000000000014,198,-118.79999999999959,455,151.6666666666666
independent_square,97,4173875877425453360,218128,98.60565074449026,n^3<d<=n^4,15.733333333333343,50,0,0.0,0,0.0,0,0.0,1,-0.6,49,16.333333333333343
independent_square,97,4173875877425453360,218128,98.60565074449026,d>n^4,0.0,0,0,0.0,0,0.0,0,0.0,0,0.0,0,0.0
independent_square,98,11357670934265359471,341272,100.40565074449027,d<=n,399.7333333333498,2228,947,947.0,855,-797.9999999999854,361,288.80000000000194,64,-38.40000000000005,1,0.3333333333333333
independent_square,98,11357670934265359471,341272,100.40565074449027,n<d<=n^2,-47.60000000000176,1990,0,0.0,289,-269.73333333333403,665,532.000000000004,702,-421.20000000000454,334,111.33333333333283
independent_square,98,11357670934265359471,341272,100.40565074449027,n^2<d<(n+1)^2,0.0,0,0,0.0,0,0.0,0,0.0,0,0.0,0,0.0
independent_square,98,11357670934265359471,341272,100.40565074449027,(n+1)^2<=d<=n^3,117.26666666666935,944,0,0.0,0,0.0,33,26.400000000000013,228,-136.79999999999941,683,227.66666666666876
independent_square,98,11357670934265359471,341272,100.40565074449027,n^3<d<=n^4,1.733333333333333,8,0,0.0,0,0.0,0,0.0,1,-0.6,7,2.333333333333333
independent_square,98,11357670934265359471,341272,100.40565074449027,d>n^4,0.0,0,0,0.0,0,0.0,0,0.0,0,0.0,0,0.0
independent_square,99,17481986241920288894,572502,100.07231741115693,d<=n,415.66666666668027,2206,926,926.0,802,-748.5333333333216,365,292.000000000002,98,-58.8000000000001,15,4.999999999999999
independent_square,99,17481986241920288894,572502,100.07231741115693,n<d<=n^2,-57.80000000000004,1837,0,0.0,273,-254.80000000000067,555,444.00000000000415,625,-375.0000000000028,384,127.99999999999926
independent_square,99,17481986241920288894,572502,100.07231741115693,n^2<d<(n+1)^2,0.0,0,0,0.0,0,0.0,0,0.0,0,0.0,0,0.0
independent_square,99,17481986241920288894,572502,100.07231741115693,(n+1)^2<=d<=n^3,108.20000000000157,809,0,0.0,0,0.0,32,25.600000000000012,189,-113.39999999999964,588,196.0000000000012
independent_square,99,17481986241920288894,572502,100.07231741115693,n^3<d<=n^4,4.7333333333333325,17,0,0.0,0,0.0,0,0.0,1,-0.6,16,5.333333333333332
independent_square,99,17481986241920288894,572502,100.07231741115693,d>n^4,0.0,0,0,0.0,0,0.0,0,0.0,0,0.0,0,0.0
independent_square,100,9014773453175292512,788085,101.9389840778236,d<=n,434.8666666666817,2268,961,961.0,826,-770.9333333333203,377,301.6000000000021,98,-58.8000000000001,6,1.9999999999999998
independent_square,100,9014773453175292512,788085,101.9389840778236,n<d<=n^2,-43.13333333333293,2157,0,0.0,325,-303.33333333333417,627,501.60000000000497,689,-413.40000000000424,516,172.0000000000005
independent_square,100,9014773453175292512,788085,101.9389840778236,n^2<d<(n+1)^2,0.0,0,0,0.0,0,0.0,0,0.0,0,0.0,0,0.0
independent_square,100,9014773453175292512,788085,101.9389840778236,(n+1)^2<=d<=n^3,78.06666666666682,657,0,0.0,0,0.0,38,30.400000000000016,170,-101.99999999999974,449,149.66666666666654
independent_square,100,9014773453175292512,788085,101.9389840778236,n^3<d<=n^4,2.8666666666666663,17,0,0.0,0,0.0,0,0.0,3,-1.7999999999999998,14,4.666666666666666
independent_square,100,9014773453175292512,788085,101.9389840778236,d>n^4,0.0,0,0,0.0,0,0.0,0,0.0,0,0.0,0,0.0
