n,K,event,old_best_r,new_best_r,best_ratio,best_margin,exact_holes,max_depth
10001,3,initial_best_r,,3,0.969886344699,301.166666667,1093,6
10001,5,initial_best_r,,2,0.895510448955,1045,1093,6
10001,7,initial_best_r,,2,0.890710928907,1093,1093,6
10001,9,initial_best_r,,2,0.890710928907,1093,1093,6
10001,11,initial_best_r,,2,0.890710928907,1093,1093,6
100299,5,best_r_change,2,3,0.932652701755,6754.86666667,8597,8
100300,5,best_r_change,3,2,0.93110667996,6910,8705,8
100308,5,best_r_change,2,3,0.932055934389,6815.33333333,8679,8
100309,5,best_r_change,3,2,0.930614401499,6960,8720,8
100768,5,best_r_change,2,3,0.93196054303,6856.2,8721,8
100769,5,best_r_change,3,2,0.930286099892,7025,8805,8
101226,5,best_r_change,2,3,0.931499812301,6934,8807,8
101227,5,best_r_change,3,2,0.931836367767,6900,8705,8
101260,5,best_r_change,2,3,0.931165975377,6970.13333333,8861,8
101261,5,best_r_change,3,2,0.931602492569,6926,8726,7
101540,5,best_r_change,2,3,0.930852865866,7021.2,8894,8
101541,5,best_r_change,3,2,0.930363104559,7071,8851,7
101551,5,best_r_change,2,3,0.931247681789,6981.86666667,8867,8
101552,5,best_r_change,3,2,0.930882700488,7019,8838,8
101680,5,best_r_change,2,3,0.931869918699,6927.46666667,8824,8
101681,5,best_r_change,3,2,0.930124605384,7105,8869,8
101687,5,best_r_change,2,3,0.932586597435,6855.06666667,8732,8
101688,5,best_r_change,3,2,0.931929037841,6922,8714,7
101748,5,best_r_change,2,3,0.931661228394,6953.33333333,8840,8
101749,5,best_r_change,3,2,0.930918239983,7029,8841,8
101883,5,best_r_change,2,3,0.932406780326,6886.6,8773,8
101884,5,best_r_change,3,2,0.930803659063,7050,8856,8
101940,5,best_r_change,2,3,0.932912170558,6838.93333333,8739,8
101941,5,best_r_change,3,2,0.930204726263,7115,8925,8
102107,5,best_r_change,2,3,0.931996826858,6943.6,8849,8
102108,5,best_r_change,3,2,0.931004426685,7045,8861,8
102398,5,best_r_change,2,3,0.932186826566,6943.93333333,8843,8
102399,5,best_r_change,3,2,0.931386048692,7026,8843,8
102414,5,best_r_change,2,3,0.930924808457,7074.26666667,8982,8
102415,5,best_r_change,3,2,0.930449641166,7123,8935,8
102472,5,best_r_change,2,3,0.933253962058,6839.6,8757,8
102473,5,best_r_change,3,2,0.931611253696,7008,8825,8
102476,5,best_r_change,2,3,0.931554054933,7014.06666667,8911,8
102477,5,best_r_change,3,2,0.93141875738,7028,8869,8
102516,5,best_r_change,2,3,0.932192048071,6951.4,8865,8
102517,5,best_r_change,3,2,0.93159183355,7013,8842,8
102528,5,best_r_change,2,3,0.931634935497,7009.33333333,8896,8
102529,5,best_r_change,3,2,0.932321587063,6939,8771,8
102588,5,best_r_change,2,3,0.932344263787,6940.66666667,8858,8
102589,5,best_r_change,3,2,0.931883535272,6988,8866,8
102748,5,best_r_change,2,3,0.931177249192,7071.4,8985,8
102749,5,best_r_change,3,2,0.931571110181,7031,8894,8
102810,5,best_r_change,2,3,0.932522128198,6937.4,8845,8
102811,5,best_r_change,3,2,0.930746709982,7120,8924,8
102993,5,best_r_change,2,3,0.930234740872,7185.33333333,9094,8
102994,5,best_r_change,3,2,0.931102782686,7096,8958,7
103028,5,best_r_change,2,3,0.93140958445,7066.73333333,8969,8
103029,5,best_r_change,3,2,0.931446485941,7063,8906,8
103057,5,best_r_change,2,3,0.931788557142,7029.66666667,8933,8
103058,5,best_r_change,3,2,0.930757437559,7136,8949,7
103060,5,best_r_change,2,3,0.931632058995,7046,8964,8
103061,5,best_r_change,3,2,0.931885000146,7020,8877,7
103122,5,best_r_change,2,3,0.931036377624,7111.66666667,9032,8
103123,5,best_r_change,3,2,0.931053208305,7110,8974,8
103147,5,best_r_change,2,3,0.931464156334,7069.26666667,8995,8
103148,5,best_r_change,3,2,0.930798464342,7138,8997,8
103176,5,best_r_change,2,3,0.931550619007,7062.33333333,8982,8
103177,5,best_r_change,3,2,0.932126345988,7003,8842,8
103215,5,best_r_change,2,3,0.932332186859,6984.33333333,8904,8
103216,5,best_r_change,3,2,0.931725701442,7047,8884,8
103227,5,best_r_change,2,3,0.931953203458,7024.26666667,8948,8
103228,5,best_r_change,3,2,0.931472081218,7074,8918,8
103251,5,best_r_change,2,3,0.931646182604,7057.6,8978,8
103252,5,best_r_change,3,2,0.931129663348,7111,8963,8
103286,5,best_r_change,2,3,0.931594472307,7065.33333333,8987,8
103287,5,best_r_change,3,2,0.931985632267,7025,8919,8
103381,5,best_r_change,2,3,0.932315738224,6997.26666667,8905,8
103382,5,best_r_change,3,2,0.931264630206,7106,8974,8
103449,5,best_r_change,2,3,0.932078608783,7026.4,8946,8
103450,5,best_r_change,3,2,0.93116481392,7121,9002,7
103467,5,best_r_change,2,3,0.933365549724,6894.46666667,8812,8
103468,5,best_r_change,3,2,0.931099470368,7129,8982,8
103480,5,best_r_change,2,3,0.931749130267,7062.6,8983,8
103481,5,best_r_change,3,2,0.931687942714,7069,8920,8
103502,5,best_r_change,2,3,0.931632238991,7076.2,8986,7
103503,5,best_r_change,3,2,0.931605847174,7079,8964,8
103536,5,best_r_change,2,3,0.932859424097,6951.46666667,8873,8
103537,5,best_r_change,3,2,0.929928431382,7255,9089,8
103569,5,best_r_change,2,3,0.931845758222,7058.66666667,8989,8
103570,5,best_r_change,3,2,0.931688712948,7075,8976,8
103602,5,best_r_change,2,3,0.932801168575,6961.93333333,8891,8
103603,5,best_r_change,3,2,0.931054120054,7143,9028,8
103626,5,best_r_change,2,3,0.931730775417,7074.46666667,8993,8
103627,5,best_r_change,3,2,0.931031487933,7147,9031,8
103660,5,best_r_change,2,3,0.931074667181,7144.8,9080,8
103661,5,best_r_change,3,2,0.931796914944,7070,8944,8
103672,5,best_r_change,2,3,0.93117460195,7135.26666667,9067,8
103673,5,best_r_change,3,2,0.931129609445,7140,8950,7
103681,5,best_r_change,2,3,0.932755278209,6972,8887,8
103682,5,best_r_change,3,2,0.930933045273,7161,9017,8
103710,5,best_r_change,2,3,0.932008485199,7051.4,8968,8
103711,5,best_r_change,3,2,0.931000568889,7156,9029,8
103769,5,best_r_change,2,3,0.932645909022,6989.26666667,8909,8
103770,5,best_r_change,3,2,0.931868555459,7070,8982,7
103784,5,best_r_change,2,3,0.931810298312,7077,9010,8
103785,5,best_r_change,3,2,0.932475791299,7008,8904,8
103933,5,best_r_change,2,3,0.931197983316,7150.8,9084,8
103934,5,best_r_change,3,2,0.932110762599,7056,8927,8
103952,5,best_r_change,2,3,0.931856369606,7083.66666667,9021,8
103953,5,best_r_change,3,2,0.931632564717,7107,8961,8
103992,5,best_r_change,2,3,0.932206964638,7049.93333333,8989,8
103993,5,best_r_change,3,2,0.930841498947,7192,9074,8
104003,5,best_r_change,2,3,0.933292308876,6937.8,8877,8
104004,5,best_r_change,3,2,0.931368024307,7138,9003,8
104068,5,best_r_change,2,3,0.931464683348,7132.33333333,9067,7
104069,5,best_r_change,3,2,0.931814469246,7096,8956,8
104088,5,best_r_change,2,3,0.932177260267,7059.53333333,8982,8
104089,5,best_r_change,3,2,0.931385641134,7142,9048,8
104096,5,best_r_change,2,3,0.932507172866,7025.73333333,8979,8
104097,5,best_r_change,3,2,0.931410127093,7140,9002,8
104116,5,best_r_change,2,3,0.932071919782,7072.4,9010,8
104117,5,best_r_change,3,2,0.932402969736,7038,8910,8
104184,5,best_r_change,2,3,0.932262791471,7057.13333333,8968,8
104185,5,best_r_change,3,2,0.931669626146,7119,9011,8
104207,5,best_r_change,2,3,0.931754424687,7111.66666667,9041,8
104208,5,best_r_change,3,2,0.931675111316,7120,9022,8
104215,5,best_r_change,2,3,0.932593196757,7024.8,8959,8
104216,5,best_r_change,3,2,0.932793429032,7004,8876,8
104233,5,best_r_change,2,3,0.931816859024,7106.93333333,9055,8
104234,5,best_r_change,3,2,0.930943837903,7198,9065,7
104330,5,best_r_change,2,3,0.932599763571,7031.86666667,8980,8
104331,5,best_r_change,3,2,0.931947359845,7100,8983,7
104368,5,best_r_change,2,3,0.931597807757,7139,9085,8
104369,5,best_r_change,3,2,0.931358928417,7164,9056,8
104386,5,best_r_change,2,3,0.931796090153,7119.53333333,9064,8
104387,5,best_r_change,3,2,0.931715635089,7128,9033,8
104424,5,best_r_change,2,3,0.932087131949,7091.73333333,9046,8
104425,5,best_r_change,3,2,0.932305482404,7069,9011,8
104497,5,best_r_change,2,3,0.932103313971,7095,9041,8
104498,5,best_r_change,3,2,0.931979559417,7108,8951,8
104512,5,best_r_change,2,3,0.932053735456,7101.2,9046,8
104513,5,best_r_change,3,2,0.93096552582,7215,9113,8
104525,5,best_r_change,2,3,0.932442956231,7061.4,9012,8
104526,5,best_r_change,3,2,0.931978646461,7110,8984,7
104552,5,best_r_change,2,3,0.932139668937,7094.93333333,9033,7
104553,5,best_r_change,3,2,0.931011066158,7213,9134,8
104557,5,best_r_change,2,3,0.931861727734,7124.33333333,9065,8
104558,5,best_r_change,3,2,0.931138698139,7200,9052,8
104562,5,best_r_change,2,3,0.931639282595,7147.93333333,9084,8
104563,5,best_r_change,3,2,0.93173493492,7138,9060,8
104574,5,best_r_change,2,3,0.933072592933,6998.86666667,8931,8
104575,5,best_r_change,3,2,0.93139851781,7174,9076,8
104578,5,best_r_change,2,3,0.933051565976,7001.33333333,8950,8
104579,5,best_r_change,3,2,0.931563698257,7157,9047,8
104587,5,best_r_change,2,3,0.932065489337,7105.06666667,9052,8
104588,5,best_r_change,3,2,0.932277125483,7083,8954,8
104608,5,best_r_change,2,3,0.931500458856,7165.6,9112,8
104609,5,best_r_change,3,2,0.931745834488,7140,9053,8
104623,5,best_r_change,2,3,0.933337793793,6974.4,8909,9
104624,5,best_r_change,3,2,0.931258602233,7192,9076,7
104625,5,best_r_change,2,3,0.932771326165,7033.8,8981,8
104626,5,best_r_change,3,2,0.932416416569,7071,8985,8
104643,5,best_r_change,2,3,0.931885872283,7127.66666667,9078,8
104644,5,best_r_change,3,2,0.931281296587,7191,9074,8
104662,5,best_r_change,2,3,0.931632620563,7155.46666667,9089,8
104663,5,best_r_change,3,2,0.931761940705,7142,9024,8
104695,5,best_r_change,2,3,0.932382635274,7079.2,9025,7
104696,5,best_r_change,3,2,0.93127722167,7195,9072,8
104741,5,best_r_change,2,3,0.932288852185,7092.13333333,9047,8
104742,5,best_r_change,3,2,0.930763208646,7252,9109,8
104745,5,best_r_change,2,3,0.931652425732,7159.06666667,9104,8
104746,5,best_r_change,3,2,0.931166822599,7210,9120,8
104759,5,best_r_change,2,3,0.932632041161,7057.4,8992,8
104760,5,best_r_change,3,2,0.931452844597,7181,9072,8
104773,5,best_r_change,2,3,0.931840582338,7141.26666667,9093,8
104774,5,best_r_change,3,2,0.930020806689,7332,9215,8
104784,5,best_r_change,2,3,0.933132921057,7006.6,8963,8
104785,5,best_r_change,3,2,0.931335591926,7195,9143,8
104797,5,best_r_change,2,3,0.932002506433,7125.93333333,9074,8
104798,5,best_r_change,3,2,0.932012061299,7125,9038,8
104821,5,best_r_change,2,3,0.932014895234,7126.26666667,9084,8
104822,5,best_r_change,3,2,0.931846368129,7144,9051,8
104835,5,best_r_change,2,3,0.931288850734,7203.33333333,9162,8
104836,5,best_r_change,3,2,0.930901598687,7244,9126,8
104852,5,best_r_change,2,3,0.931760958303,7155,9107,8
104853,5,best_r_change,3,2,0.930388257847,7299,9245,8
104870,5,best_r_change,2,3,0.932051746607,7125.73333333,9084,8
104871,5,best_r_change,3,2,0.932469414805,7082,8997,8
104872,5,best_r_change,2,3,0.931721845043,7160.46666667,9119,8
104873,5,best_r_change,3,2,0.93056363411,7282,9125,8
104881,5,best_r_change,2,3,0.93357233436,6967,8926,8
104882,5,best_r_change,3,2,0.930970042524,7240,9100,8
104885,5,best_r_change,2,3,0.931868872257,7145.93333333,9102,8
104886,5,best_r_change,3,2,0.931439848979,7191,9096,8
104893,5,best_r_change,2,3,0.932739076964,7055.2,8995,7
104895,5,best_r_change,3,2,0.930644930645,7275,9159,8
104901,5,best_r_change,2,3,0.931899600576,7143.8,9084,8
104902,5,best_r_change,3,2,0.931679090961,7167,9055,8
104920,5,best_r_change,2,3,0.931693989071,7166.66666667,9128,8
104921,5,best_r_change,3,2,0.93167240114,7169,9082,8
104934,5,best_r_change,2,3,0.931968030699,7138.86666667,9098,8
104935,5,best_r_change,3,2,0.931395625864,7199,9119,8
104955,5,best_r_change,2,3,0.931899067854,7147.53333333,9105,8
104956,5,best_r_change,3,2,0.931761881169,7162,9035,8
104970,5,best_r_change,2,3,0.931807818107,7158.13333333,9106,8
104972,5,best_r_change,3,2,0.931648439584,7175,9051,8
104986,5,best_r_change,2,3,0.933460969399,6985.66666667,8954,8
104987,5,best_r_change,3,2,0.930191357025,7329,9203,7
104993,5,best_r_change,2,3,0.932509786367,7086,9024,8
104994,5,best_r_change,3,2,0.93148179896,7194,9110,8
104997,5,best_r_change,2,3,0.932130759292,7126.06666667,9066,8
104998,5,best_r_change,3,2,0.932093944647,7130,9027,8
105017,5,best_r_change,2,3,0.931894201256,7152.26666667,9103,7
105018,5,best_r_change,3,2,0.931944999905,7147,9066,8
105030,5,best_r_change,2,3,0.932345679012,7105.73333333,9055,8
105031,5,best_r_change,3,2,0.931182222391,7228,9145,8
105033,5,best_r_change,2,3,0.931598640427,7184.4,9125,8
105034,5,best_r_change,3,2,0.931555496315,7189,9095,7
105070,5,best_r_change,2,3,0.932261666825,7117.26666667,9076,8
105072,5,best_r_change,3,2,0.931370869499,7211,9122,7
105079,5,best_r_change,2,3,0.931919159236,7153.86666667,9106,8
105080,5,best_r_change,3,2,0.930624286258,7290,9156,8
105081,5,best_r_change,2,3,0.931421792078,7206.26666667,9168,8
105082,5,best_r_change,3,2,0.932091128833,7136,9050,8
105087,5,best_r_change,2,3,0.931997931872,7146.13333333,9090,8
105088,5,best_r_change,3,2,0.932704019488,7072,9010,8
105096,5,best_r_change,2,3,0.932659663546,7077.2,9031,8
105097,5,best_r_change,3,2,0.931834400601,7164,9101,8
105099,5,best_r_change,2,3,0.932390095688,7105.73333333,9062,8
105100,5,best_r_change,3,2,0.932197906755,7126,9041,8
105103,5,best_r_change,2,3,0.931434243869,7206.46666667,9143,8
105104,5,best_r_change,3,2,0.932219515908,7124,9069,8
105123,5,best_r_change,2,3,0.932113809537,7136.4,9094,8
105124,5,best_r_change,3,2,0.930691373996,7286,9195,8
105139,5,best_r_change,2,3,0.931724035166,7178.46666667,9129,8
105140,5,best_r_change,3,2,0.93160547841,7191,9117,7
105153,5,best_r_change,2,3,0.932799508018,7066.33333333,9024,8
105154,5,best_r_change,3,2,0.931681153356,7184,9070,8
105168,5,best_r_change,2,3,0.932185328871,7131.93333333,9094,8
105169,5,best_r_change,3,2,0.931804999572,7172,9070,8
105193,5,best_r_change,2,3,0.932963853742,7051.73333333,8998,8
105194,5,best_r_change,3,2,0.930994163165,7259,9168,8
105202,5,best_r_change,2,3,0.931567840916,7199.2,9159,8
105203,5,best_r_change,3,2,0.931865060882,7168,9065,8
105205,5,best_r_change,2,3,0.933106474661,7037.53333333,8998,8
105207,5,best_r_change,3,2,0.93155398405,7201,9057,8
105213,5,best_r_change,2,3,0.931625686306,7193.86666667,9154,8
105214,5,best_r_change,3,2,0.930484536278,7314,9212,8
105225,5,best_r_change,2,3,0.933197750851,7029.26666667,8991,8
105226,5,best_r_change,3,2,0.931043658411,7256,9165,8
105229,5,best_r_change,2,3,0.93068007235,7294.46666667,9251,8
105230,5,best_r_change,3,2,0.932965884254,7054,8974,8
105241,5,best_r_change,2,3,0.931554558901,7203.26666667,9170,8
105242,5,best_r_change,3,2,0.931700271755,7188,9088,8
105244,5,best_r_change,2,3,0.933186373253,7031.73333333,8992,8
105245,5,best_r_change,3,2,0.930628533422,7301,9196,8
105264,5,best_r_change,2,3,0.932377007651,7118.26666667,9067,7
105265,5,best_r_change,3,2,0.931591697145,7201,9124,8
105267,5,best_r_change,2,3,0.932615792857,7093.33333333,9053,8
105268,5,best_r_change,3,2,0.931071170726,7256,9156,8
105284,5,best_r_change,2,3,0.932914149665,7063.06666667,9011,8
105285,5,best_r_change,3,2,0.930958826044,7269,9191,8
105287,5,best_r_change,2,3,0.931963110356,7163.4,9126,8
105288,5,best_r_change,3,2,0.931673125142,7194,9101,7
105304,5,best_r_change,2,3,0.931787333181,7183.06666667,9135,8
105305,5,best_r_change,3,2,0.932130478135,7147,9069,8
105350,5,best_r_change,2,3,0.931693719348,7196.06666667,9151,8
105351,5,best_r_change,3,2,0.931571603497,7209,9143,8
105372,5,best_r_change,2,3,0.931890192208,7176.86666667,9147,8
105373,5,best_r_change,3,2,0.931557419832,7212,9120,8
105402,5,best_r_change,2,3,0.932491477075,7115.53333333,9077,8
105403,5,best_r_change,3,2,0.931842547176,7184,9100,8
105408,5,best_r_change,2,3,0.932296726371,7136.46666667,9108,9
105409,5,best_r_change,3,2,0.931220294282,7250,9181,8
105414,5,best_r_change,2,3,0.931888869916,7179.86666667,9139,7
105415,5,best_r_change,3,2,0.93148033961,7223,9169,8
105433,5,best_r_change,2,3,0.931669085264,7204.33333333,9160,8
105434,5,best_r_change,3,2,0.932042794544,7165,9070,8
105435,5,best_r_change,2,3,0.931858174863,7184.53333333,9155,8
105436,5,best_r_change,3,2,0.931645737699,7207,9161,8
105448,5,best_r_change,2,3,0.932820600359,7083.93333333,9060,8
105449,5,best_r_change,3,2,0.930848087701,7292,9156,8
105451,5,best_r_change,2,3,0.931680116832,7204.4,9180,8
105452,5,best_r_change,3,2,0.931627659978,7210,9093,8
105458,5,best_r_change,2,3,0.93173206395,7199.4,9144,8
105459,5,best_r_change,3,2,0.930873609649,7290,9173,8
105462,5,best_r_change,2,3,0.932158818658,7154.66666667,9121,8
105463,5,best_r_change,3,2,0.929994405621,7383,9252,8
105473,5,best_r_change,2,3,0.931267717805,7249.4,9226,8
105474,5,best_r_change,3,2,0.931537630127,7221,9128,8
105486,5,best_r_change,2,3,0.931557426262,7219.73333333,9169,8
105487,5,best_r_change,3,2,0.931982139979,7175,9113,8
105495,5,best_r_change,2,3,0.932258400872,7146.4,9106,8
105496,5,best_r_change,3,2,0.932566163646,7114,9015,8
105533,5,best_r_change,2,3,0.932148237992,7160.6,9117,7
105534,5,best_r_change,3,2,0.931235431235,7257,9197,8
105537,5,best_r_change,2,3,0.932108486439,7165.06666667,9136,8
105538,5,best_r_change,3,2,0.931446493206,7235,9183,8
105540,5,best_r_change,2,3,0.932349819973,7139.8,9087,8
105541,5,best_r_change,3,2,0.932879165443,7084,9028,8
105553,5,best_r_change,2,3,0.932451627776,7129.93333333,9091,8
105554,5,best_r_change,3,2,0.930850559903,7299,9236,8
105562,5,best_r_change,2,3,0.931322508731,7249.73333333,9212,8
105563,5,best_r_change,3,2,0.930913293484,7293,9187,8
105567,5,best_r_change,2,3,0.931685090985,7211.8,9187,8
105568,5,best_r_change,3,2,0.931968020612,7182,9115,8
105569,5,best_r_change,2,3,0.93226799534,7150.4,9126,8
105570,5,best_r_change,3,2,0.930861040068,7299,9207,8
105571,5,best_r_change,2,3,0.931711675871,7209.26666667,9171,8
105572,5,best_r_change,3,2,0.931449626795,7237,9135,8
105579,5,best_r_change,2,3,0.931541941737,7227.73333333,9186,8
105580,5,best_r_change,3,2,0.932222011745,7156,9107,8
105589,5,best_r_change,2,3,0.931472028336,7235.8,9205,8
105590,5,best_r_change,3,2,0.932597783881,7117,9032,8
105609,5,best_r_change,2,3,0.932635791773,7114.26666667,9074,8
105610,5,best_r_change,3,2,0.932250733832,7155,9076,8
105630,5,best_r_change,2,3,0.933174287608,7058.8,9034,8
105631,5,best_r_change,3,2,0.931450047808,7241,9160,8
105636,5,best_r_change,2,3,0.932342509498,7147.06666667,9099,8
105637,5,best_r_change,3,2,0.931169949923,7271,9223,7
105640,5,best_r_change,2,3,0.932638520762,7116.06666667,9077,8
105641,5,best_r_change,3,2,0.932422070976,7139,9057,8
105646,5,best_r_change,2,3,0.931751951486,7210.13333333,9176,8
105647,5,best_r_change,3,2,0.930712656299,7320,9280,8
105655,5,best_r_change,2,3,0.932302304671,7152.6,9108,8
105656,5,best_r_change,3,2,0.931740743545,7212,9150,8
105660,5,best_r_change,2,3,0.932696069153,7111.33333333,9069,8
105661,5,best_r_change,3,2,0.93203736478,7181,9102,8
105662,5,best_r_change,2,3,0.93135406611,7253.26666667,9212,8
105663,5,best_r_change,3,2,0.931480272186,7240,9162,8
105673,5,best_r_change,2,3,0.932487327258,7134.26666667,9109,8
105674,5,best_r_change,3,2,0.931392774003,7250,9148,8
105679,5,best_r_change,2,3,0.932463403325,7137.2,9108,8
105680,5,best_r_change,3,2,0.93251324754,7132,9073,8
105689,5,best_r_change,2,3,0.931461804603,7243.73333333,9216,8
105690,5,best_r_change,3,2,0.931904626739,7197,9133,8
105707,5,best_r_change,2,3,0.933816429691,6996.06666667,8969,8
105708,5,best_r_change,3,2,0.932445983275,7141,9070,8
105726,5,best_r_change,2,3,0.933040122581,7079.4,9043,8
105727,5,best_r_change,3,2,0.931521749411,7240,9150,8
105730,5,best_r_change,2,3,0.932070367918,7182.2,9154,8
105731,5,best_r_change,3,2,0.932687669652,7117,9067,8
105745,5,best_r_change,2,3,0.932192223431,7170.33333333,9113,8
105746,5,best_r_change,3,2,0.930768066877,7321,9232,8
105756,5,best_r_change,2,3,0.931500813193,7244.2,9214,8
105758,5,best_r_change,3,2,0.931390533104,7256,9158,8
105762,5,best_r_change,2,3,0.931454271541,7249.53333333,9213,8
105763,5,best_r_change,3,2,0.931554513393,7239,9130,8
105765,5,best_r_change,2,3,0.932408011472,7148.86666667,9119,8
105766,5,best_r_change,3,2,0.931981922357,7194,9149,8
105772,5,best_r_change,2,3,0.932345044057,7156,9117,8
105773,5,best_r_change,3,2,0.930653380352,7335,9228,8
105774,5,best_r_change,2,3,0.932779321951,7110.2,9075,8
105775,5,best_r_change,3,2,0.931373197826,7259,9162,7
105777,5,best_r_change,2,3,0.932508957524,7139,9106,8
105778,5,best_r_change,3,2,0.93109153132,7289,9258,8
105783,5,best_r_change,2,3,0.932167424507,7175.53333333,9140,8
105784,5,best_r_change,3,2,0.932012402632,7192,9142,8
105789,5,best_r_change,2,3,0.932189547117,7173.6,9130,8
105792,5,best_r_change,3,2,0.932130973987,7180,9064,8
105795,5,best_r_change,2,3,0.932499645541,7141.2,9106,7
105796,5,best_r_change,3,2,0.931764906046,7219,9143,8
105800,5,best_r_change,2,3,0.932034656585,7190.73333333,9158,8
105801,5,best_r_change,3,2,0.931276641998,7271,9198,8
105805,5,best_r_change,2,3,0.932264700786,7166.73333333,9148,8
105806,5,best_r_change,3,2,0.931175925751,7282,9184,8
105822,5,best_r_change,2,3,0.931926568514,7203.66666667,9179,8
105823,5,best_r_change,3,2,0.931479924024,7251,9180,8
105826,5,best_r_change,2,3,0.931701724214,7227.73333333,9197,8
105827,5,best_r_change,3,2,0.930471429786,7358,9287,8
105856,5,best_r_change,2,3,0.932211683797,7175.8,9146,8
105857,5,best_r_change,3,2,0.932682770152,7126,9039,8
105868,5,best_r_change,2,3,0.932230702384,7174.6,9152,8
105869,5,best_r_change,3,2,0.932085879719,7190,9072,8
105870,5,best_r_change,2,3,0.932148232109,7183.46666667,9144,8
105871,5,best_r_change,3,2,0.931284298816,7275,9187,8
105878,5,best_r_change,2,3,0.932624341223,7133.6,9119,8
105879,5,best_r_change,3,2,0.932649533902,7131,9041,8
105883,5,best_r_change,2,3,0.931413604324,7262.13333333,9229,8
105884,5,best_r_change,3,2,0.931821616108,7219,9166,8
105898,5,best_r_change,2,3,0.931969127525,7204.33333333,9174,8
105899,5,best_r_change,3,2,0.93202013239,7199,9111,8
105902,5,best_r_change,2,3,0.93234373918,7164.93333333,9128,8
105903,5,best_r_change,3,2,0.933306894045,7063,9001,8
105912,5,best_r_change,2,3,0.93354482967,7038.4,9002,8
105914,5,best_r_change,3,2,0.931878694035,7215,9127,8
105921,5,best_r_change,2,3,0.932660504842,7132.66666667,9102,8
105922,5,best_r_change,3,2,0.932119861785,7190,9143,8
105927,5,best_r_change,2,3,0.93284242922,7113.8,9083,8
105928,5,best_r_change,3,2,0.931878256929,7216,9137,8
105931,5,best_r_change,2,3,0.931990950084,7204.26666667,9163,8
105932,5,best_r_change,3,2,0.931220027942,7286,9223,7
105935,5,best_r_change,2,3,0.932125674549,7190.26666667,9151,8
105936,5,best_r_change,3,2,0.932176030811,7185,9138,7
105944,5,best_r_change,2,3,0.930865362833,7324.4,9289,8
105945,5,best_r_change,3,2,0.931190712162,7290,9207,8
105960,5,best_r_change,2,3,0.932992324147,7100.13333333,9067,8
105961,5,best_r_change,3,2,0.930615981352,7352,9274,8
105966,5,best_r_change,2,3,0.93186242128,7220.26666667,9195,8
105967,5,best_r_change,3,2,0.93330942652,7067,9024,8
105970,5,best_r_change,2,3,0.932740083671,7127.53333333,9100,8
105971,5,best_r_change,3,2,0.931226467618,7288,9208,8
105972,5,best_r_change,2,3,0.931239698537,7286.66666667,9263,8
105974,5,best_r_change,3,2,0.931549247929,7254,9149,8
105976,5,best_r_change,2,3,0.932837623613,7117.6,9078,8
105977,5,best_r_change,3,2,0.931211489285,7290,9221,8
105978,5,best_r_change,2,3,0.933004963294,7100,9080,8
105979,5,best_r_change,3,2,0.930542843394,7361,9255,8
105982,5,best_r_change,2,3,0.931647512471,7244.13333333,9200,7
105983,5,best_r_change,3,2,0.931356915732,7275,9218,8
105985,5,best_r_change,2,3,0.932704313503,7132.33333333,9094,8
105986,5,best_r_change,3,2,0.931707961429,7238,9181,8
105987,5,best_r_change,2,3,0.932725082636,7130.26666667,9093,8
105988,5,best_r_change,3,2,0.932020606106,7205,9140,8
105996,5,best_r_change,2,3,0.932775450646,7125.53333333,9096,8
105997,5,best_r_change,3,2,0.932771682217,7126,9076,8
106018,5,best_r_change,2,3,0.931801517981,7230.26666667,9212,8
106019,5,best_r_change,3,2,0.932474367802,7159,9072,8
106021,5,best_r_change,2,3,0.93244860295,7161.86666667,9117,8
106022,5,best_r_change,3,2,0.932796966667,7125,9065,8
106025,5,best_r_change,2,3,0.931936807357,7216.4,9198,8
106026,5,best_r_change,3,2,0.93222417143,7186,9093,8
106036,5,best_r_change,2,3,0.932572585411,7149.73333333,9112,8
106037,5,best_r_change,3,2,0.932184048964,7191,9117,7
106047,5,best_r_change,2,3,0.931967901025,7214.6,9193,8
106049,5,best_r_change,3,2,0.932587766033,7149,9060,8
106060,5,best_r_change,2,3,0.931649380854,7249.26666667,9228,8
106061,5,best_r_change,3,2,0.93201082396,7211,9126,8
106065,5,best_r_change,2,3,0.931641289147,7250.46666667,9220,8
106066,5,best_r_change,3,2,0.933201968586,7085,9010,8
106074,5,best_r_change,2,3,0.932716782623,7137,9111,7
106075,5,best_r_change,3,2,0.93303794485,7103,9032,8
106078,5,best_r_change,2,3,0.932340981793,7177.13333333,9149,8
106079,5,best_r_change,3,2,0.931645283232,7251,9186,8
106081,5,best_r_change,2,3,0.932659005854,7143.6,9114,8
106083,5,best_r_change,3,2,0.933090127542,7098,9036,8
106093,5,best_r_change,2,3,0.93298269757,7110.06666667,9086,8
106094,5,best_r_change,3,2,0.931457009821,7272,9209,8
106107,5,best_r_change,2,3,0.932496442271,7162.6,9150,8
106108,5,best_r_change,3,2,0.932314245863,7182,9126,8
106113,5,best_r_change,2,3,0.931288971819,7291.13333333,9268,8
106114,5,best_r_change,3,2,0.93105528017,7316,9257,8
106124,5,best_r_change,2,3,0.93230937394,7183.6,9155,8
106126,5,best_r_change,3,2,0.93166613271,7252,9162,8
106128,5,best_r_change,2,3,0.932452635811,7168.66666667,9143,8
106129,5,best_r_change,3,2,0.931988429176,7218,9200,8
106132,5,best_r_change,2,3,0.931540597244,7265.73333333,9238,8
106133,5,best_r_change,3,2,0.932132324536,7203,9134,8
106143,5,best_r_change,2,3,0.932503635033,7164.26666667,9136,8
106144,5,best_r_change,3,2,0.931828459451,7236,9161,8
106150,5,best_r_change,2,3,0.931971738106,7221.2,9211,8
106151,5,best_r_change,3,2,0.932426449115,7173,9078,8
106153,5,best_r_change,2,3,0.932077284674,7210.2,9180,8
106154,5,best_r_change,3,2,0.931420389246,7280,9241,8
106161,5,best_r_change,2,3,0.931915989236,7227.86666667,9200,8
106162,5,best_r_change,3,2,0.931849437652,7235,9142,7
106178,5,best_r_change,2,3,0.932504536407,7166.53333333,9136,8
106179,5,best_r_change,3,2,0.931398864182,7284,9247,8
106181,5,best_r_change,2,3,0.93359954543,7050.46666667,9022,8
106182,5,best_r_change,3,2,0.932060047842,7214,9132,8
106185,5,best_r_change,2,3,0.932173094128,7202.2,9164,8
106186,5,best_r_change,3,2,0.93182717119,7239,9158,7
106187,5,best_r_change,2,3,0.931896245931,7231.73333333,9207,8
106188,5,best_r_change,3,2,0.931206916036,7305,9227,7
106189,5,best_r_change,2,3,0.931333126156,7291.66666667,9259,8
106190,5,best_r_change,3,2,0.932649025332,7152,9072,8
106193,5,best_r_change,2,3,0.93070478594,7358.66666667,9333,8
106194,5,best_r_change,3,2,0.931917057461,7230,9182,8
106206,5,best_r_change,2,3,0.931366715,7289.26666667,9255,8
106207,5,best_r_change,3,2,0.931416949919,7284,9211,8
106210,5,best_r_change,2,3,0.932005147036,7221.73333333,9201,8
106211,5,best_r_change,3,2,0.931400702375,7286,9197,8
106216,5,best_r_change,2,3,0.932300218423,7190.8,9175,8
106217,5,best_r_change,3,2,0.932449607878,7175,9100,8
106227,5,best_r_change,2,3,0.932828753518,7135.4,9118,8
106228,5,best_r_change,3,2,0.931741160523,7251,9165,8
106239,5,best_r_change,2,3,0.932701424775,7149.73333333,9120,8
106241,5,best_r_change,3,2,0.93170245009,7256,9213,8
106243,5,best_r_change,2,3,0.932534535609,7167.73333333,9139,8
106244,5,best_r_change,3,2,0.931290237566,7300,9236,8
106246,5,best_r_change,2,3,0.931838688829,7241.86666667,9213,8
106247,5,best_r_change,3,2,0.93187572355,7238,9158,8
106250,5,best_r_change,2,3,0.932688313725,7151.86666667,9120,8
106251,5,best_r_change,3,2,0.931774759767,7249,9206,8
106257,5,best_r_change,2,3,0.931044542948,7327,9299,8
106258,5,best_r_change,3,2,0.93158162209,7270,9195,8
106260,5,best_r_change,2,3,0.93203651421,7221.8,9210,8
106261,5,best_r_change,3,2,0.930858922841,7347,9247,7
106267,5,best_r_change,2,3,0.932803222073,7140.8,9127,8
106268,5,best_r_change,3,2,0.931889185832,7238,9185,8
106282,5,best_r_change,2,3,0.933105637204,7109.66666667,9095,8
106283,5,best_r_change,3,2,0.93173884817,7255,9194,8
106294,5,best_r_change,2,3,0.931542075125,7276.66666667,9257,8
106295,5,best_r_change,3,2,0.932226351192,7204,9136,8
106299,5,best_r_change,2,3,0.932842892846,7138.73333333,9121,8
106300,5,best_r_change,3,2,0.93272812794,7151,9108,8
106307,5,best_r_change,2,3,0.932627202348,7162.2,9139,8
106308,5,best_r_change,3,2,0.93149151522,7283,9233,7
106309,5,best_r_change,2,3,0.932703722168,7154.2,9133,8
106310,5,best_r_change,3,2,0.932433449346,7183,9122,8
106327,5,best_r_change,2,3,0.932740194557,7151.53333333,9120,8
106328,5,best_r_change,3,2,0.931363328568,7298,9266,8
106330,5,best_r_change,2,3,0.93271262422,7154.66666667,9127,8
106331,5,best_r_change,3,2,0.931252409927,7310,9229,8
106334,5,best_r_change,2,3,0.932754653576,7150.46666667,9129,8
106335,5,best_r_change,3,2,0.931847463206,7247,9213,8
106350,5,best_r_change,2,3,0.932115969284,7219.46666667,9200,8
106351,5,best_r_change,3,2,0.931998758827,7232,9213,8
106354,5,best_r_change,2,3,0.932480834446,7180.93333333,9162,8
106355,5,best_r_change,3,2,0.932038926238,7228,9154,8
106368,5,best_r_change,2,3,0.933621640594,7060.53333333,9043,8
106369,5,best_r_change,3,2,0.932254698267,7206,9150,8
106370,5,best_r_change,2,3,0.931145373069,7324.06666667,9293,8
106371,5,best_r_change,3,2,0.93214315932,7218,9147,8
106376,5,best_r_change,2,3,0.932489784663,7181.46666667,9155,8
106377,5,best_r_change,3,2,0.931357342283,7302,9261,8
106383,5,best_r_change,2,3,0.932342573531,7197.6,9163,8
106384,5,best_r_change,3,2,0.931925853512,7242,9196,8
106386,5,best_r_change,2,3,0.932261763766,7206.4,9178,8
106387,5,best_r_change,3,2,0.931260398357,7313,9265,8
106388,5,best_r_change,2,3,0.93148036746,7289.66666667,9275,8
106389,5,best_r_change,3,2,0.932192237919,7214,9140,8
106392,5,best_r_change,2,3,0.933085820989,7119.13333333,9084,8
106393,5,best_r_change,3,2,0.931452257197,7293,9246,8
106395,5,best_r_change,2,3,0.932775663017,7152.33333333,9142,8
106396,5,best_r_change,3,2,0.93137899921,7301,9244,8
106407,5,best_r_change,2,3,0.932374749781,7195.8,9182,8
106408,5,best_r_change,3,2,0.931537102473,7285,9225,8
106412,5,best_r_change,2,3,0.931535917002,7285.4,9258,8
106413,5,best_r_change,3,2,0.931944405289,7242,9211,8
106421,5,best_r_change,2,3,0.9320484992,7231.46666667,9205,8
106422,5,best_r_change,3,2,0.932279040048,7207,9150,8
106450,5,best_r_change,2,3,0.932956943792,7136.73333333,9125,8
106451,5,best_r_change,3,2,0.932137791096,7224,9119,8
106454,5,best_r_change,2,3,0.932838596953,7149.6,9133,8
106455,5,best_r_change,3,2,0.93234700108,7202,9165,8
106461,5,best_r_change,2,3,0.932064637128,7232.46666667,9199,8
106463,5,best_r_change,3,2,0.931318861952,7312,9209,7
106467,5,best_r_change,2,3,0.932366523586,7200.73333333,9178,8
106468,5,best_r_change,3,2,0.931181199985,7327,9268,8
106473,5,best_r_change,2,3,0.932101096053,7229.4,9209,8
106474,5,best_r_change,3,2,0.93145744501,7298,9228,8
106478,5,best_r_change,2,3,0.932781106582,7157.33333333,9141,8
106479,5,best_r_change,3,2,0.930446379098,7406,9333,8
106481,5,best_r_change,2,3,0.932183832483,7221.13333333,9191,8
106482,5,best_r_change,3,2,0.931913375031,7250,9189,8
106486,5,best_r_change,2,3,0.932714785668,7164.93333333,9142,8
106487,5,best_r_change,3,2,0.931907181158,7251,9196,8
106499,5,best_r_change,2,3,0.932192790543,7221.4,9197,8
106500,5,best_r_change,3,2,0.931849765258,7258,9232,8
106503,5,best_r_change,2,3,0.932213490074,7219.46666667,9205,8
106504,5,best_r_change,3,2,0.932058889807,7236,9210,8
106513,5,best_r_change,2,3,0.932667999837,7171.73333333,9142,8
106514,5,best_r_change,3,2,0.932497136527,7190,9148,8
106522,5,best_r_change,2,3,0.932241227164,7217.8,9202,8
106523,5,best_r_change,3,2,0.931385710128,7309,9241,8
106526,5,best_r_change,2,3,0.932081056894,7235.13333333,9208,8
106527,5,best_r_change,3,2,0.932120495273,7231,9177,8
106528,5,best_r_change,2,3,0.932566711725,7183.53333333,9153,8
106529,5,best_r_change,3,2,0.931746285049,7271,9249,8
106532,5,best_r_change,2,3,0.933487277688,7085.73333333,9080,8
106533,5,best_r_change,3,2,0.932161865338,7227,9172,8
106542,5,best_r_change,2,3,0.932586835864,7182.33333333,9173,8
106543,5,best_r_change,3,2,0.931314117305,7318,9277,8
106550,5,best_r_change,2,3,0.931575786016,7290.6,9262,8
106551,5,best_r_change,3,2,0.931807303545,7266,9228,8
106568,5,best_r_change,2,3,0.932106573581,7235.26666667,9221,8
106569,5,best_r_change,3,2,0.931856355976,7262,9211,8
106571,5,best_r_change,2,3,0.931774435197,7270.86666667,9257,8
106572,5,best_r_change,3,2,0.931651841009,7284,9207,7
106573,5,best_r_change,2,3,0.932851660364,7156.2,9145,8
106574,5,best_r_change,3,2,0.931155816616,7337,9271,8
106575,5,best_r_change,2,3,0.932766596294,7165.4,9136,8
106576,5,best_r_change,3,2,0.932649001651,7178,9144,8
106587,5,best_r_change,2,3,0.932989326403,7142.46666667,9121,8
106588,5,best_r_change,3,2,0.931418170901,7310,9256,8
106593,5,best_r_change,2,3,0.932779826067,7165.2,9158,8
106594,5,best_r_change,3,2,0.931787905511,7271,9237,8
106608,5,best_r_change,2,3,0.931901295713,7259.86666667,9245,8
106609,5,best_r_change,3,2,0.931675562101,7284,9261,7
106620,5,best_r_change,2,3,0.933444632027,7096.13333333,9076,8
106621,5,best_r_change,3,2,0.931608219769,7292,9266,8
106623,5,best_r_change,2,3,0.932680566107,7177.8,9168,8
106624,5,best_r_change,3,2,0.932369822929,7211,9127,8
106626,5,best_r_change,2,3,0.93191341699,7259.8,9258,8
106627,5,best_r_change,3,2,0.930242809045,7438,9368,8
106635,5,best_r_change,2,3,0.931152685954,7341.53333333,9323,8
106636,5,best_r_change,3,2,0.932555609738,7192,9158,8
106642,5,best_r_change,2,3,0.931898001413,7262.53333333,9252,8
106643,5,best_r_change,3,2,0.931012818469,7357,9285,8
106644,5,best_r_change,2,3,0.931709238213,7282.8,9265,8
106645,5,best_r_change,3,2,0.931867410568,7266,9201,8
106646,5,best_r_change,2,3,0.933103288762,7134.26666667,9111,8
106647,5,best_r_change,3,2,0.932121859968,7239,9208,8
106653,5,best_r_change,2,3,0.932691376083,7178.66666667,9148,8
106654,5,best_r_change,3,2,0.932070058319,7245,9188,8
106660,5,best_r_change,2,3,0.93278767423,7168.86666667,9151,8
106661,5,best_r_change,3,2,0.93221514893,7230,9194,8
106672,5,best_r_change,2,3,0.93282460877,7165.73333333,9157,8
106673,5,best_r_change,3,2,0.932700870886,7179,9131,8
106675,5,best_r_change,2,3,0.932489649246,7201.66666667,9178,8
106676,5,best_r_change,3,2,0.930931043534,7368,9274,8
106677,5,best_r_change,2,3,0.931356024885,7322.73333333,9303,8
106678,5,best_r_change,3,2,0.932957123306,7152,9124,8
106683,5,best_r_change,2,3,0.931977290977,7256.86666667,9237,8
106684,5,best_r_change,3,2,0.932773424319,7172,9103,8
106686,5,best_r_change,2,3,0.931284329715,7331,9324,8
106687,5,best_r_change,3,2,0.931819246956,7274,9243,8
106690,5,best_r_change,2,3,0.932307307776,7222.13333333,9200,8
106691,5,best_r_change,3,2,0.9316624645,7291,9217,7
106695,5,best_r_change,2,3,0.93229985785,7223.26666667,9222,8
106696,5,best_r_change,3,2,0.930765914374,7387,9354,8
106701,5,best_r_change,2,3,0.932623561791,7189.13333333,9187,8
106702,5,best_r_change,3,2,0.930938501621,7369,9320,8
106705,5,best_r_change,2,3,0.931587085891,7300,9294,8
106706,5,best_r_change,3,2,0.933002830206,7149,9092,8
106710,5,best_r_change,2,3,0.93132977228,7327.8,9323,8
106711,5,best_r_change,3,2,0.931506592572,7309,9258,8
106735,5,best_r_change,2,3,0.931467028935,7314.86666667,9313,8
106736,5,best_r_change,3,2,0.933405786239,7108,9072,8
106737,5,best_r_change,2,3,0.932120383122,7245.26666667,9241,8
106738,5,best_r_change,3,2,0.93152391838,7309,9264,8
106739,5,best_r_change,2,3,0.932326516081,7223.4,9204,8
106740,5,best_r_change,3,2,0.932134157767,7244,9181,8
106741,5,best_r_change,2,3,0.930847565603,7381.4,9370,8
106743,5,best_r_change,3,2,0.933044789822,7147,9115,8
106747,5,best_r_change,2,3,0.932948623068,7157.53333333,9147,8
106748,5,best_r_change,3,2,0.932139243827,7244,9206,8
106753,5,best_r_change,2,3,0.932666373154,7188.06666667,9173,8
106754,5,best_r_change,3,2,0.931590385372,7303,9254,8
106765,5,best_r_change,2,3,0.93197333708,7262.86666667,9251,8
106766,5,best_r_change,3,2,0.931485678961,7315,9258,8
106772,5,best_r_change,2,3,0.932240662346,7234.8,9233,8
106773,5,best_r_change,3,2,0.93186479728,7275,9220,8
106779,5,best_r_change,2,3,0.932600355251,7196.86666667,9187,8
106780,5,best_r_change,3,2,0.931953549354,7266,9199,8
106782,5,best_r_change,2,3,0.930506389966,7420.66666667,9407,8
106783,5,best_r_change,3,2,0.932301958177,7229,9173,8
106788,5,best_r_change,2,3,0.931975502865,7264.2,9243,8
106790,5,best_r_change,3,2,0.931482348535,7317,9241,7
106800,5,best_r_change,2,3,0.932025593009,7259.66666667,9239,8
106802,5,best_r_change,3,2,0.932613621468,7197,9157,8
106810,5,best_r_change,2,3,0.933248447399,7129.73333333,9114,8
106812,5,best_r_change,3,2,0.93217990488,7244,9191,8
106813,5,best_r_change,2,3,0.932126239315,7249.8,9231,8
106815,5,best_r_change,3,2,0.932200533633,7242,9182,8
106821,5,best_r_change,2,3,0.93092556707,7378.6,9356,8
106822,5,best_r_change,3,2,0.931755630863,7290,9227,8
106823,5,best_r_change,2,3,0.931753149291,7290.33333333,9282,8
106825,5,best_r_change,3,2,0.932272408144,7235,9182,8
106827,5,best_r_change,2,3,0.931997216684,7264.53333333,9246,8
106828,5,best_r_change,3,2,0.932854682293,7173,9082,8
106830,5,best_r_change,2,3,0.932436581485,7217.8,9195,8
106831,5,best_r_change,3,2,0.931714577229,7295,9236,7
106833,5,best_r_change,2,3,0.931411954483,7327.46666667,9301,8
106834,5,best_r_change,3,2,0.932362356553,7226,9169,8
106835,5,best_r_change,2,3,0.933194177938,7137.2,9118,8
106836,5,best_r_change,3,2,0.930837919802,7389,9356,8
106839,5,best_r_change,2,3,0.931886920195,7277.13333333,9276,8
106840,5,best_r_change,3,2,0.931935604642,7272,9217,8
106842,5,best_r_change,2,3,0.931648602609,7302.8,9291,8
106843,5,best_r_change,3,2,0.932208942093,7243,9181,8
106848,5,best_r_change,2,3,0.931110237596,7360.73333333,9363,8
106849,5,best_r_change,3,2,0.931070950594,7365,9318,8
106850,5,best_r_change,2,3,0.932858524411,7174.06666667,9170,8
106852,5,best_r_change,3,2,0.931596975255,7309,9246,8
106854,5,best_r_change,2,3,0.932307634717,7233.2,9203,8
106855,5,best_r_change,3,2,0.931963876281,7270,9197,8
106858,5,best_r_change,2,3,0.932253395472,7239.26666667,9227,8
106859,5,best_r_change,3,2,0.932958384413,7164,9131,8
106860,5,best_r_change,2,3,0.9322977104,7234.66666667,9219,8
106861,5,best_r_change,3,2,0.931406219294,7330,9251,8
106863,5,best_r_change,2,3,0.932017006198,7264.86666667,9242,8
106864,5,best_r_change,3,2,0.933298397964,7128,9115,8
106866,5,best_r_change,2,3,0.930904746755,7383.93333333,9359,8
106867,5,best_r_change,3,2,0.932504889255,7213,9167,8
106869,5,best_r_change,2,3,0.931524888727,7317.86666667,9315,8
106870,5,best_r_change,3,2,0.932927856274,7168,9141,8
106873,5,best_r_change,2,3,0.933165532922,7142.8,9124,8
106874,5,best_r_change,3,2,0.932350244213,7230,9211,7
106875,5,best_r_change,2,3,0.931800701754,7288.8,9270,8
106876,5,best_r_change,3,2,0.931724615442,7297,9266,8
106879,5,best_r_change,2,3,0.932039658555,7263.53333333,9259,7
106880,5,best_r_change,3,2,0.932120134731,7255,9209,8
106891,5,best_r_change,2,3,0.932398424563,7226,9201,8
106892,5,best_r_change,3,2,0.933287804513,7131,9108,8
106899,5,best_r_change,2,3,0.932954782864,7167.06666667,9165,8
106900,5,best_r_change,3,2,0.931206735267,7354,9321,8
106901,5,best_r_change,2,3,0.931971949124,7272.26666667,9260,8
106902,5,best_r_change,3,2,0.932302482648,7237,9206,8
106904,5,best_r_change,2,3,0.932180897503,7250.13333333,9226,8
106905,5,best_r_change,3,2,0.932107946307,7258,9237,8
106906,5,best_r_change,2,3,0.932918015203,7171.46666667,9160,8
106907,5,best_r_change,3,2,0.931267363222,7348,9269,8
106909,5,best_r_change,2,3,0.931462583443,7327.26666667,9307,8
106910,5,best_r_change,3,2,0.931353474885,7339,9302,8
106911,5,best_r_change,2,3,0.933040254667,7158.73333333,9132,8
106912,5,best_r_change,3,2,0.931990796169,7271,9244,8
106914,5,best_r_change,2,3,0.932353729789,7232.33333333,9229,8
106915,5,best_r_change,3,2,0.932591310854,7207,9143,8
106920,5,best_r_change,2,3,0.932153011597,7254.2,9244,8
106921,5,best_r_change,3,2,0.9318749357,7284,9245,8
106923,5,best_r_change,2,3,0.932164891246,7253.13333333,9235,8
106924,5,best_r_change,3,2,0.932363173843,7232,9175,8
106927,5,best_r_change,2,3,0.931686727082,7304.53333333,9283,8
106928,5,best_r_change,3,2,0.93213190184,7257,9213,8
106935,5,best_r_change,2,3,0.932141331962,7256.46666667,9241,8
106936,5,best_r_change,3,2,0.931585247251,7316,9250,8
106939,5,best_r_change,2,3,0.932938092433,7171.53333333,9154,8
106940,5,best_r_change,3,2,0.931438189639,7332,9324,8
106945,5,best_r_change,2,3,0.932461233968,7222.93333333,9219,8
106946,5,best_r_change,3,2,0.931853458755,7288,9249,7
106959,5,best_r_change,2,3,0.930926803729,7388,9369,8
106960,5,best_r_change,3,2,0.932470082274,7223,9183,8
106972,5,best_r_change,2,3,0.93169863765,7306.33333333,9305,8
106973,5,best_r_change,3,2,0.931683695886,7308,9279,8
106977,5,best_r_change,2,3,0.932510726605,7219.8,9210,8
106978,5,best_r_change,3,2,0.93228514274,7244,9192,8
106983,5,best_r_change,2,3,0.932474006774,7224.13333333,9211,8
106984,5,best_r_change,3,2,0.932391759515,7233,9193,8
106988,5,best_r_change,2,3,0.932747597861,7195.2,9186,8
106990,5,best_r_change,3,2,0.931143097486,7367,9282,8
106991,5,best_r_change,2,3,0.932336364741,7239.4,9233,8
106992,5,best_r_change,3,2,0.931751906685,7302,9249,8
106995,5,best_r_change,2,3,0.931787466704,7298.4,9285,8
106996,5,best_r_change,3,2,0.932203073012,7254,9231,8
107002,5,best_r_change,2,3,0.932681632119,7203.2,9186,8
107003,5,best_r_change,3,2,0.931310337093,7350,9302,8
107011,5,best_r_change,2,3,0.931736612747,7304.93333333,9304,7
107012,5,best_r_change,3,2,0.931559077487,7324,9241,8
107013,5,best_r_change,2,3,0.931939733179,7283.33333333,9270,8
107014,5,best_r_change,3,2,0.932392023474,7235,9217,8
107016,5,best_r_change,2,3,0.931866885949,7291.33333333,9288,7
107017,5,best_r_change,3,2,0.932749002495,7197,9135,8
107019,5,best_r_change,2,3,0.932349707373,7239.86666667,9239,8
107020,5,best_r_change,3,2,0.933283498412,7140,9112,8
107022,5,best_r_change,2,3,0.932176561828,7258.6,9262,8
107024,5,best_r_change,3,2,0.93219277919,7257,9199,7
107036,5,best_r_change,2,3,0.93188023967,7291.26666667,9291,8
107037,5,best_r_change,3,2,0.932406551006,7235,9223,8
107040,5,best_r_change,2,3,0.932589063279,7215.66666667,9207,8
107041,5,best_r_change,3,2,0.932539867901,7221,9193,8
107044,5,best_r_change,2,3,0.931360312893,7347.46666667,9334,8
107045,5,best_r_change,3,2,0.932682516699,7206,9130,8
107047,5,best_r_change,2,3,0.932101475676,7268.33333333,9249,8
107048,5,best_r_change,3,2,0.93077871609,7410,9370,8
107054,5,best_r_change,2,3,0.932759791009,7198.33333333,9182,8
107055,5,best_r_change,3,2,0.932501984961,7226,9211,8
107058,5,best_r_change,2,3,0.931715518691,7310.4,9299,8
107059,5,best_r_change,3,2,0.933074286141,7165,9103,8
107060,5,best_r_change,2,3,0.933564979139,7112.53333333,9096,8
107061,5,best_r_change,3,2,0.931702487367,7312,9286,8
107062,5,best_r_change,2,3,0.9319086137,7290,9284,8
107063,5,best_r_change,3,2,0.931890569104,7292,9231,8
107064,5,best_r_change,2,3,0.93198709806,7281.73333333,9271,8
107065,5,best_r_change,3,2,0.932274786345,7251,9214,8
107067,5,best_r_change,2,3,0.932045666109,7275.66666667,9269,8
107069,5,best_r_change,3,2,0.931604852945,7323,9255,8
107073,5,best_r_change,2,3,0.931840270968,7298.06666667,9288,8
107074,5,best_r_change,3,2,0.931822851486,7300,9246,8
107082,5,best_r_change,2,3,0.931954950412,7286.4,9283,8
107084,5,best_r_change,3,2,0.932109372082,7270,9237,8
107086,5,best_r_change,2,3,0.932678408009,7209.2,9201,8
107087,5,best_r_change,3,2,0.932708918916,7206,9161,8
107094,5,best_r_change,2,3,0.932141856687,7267.2,9261,8
107096,5,best_r_change,3,2,0.931883543736,7295,9231,8
107097,5,best_r_change,2,3,0.932766246176,7200.53333333,9188,8
107098,5,best_r_change,3,2,0.932183607537,7263,9244,8
107100,5,best_r_change,2,3,0.931713663243,7313.46666667,9300,8
107101,5,best_r_change,3,2,0.932699041092,7208,9195,8
107105,5,best_r_change,2,3,0.932616279974,7217.13333333,9216,8
107106,5,best_r_change,3,2,0.931245681848,7364,9296,8
107107,5,best_r_change,2,3,0.931098185304,7379.86666667,9364,8
107108,5,best_r_change,3,2,0.93137767487,7350,9313,8
107112,5,best_r_change,2,3,0.931895585929,7294.8,9293,8
107113,5,best_r_change,3,2,0.931166151634,7373,9330,8
107114,5,best_r_change,2,3,0.932745174923,7203.93333333,9201,8
107115,5,best_r_change,3,2,0.932269056621,7255,9221,8
107122,5,best_r_change,2,3,0.932255434613,7256.93333333,9246,8
107123,5,best_r_change,3,2,0.931620660362,7325,9287,8
107126,5,best_r_change,2,3,0.931515536222,7336.46666667,9321,8
107127,5,best_r_change,3,2,0.931613878854,7326,9283,8
107130,5,best_r_change,2,3,0.931431594014,7345.73333333,9340,8
107131,5,best_r_change,3,2,0.932073816169,7277,9230,8
107132,5,best_r_change,2,3,0.933487660083,7125.6,9115,8
107133,5,best_r_change,3,2,0.931673713982,7320,9269,8
107134,5,best_r_change,2,3,0.931142307764,7377,9357,7
107135,5,best_r_change,3,2,0.932580389229,7223,9217,8
107139,5,best_r_change,2,3,0.931898437233,7296.33333333,9303,8
107140,5,best_r_change,3,2,0.931500840022,7339,9325,8
107143,5,best_r_change,2,3,0.931725513255,7315.13333333,9301,8
107144,5,best_r_change,3,2,0.931895393116,7297,9218,8
107148,5,best_r_change,2,3,0.931857493063,7301.33333333,9295,8
107149,5,best_r_change,3,2,0.931907903947,7296,9257,8
107152,5,best_r_change,2,3,0.932666368025,7214.93333333,9216,8
107153,5,best_r_change,3,2,0.931733129264,7315,9253,8
107157,5,best_r_change,2,3,0.933220725975,7155.86666667,9160,8
107158,5,best_r_change,3,2,0.931325705967,7359,9332,8
107164,5,best_r_change,2,3,0.932199246015,7265.8,9259,8
107165,5,best_r_change,3,2,0.932160686791,7270,9233,8
107170,5,best_r_change,2,3,0.932919660353,7189,9165,7
107171,5,best_r_change,3,2,0.931753925969,7314,9240,8
107172,5,best_r_change,2,3,0.932471167842,7237.2,9233,8
107173,5,best_r_change,3,2,0.932277719202,7258,9223,7
107175,5,best_r_change,2,3,0.931578570873,7333.06666667,9328,8
107177,5,best_r_change,3,2,0.93158046969,7333,9242,8
107182,5,best_r_change,2,3,0.932121687099,7275.33333333,9268,8
107183,5,best_r_change,3,2,0.932060121474,7282,9272,8
107185,5,best_r_change,2,3,0.93178336521,7311.8,9315,8
107186,5,best_r_change,3,2,0.932062023025,7282,9254,8
107195,5,best_r_change,2,3,0.931383615529,7355.33333333,9359,8
107197,5,best_r_change,3,2,0.93268468334,7216,9167,7
107200,5,best_r_change,2,3,0.93259079602,7226.26666667,9222,8
107201,5,best_r_change,3,2,0.932556599285,7230,9205,8
107205,5,best_r_change,2,3,0.93265052936,7220.2,9221,8
107206,5,best_r_change,3,2,0.932363860232,7251,9245,8
107215,5,best_r_change,2,3,0.932519392498,7234.93333333,9242,8
107216,5,best_r_change,3,2,0.932370168632,7251,9175,8
107227,5,best_r_change,2,3,0.93205442659,7285.6,9285,8
107228,5,best_r_change,3,2,0.932526951916,7235,9218,8
107232,5,best_r_change,2,3,0.932350417786,7254.2,9269,8
107233,5,best_r_change,3,2,0.932809862636,7205,9163,8
107242,5,best_r_change,2,3,0.932135419581,7277.93333333,9272,8
107243,5,best_r_change,3,2,0.931669199855,7328,9264,8
107245,5,best_r_change,2,3,0.932847840614,7201.73333333,9198,8
107246,5,best_r_change,3,2,0.931615165134,7334,9298,8
107253,5,best_r_change,2,3,0.932240590007,7267.4,9256,8
107254,5,best_r_change,3,2,0.931471087325,7350,9286,8
107256,5,best_r_change,2,3,0.93240409239,7250.06666667,9242,8
107257,5,best_r_change,3,2,0.931957820935,7298,9283,8
107260,5,best_r_change,2,3,0.932022499845,7291.26666667,9290,8
107261,5,best_r_change,3,2,0.932752817893,7213,9173,8
107264,5,best_r_change,2,3,0.9316166965,7335.06666667,9333,8
107265,5,best_r_change,3,2,0.9319069594,7304,9264,8
107266,5,best_r_change,2,3,0.931938048092,7300.73333333,9298,8
107267,5,best_r_change,3,2,0.931926874062,7302,9243,8
107270,5,best_r_change,2,3,0.932693204065,7220,9217,8
107271,5,best_r_change,3,2,0.931379403567,7361,9330,8
107275,5,best_r_change,2,3,0.931991610347,7295.6,9307,8
107276,5,best_r_change,3,2,0.932501211827,7241,9189,8
107278,5,best_r_change,2,3,0.931849338479,7311.06666667,9313,8
107279,5,best_r_change,3,2,0.931580272001,7340,9291,8
107284,5,best_r_change,2,3,0.932122839069,7282.13333333,9277,8
107285,5,best_r_change,3,2,0.932292491961,7264,9200,8
107287,5,best_r_change,2,3,0.932949938017,7193.6,9191,8
107288,5,best_r_change,3,2,0.931716501379,7326,9281,8
107291,5,best_r_change,2,3,0.931666216178,7331.6,9327,8
107292,5,best_r_change,3,2,0.932921373448,7197,9194,8
107293,5,best_r_change,2,3,0.93247524691,7244.93333333,9236,8
107294,5,best_r_change,3,2,0.931990605253,7297,9256,8
107295,5,best_r_change,2,3,0.932721934853,7218.6,9213,8
107296,5,best_r_change,3,2,0.932094393081,7286,9241,8
107304,5,best_r_change,2,3,0.931149506697,7387.93333333,9379,8
107305,5,best_r_change,3,2,0.931279996272,7374,9334,8
107307,5,best_r_change,2,3,0.933025183197,7186.86666667,9193,8
107308,5,best_r_change,3,2,0.932027435047,7294,9273,8
107310,5,best_r_change,2,3,0.93155654956,7344.66666667,9342,8
107311,5,best_r_change,3,2,0.931777730149,7321,9301,8
107313,5,best_r_change,2,3,0.93205234532,7291.66666667,9270,8
107315,5,best_r_change,3,2,0.932702790849,7222,9156,8
107317,5,best_r_change,2,3,0.933097893779,7179.73333333,9187,8
107318,5,best_r_change,3,2,0.93148400082,7353,9293,7
107321,5,best_r_change,2,3,0.931628168454,7337.73333333,9329,8
107323,5,best_r_change,3,2,0.932838254615,7208,9188,8
107329,5,best_r_change,2,3,0.931763083603,7323.8,9320,8
107330,5,best_r_change,3,2,0.932302245411,7266,9209,8
107332,5,best_r_change,2,3,0.933019664841,7189.13333333,9189,8
107333,5,best_r_change,3,2,0.932080534412,7290,9253,8
107337,5,best_r_change,2,3,0.93288241706,7204.2,9199,8
107338,5,best_r_change,3,2,0.931571298142,7345,9304,8
107341,5,best_r_change,2,3,0.931795554976,7321.13333333,9325,8
107342,5,best_r_change,3,2,0.931303683554,7374,9362,8
107344,5,best_r_change,2,3,0.931419858896,7361.66666667,9353,8
107345,5,best_r_change,3,2,0.932144021613,7284,9274,8
107348,5,best_r_change,2,3,0.931773298059,7324,9314,8
107349,5,best_r_change,3,2,0.931792564439,7322,9293,8
107352,5,best_r_change,2,3,0.932919119656,7201.26666667,9194,8
107353,5,best_r_change,3,2,0.931813735992,7320,9303,8
107354,5,best_r_change,2,3,0.932875036484,7206.13333333,9204,8
107355,5,best_r_change,3,2,0.931852265847,7316,9280,8
107358,5,best_r_change,2,3,0.93276389898,7218.33333333,9221,8
107359,5,best_r_change,3,2,0.931985208506,7302,9259,8
107366,5,best_r_change,2,3,0.933413433179,7149.13333333,9153,8
107367,5,best_r_change,3,2,0.931096146861,7398,9369,8
107370,5,best_r_change,2,3,0.932151128496,7284.93333333,9280,8
107371,5,best_r_change,3,2,0.932737890119,7222,9191,8
107377,5,best_r_change,2,3,0.931666309669,7337.46666667,9329,8
107378,5,best_r_change,3,2,0.932379072063,7261,9231,8
107382,5,best_r_change,2,3,0.93209228114,7292.06666667,9305,8
107383,5,best_r_change,3,2,0.932633657097,7234,9208,8
107390,5,best_r_change,2,3,0.932076853835,7294.26666667,9298,8
107391,5,best_r_change,3,2,0.931735434068,7331,9274,8
107393,5,best_r_change,2,3,0.931574683639,7348.4,9344,8
107395,5,best_r_change,3,2,0.932231481913,7278,9282,8
107396,5,best_r_change,2,3,0.932296671509,7271.06666667,9269,8
107398,5,best_r_change,3,2,0.932047151716,7298,9254,8
107399,5,best_r_change,2,3,0.931157645788,7393.6,9394,8
107400,5,best_r_change,3,2,0.932197392924,7282,9216,8
107413,5,best_r_change,2,3,0.933518909877,7140.93333333,9150,8
107414,5,best_r_change,3,2,0.9322062301,7282,9261,8
107418,5,best_r_change,2,3,0.932188273846,7284.2,9286,8
107419,5,best_r_change,3,2,0.932172148316,7286,9266,8
107425,5,best_r_change,2,3,0.931882398573,7317.53333333,9309,8
107426,5,best_r_change,3,2,0.932567534861,7244,9237,8
107427,5,best_r_change,2,3,0.931861325986,7319.93333333,9306,8
107428,5,best_r_change,3,2,0.931451763041,7364,9331,7
107434,5,best_r_change,2,3,0.931861421896,7320.4,9327,8
107435,5,best_r_change,3,2,0.931558616838,7353,9341,8
107440,5,best_r_change,2,3,0.932356043683,7267.66666667,9261,8
107441,5,best_r_change,3,2,0.932660716114,7235,9219,8
107442,5,best_r_change,2,3,0.932762482704,7224.13333333,9223,8
107443,5,best_r_change,3,2,0.931070428041,7406,9313,7
107444,5,best_r_change,2,3,0.932402615936,7262.93333333,9269,8
107445,5,best_r_change,3,2,0.930950718972,7419,9354,8
107447,5,best_r_change,2,3,0.932062008866,7299.73333333,9291,8
107449,5,best_r_change,3,2,0.931158037767,7397,9378,8
107452,5,best_r_change,2,3,0.931355395898,7376,9372,7
107453,5,best_r_change,3,2,0.931039617321,7410,9365,8
107457,5,best_r_change,2,3,0.931404499784,7371.06666667,9368,8
107458,5,best_r_change,3,2,0.932959854083,7204,9185,8
107469,5,best_r_change,2,3,0.932106312828,7296.46666667,9295,8
107472,5,best_r_change,3,2,0.93260570195,7243,9209,8
107475,5,best_r_change,2,3,0.931264635186,7387.33333333,9394,8
107478,5,best_r_change,3,2,0.931809300508,7329,9310,8
107480,5,best_r_change,2,3,0.932429599305,7262.46666667,9259,8
107483,5,best_r_change,3,2,0.931877599248,7322,9302,8
107488,5,best_r_change,2,3,0.931517936886,7361,9366,8
107489,5,best_r_change,3,2,0.932262836197,7281,9272,8
107491,5,best_r_change,2,3,0.932115867065,7296.93333333,9302,8
107493,5,best_r_change,3,2,0.932535141823,7252,9229,8
107501,5,best_r_change,2,3,0.931181415367,7398.06666667,9397,8
107502,5,best_r_change,3,2,0.932205912448,7288,9255,8
107506,5,best_r_change,2,3,0.931899614905,7321.2,9300,8
107507,5,best_r_change,3,2,0.931288195187,7387,9378,8
107512,5,best_r_change,2,3,0.932044795,7306,9315,8
107513,5,best_r_change,3,2,0.931701282636,7343,9324,8
107517,5,best_r_change,2,3,0.93197540854,7313.8,9324,8
107518,5,best_r_change,3,2,0.932141594896,7296,9210,7
107522,5,best_r_change,2,3,0.931916569012,7320.46666667,9320,8
107523,5,best_r_change,3,2,0.931512327595,7364,9318,8
107528,5,best_r_change,2,3,0.932296704114,7280,9273,7
107529,5,best_r_change,3,2,0.932715825498,7235,9208,8
107536,5,best_r_change,2,3,0.932001686257,7312.26666667,9312,8
107538,5,best_r_change,3,2,0.931438189291,7373,9356,8
107542,5,best_r_change,2,3,0.932061892098,7306.2,9319,8
107543,5,best_r_change,3,2,0.932947751132,7211,9184,8
107545,5,best_r_change,2,3,0.932801462953,7226.86666667,9220,8
107547,5,best_r_change,3,2,0.932224980706,7289,9276,8
107551,5,best_r_change,2,3,0.931779961755,7337.13333333,9343,8
107552,5,best_r_change,3,2,0.931977090152,7316,9273,8
107556,5,best_r_change,2,3,0.931754001017,7340.26666667,9352,8
107557,5,best_r_change,3,2,0.932817017953,7226,9215,8
107562,5,best_r_change,2,3,0.93250900256,7259.46666667,9265,8
107563,5,best_r_change,3,2,0.931249593262,7395,9365,8
107567,5,best_r_change,2,3,0.93170520079,7346.26666667,9345,8
107568,5,best_r_change,3,2,0.932210322773,7292,9241,8
107572,5,best_r_change,2,3,0.931885001054,7327.26666667,9338,8
107573,5,best_r_change,3,2,0.931795153059,7337,9308,8
107574,5,best_r_change,2,3,0.933763424867,7125.33333333,9138,8
107575,5,best_r_change,3,2,0.932158958866,7298,9268,8
107577,5,best_r_change,2,3,0.931757407872,7341.33333333,9345,8
107578,5,best_r_change,3,2,0.931203405901,7401,9397,8
107581,5,best_r_change,2,3,0.932954703898,7212.8,9225,8
107582,5,best_r_change,3,2,0.933195144169,7187,9171,8
107584,5,best_r_change,2,3,0.931680051557,7350.13333333,9353,8
107585,5,best_r_change,3,2,0.930752428312,7450,9430,8
107586,5,best_r_change,2,3,0.931997347858,7316.13333333,9319,8
107587,5,best_r_change,3,2,0.931515889466,7368,9345,8
107590,5,best_r_change,2,3,0.932007931344,7315.26666667,9308,8
107591,5,best_r_change,3,2,0.930988651467,7425,9365,8
107593,5,best_r_change,2,3,0.933220562676,7185,9215,8
107594,5,best_r_change,3,2,0.931864230347,7331,9293,8
107596,5,best_r_change,2,3,0.933329615723,7173.46666667,9180,8
107598,5,best_r_change,3,2,0.931838881764,7334,9304,7
107600,5,best_r_change,2,3,0.932630111524,7249,9243,8
107603,5,best_r_change,3,2,0.932687750342,7243,9215,8
107604,5,best_r_change,2,3,0.932571279878,7255.6,9277,8
107606,5,best_r_change,3,2,0.931490809063,7372,9325,8
107607,5,best_r_change,2,3,0.932384820071,7275.86666667,9271,8
107608,5,best_r_change,3,2,0.931585012267,7362,9348,8
107612,5,best_r_change,2,3,0.931579501666,7362.86666667,9359,8
107613,5,best_r_change,3,2,0.931383754751,7384,9397,8
107614,5,best_r_change,2,3,0.932296293543,7285.86666667,9274,8
107615,5,best_r_change,3,2,0.932044789295,7313,9263,8
107616,5,best_r_change,2,3,0.933092972544,7200.26666667,9196,8
107618,5,best_r_change,3,2,0.931572785222,7364,9278,8
107620,5,best_r_change,2,3,0.932348386297,7280.66666667,9297,8
107622,5,best_r_change,3,2,0.931826206538,7337,9315,8
107624,5,best_r_change,2,3,0.932004633415,7317.93333333,9322,8
107625,5,best_r_change,3,2,0.932236933798,7293,9255,8
107627,5,best_r_change,2,3,0.932557815418,7258.6,9263,8
107628,5,best_r_change,3,2,0.931291113837,7395,9376,8
107629,5,best_r_change,2,3,0.93145775457,7377.13333333,9378,8
107630,5,best_r_change,3,2,0.932778964973,7235,9208,7
107631,5,best_r_change,2,3,0.932918954576,7220,9228,8
107632,5,best_r_change,3,2,0.931804667757,7340,9326,8
107633,5,best_r_change,2,3,0.931307312813,7393.6,9391,8
107634,5,best_r_change,3,2,0.93164799227,7357,9332,7
107635,5,best_r_change,2,3,0.933224322943,7187.4,9184,8
107636,5,best_r_change,3,2,0.931537775465,7369,9335,8
107637,5,best_r_change,2,3,0.933664693987,7140.13333333,9148,8
107638,5,best_r_change,3,2,0.931696984336,7352,9331,8
107648,5,best_r_change,2,3,0.931412876536,7383.26666667,9399,8
107649,5,best_r_change,3,2,0.932382093656,7279,9270,8
107650,5,best_r_change,2,3,0.931936832327,7327,9340,8
107651,5,best_r_change,3,2,0.931974621694,7323,9276,8
107652,5,best_r_change,2,3,0.932087343167,7310.93333333,9326,8
107654,5,best_r_change,3,2,0.931224106861,7404,9373,8
107657,5,best_r_change,2,3,0.931605624034,7363.13333333,9371,8
107658,5,best_r_change,3,2,0.932174106894,7302,9292,8
107667,5,best_r_change,2,3,0.932559341922,7261.13333333,9276,8
107668,5,best_r_change,3,2,0.931056581343,7423,9394,8
107669,5,best_r_change,2,3,0.932238620216,7295.8,9305,8
107670,5,best_r_change,3,2,0.931392216959,7387,9365,8
107671,5,best_r_change,2,3,0.932927776901,7221.73333333,9246,8
107672,5,best_r_change,3,2,0.931198454566,7408,9343,7
107677,5,best_r_change,2,3,0.932451684204,7273.4,9281,7
107678,5,best_r_change,3,2,0.931035123238,7426,9391,8
107679,5,best_r_change,2,3,0.933061537842,7207.86666667,9203,8
107680,5,best_r_change,3,2,0.931667904903,7358,9335,7
107684,5,best_r_change,2,3,0.931787452175,7345.4,9345,8
107685,5,best_r_change,3,2,0.931457491758,7381,9343,8
107686,5,best_r_change,2,3,0.932637483053,7254,9260,8
107687,5,best_r_change,3,2,0.933250995942,7188,9169,8
107688,5,best_r_change,2,3,0.931812891563,7342.93333333,9349,8
107689,5,best_r_change,3,2,0.93259292964,7259,9261,8
107692,5,best_r_change,2,3,0.931024898166,7428.06666667,9420,8
107693,5,best_r_change,3,2,0.933143286936,7200,9198,8
107695,5,best_r_change,2,3,0.9319807481,7325.33333333,9316,8
107696,5,best_r_change,3,2,0.93175233992,7350,9329,8
107697,5,best_r_change,2,3,0.932448752828,7275.06666667,9288,8
107698,5,best_r_change,3,2,0.932227153708,7299,9280,7
107706,5,best_r_change,2,3,0.93291057756,7225.93333333,9224,8
107707,5,best_r_change,3,2,0.93250206579,7270,9237,8
107709,5,best_r_change,2,3,0.933028190154,7213.46666667,9223,8
107710,5,best_r_change,3,2,0.931984031195,7326,9305,8
107713,5,best_r_change,2,3,0.931742686584,7352.2,9348,8
107714,5,best_r_change,3,2,0.932172233879,7306,9248,8
107715,5,best_r_change,2,3,0.93273422148,7245.53333333,9247,8
107716,5,best_r_change,3,2,0.932062089198,7318,9296,8
107719,5,best_r_change,2,3,0.932356099357,7286.53333333,9297,8
107720,5,best_r_change,3,2,0.931572595618,7371,9359,8
107724,5,best_r_change,2,3,0.931401235256,7389.73333333,9389,8
107725,5,best_r_change,3,2,0.93120445579,7411,9361,8
107726,5,best_r_change,2,3,0.932268904443,7296.4,9298,8
107727,5,best_r_change,3,2,0.932087591783,7316,9279,8
107730,5,best_r_change,2,3,0.932674897119,7252.93333333,9254,8
107731,5,best_r_change,3,2,0.932479973267,7274,9242,7
107734,5,best_r_change,2,3,0.932033217616,7322.33333333,9321,8
107735,5,best_r_change,3,2,0.932074070636,7318,9296,8
107742,5,best_r_change,2,3,0.932126747229,7312.8,9322,8
107743,5,best_r_change,3,2,0.932190490333,7306,9271,8
107748,5,best_r_change,2,3,0.933199069434,7197.66666667,9187,8
107750,5,best_r_change,3,2,0.932306264501,7294,9292,7
107754,5,best_r_change,2,3,0.932246908081,7300.66666667,9289,8
107755,5,best_r_change,3,2,0.93202171593,7325,9294,8
107756,5,best_r_change,2,3,0.932689904352,7253.06666667,9250,8
107757,5,best_r_change,3,2,0.932190020138,7307,9293,8
107758,5,best_r_change,2,3,0.932780242148,7243.46666667,9256,8
107759,5,best_r_change,3,2,0.931281841888,7405,9339,7
107760,5,best_r_change,2,3,0.931537366988,7377.53333333,9401,8
107761,5,best_r_change,3,2,0.93370514379,7144,9154,8
107765,5,best_r_change,2,3,0.932242069936,7301.93333333,9314,8
107766,5,best_r_change,3,2,0.932121448323,7315,9288,8
107767,5,best_r_change,2,3,0.93219383794,7307.26666667,9301,8
107768,5,best_r_change,3,2,0.932530992502,7271,9211,8
107769,5,best_r_change,2,3,0.932310157219,7294.86666667,9302,8
107770,5,best_r_change,3,2,0.934137515078,7098,9097,8
107774,5,best_r_change,2,3,0.932305256061,7295.73333333,9302,8
107775,5,best_r_change,3,2,0.932331245651,7293,9267,7
107783,5,best_r_change,2,3,0.932291115791,7297.86666667,9299,8
107784,5,best_r_change,3,2,0.932151339716,7313,9265,7
107790,5,best_r_change,2,3,0.932453226954,7280.86666667,9299,8
107791,5,best_r_change,3,2,0.931376460001,7397,9343,8
107792,5,best_r_change,2,3,0.932761862352,7247.73333333,9256,8
107793,5,best_r_change,3,2,0.931785923019,7353,9329,8
107796,5,best_r_change,2,3,0.93205375586,7324.33333333,9318,8
107798,5,best_r_change,3,2,0.931844746656,7347,9325,8
107799,5,best_r_change,2,3,0.931849089509,7346.6,9360,8
107800,5,best_r_change,3,2,0.932504638219,7276,9273,8
107809,5,best_r_change,2,3,0.932847288569,7239.66666667,9244,8
107811,5,best_r_change,3,2,0.931435567799,7392,9355,8
107813,5,best_r_change,2,3,0.931575351148,7377.06666667,9373,8
107814,5,best_r_change,3,2,0.931808484983,7352,9332,8
107820,5,best_r_change,2,3,0.932588882706,7268.26666667,9268,8
107822,5,best_r_change,3,2,0.93235146816,7294,9270,8
107823,5,best_r_change,2,3,0.932444840155,7284,9273,8
107824,5,best_r_change,3,2,0.932742246624,7252,9241,8
107827,5,best_r_change,2,3,0.932849842804,7240.6,9248,8
107828,5,best_r_change,3,2,0.931910079015,7342,9330,8
107831,5,best_r_change,2,3,0.932154946166,7315.8,9322,8
107833,5,best_r_change,3,2,0.932710765721,7256,9230,8
107834,5,best_r_change,2,3,0.932378779729,7291.86666667,9297,8
107835,5,best_r_change,3,2,0.931803217879,7354,9343,8
107836,5,best_r_change,2,3,0.931346365469,7403.33333333,9404,8
107837,5,best_r_change,3,2,0.931952854772,7338,9318,8
107845,5,best_r_change,2,3,0.931956666203,7338.13333333,9322,8
107846,5,best_r_change,3,2,0.932468519927,7283,9233,8
107848,5,best_r_change,2,3,0.931716860767,7364.2,9375,9
107849,5,best_r_change,3,2,0.931923337259,7342,9341,8
107853,5,best_r_change,2,3,0.932197219054,7312.73333333,9314,8
107854,5,best_r_change,3,2,0.932890759731,7238,9234,8
107856,5,best_r_change,2,3,0.931948153093,7339.8,9350,8
107857,5,best_r_change,3,2,0.932382691898,7293,9277,8
107858,5,best_r_change,2,3,0.93235179588,7296.4,9295,8
107860,5,best_r_change,3,2,0.931577971444,7380,9330,8
107862,5,best_r_change,2,3,0.93152917617,7385.4,9397,8
107863,5,best_r_change,3,2,0.932034154437,7331,9300,8
107869,5,best_r_change,2,3,0.931591096608,7379.2,9387,8
107870,5,best_r_change,3,2,0.931797534069,7357,9341,8
107871,5,best_r_change,2,3,0.931694338608,7368.2,9367,8
107872,5,best_r_change,3,2,0.933337659448,7191,9188,8
107875,5,best_r_change,2,3,0.932834607957,7245.46666667,9241,8
107876,5,best_r_change,3,2,0.932617078868,7269,9225,8
107882,5,best_r_change,2,3,0.931365751469,7404.4,9408,8
107883,5,best_r_change,3,2,0.932232140374,7311,9269,8
107887,5,best_r_change,2,3,0.932212407426,7313.4,9334,8
107888,5,best_r_change,3,2,0.931493771318,7391,9381,8
107889,5,best_r_change,2,3,0.93251026518,7281.4,9277,8
107890,5,best_r_change,3,2,0.932755584392,7255,9260,8
107892,5,best_r_change,2,3,0.933220257294,7205,9211,8
107893,5,best_r_change,3,2,0.931246698118,7418,9377,8
107896,5,best_r_change,2,3,0.932672202862,7264.4,9277,8
107897,5,best_r_change,3,2,0.931712651881,7368,9363,8
107899,5,best_r_change,2,3,0.93266048187,7265.86666667,9274,8
107901,5,best_r_change,3,2,0.932438068229,7290,9277,8
107902,5,best_r_change,2,3,0.931798607378,7359.06666667,9367,8
107903,5,best_r_change,3,2,0.933171459552,7211,9215,8
107906,5,best_r_change,2,3,0.93233060874,7301.93333333,9312,8
107907,5,best_r_change,3,2,0.932525230059,7281,9260,7
107910,5,best_r_change,2,3,0.932575912025,7275.73333333,9273,8
107912,5,best_r_change,3,2,0.933566239158,7169,9120,8
107913,5,best_r_change,2,3,0.932256539991,7310.4,9318,8
107915,5,best_r_change,3,2,0.931390446184,7404,9348,8
107916,5,best_r_change,2,3,0.932559274497,7277.93333333,9281,8
107917,5,best_r_change,3,2,0.931187857335,7426,9351,8
107919,5,best_r_change,2,3,0.933957875814,7127.2,9143,8
107920,5,best_r_change,3,2,0.931616011861,7380,9368,8
107921,5,best_r_change,2,3,0.93288238619,7243.4,9251,8
107922,5,best_r_change,3,2,0.931608013195,7381,9368,8
107927,5,best_r_change,2,3,0.931765607,7364.33333333,9375,8
107929,5,best_r_change,3,2,0.932909597976,7241,9221,8
107930,5,best_r_change,2,3,0.931923160073,7347.53333333,9362,8
107931,5,best_r_change,3,2,0.931289434917,7416,9379,8
107934,5,best_r_change,2,3,0.931986213797,7341,9363,8
107935,5,best_r_change,3,2,0.931894195581,7351,9309,8
107937,5,best_r_change,2,3,0.931012226268,7446.33333333,9460,8
107938,5,best_r_change,3,2,0.932099909207,7329,9310,8
107945,5,best_r_change,2,3,0.932507604181,7285.46666667,9314,8
107946,5,best_r_change,3,2,0.931882607971,7353,9350,8
107952,5,best_r_change,2,3,0.932578059384,7278.33333333,9284,8
107953,5,best_r_change,3,2,0.93172954897,7370,9329,7
107954,5,best_r_change,2,3,0.932196429343,7319.66666667,9329,8
107955,5,best_r_change,3,2,0.931925339262,7349,9346,8
107961,5,best_r_change,2,3,0.932718296422,7263.8,9284,8
107962,5,best_r_change,3,2,0.932161316019,7324,9328,8
107965,5,best_r_change,2,3,0.932213217246,7318.6,9324,8
107966,5,best_r_change,3,2,0.93190448845,7352,9320,8
107970,5,best_r_change,2,3,0.931701398537,7374.2,9377,8
107971,5,best_r_change,3,2,0.931370460587,7410,9388,8
107973,5,best_r_change,2,3,0.931063630105,7443.26666667,9452,8
107974,5,best_r_change,3,2,0.932826421175,7253,9243,8
107975,5,best_r_change,2,3,0.931725553755,7371.93333333,9377,8
107976,5,best_r_change,3,2,0.931447729125,7402,9364,8
107977,5,best_r_change,2,3,0.93215653951,7325.53333333,9329,8
107978,5,best_r_change,3,2,0.932588119802,7279,9264,8
107979,5,best_r_change,2,3,0.931971340106,7345.66666667,9361,8
107980,5,best_r_change,3,2,0.933339507316,7198,9201,8
107982,5,best_r_change,2,3,0.933325307304,7199.66666667,9208,7
107983,5,best_r_change,3,2,0.932193030384,7322,9339,8
107985,5,best_r_change,2,3,0.931413930947,7406.26666667,9422,8
107986,5,best_r_change,3,2,0.93177819347,7367,9340,8
107988,5,best_r_change,2,3,0.93169055821,7376.6,9384,8
107989,5,best_r_change,3,2,0.932178277417,7324,9305,8
107990,5,best_r_change,2,3,0.932099268451,7332.6,9356,7
107991,5,best_r_change,3,2,0.931327610634,7416,9412,8
107997,5,best_r_change,2,3,0.93212836159,7329.93333333,9343,8
107998,5,best_r_change,3,2,0.933183947851,7216,9206,8
108000,5,best_r_change,2,3,0.931579012346,7389.46666667,9397,8
108002,5,best_r_change,3,2,0.932769763523,7261,9249,8
108006,5,best_r_change,2,3,0.932433383331,7297.6,9311,8
108007,5,best_r_change,3,2,0.93301360097,7235,9233,8
108009,5,best_r_change,2,3,0.932614257454,7278.26666667,9297,8
108011,5,best_r_change,3,2,0.93088666895,7465,9463,8
108015,5,best_r_change,2,3,0.932472959003,7293.93333333,9311,8
108016,5,best_r_change,3,2,0.932630351059,7277,9284,8
108020,5,best_r_change,2,3,0.931598469419,7388.73333333,9394,8
108022,5,best_r_change,3,2,0.932856270019,7253,9242,8
108032,5,best_r_change,2,3,0.932384231833,7304.66666667,9314,8
108033,5,best_r_change,3,2,0.932307720789,7313,9335,8
108036,5,best_r_change,2,3,0.932334900712,7310.26666667,9324,8
108037,5,best_r_change,3,2,0.932310227052,7313,9281,8
108038,5,best_r_change,2,3,0.930923687345,7462.86666667,9467,8
108039,5,best_r_change,3,2,0.932209665028,7324,9282,8
108041,5,best_r_change,2,3,0.932309030831,7313.4,9308,8
108042,5,best_r_change,3,2,0.931434071935,7408,9420,8
108046,5,best_r_change,2,3,0.932546014352,7288.13333333,9307,8
108047,5,best_r_change,3,2,0.931594583839,7391,9333,7
108048,5,best_r_change,2,3,0.932225183869,7322.93333333,9327,8
108049,5,best_r_change,3,2,0.933159955206,7222,9213,8
108054,5,best_r_change,2,3,0.93290268446,7250.13333333,9260,8
108055,5,best_r_change,3,2,0.931173939198,7437,9454,8
108058,5,best_r_change,2,3,0.933665870798,7167.93333333,9169,8
108059,5,best_r_change,3,2,0.931870552198,7362,9351,8
108061,5,best_r_change,2,3,0.932121672019,7335,9333,8
108062,5,best_r_change,3,2,0.93160407914,7391,9341,8
108063,5,best_r_change,2,3,0.931900835624,7359,9364,8
108064,5,best_r_change,3,2,0.930744743855,7484,9408,8
108065,5,best_r_change,2,3,0.931763290612,7374,9392,8
108066,5,best_r_change,3,2,0.93205078378,7343,9341,8
108067,5,best_r_change,2,3,0.93211125197,7336.53333333,9340,8
108069,5,best_r_change,3,2,0.931960136579,7353,9343,8
108070,5,best_r_change,2,3,0.931925603775,7356.8,9374,8
108071,5,best_r_change,3,2,0.932285256914,7318,9295,8
108072,5,best_r_change,2,3,0.932759024848,7266.86666667,9279,8
108073,5,best_r_change,3,2,0.932490076152,7296,9302,8
108078,5,best_r_change,2,3,0.931797405577,7371.2,9374,8
108079,5,best_r_change,3,2,0.930800618066,7479,9438,8
108080,5,best_r_change,2,3,0.932302615347,7316.73333333,9333,8
108081,5,best_r_change,3,2,0.932254512819,7322,9289,8
108082,5,best_r_change,2,3,0.931508792707,7402.66666667,9402,8
108083,5,best_r_change,3,2,0.932153992765,7333,9313,8
108085,5,best_r_change,2,3,0.931622951072,7390.53333333,9398,8
108086,5,best_r_change,3,2,0.932692485613,7275,9255,8
108087,5,best_r_change,2,3,0.933089702431,7232.13333333,9252,8
108088,5,best_r_change,3,2,0.931491007327,7405,9363,8
108091,5,best_r_change,2,3,0.931720494768,7380.4,9384,8
108092,5,best_r_change,3,2,0.931882100433,7363,9351,8
108094,5,best_r_change,2,3,0.931926533079,7358.33333333,9363,8
108095,5,best_r_change,3,2,0.93262408067,7283,9295,8
108102,5,best_r_change,2,3,0.933011415145,7241.6,9258,8
108103,5,best_r_change,3,2,0.931130495916,7445,9390,8
108106,5,best_r_change,2,3,0.931467263612,7408.8,9414,8
108107,5,best_r_change,3,2,0.93254830862,7292,9293,8
108108,5,best_r_change,2,3,0.931295247962,7427.53333333,9442,8
108109,5,best_r_change,3,2,0.932919553414,7252,9242,8
108111,5,best_r_change,2,3,0.931615962606,7393.06666667,9408,8
108112,5,best_r_change,3,2,0.931459967441,7410,9390,8
108115,5,best_r_change,2,3,0.933211857744,7220.8,9238,8
108116,5,best_r_change,3,2,0.932313441119,7318,9299,7
108117,5,best_r_change,2,3,0.932317150248,7317.66666667,9328,8
108118,5,best_r_change,3,2,0.932166706746,7334,9291,8
108119,5,best_r_change,2,3,0.932436790327,7304.86666667,9330,8
108120,5,best_r_change,3,2,0.932232704403,7327,9334,8
108125,5,best_r_change,2,3,0.931347976879,7423,9435,8
108127,5,best_r_change,3,2,0.932163104497,7335,9330,8
108129,5,best_r_change,2,3,0.932865373767,7259.2,9273,8
108131,5,best_r_change,3,2,0.932406063016,7309,9301,8
108132,5,best_r_change,2,3,0.932451694842,7304.13333333,9303,8
108133,5,best_r_change,3,2,0.932564527018,7292,9258,8
108135,5,best_r_change,2,3,0.93266564942,7281.2,9287,8
108137,5,best_r_change,3,2,0.931586783432,7398,9382,8
108138,5,best_r_change,2,3,0.931756952536,7379.66666667,9393,8
108140,5,best_r_change,3,2,0.932624375809,7286,9271,8
108147,5,best_r_change,2,3,0.932220033843,7330.2,9350,8
108148,5,best_r_change,3,2,0.93279579835,7268,9267,8
108149,5,best_r_change,2,3,0.931762660774,7379.8,9377,8
108150,5,best_r_change,3,2,0.931225150254,7438,9449,8
108153,5,best_r_change,2,3,0.932539396349,7296.06666667,9306,8
108154,5,best_r_change,3,2,0.931726981896,7384,9359,8
108157,5,best_r_change,2,3,0.931799143837,7376.4,9388,8
108158,5,best_r_change,3,2,0.932432182548,7308,9286,8
108164,5,best_r_change,2,3,0.93254255883,7296.46666667,9299,8
108167,5,best_r_change,3,2,0.932123475737,7342,9344,8
108174,5,best_r_change,2,3,0.932149438251,7339.66666667,9339,8
108175,5,best_r_change,3,2,0.932470533857,7305,9302,8
108183,5,best_r_change,2,3,0.9324712139,7305.46666667,9309,8
108184,5,best_r_change,3,2,0.932143385343,7341,9343,8
108187,5,best_r_change,2,3,0.931890769378,7368.53333333,9388,8
108188,5,best_r_change,3,2,0.931831626428,7375,9354,8
108189,5,best_r_change,2,3,0.931286298361,7434.06666667,9462,8
108190,5,best_r_change,3,2,0.932100933543,7346,9318,8
108191,5,best_r_change,2,3,0.932869955295,7262.86666667,9276,8
108192,5,best_r_change,3,2,0.931335034014,7429,9401,8
108194,5,best_r_change,2,3,0.933171278752,7230.46666667,9238,8
108195,5,best_r_change,3,2,0.932529229632,7300,9302,8
108196,5,best_r_change,2,3,0.932744278901,7276.8,9277,8
108197,5,best_r_change,3,2,0.932881688032,7262,9240,8
108198,5,best_r_change,2,3,0.933131234712,7235.06666667,9259,8
108199,5,best_r_change,3,2,0.932171276999,7339,9345,8
108202,5,best_r_change,2,3,0.932494778285,7304.2,9325,8
108203,5,best_r_change,3,2,0.931905769711,7368,9341,8
108205,5,best_r_change,2,3,0.933004944319,7249.2,9267,8
108206,5,best_r_change,3,2,0.931879932721,7371,9368,8
108207,5,best_r_change,2,3,0.932719078556,7280.26666667,9284,8
108208,5,best_r_change,3,2,0.932426437971,7312,9314,8
108210,5,best_r_change,2,3,0.932260727598,7330.06666667,9342,8
108211,5,best_r_change,3,2,0.931781427027,7382,9380,8
108213,5,best_r_change,2,3,0.931637295581,7397.73333333,9410,8
108214,5,best_r_change,3,2,0.933058569132,7244,9244,8
108215,5,best_r_change,2,3,0.932203483805,7336.6,9351,8
108216,5,best_r_change,3,2,0.931507355659,7412,9412,8
108218,5,best_r_change,2,3,0.932310706167,7325.2,9346,8
108219,5,best_r_change,3,2,0.932165331411,7341,9337,8
108220,5,best_r_change,2,3,0.931990389946,7360,9373,8
108221,5,best_r_change,3,2,0.932295949954,7327,9308,8
108226,5,best_r_change,2,3,0.933228614196,7226.4,9245,8
108228,5,best_r_change,3,2,0.932596001035,7295,9290,8
108231,5,best_r_change,2,3,0.932501778603,7305.4,9319,8
108233,5,best_r_change,3,2,0.930843642882,7485,9455,8
108234,5,best_r_change,2,3,0.932904016606,7262.06666667,9266,8
108236,5,best_r_change,3,2,0.933626519827,7184,9174,8
108239,5,best_r_change,2,3,0.933558760398,7191.53333333,9221,8
108240,5,best_r_change,3,2,0.933083887657,7243,9232,8
108244,5,best_r_change,2,3,0.932153899215,7343.93333333,9347,8
108245,5,best_r_change,3,2,0.932024573883,7358,9332,8
108247,5,best_r_change,2,3,0.931436437038,7421.8,9423,8
108248,5,best_r_change,3,2,0.932312837189,7327,9307,8
108252,5,best_r_change,2,3,0.932851125152,7269,9291,8
108253,5,best_r_change,3,2,0.93128135017,7439,9430,7
108254,5,best_r_change,2,3,0.931680430592,7395.86666667,9410,8
108255,5,best_r_change,3,2,0.932779086416,7277,9280,8
108260,5,best_r_change,2,3,0.932029681631,7358.46666667,9383,8
108261,5,best_r_change,3,2,0.932357912822,7323,9341,8
108265,5,best_r_change,2,3,0.932513739436,7306.4,9316,8
108266,5,best_r_change,3,2,0.932407219256,7318,9287,8
108267,5,best_r_change,2,3,0.932555010606,7302.06666667,9322,8
108268,5,best_r_change,3,2,0.932205268408,7340,9304,8
108271,5,best_r_change,2,3,0.931811226767,7382.86666667,9394,8
108272,5,best_r_change,3,2,0.932743460913,7282,9294,8
108273,5,best_r_change,2,3,0.932197316044,7341.2,9354,8
108274,5,best_r_change,3,2,0.932052016181,7357,9359,8
108278,5,best_r_change,2,3,0.931951088864,7368.2,9379,8
108279,5,best_r_change,3,2,0.932221391036,7339,9327,8
108280,5,best_r_change,2,3,0.932636990518,7294.06666667,9303,8
108281,5,best_r_change,3,2,0.933016872766,7253,9250,8
108285,5,best_r_change,2,3,0.932505887242,7308.6,9332,8
108286,5,best_r_change,3,2,0.932318120533,7329,9339,8
108291,5,best_r_change,2,3,0.933015670739,7253.8,9270,8
108292,5,best_r_change,3,2,0.932875928046,7269,9229,8
108295,5,best_r_change,2,3,0.932035643382,7360.2,9385,8
108296,5,best_r_change,3,2,0.931991947994,7365,9353,8
108297,5,best_r_change,2,3,0.932241274766,7338.06666667,9369,8
108299,5,best_r_change,3,2,0.931652185154,7402,9394,8
108301,5,best_r_change,2,3,0.931955691391,7369.26666667,9391,8
108302,5,best_r_change,3,2,0.932088050082,7355,9324,8
108304,5,best_r_change,2,3,0.932054833309,7358.73333333,9378,8
108305,5,best_r_change,3,2,0.931812935691,7385,9337,8
108310,5,best_r_change,2,3,0.933261933339,7228.4,9245,8
108311,5,best_r_change,3,2,0.932102925834,7354,9327,8
108315,5,best_r_change,2,3,0.932312852944,7331.53333333,9356,8
108316,5,best_r_change,3,2,0.931349015843,7436,9414,8
108317,5,best_r_change,2,3,0.931985437804,7367.13333333,9365,8
108318,5,best_r_change,3,2,0.931784190993,7389,9387,8
108327,5,best_r_change,2,3,0.932044027189,7361.46666667,9384,8
108328,5,best_r_change,3,2,0.932981316003,7260,9270,8
108330,5,best_r_change,2,3,0.932080371704,7357.73333333,9375,8
108331,5,best_r_change,3,2,0.931570833833,7413,9357,8
108332,5,best_r_change,2,3,0.932053932971,7360.73333333,9381,8
108334,5,best_r_change,3,2,0.931997341555,7367,9379,8
108336,5,best_r_change,2,3,0.932120440112,7353.8,9367,8
108337,5,best_r_change,3,2,0.932054607383,7361,9371,7
108340,5,best_r_change,2,3,0.931887268476,7379.33333333,9402,8
108341,5,best_r_change,3,2,0.932620153035,7300,9308,8
108346,5,best_r_change,2,3,0.933235498619,7233.66666667,9245,8
108347,5,best_r_change,3,2,0.932346996225,7330,9323,8
108348,5,best_r_change,2,3,0.932652810081,7296.93333333,9320,8
108349,5,best_r_change,3,2,0.93193292047,7375,9355,8
108351,5,best_r_change,2,3,0.931903412674,7378.33333333,9390,8
108353,5,best_r_change,3,2,0.931889287791,7380,9373,8
108354,5,best_r_change,2,3,0.932110182058,7356.13333333,9388,8
108355,5,best_r_change,3,2,0.932139725901,7353,9372,8
108358,5,best_r_change,2,3,0.932651642395,7297.73333333,9315,8
108359,5,best_r_change,3,2,0.932612888639,7302,9297,8
108361,5,best_r_change,2,3,0.932377885032,7327.6,9341,8
108362,5,best_r_change,3,2,0.93159963825,7412,9407,8
108363,5,best_r_change,2,3,0.932442500361,7320.73333333,9334,8
108364,5,best_r_change,3,2,0.93304972131,7255,9265,8
108365,5,best_r_change,2,3,0.933078638552,7251.93333333,9268,8
108366,5,best_r_change,3,2,0.932718749423,7291,9306,8
108369,5,best_r_change,2,3,0.932523753718,7312.33333333,9335,8
108370,5,best_r_change,3,2,0.932001476423,7369,9369,8
108374,5,best_r_change,2,3,0.932002140735,7369.2,9394,8
108375,5,best_r_change,3,2,0.931875432526,7383,9371,8
108376,5,best_r_change,2,3,0.932798774636,7283,9314,8
108377,5,best_r_change,3,2,0.931562970003,7417,9398,8
108378,5,best_r_change,2,3,0.931585131054,7414.66666667,9428,8
108380,5,best_r_change,3,2,0.932450636649,7321,9324,8
108381,5,best_r_change,2,3,0.932929818572,7269.13333333,9285,8
108382,5,best_r_change,3,2,0.931981325312,7372,9319,8
108383,5,best_r_change,2,3,0.931859547469,7385.26666667,9391,8
108385,5,best_r_change,3,2,0.932020113484,7368,9372,8
108386,5,best_r_change,2,3,0.931508989476,7423.46666667,9435,8
108388,5,best_r_change,3,2,0.932012768941,7369,9374,8
108391,5,best_r_change,2,3,0.932364618219,7331.06666667,9361,8
108392,5,best_r_change,3,2,0.931498634586,7425,9428,8
108399,5,best_r_change,2,3,0.932776747633,7286.93333333,9301,8
108400,5,best_r_change,3,2,0.933597785978,7198,9189,8
108401,5,best_r_change,2,3,0.932258927501,7343.2,9353,8
108402,5,best_r_change,3,2,0.932141473405,7356,9347,8
108406,5,best_r_change,2,3,0.932490206569,7318.46666667,9333,8
108407,5,best_r_change,3,2,0.932467460588,7321,9329,8
108408,5,best_r_change,2,3,0.931043219443,7475.46666667,9494,8
108409,5,best_r_change,3,2,0.931961368521,7376,9370,8
108412,5,best_r_change,2,3,0.931858711828,7387.33333333,9397,8
108413,5,best_r_change,3,2,0.932821709574,7283,9283,8
108414,5,best_r_change,2,3,0.932311325106,7338.4,9353,8
108415,5,best_r_change,3,2,0.932287967532,7341,9336,8
108416,5,best_r_change,2,3,0.932574527745,7310,9339,8
108419,5,best_r_change,3,2,0.932299689169,7340,9314,8
108422,5,best_r_change,2,3,0.932589941771,7308.73333333,9328,8
108423,5,best_r_change,3,2,0.931914815122,7382,9386,8
108425,5,best_r_change,2,3,0.931945584505,7378.8,9385,8
108426,5,best_r_change,3,2,0.932304059912,7340,9312,8
108427,5,best_r_change,2,3,0.933498113938,7210.6,9239,8
108428,5,best_r_change,3,2,0.932176190652,7354,9344,8
108430,5,best_r_change,2,3,0.93176427188,7398.8,9420,8
108431,5,best_r_change,3,2,0.932371738709,7333,9315,8
108433,5,best_r_change,2,3,0.932161488354,7355.93333333,9385,8
108435,5,best_r_change,3,2,0.932337344953,7337,9341,8
108438,5,best_r_change,2,3,0.93191193739,7383.33333333,9421,8
108440,5,best_r_change,3,2,0.932146809295,7358,9363,8
108442,5,best_r_change,2,3,0.933157509698,7248.53333333,9273,8
108443,5,best_r_change,3,2,0.931936593418,7381,9393,8
108447,5,best_r_change,2,3,0.932300570786,7341.8,9364,8
108449,5,best_r_change,3,2,0.932438288965,7327,9325,8
108451,5,best_r_change,2,3,0.933024130713,7263.6,9287,8
108452,5,best_r_change,3,2,0.932477040534,7323,9317,8
108454,5,best_r_change,2,3,0.93196439658,7378.73333333,9391,8
108455,5,best_r_change,3,2,0.931584528145,7420,9392,8
108458,5,best_r_change,2,3,0.931036899076,7479.6,9500,8
108461,5,best_r_change,3,2,0.93175427112,7402,9430,8
108463,5,best_r_change,2,3,0.932461146505,7325.46666667,9341,8
108464,5,best_r_change,3,2,0.931737719428,7404,9348,8
108465,5,best_r_change,2,3,0.933276786675,7237.13333333,9250,8
108467,5,best_r_change,3,2,0.931804143196,7397,9351,8
108471,5,best_r_change,2,3,0.932333373283,7339.86666667,9355,8
108472,5,best_r_change,3,2,0.930903827716,7495,9499,8
108473,5,best_r_change,2,3,0.932684323902,7301.93333333,9318,8
108474,5,best_r_change,3,2,0.93246307871,7326,9346,8
108476,5,best_r_change,2,3,0.933089961528,7258.13333333,9278,8
108477,5,best_r_change,3,2,0.93224370143,7350,9328,8
108479,5,best_r_change,2,3,0.932644413512,7306.66666667,9326,8
108480,5,best_r_change,3,2,0.93125,7458,9469,8
108483,5,best_r_change,2,3,0.933338864154,7231.6,9247,8
108484,5,best_r_change,3,2,0.931630470853,7417,9383,7
108485,5,best_r_change,2,3,0.933582830192,7205.26666667,9227,8
108486,5,best_r_change,3,2,0.931161624541,7468,9387,8
108487,5,best_r_change,2,3,0.932366704459,7337.33333333,9349,8
108488,5,best_r_change,3,2,0.932499446943,7323,9356,8
108489,5,best_r_change,2,3,0.933529973853,7211.26666667,9231,7
108491,5,best_r_change,3,2,0.932104967232,7366,9346,8
108492,5,best_r_change,2,3,0.932224188573,7353.13333333,9370,8
108493,5,best_r_change,3,2,0.932004829805,7377,9381,8
108494,5,best_r_change,2,3,0.932621773247,7310.13333333,9333,8
108496,5,best_r_change,3,2,0.931896106769,7389,9398,8
108497,5,best_r_change,2,3,0.933580344771,7206.33333333,9229,8
108499,5,best_r_change,3,2,0.931501672826,7432,9402,8
108502,5,best_r_change,2,3,0.932465146572,7327.66666667,9357,8
108504,5,best_r_change,3,2,0.932196048072,7357,9305,8
108507,5,best_r_change,2,3,0.93177644453,7402.73333333,9423,8
108509,5,best_r_change,3,2,0.931369748131,7447,9430,8
108510,5,best_r_change,2,3,0.931896906583,7389.86666667,9413,8
108511,5,best_r_change,3,2,0.931186699966,7467,9483,8
108514,5,best_r_change,2,3,0.93306055747,7263.86666667,9285,8
108515,5,best_r_change,3,2,0.932276643782,7349,9337,8
108519,5,best_r_change,2,3,0.931915455665,7388.46666667,9408,8
108520,5,best_r_change,3,2,0.932906376705,7281,9270,8
108522,5,best_r_change,2,3,0.932504008404,7324.8,9343,9
108523,5,best_r_change,3,2,0.931839333597,7397,9368,8
108525,5,best_r_change,2,3,0.932314827613,7345.53333333,9362,8
108527,5,best_r_change,3,2,0.931353488072,7450,9430,8
108530,5,best_r_change,2,3,0.931768174698,7405.2,9416,8
108531,5,best_r_change,3,2,0.932701255862,7304,9307,8
108532,5,best_r_change,2,3,0.933004705218,7271.13333333,9304,8
108533,5,best_r_change,3,2,0.932822275253,7291,9280,8
108534,5,best_r_change,2,3,0.932375722508,7339.53333333,9346,8
108535,5,best_r_change,3,2,0.932491822914,7327,9325,8
108537,5,best_r_change,2,3,0.932730159608,7301.26666667,9326,8
108539,5,best_r_change,3,2,0.932494310801,7327,9338,8
108541,5,best_r_change,2,3,0.933534793304,7214.2,9226,8
108542,5,best_r_change,3,2,0.931427465866,7443,9429,8
108543,5,best_r_change,2,3,0.932265860842,7352.06666667,9371,8
108546,5,best_r_change,3,2,0.932922447626,7281,9286,8
108547,5,best_r_change,2,3,0.932407160032,7337,9344,8
108548,5,best_r_change,3,2,0.932122194789,7368,9377,8
108550,5,best_r_change,2,3,0.932748042377,7300.2,9332,8
108551,5,best_r_change,3,2,0.932593895957,7317,9337,8
108552,5,best_r_change,2,3,0.931890092613,7393.46666667,9415,8
108553,5,best_r_change,3,2,0.931913443203,7391,9407,8
108555,5,best_r_change,2,3,0.932122272888,7368.46666667,9377,8
108558,5,best_r_change,3,2,0.932561395752,7321,9339,8
108560,5,best_r_change,2,3,0.930953082781,7495.73333333,9518,8
108562,5,best_r_change,3,2,0.932011200973,7381,9356,8
108563,5,best_r_change,2,3,0.932489583621,7329.13333333,9338,8
108564,5,best_r_change,3,2,0.932601967503,7317,9279,8
108566,5,best_r_change,2,3,0.931721410632,7412.73333333,9418,8
108567,5,best_r_change,3,2,0.933478865585,7222,9248,8
108570,5,best_r_change,2,3,0.932565779374,7321.33333333,9357,8
108573,5,best_r_change,3,2,0.932404925718,7339,9340,7
108574,5,best_r_change,2,3,0.931909419689,7392.86666667,9405,8
108575,5,best_r_change,3,2,0.932000921022,7383,9371,8
108577,5,best_r_change,2,3,0.933085889891,7265.33333333,9291,8
108578,5,best_r_change,3,2,0.9325738179,7321,9323,8
108579,5,best_r_change,2,3,0.931584683349,7428.46666667,9452,8
108581,5,best_r_change,3,2,0.933312457981,7241,9251,8
108583,5,best_r_change,2,3,0.932922587636,7283.46666667,9326,8
108584,5,best_r_change,3,2,0.932052604435,7378,9331,8
108585,5,best_r_change,2,3,0.93132998726,7456.53333333,9486,8
108586,5,best_r_change,3,2,0.933582598125,7212,9223,8
108590,5,best_r_change,2,3,0.932267550726,7355.06666667,9373,8
108592,5,best_r_change,3,2,0.932582510682,7321,9302,8
108594,5,best_r_change,2,3,0.931864252783,7399.13333333,9398,8
108596,5,best_r_change,3,2,0.931793067885,7407,9417,8
108600,5,best_r_change,2,3,0.932674647023,7311.53333333,9336,8
108602,5,best_r_change,3,2,0.932376935968,7344,9362,8
108606,5,best_r_change,2,3,0.932600408817,7320,9343,8
108608,5,best_r_change,3,2,0.931634870359,7425,9414,8
108610,5,best_r_change,2,3,0.932995733972,7277.33333333,9313,8
108612,5,best_r_change,3,2,0.933211799801,7254,9233,8
108615,5,best_r_change,2,3,0.932191686231,7365,9376,8
108616,5,best_r_change,3,2,0.932394858953,7343,9346,8
108619,5,best_r_change,2,3,0.931905099476,7396.4,9406,8
108620,5,best_r_change,3,2,0.931752900018,7413,9451,8
108625,5,best_r_change,2,3,0.932288761028,7355.13333333,9373,8
108627,5,best_r_change,3,2,0.931425888591,7449,9444,8
108630,5,best_r_change,2,3,0.933764153549,7195.2,9215,8
108631,5,best_r_change,3,2,0.933361563458,7239,9192,8
108634,5,best_r_change,2,3,0.932042147639,7382.53333333,9412,8
108635,5,best_r_change,3,2,0.932627606204,7319,9306,8
108639,5,best_r_change,2,3,0.932870638844,7292.86666667,9314,8
108640,5,best_r_change,3,2,0.93265832106,7316,9330,8
108643,5,best_r_change,2,3,0.931944073709,7393.8,9421,8
108644,5,best_r_change,3,2,0.931979676742,7390,9394,8
108646,5,best_r_change,2,3,0.931443403347,7448.4,9475,8
108647,5,best_r_change,3,2,0.932947987519,7285,9304,8
108651,5,best_r_change,2,3,0.932100640276,7377.33333333,9397,8
108652,5,best_r_change,3,2,0.9321043331,7377,9391,8
108653,5,best_r_change,2,3,0.93230621029,7355.13333333,9386,8
108654,5,best_r_change,3,2,0.932777440315,7304,9318,7
108656,5,best_r_change,2,3,0.93156751583,7435.6,9463,8
108658,5,best_r_change,3,2,0.931666329216,7425,9370,8
108659,5,best_r_change,2,3,0.930779165401,7521.46666667,9539,7
108662,5,best_r_change,3,2,0.932800795126,7302,9318,8
108663,5,best_r_change,2,3,0.932600179761,7323.86666667,9347,8
108664,5,best_r_change,3,2,0.932038209527,7385,9392,8
108669,5,best_r_change,2,3,0.932069556789,7381.93333333,9403,8
108670,5,best_r_change,3,2,0.93321063771,7258,9280,8
108671,5,best_r_change,2,3,0.932202090101,7367.66666667,9388,8
108672,5,best_r_change,3,2,0.932024808598,7387,9405,8
108675,5,best_r_change,2,3,0.932361628709,7350.6,9376,8
108676,5,best_r_change,3,2,0.931447605727,7450,9455,7
108679,5,best_r_change,2,3,0.932453065143,7340.93333333,9358,8
108680,5,best_r_change,3,2,0.931634155318,7430,9425,8
108681,5,best_r_change,2,3,0.932584352371,7326.8,9351,8
108682,5,best_r_change,3,2,0.932684345154,7316,9325,8
108683,5,best_r_change,2,3,0.93136062371,7459.93333333,9473,8
108684,5,best_r_change,3,2,0.932961613485,7286,9299,8
108687,5,best_r_change,2,3,0.932802757766,7303.46666667,9325,8
108688,5,best_r_change,3,2,0.93272486383,7312,9305,8
108689,5,best_r_change,2,3,0.932694200885,7315.4,9337,8
108690,5,best_r_change,3,2,0.932974514675,7285,9283,8
108692,5,best_r_change,2,3,0.93203976987,7386.73333333,9413,8
108693,5,best_r_change,3,2,0.932746359011,7310,9326,8
108696,5,best_r_change,2,3,0.932502882657,7336.66666667,9369,8
108698,5,best_r_change,3,2,0.932041067913,7387,9408,8
108704,5,best_r_change,2,3,0.932713300952,7314.33333333,9335,8
108705,5,best_r_change,3,2,0.931797065452,7414,9406,8
108711,5,best_r_change,2,3,0.932158352574,7375.13333333,9378,8
108712,5,best_r_change,3,2,0.932564942233,7331,9327,8
108714,5,best_r_change,2,3,0.932498727548,7338.33333333,9364,8
108718,5,best_r_change,3,2,0.932246730072,7366,9386,8
108720,5,best_r_change,2,3,0.93309909247,7273.46666667,9297,8
108722,5,best_r_change,3,2,0.932626331377,7325,9352,8
108724,5,best_r_change,2,3,0.932807843714,7305.4,9355,8
108725,5,best_r_change,3,2,0.932352264888,7355,9363,8
108727,5,best_r_change,2,3,0.932056741502,7387.26666667,9408,8
108728,5,best_r_change,3,2,0.931296446178,7470,9455,8
108730,5,best_r_change,2,3,0.932936632024,7291.8,9311,8
108733,5,best_r_change,3,2,0.931097274976,7492,9465,8
108734,5,best_r_change,2,3,0.933222359152,7261,9280,8
108735,5,best_r_change,3,2,0.932827516439,7304,9313,8
108738,5,best_r_change,2,3,0.932134120547,7379.6,9391,8
108740,5,best_r_change,3,2,0.932527128931,7337,9334,8
108741,5,best_r_change,2,3,0.931183883417,7483.13333333,9494,8
108742,5,best_r_change,3,2,0.931489213,7450,9474,8
108743,5,best_r_change,2,3,0.931743039399,7422.46666667,9439,8
108745,5,best_r_change,3,2,0.933063589131,7279,9281,7
108746,5,best_r_change,2,3,0.932160569891,7377.26666667,9385,8
108748,5,best_r_change,3,2,0.932118291831,7382,9381,8
108751,5,best_r_change,2,3,0.932529662562,7337.46666667,9365,8
108752,5,best_r_change,3,2,0.931339193762,7467,9444,8
108753,5,best_r_change,2,3,0.932135511971,7380.46666667,9417,8
108754,5,best_r_change,3,2,0.931662283686,7432,9415,8
108757,5,best_r_change,2,3,0.933533167214,7228.73333333,9269,8
108758,5,best_r_change,3,2,0.932372790967,7355,9341,8
108763,5,best_r_change,2,3,0.933210742624,7264.2,9297,8
108765,5,best_r_change,3,2,0.932073736956,7388,9384,8
108768,5,best_r_change,2,3,0.931555236834,7444.6,9478,8
108769,5,best_r_change,3,2,0.931515413399,7449,9455,8
108770,5,best_r_change,2,3,0.932307928044,7362.86666667,9379,8
108771,5,best_r_change,3,2,0.932886523062,7300,9325,8
108773,5,best_r_change,2,3,0.931490964363,7451.93333333,9464,8
108776,5,best_r_change,3,2,0.932034639994,7393,9401,8
108782,5,best_r_change,2,3,0.932789125652,7311.33333333,9338,7
108785,5,best_r_change,3,2,0.931773682033,7422,9436,8
108787,5,best_r_change,2,3,0.932221680899,7373.4,9408,8
108788,5,best_r_change,3,2,0.93114130235,7491,9470,8
108789,5,best_r_change,2,3,0.932014572552,7396.06666667,9414,8
108791,5,best_r_change,3,2,0.93222784973,7373,9396,8
108792,5,best_r_change,2,3,0.931833223031,7416,9439,8
108793,5,best_r_change,3,2,0.93138345298,7465,9465,8
108796,5,best_r_change,2,3,0.933085775212,7280,9294,8
108798,5,best_r_change,3,2,0.931984043824,7400,9393,7
108799,5,best_r_change,2,3,0.932470580306,7347.13333333,9389,8
108800,5,best_r_change,3,2,0.931764705882,7424,9381,8
108802,5,best_r_change,2,3,0.932179555523,7379,9412,8
108803,5,best_r_change,3,2,0.93204231501,7394,9396,8
108804,5,best_r_change,2,3,0.932936289107,7296.8,9322,8
108806,5,best_r_change,3,2,0.931722515302,7429,9393,8
108807,5,best_r_change,2,3,0.932414887523,7353.73333333,9396,8
108808,5,best_r_change,3,2,0.932311962356,7365,9367,7
108810,5,best_r_change,2,3,0.932144717091,7383.33333333,9409,8
108812,5,best_r_change,3,2,0.932626916149,7331,9347,8
108816,5,best_r_change,2,3,0.931021173357,7506,9520,8
108817,5,best_r_change,3,2,0.931416966099,7463,9454,8
108818,5,best_r_change,2,3,0.931380837729,7467,9487,8
108820,5,best_r_change,3,2,0.932650248116,7329,9346,8
108821,5,best_r_change,2,3,0.932412555175,7354.93333333,9383,8
108822,5,best_r_change,3,2,0.931622282259,7441,9390,8
108823,5,best_r_change,2,3,0.932907565496,7301.2,9321,8
108826,5,best_r_change,3,2,0.931762630254,7426,9421,8
108827,5,best_r_change,2,3,0.931923756666,7408.53333333,9437,8
108829,5,best_r_change,3,2,0.932637440388,7331,9334,8
108832,5,best_r_change,2,3,0.932756297167,7318.26666667,9349,8
108833,5,best_r_change,3,2,0.932189685114,7380,9364,7
108834,5,best_r_change,2,3,0.932986627953,7293.33333333,9318,8
108836,5,best_r_change,3,2,0.932219118674,7377,9374,8
108839,5,best_r_change,2,3,0.932537662664,7342.53333333,9361,8
108840,5,best_r_change,3,2,0.932285924293,7370,9381,8
108844,5,best_r_change,2,3,0.93123062977,7485.13333333,9520,8
108845,5,best_r_change,3,2,0.932077725206,7393,9370,8
108848,5,best_r_change,2,3,0.932560390024,7340.66666667,9360,8
108849,5,best_r_change,3,2,0.931786235978,7425,9431,8
108850,5,best_r_change,2,3,0.933010564998,7291.8,9323,8
108851,5,best_r_change,3,2,0.931815049931,7422,9420,8
108853,5,best_r_change,2,3,0.932998937405,7293.26666667,9321,8
108854,5,best_r_change,3,2,0.932404872582,7358,9369,8
108855,5,best_r_change,2,3,0.933011192259,7292.06666667,9315,8
108856,5,best_r_change,3,2,0.931505842581,7456,9472,8
108857,5,best_r_change,2,3,0.932987926056,7294.73333333,9323,8
108859,5,best_r_change,3,2,0.932499839242,7348,9297,8
108860,5,best_r_change,2,3,0.932347357462,7364.66666667,9394,8
108861,5,best_r_change,3,2,0.932041778047,7398,9394,8
108862,5,best_r_change,2,3,0.93218264102,7382.73333333,9421,8
108864,5,best_r_change,3,2,0.932741769547,7322,9338,8
108865,5,best_r_change,2,3,0.931690932194,7436.46666667,9459,8
108866,5,best_r_change,3,2,0.932338838572,7366,9333,8
108867,5,best_r_change,2,3,0.932406208187,7358.73333333,9382,8
108868,5,best_r_change,3,2,0.931421538009,7466,9467,8
108870,5,best_r_change,2,3,0.932362756805,7363.66666667,9387,8
108875,5,best_r_change,3,2,0.932160734788,7386,9402,8
108876,5,best_r_change,2,3,0.933589894314,7230.46666667,9265,8
108877,5,best_r_change,3,2,0.932152796275,7387,9334,8
108880,5,best_r_change,2,3,0.932640215528,7334.13333333,9367,8
108881,5,best_r_change,3,2,0.932118551446,7391,9368,8
108882,5,best_r_change,2,3,0.931960593425,7408.26666667,9438,8
108884,5,best_r_change,3,2,0.931477535726,7461,9480,8
108886,5,best_r_change,2,3,0.932007787962,7403.4,9420,8
108887,5,best_r_change,3,2,0.932085556586,7395,9411,8
108888,5,best_r_change,2,3,0.933801704504,7208.2,9244,8
108890,5,best_r_change,3,2,0.932179263477,7385,9392,8
108891,5,best_r_change,2,3,0.932934769632,7302.8,9330,8
108894,5,best_r_change,3,2,0.931860341249,7420,9407,8
108895,5,best_r_change,2,3,0.932902949324,7306.53333333,9347,8
108896,5,best_r_change,3,2,0.932219732589,7381,9387,8
108901,5,best_r_change,2,3,0.932240597729,7379.06666667,9405,8
108902,5,best_r_change,3,2,0.931507226681,7459,9486,8
108903,5,best_r_change,2,3,0.932097371055,7394.8,9399,8
108904,5,best_r_change,3,2,0.933115404393,7284,9315,8
108907,5,best_r_change,2,3,0.932505715886,7350.6,9381,8
108908,5,best_r_change,3,2,0.93174973372,7433,9450,8
108910,5,best_r_change,2,3,0.93171425948,7437,9465,8
108911,5,best_r_change,3,2,0.933138066862,7282,9261,8
108912,5,best_r_change,2,3,0.93267041281,7333,9362,7
108913,5,best_r_change,3,2,0.931706958765,7438,9421,8
108916,5,best_r_change,2,3,0.931276702535,7485.06666667,9523,8
108917,5,best_r_change,3,2,0.932471515007,7355,9331,8
108918,5,best_r_change,2,3,0.932701665473,7330,9362,8
108921,5,best_r_change,3,2,0.933144205433,7282,9239,8
108922,5,best_r_change,2,3,0.931762790498,7432.53333333,9448,8
108924,5,best_r_change,3,2,0.932071903345,7399,9414,8
108927,5,best_r_change,2,3,0.93231491427,7372.73333333,9398,8
108928,5,best_r_change,3,2,0.932588498825,7343,9353,8
108930,5,best_r_change,2,3,0.931903669023,7417.73333333,9432,8
108931,5,best_r_change,3,2,0.932057908217,7401,9432,8
108935,5,best_r_change,2,3,0.932398219121,7364.2,9390,8
108936,5,best_r_change,3,2,0.932217081589,7384,9404,8
108937,5,best_r_change,2,3,0.932419655397,7362,9387,8
108938,5,best_r_change,3,2,0.932291762287,7376,9377,8
108943,5,best_r_change,2,3,0.93226121305,7379.66666667,9413,8
108946,5,best_r_change,3,2,0.932250839866,7381,9379,8
108947,5,best_r_change,2,3,0.930605401403,7560.33333333,9579,7
108949,5,best_r_change,3,2,0.93192227556,7417,9432,8
108950,5,best_r_change,2,3,0.931702003977,7441.06666667,9460,7
108951,5,best_r_change,3,2,0.931868454626,7423,9434,8
108952,5,best_r_change,2,3,0.932616197959,7341.6,9380,8
108953,5,best_r_change,3,2,0.931603535469,7452,9472,8
108954,5,best_r_change,2,3,0.932583169656,7345.33333333,9370,8
108956,5,best_r_change,3,2,0.931063915709,7511,9504,8
108957,5,best_r_change,2,3,0.93285057408,7316.4,9359,8
108958,5,best_r_change,3,2,0.931028469686,7515,9503,8
108959,5,best_r_change,2,3,0.932222823876,7384.93333333,9407,8
108960,5,best_r_change,3,2,0.93205763583,7403,9420,8
108962,5,best_r_change,2,3,0.931939575265,7416,9439,8
108965,5,best_r_change,3,2,0.931886385537,7422,9403,8
108968,5,best_r_change,2,3,0.933859481683,7207.2,9233,8
108969,5,best_r_change,3,2,0.930769301361,7544,9537,8
108970,5,best_r_change,2,3,0.932025328072,7407.2,9446,8
108971,5,best_r_change,3,2,0.931972726689,7413,9416,8
108972,5,best_r_change,2,3,0.932373453731,7369.4,9413,8
108973,5,best_r_change,3,2,0.932386921531,7368,9377,8
108975,5,best_r_change,2,3,0.932816395198,7321.33333333,9339,8
108978,5,best_r_change,3,2,0.931564168915,7458,9480,8
108979,5,best_r_change,2,3,0.931832126679,7428.86666667,9464,8
108980,5,best_r_change,3,2,0.932271976509,7381,9384,8
108982,5,best_r_change,2,3,0.931552611135,7459.53333333,9478,9
108983,5,best_r_change,3,2,0.932237137902,7385,9397,8
108984,5,best_r_change,2,3,0.931597910397,7454.73333333,9485,8
108985,5,best_r_change,3,2,0.93269716016,7335,9359,8
108986,5,best_r_change,2,3,0.932670251225,7338,9382,8
108987,5,best_r_change,3,2,0.932037765972,7407,9433,8
108989,5,best_r_change,2,3,0.931611447027,7453.6,9487,8
108990,5,best_r_change,3,2,0.932351591889,7373,9385,8
108994,5,best_r_change,2,3,0.931714895621,7442.66666667,9464,8
108995,5,best_r_change,3,2,0.931767512271,7437,9451,8
108996,5,best_r_change,2,3,0.932831174233,7321.13333333,9343,8
108998,5,best_r_change,3,2,0.931943705389,7418,9432,8
109000,5,best_r_change,2,3,0.93219204893,7391.06666667,9423,8
109001,5,best_r_change,3,2,0.931285034082,7490,9504,8
109002,5,best_r_change,2,3,0.932858724305,7318.53333333,9350,8
109004,5,best_r_change,3,2,0.931910755569,7422,9447,8
109010,5,best_r_change,2,3,0.932053940006,7406.8,9425,8
109013,5,best_r_change,3,2,0.931842991203,7430,9431,8
109014,5,best_r_change,2,3,0.931628965087,7453.4,9477,8
109016,5,best_r_change,3,2,0.933321714244,7269,9296,8
109026,5,best_r_change,2,3,0.931495239668,7468.8,9502,8
109029,5,best_r_change,3,2,0.932476680516,7362,9365,8
109030,5,best_r_change,2,3,0.932224769941,7389.53333333,9410,8
109034,5,best_r_change,3,2,0.931718546508,7445,9452,8
109036,5,best_r_change,2,3,0.932829524194,7324,9350,8
109037,5,best_r_change,3,2,0.931665397984,7451,9469,8
109039,5,best_r_change,2,3,0.932429069721,7367.86666667,9393,8
109040,5,best_r_change,3,2,0.931694790902,7448,9439,8
109041,5,best_r_change,2,3,0.933719120942,7227.33333333,9264,8
109042,5,best_r_change,3,2,0.932292144311,7383,9381,8
109043,5,best_r_change,2,3,0.932575833998,7352.13333333,9377,8
109044,5,best_r_change,3,2,0.931844026265,7432,9451,8
109046,5,best_r_change,2,3,0.932624763861,7347,9386,8
109047,5,best_r_change,3,2,0.932634552074,7346,9331,8
109048,5,best_r_change,2,3,0.932854033698,7322.13333333,9357,8
109049,5,best_r_change,3,2,0.93206723583,7408,9395,8
109051,5,best_r_change,2,3,0.932781298047,7330.26666667,9355,8
109053,5,best_r_change,3,2,0.931712103289,7447,9466,8
109055,5,best_r_change,2,3,0.930861186252,7539.93333333,9560,8
109056,5,best_r_change,3,2,0.932676789906,7342,9354,8
109060,5,best_r_change,2,3,0.932140106363,7400.8,9447,8
109061,5,best_r_change,3,2,0.931542898011,7466,9438,8
109062,5,best_r_change,2,3,0.931441443094,7477.13333333,9495,8
109064,5,best_r_change,3,2,0.931801511039,7438,9434,8
109065,5,best_r_change,2,3,0.933116337352,7294.66666667,9329,8
109066,5,best_r_change,3,2,0.930244072397,7608,9576,8
109067,5,best_r_change,2,3,0.932962918817,7311.53333333,9339,8
109068,5,best_r_change,3,2,0.932216598819,7393,9391,8
109070,5,best_r_change,2,3,0.93282784756,7326.46666667,9346,8
109071,5,best_r_change,3,2,0.933071118813,7300,9312,8
109072,5,best_r_change,2,3,0.932319324238,7382.06666667,9404,8
109074,5,best_r_change,3,2,0.933384674625,7266,9279,8
109075,5,best_r_change,2,3,0.932871877149,7322,9357,8
109076,5,best_r_change,3,2,0.931698998863,7450,9463,8
109077,5,best_r_change,2,3,0.933569252302,7246.06666667,9295,8
109078,5,best_r_change,3,2,0.931975283742,7420,9394,8
109079,5,best_r_change,2,3,0.9324465143,7368.66666667,9393,8
109086,5,best_r_change,3,2,0.932429459326,7371,9336,8
109087,5,best_r_change,2,3,0.932366520911,7377.93333333,9400,8
109088,5,best_r_change,3,2,0.932586535641,7354,9375,8
109089,5,best_r_change,2,3,0.931394243844,7484.13333333,9516,8
109091,5,best_r_change,3,2,0.931992556673,7419,9427,8
109095,5,best_r_change,2,3,0.932443588921,7370.06666667,9397,8
109096,5,best_r_change,3,2,0.931464031679,7477,9499,8
109100,5,best_r_change,2,3,0.932987473266,7311.06666667,9326,8
109101,5,best_r_change,3,2,0.932521241785,7362,9394,8
109102,5,best_r_change,2,3,0.931440303569,7480,9514,8
109103,5,best_r_change,3,2,0.933008258251,7309,9313,8
109104,5,best_r_change,2,3,0.93181857066,7438.86666667,9468,8
109105,5,best_r_change,3,2,0.93286283855,7325,9311,8
109106,5,best_r_change,2,3,0.932540831852,7360.2,9402,8
109108,5,best_r_change,3,2,0.932589727609,7355,9372,8
109110,5,best_r_change,2,3,0.93266428375,7347,9393,8
109111,5,best_r_change,3,2,0.931885877684,7432,9425,8
109113,5,best_r_change,2,3,0.933935766896,7208.46666667,9251,8
109114,5,best_r_change,3,2,0.931594479169,7464,9456,7
109115,5,best_r_change,2,3,0.932228688387,7394.86666667,9420,8
109116,5,best_r_change,3,2,0.933272847245,7281,9294,8
109117,5,best_r_change,2,3,0.932253147233,7392.33333333,9419,8
109119,5,best_r_change,3,2,0.932000843116,7420,9408,8
109120,5,best_r_change,2,3,0.932147482893,7404.06666667,9447,8
109121,5,best_r_change,3,2,0.931461405229,7479,9493,7
109124,5,best_r_change,2,3,0.932844592696,7328.26666667,9352,8
109125,5,best_r_change,3,2,0.932884306987,7324,9330,8
109127,5,best_r_change,2,3,0.932225144404,7396.06666667,9424,8
109128,5,best_r_change,3,2,0.932684553918,7346,9362,8
109129,5,best_r_change,2,3,0.932324130158,7385.4,9415,8
109132,5,best_r_change,3,2,0.931495803247,7476,9473,8
109133,5,best_r_change,2,3,0.932670533508,7347.86666667,9384,8
109134,5,best_r_change,3,2,0.931313797717,7496,9510,8
109137,5,best_r_change,2,3,0.933208719316,7289.4,9313,8
109138,5,best_r_change,3,2,0.93193021679,7429,9457,8
109140,5,best_r_change,2,3,0.932542300409,7362.33333333,9395,8
109142,5,best_r_change,3,2,0.932647376812,7351,9372,8
109143,5,best_r_change,2,3,0.931880193874,7434.8,9458,8
109146,5,best_r_change,3,2,0.93275978964,7339,9355,8
109147,5,best_r_change,2,3,0.933291799133,7281,9313,8
109148,5,best_r_change,3,2,0.930543848719,7581,9575,8
109151,5,best_r_change,2,3,0.933070700223,7305.4,9347,8
109152,5,best_r_change,3,2,0.932186309,7402,9420,8
109153,5,best_r_change,2,3,0.932671876479,7349.06666667,9358,8
109154,5,best_r_change,3,2,0.932544844898,7363,9351,8
109155,5,best_r_change,2,3,0.931900508451,7433.4,9460,8
109156,5,best_r_change,3,2,0.932234600022,7397,9416,8
109157,5,best_r_change,2,3,0.93213628077,7407.8,9442,8
109158,5,best_r_change,3,2,0.932089265102,7413,9402,8
109162,5,best_r_change,2,3,0.932004421563,7422.53333333,9455,7
109167,5,best_r_change,3,2,0.932543717424,7364,9373,8
109168,5,best_r_change,2,3,0.932367848942,7383.26666667,9415,8
109169,5,best_r_change,3,2,0.931830464692,7442,9448,8
109170,5,best_r_change,2,3,0.93281915056,7334.13333333,9353,8
109172,5,best_r_change,3,2,0.932665885025,7351,9389,8
109173,5,best_r_change,2,3,0.931745028533,7451.6,9464,8
109174,5,best_r_change,3,2,0.932062579002,7417,9425,8
109176,5,best_r_change,2,3,0.932946801495,7320.6,9351,7
109177,5,best_r_change,3,2,0.931716387151,7455,9460,8
109179,5,best_r_change,2,3,0.932881475986,7327.93333333,9366,8
109180,5,best_r_change,3,2,0.931681626672,7459,9490,8
109182,5,best_r_change,2,3,0.932084653759,7415.13333333,9428,7
109183,5,best_r_change,3,2,0.932654350952,7353,9358,8
109185,5,best_r_change,2,3,0.932764879181,7341.06666667,9367,8
109186,5,best_r_change,3,2,0.932271536644,7395,9425,8
109187,5,best_r_change,2,3,0.931353854702,7495.26666667,9516,8
109188,5,best_r_change,3,2,0.931888119574,7437,9430,7
109189,5,best_r_change,2,3,0.932301483361,7391.93333333,9431,8
109191,5,best_r_change,3,2,0.933007299136,7315,9344,8
109192,5,best_r_change,2,3,0.932361955699,7385.53333333,9408,8
109193,5,best_r_change,3,2,0.932669676628,7352,9366,8
109194,5,best_r_change,2,3,0.932064643356,7418.13333333,9460,8
109195,5,best_r_change,3,2,0.931910801777,7435,9451,8
109197,5,best_r_change,2,3,0.93307752655,7307.73333333,9342,8
109199,5,best_r_change,3,2,0.932142235735,7410,9414,8
109200,5,best_r_change,2,3,0.932714896215,7347.53333333,9378,8
109201,5,best_r_change,3,2,0.932244210218,7399,9400,8
109208,5,best_r_change,2,3,0.932474421898,7374.33333333,9399,8
109209,5,best_r_change,3,2,0.931470849472,7484,9477,8
109210,5,best_r_change,2,3,0.932859628239,7332.4,9360,8
109215,5,best_r_change,3,2,0.932298676922,7394,9421,8
109216,5,best_r_change,2,3,0.932456782889,7376.8,9414,8
109217,5,best_r_change,3,2,0.932858437789,7333,9341,8
109221,5,best_r_change,2,3,0.933533539032,7259.53333333,9283,8
109223,5,best_r_change,3,2,0.932605769847,7361,9349,8
109224,5,best_r_change,2,3,0.93165787739,7464.6,9486,8
109225,5,best_r_change,3,2,0.931902037079,7438,9453,8
109226,5,best_r_change,2,3,0.932539261104,7368.46666667,9404,8
109227,5,best_r_change,3,2,0.933249105075,7291,9316,8
109228,5,best_r_change,2,3,0.932828578753,7337,9371,8
109229,5,best_r_change,3,2,0.932371439819,7387,9412,7
109235,5,best_r_change,2,3,0.932486229993,7374.86666667,9394,8
109236,5,best_r_change,3,2,0.933163059797,7301,9351,8
109237,5,best_r_change,2,3,0.933172215763,7300.06666667,9329,8
109240,5,best_r_change,3,2,0.931893079458,7440,9480,8
109243,5,best_r_change,2,3,0.931699666493,7461.33333333,9480,7
109245,5,best_r_change,3,2,0.932051810151,7423,9442,7
109246,5,best_r_change,2,3,0.932704172235,7351.8,9382,8
109247,5,best_r_change,3,2,0.932620575393,7361,9331,7
109249,5,best_r_change,2,3,0.93156550632,7476.4,9496,9
109250,5,best_r_change,3,2,0.931826086957,7448,9476,7
109253,5,best_r_change,2,3,0.931511262849,7482.6,9505,8
109254,5,best_r_change,3,2,0.932103172424,7418,9419,8
109255,5,best_r_change,2,3,0.93251750492,7372.8,9418,8
109256,5,best_r_change,3,2,0.931829830856,7448,9463,8
109257,5,best_r_change,2,3,0.932166665141,7411.26666667,9438,8
109261,5,best_r_change,3,2,0.932391246648,7387,9392,8
109262,5,best_r_change,2,3,0.932242987803,7403.26666667,9434,8
109263,5,best_r_change,3,2,0.933088053595,7311,9321,8
109265,5,best_r_change,2,3,0.932476090239,7378,9412,8
109266,5,best_r_change,3,2,0.932257060751,7402,9434,8
109267,5,best_r_change,2,3,0.93320154606,7298.86666667,9322,8
109268,5,best_r_change,3,2,0.932313211553,7396,9429,8
109271,5,best_r_change,2,3,0.931858712132,7445.86666667,9466,8
109272,5,best_r_change,3,2,0.933294897137,7289,9327,8
109273,5,best_r_change,2,3,0.933002663055,7321,9356,8
109274,5,best_r_change,3,2,0.931941724472,7437,9425,8
109275,5,best_r_change,2,3,0.933265004194,7292.46666667,9325,8
109276,5,best_r_change,3,2,0.932043632637,7426,9434,8
109277,5,best_r_change,2,3,0.932579286279,7367.53333333,9419,8
109278,5,best_r_change,3,2,0.931770347188,7456,9452,8
109279,5,best_r_change,2,3,0.932118095273,7418.06666667,9455,8
109280,5,best_r_change,3,2,0.931991215227,7432,9465,8
109282,5,best_r_change,2,3,0.932125449144,7417.46666667,9439,8
109284,5,best_r_change,3,2,0.932533582226,7373,9402,8
109285,5,best_r_change,2,3,0.933088102972,7312.46666667,9343,8
109286,5,best_r_change,3,2,0.93338579507,7280,9304,8
109288,5,best_r_change,2,3,0.93216821609,7413.2,9441,8
109292,5,best_r_change,3,2,0.93253852066,7373,9367,8
109293,5,best_r_change,2,3,0.933278435032,7292.2,9332,8
109294,5,best_r_change,3,2,0.93225611653,7404,9440,8
109296,5,best_r_change,2,3,0.93168886937,7466.13333333,9485,8
109297,5,best_r_change,3,2,0.931059406937,7535,9526,8
109302,5,best_r_change,2,3,0.931607228901,7475.46666667,9513,8
109303,5,best_r_change,3,2,0.932563607586,7371,9398,8
109305,5,best_r_change,2,3,0.933236966897,7297.53333333,9337,8
109306,5,best_r_change,3,2,0.933699888387,7247,9276,8
109307,5,best_r_change,2,3,0.931340170346,7505,9541,8
109308,5,best_r_change,3,2,0.931990339225,7434,9417,8
109311,5,best_r_change,2,3,0.932700277191,7356.6,9416,8
109312,5,best_r_change,3,2,0.93253256733,7375,9392,8
109315,5,best_r_change,2,3,0.931925170379,7441.6,9481,8
109316,5,best_r_change,3,2,0.932498444875,7379,9373,8
109317,5,best_r_change,2,3,0.93191482874,7442.86666667,9474,8
109318,5,best_r_change,3,2,0.932389908341,7391,9425,8
109319,5,best_r_change,2,3,0.931987425181,7435.06666667,9461,8
109320,5,best_r_change,3,2,0.933122941822,7311,9318,8
109325,5,best_r_change,2,3,0.931205732144,7520.93333333,9559,8
109326,5,best_r_change,3,2,0.932550353987,7374,9362,8
109327,5,best_r_change,2,3,0.9321131407,7421.86666667,9458,8
109328,5,best_r_change,3,2,0.932423532855,7388,9419,8
109329,5,best_r_change,2,3,0.932609524158,7367.73333333,9403,8
109331,5,best_r_change,3,2,0.932809541667,7346,9367,8
109332,5,best_r_change,2,3,0.932400395127,7390.8,9435,8
109333,5,best_r_change,3,2,0.931786377397,7458,9470,8
109334,5,best_r_change,2,3,0.933015042591,7323.73333333,9371,8
109335,5,best_r_change,3,2,0.932418713129,7389,9393,8
109339,5,best_r_change,2,3,0.93334918617,7287.53333333,9350,8
109342,5,best_r_change,3,2,0.932139525525,7420,9452,8
109343,5,best_r_change,2,3,0.932216358919,7411.66666667,9450,8
109346,5,best_r_change,3,2,0.932224315476,7411,9426,8
109352,5,best_r_change,2,3,0.933476601556,7274.46666667,9303,8
109354,5,best_r_change,3,2,0.931415403186,7500,9535,8
109355,5,best_r_change,2,3,0.931428223066,7498.66666667,9522,8
109356,5,best_r_change,3,2,0.931709279783,7468,9498,8
109357,5,best_r_change,2,3,0.932741388297,7355.2,9380,8
109358,5,best_r_change,3,2,0.93294500631,7333,9343,8
109359,5,best_r_change,2,3,0.931908058169,7446.46666667,9483,8
109361,5,best_r_change,3,2,0.93233419592,7400,9371,8
109362,5,best_r_change,2,3,0.932259834312,7408.2,9456,8
109363,5,best_r_change,3,2,0.933057798341,7321,9347,8
109364,5,best_r_change,2,3,0.931714275264,7468,9511,8
109365,5,best_r_change,3,2,0.932738993279,7356,9336,7
109366,5,best_r_change,2,3,0.933135831367,7312.66666667,9359,8
109367,5,best_r_change,3,2,0.931880731848,7450,9474,8
109368,5,best_r_change,2,3,0.932135542389,7422.2,9452,7
109369,5,best_r_change,3,2,0.931936837678,7444,9480,8
109370,5,best_r_change,2,3,0.932297705038,7404.6,9450,8
109371,5,best_r_change,3,2,0.933327847418,7292,9314,8
109374,5,best_r_change,2,3,0.931844253052,7454.46666667,9486,8
109375,5,best_r_change,3,2,0.931721142857,7468,9476,8
109376,5,best_r_change,2,3,0.932459284182,7387.33333333,9424,8
109377,5,best_r_change,3,2,0.932536090769,7379,9413,8
109380,5,best_r_change,2,3,0.932579996343,7374.4,9418,8
109381,5,best_r_change,3,2,0.931615179967,7480,9477,8
109382,5,best_r_change,2,3,0.93265010087,7366.86666667,9394,8
109384,5,best_r_change,3,2,0.931223945001,7523,9540,8
109386,5,best_r_change,2,3,0.932532499589,7380,9409,8
109387,5,best_r_change,3,2,0.932076023659,7430,9449,8
109388,5,best_r_change,2,3,0.93277202862,7353.93333333,9392,8
109390,5,best_r_change,3,2,0.932215010513,7415,9429,8
109392,5,best_r_change,2,3,0.933803203159,7241.4,9263,8
109394,5,best_r_change,3,2,0.931897544655,7450,9444,8
109395,5,best_r_change,2,3,0.933024970672,7326.73333333,9377,8
109397,5,best_r_change,3,2,0.931835425103,7457,9488,8
109398,5,best_r_change,2,3,0.93233209626,7402.73333333,9442,8
109399,5,best_r_change,3,2,0.932805601514,7351,9376,8
109401,5,best_r_change,2,3,0.931759307502,7465.6,9497,8
109404,5,best_r_change,3,2,0.932543599868,7380,9411,8
109407,5,best_r_change,2,3,0.932604556077,7373.53333333,9390,7
109408,5,best_r_change,3,2,0.931851418543,7456,9468,8
109409,5,best_r_change,2,3,0.931515079503,7492.86666667,9539,8
109410,5,best_r_change,3,2,0.932273101179,7410,9430,8
109412,5,best_r_change,2,3,0.931928856067,7447.8,9493,8
109414,5,best_r_change,3,2,0.932111064398,7428,9448,8
109415,5,best_r_change,2,3,0.932204298618,7417.86666667,9454,8
109416,5,best_r_change,3,2,0.932084887037,7431,9447,8
109417,5,best_r_change,2,3,0.932786191055,7354.33333333,9382,8
109418,5,best_r_change,3,2,0.932506534574,7385,9404,8
109419,5,best_r_change,2,3,0.932565642165,7378.6,9428,8
109422,5,best_r_change,3,2,0.932737475096,7360,9401,8
109425,5,best_r_change,2,3,0.933491127865,7277.73333333,9328,8
109426,5,best_r_change,3,2,0.931944875989,7447,9469,8
109427,5,best_r_change,2,3,0.932592504592,7376.2,9413,8
109428,5,best_r_change,3,2,0.931269876083,7521,9558,8
109431,5,best_r_change,2,3,0.93252125388,7384.26666667,9442,8
109432,5,best_r_change,3,2,0.932030850208,7438,9453,8
109433,5,best_r_change,2,3,0.933201745969,7309.93333333,9344,8
109435,5,best_r_change,3,2,0.931639786174,7481,9480,8
109438,5,best_r_change,2,3,0.932652278002,7370.4,9403,8
109441,5,best_r_change,3,2,0.931789731453,7465,9476,8
109444,5,best_r_change,2,3,0.932615157828,7374.86666667,9420,8
109446,5,best_r_change,3,2,0.931600972169,7486,9493,8
109447,5,best_r_change,2,3,0.932835070856,7351,9387,8
109448,5,best_r_change,3,2,0.931264161976,7523,9561,8
109450,5,best_r_change,2,3,0.933420435511,7287.13333333,9325,8
109451,5,best_r_change,3,2,0.932280198445,7412,9428,8
109452,5,best_r_change,2,3,0.932612164845,7375.73333333,9417,8
109454,5,best_r_change,3,2,0.932364280885,7403,9415,8
109457,5,best_r_change,2,3,0.932781518465,7357.53333333,9401,8
109458,5,best_r_change,3,2,0.932850956531,7350,9362,8
109459,5,best_r_change,2,3,0.933361958968,7294.13333333,9340,8
109460,5,best_r_change,3,2,0.931417869541,7507,9505,8
109461,5,best_r_change,2,3,0.931280242887,7522.13333333,9560,8
109462,5,best_r_change,3,2,0.933291918657,7302,9319,8
109463,5,best_r_change,2,3,0.932210884043,7420.4,9449,8
109464,5,best_r_change,3,2,0.931392969378,7510,9499,8
109465,5,best_r_change,2,3,0.933280957384,7303.4,9340,8
109468,5,best_r_change,3,2,0.931477692111,7501,9532,8
109469,5,best_r_change,2,3,0.932403998697,7399.66666667,9423,8
109470,5,best_r_change,3,2,0.932081848908,7435,9397,8
109471,5,best_r_change,2,3,0.931894291639,7455.6,9495,8
109472,5,best_r_change,3,2,0.932567231804,7382,9433,8
109473,5,best_r_change,2,3,0.932117812916,7431.26666667,9479,8
109475,5,best_r_change,3,2,0.934140214661,7210,9233,8
109477,5,best_r_change,2,3,0.931974143732,7447.26666667,9499,8
109479,5,best_r_change,3,2,0.932772495182,7360,9360,8
109480,5,best_r_change,2,3,0.932422969188,7398.33333333,9435,8
109482,5,best_r_change,3,2,0.932883944393,7348,9361,8
109483,5,best_r_change,2,3,0.932547823254,7384.86666667,9425,8
109485,5,best_r_change,3,2,0.931890213271,7457,9468,8
109488,5,best_r_change,2,3,0.932812728336,7356.2,9407,8
109489,5,best_r_change,3,2,0.932449835143,7396,9402,8
109491,5,best_r_change,2,3,0.931841582109,7462.73333333,9490,8
109493,5,best_r_change,3,2,0.931849524627,7462,9445,7
109494,5,best_r_change,2,3,0.931932343325,7453,9483,8
109495,5,best_r_change,3,2,0.93201516051,7444,9470,8
109496,5,best_r_change,2,3,0.932605148438,7379.46666667,9410,8
109498,5,best_r_change,3,2,0.93234579627,7408,9399,7
109499,5,best_r_change,2,3,0.932116275034,7433.2,9462,8
109502,5,best_r_change,3,2,0.932403061131,7402,9421,8
109504,5,best_r_change,2,3,0.931767484902,7471.73333333,9524,8
109505,5,best_r_change,3,2,0.933126341263,7323,9345,8
109506,5,best_r_change,2,3,0.932463974577,7395.6,9439,8
109507,5,best_r_change,3,2,0.931757787173,7473,9471,8
109508,5,best_r_change,2,3,0.933296197538,7304.6,9336,8
109513,5,best_r_change,3,2,0.932446376229,7398,9422,7
109514,5,best_r_change,2,3,0.931625180342,7488,9525,7
109515,5,best_r_change,3,2,0.932630233301,7378,9397,8
109516,5,best_r_change,2,3,0.931833400295,7465.33333333,9498,8
109518,5,best_r_change,3,2,0.93247685312,7395,9421,8
109522,5,best_r_change,2,3,0.932170096723,7428.86666667,9469,8
109524,5,best_r_change,3,2,0.932325335086,7412,9418,8
109525,5,best_r_change,2,3,0.933105074945,7326.66666667,9364,8
109532,5,best_r_change,3,2,0.931755103531,7475,9502,8
109533,5,best_r_change,2,3,0.931715556042,7479.4,9511,8
109535,5,best_r_change,3,2,0.931163555028,7540,9522,8
109536,5,best_r_change,2,3,0.933505575032,7283.53333333,9319,8
109540,5,best_r_change,3,2,0.931650538616,7487,9504,8
109542,5,best_r_change,2,3,0.932578067469,7385.53333333,9432,8
109543,5,best_r_change,3,2,0.931971919703,7452,9477,8
109544,5,best_r_change,2,3,0.932452104482,7399.46666667,9439,8
109545,5,best_r_change,3,2,0.931726687663,7479,9492,8
109546,5,best_r_change,2,3,0.93349825644,7285,9330,8
109548,5,best_r_change,3,2,0.931801584693,7471,9498,8
109549,5,best_r_change,2,3,0.932962722922,7343.86666667,9385,9
109551,5,best_r_change,3,2,0.932040784657,7445,9464,8
109553,5,best_r_change,2,3,0.93248260355,7396.73333333,9452,8
109554,5,best_r_change,3,2,0.932708983698,7372,9389,8
109555,5,best_r_change,2,3,0.931861317755,7464.93333333,9501,8
109556,5,best_r_change,3,2,0.93325787725,7312,9331,8
109557,5,best_r_change,2,3,0.931950795781,7455.26666667,9502,8
109558,5,best_r_change,3,2,0.931625257854,7491,9528,8
109559,5,best_r_change,2,3,0.932036011038,7446.06666667,9477,8
109560,5,best_r_change,3,2,0.931845564074,7467,9494,7
109561,5,best_r_change,2,3,0.932458934597,7399.86666667,9442,8
109562,5,best_r_change,3,2,0.932914696701,7350,9366,9
109564,5,best_r_change,2,3,0.931872391175,7464.33333333,9501,8
109565,5,best_r_change,3,2,0.933016930589,7339,9360,8
109566,5,best_r_change,2,3,0.933719706235,7262.06666667,9310,8
109568,5,best_r_change,3,2,0.933265186916,7312,9320,8
109569,5,best_r_change,2,3,0.932089064121,7440.93333333,9471,8
109570,5,best_r_change,3,2,0.932600164279,7385,9415,8
109572,5,best_r_change,2,3,0.932881879799,7354.26666667,9387,8
109574,5,best_r_change,3,2,0.931498348148,7506,9527,8
109575,5,best_r_change,2,3,0.932485816412,7397.86666667,9427,8
109576,5,best_r_change,3,2,0.932366576623,7411,9425,8
109578,5,best_r_change,2,3,0.931896305219,7462.66666667,9498,8
109579,5,best_r_change,3,2,0.932286295732,7420,9449,8
109580,5,best_r_change,2,3,0.932204781895,7429,9454,8
109581,5,best_r_change,3,2,0.932415290972,7406,9448,8
109583,5,best_r_change,2,3,0.93282291353,7361.46666667,9391,8
109586,5,best_r_change,3,2,0.931341594729,7524,9530,8
109587,5,best_r_change,2,3,0.933313257959,7308,9335,7
109588,5,best_r_change,3,2,0.932182355732,7432,9469,8
109590,5,best_r_change,2,3,0.932591173161,7387.33333333,9435,8
109591,5,best_r_change,3,2,0.932403208293,7408,9434,8
109592,5,best_r_change,2,3,0.93239530866,7408.93333333,9474,8
109594,5,best_r_change,3,2,0.931529098308,7504,9525,7
109595,5,best_r_change,2,3,0.932321121706,7417.26666667,9474,8
109596,5,best_r_change,3,2,0.932205554947,7430,9445,8
109597,5,best_r_change,2,3,0.932100939503,7441.53333333,9477,8
109598,5,best_r_change,3,2,0.931814449169,7473,9490,8
109599,5,best_r_change,2,3,0.931734778602,7481.8,9520,8
109601,5,best_r_change,3,2,0.933248784226,7316,9345,8
109603,5,best_r_change,2,3,0.932413042222,7407.73333333,9435,8
109604,5,best_r_change,3,2,0.932675814751,7379,9403,8
109605,5,best_r_change,2,3,0.932419141463,7407.2,9445,8
109610,5,best_r_change,3,2,0.933245141867,7317,9343,8
109611,5,best_r_change,2,3,0.933181888679,7324,9357,8
109612,5,best_r_change,3,2,0.932361420282,7414,9444,8
109613,5,best_r_change,2,3,0.932494625029,7399.46666667,9441,8
109614,5,best_r_change,3,2,0.931641943547,7493,9477,8
109616,5,best_r_change,2,3,0.932765897922,7369.93333333,9422,8
109617,5,best_r_change,3,2,0.933623434321,7276,9317,8
109620,5,best_r_change,2,3,0.932330474974,7417.93333333,9452,8
109622,5,best_r_change,3,2,0.931783766032,7478,9485,8
109624,5,best_r_change,2,3,0.931668247829,7490.8,9522,8
109626,5,best_r_change,3,2,0.93112035466,7551,9515,8
109627,5,best_r_change,2,3,0.932309254715,7420.73333333,9470,8
109628,5,best_r_change,3,2,0.931486481556,7511,9545,8
109630,5,best_r_change,2,3,0.932065432211,7447.66666667,9492,8
109632,5,best_r_change,3,2,0.932145723876,7439,9466,7
109636,5,best_r_change,2,3,0.932897953227,7356.8,9410,8
109638,5,best_r_change,3,2,0.932167679089,7437,9432,7
109639,5,best_r_change,2,3,0.932166473609,7437.2,9484,8
109641,5,best_r_change,3,2,0.933026878631,7343,9348,8
109642,5,best_r_change,2,3,0.932244942631,7428.8,9473,8
109643,5,best_r_change,3,2,0.932827449085,7365,9386,8
109645,5,best_r_change,2,3,0.932117895633,7442.93333333,9462,8
109648,5,best_r_change,3,2,0.932018823873,7454,9490,9
109651,5,best_r_change,2,3,0.932603137834,7390.13333333,9437,7
109654,5,best_r_change,3,2,0.931758075401,7483,9498,8
109656,5,best_r_change,2,3,0.931756280246,7483.33333333,9527,8
109658,5,best_r_change,3,2,0.931559940907,7505,9524,8
109660,5,best_r_change,2,3,0.93247127485,7405.2,9437,8
109663,5,best_r_change,3,2,0.932474945971,7405,9446,8
109665,5,best_r_change,2,3,0.933081049864,7338.66666667,9384,8
109666,5,best_r_change,3,2,0.932640927908,7387,9405,8
109667,5,best_r_change,2,3,0.932407500281,7412.66666667,9453,8
109668,5,best_r_change,3,2,0.931502352555,7512,9520,8
109671,5,best_r_change,2,3,0.932051925,7451.93333333,9486,8
109672,5,best_r_change,3,2,0.933291997958,7316,9357,8
109674,5,best_r_change,2,3,0.931618554382,7499.66666667,9536,8
109676,5,best_r_change,3,2,0.932127356942,7444,9439,8
109677,5,best_r_change,2,3,0.932406369005,7413.46666667,9452,8
109680,5,best_r_change,3,2,0.933087162655,7339,9368,8
109681,5,best_r_change,2,3,0.931666074039,7494.93333333,9540,8
109682,5,best_r_change,3,2,0.93245017414,7409,9435,8
109684,5,best_r_change,2,3,0.932794816625,7371.33333333,9421,8
109685,5,best_r_change,3,2,0.932014404887,7457,9497,8
109686,5,best_r_change,2,3,0.932810629129,7369.73333333,9422,8
109688,5,best_r_change,3,2,0.931660710379,7496,9511,8
109689,5,best_r_change,2,3,0.93197555513,7461.53333333,9506,8
109691,5,best_r_change,3,2,0.932601580804,7393,9398,8
109693,5,best_r_change,2,3,0.933652405653,7277.86666667,9322,8
109696,5,best_r_change,3,2,0.931474256126,7517,9538,8
109699,5,best_r_change,2,3,0.932864170746,7364.73333333,9403,7
109701,5,best_r_change,3,2,0.93307262468,7342,9372,8
109705,5,best_r_change,2,3,0.932370144175,7419.33333333,9465,8
109707,5,best_r_change,3,2,0.931663430775,7497,9531,8
109709,5,best_r_change,2,3,0.932469229203,7408.73333333,9450,8
109710,5,best_r_change,3,2,0.932330690001,7424,9460,8
109711,5,best_r_change,2,3,0.932098574133,7449.53333333,9495,8
109713,5,best_r_change,3,2,0.932460146017,7410,9453,8
109716,5,best_r_change,2,3,0.933222137154,7326.6,9378,8
109717,5,best_r_change,3,2,0.932790725229,7374,9379,8
109718,5,best_r_change,2,3,0.932259064146,7432.4,9467,8
109719,5,best_r_change,3,2,0.933083604481,7342,9387,8
109720,5,best_r_change,2,3,0.932675902297,7386.8,9425,8
109721,5,best_r_change,3,2,0.932246333883,7434,9486,8
109722,5,best_r_change,2,3,0.933360067565,7311.86666667,9362,8
109724,5,best_r_change,3,2,0.931983886843,7463,9435,8
109725,5,best_r_change,2,3,0.932065314802,7454.13333333,9488,8
109728,5,best_r_change,3,2,0.932086614173,7452,9494,8
109731,5,best_r_change,2,3,0.932270127251,7432.06666667,9460,8
109733,5,best_r_change,3,2,0.932563586159,7400,9384,8
109734,5,best_r_change,2,3,0.931793853014,7484.53333333,9525,8
109735,5,best_r_change,3,2,0.932491912334,7408,9427,8
109736,5,best_r_change,2,3,0.93197492163,7464.8,9499,8
109741,5,best_r_change,3,2,0.933434176835,7305,9344,8
109745,5,best_r_change,2,3,0.932286057072,7431.26666667,9474,8
109746,5,best_r_change,3,2,0.932972500137,7356,9364,8
109747,5,best_r_change,2,3,0.932956102065,7357.86666667,9403,8
109749,5,best_r_change,3,2,0.931853593199,7479,9485,8
109750,5,best_r_change,2,3,0.93262627183,7394.26666667,9438,8
109752,5,best_r_change,3,2,0.931691449814,7497,9514,8
109753,5,best_r_change,2,3,0.931157538594,7555.66666667,9592,8
109754,5,best_r_change,3,2,0.931720028427,7494,9501,8
109755,5,best_r_change,2,3,0.932697371418,7386.8,9431,8
109756,5,best_r_change,3,2,0.932650606801,7392,9441,8
109757,5,best_r_change,2,3,0.931420015732,7527.13333333,9571,8
109759,5,best_r_change,3,2,0.931814247579,7484,9505,8
109760,5,best_r_change,2,3,0.932624514091,7395.13333333,9451,8
109761,5,best_r_change,3,2,0.932170807482,7445,9488,7
109763,5,best_r_change,2,3,0.93309706671,7343.46666667,9395,8
109764,5,best_r_change,3,2,0.932209103167,7441,9469,8
109765,5,best_r_change,2,3,0.931923655081,7472.4,9497,8
109766,5,best_r_change,3,2,0.931208206548,7551,9591,8
109767,5,best_r_change,2,3,0.932314204937,7429.66666667,9465,8
109768,5,best_r_change,3,2,0.931546534509,7514,9545,8
109769,5,best_r_change,2,3,0.932374957107,7423.13333333,9461,8
109772,5,best_r_change,3,2,0.932979266115,7357,9366,8
109773,5,best_r_change,2,3,0.933343050355,7317.13333333,9373,8
109774,5,best_r_change,3,2,0.933390420318,7312,9349,8
109775,5,best_r_change,2,3,0.931808395961,7485.73333333,9527,8
109776,5,best_r_change,3,2,0.931633508235,7505,9492,8
109777,5,best_r_change,2,3,0.932446080084,7415.86666667,9464,8
109778,5,best_r_change,3,2,0.932071999854,7457,9440,8
109780,5,best_r_change,2,3,0.932441853404,7416.53333333,9471,8
109781,5,best_r_change,3,2,0.931727712446,7495,9519,8
109783,5,best_r_change,2,3,0.932046552441,7460.13333333,9519,8
109784,5,best_r_change,3,2,0.931929971581,7473,9488,8
109785,5,best_r_change,2,3,0.932439465015,7417.13333333,9469,8
109786,5,best_r_change,3,2,0.932250013663,7438,9479,8
109788,5,best_r_change,2,3,0.932745533817,7383.73333333,9429,8
109789,5,best_r_change,3,2,0.932543333121,7406,9444,8
109790,5,best_r_change,2,3,0.932118286426,7452.73333333,9486,7
109793,5,best_r_change,3,2,0.9315347973,7517,9563,8
109794,5,best_r_change,2,3,0.932754066707,7383.2,9421,8
109796,5,best_r_change,3,2,0.932884622391,7369,9415,8
109797,5,best_r_change,2,3,0.932771083606,7381.53333333,9432,8
109799,5,best_r_change,3,2,0.931319957377,7541,9577,8
109801,5,best_r_change,2,3,0.932679423078,7391.86666667,9438,8
109802,5,best_r_change,3,2,0.932341851697,7429,9466,7
109803,5,best_r_change,2,3,0.932413504185,7421.2,9459,8
109806,5,best_r_change,3,2,0.932990911243,7358,9395,8
109807,5,best_r_change,2,3,0.932508249322,7411.06666667,9459,8
109808,5,best_r_change,3,2,0.931152557191,7560,9548,8
109809,5,best_r_change,2,3,0.932446945757,7417.93333333,9454,8
109810,5,best_r_change,3,2,0.932747472908,7385,9429,8
109811,5,best_r_change,2,3,0.933134810417,7342.53333333,9395,8
109812,5,best_r_change,3,2,0.931528430408,7519,9523,8
109814,5,best_r_change,2,3,0.932099125187,7456.46666667,9506,8
109815,5,best_r_change,3,2,0.931885443701,7480,9510,8
109816,5,best_r_change,2,3,0.931785289332,7491.06666667,9533,8
109817,5,best_r_change,3,2,0.932168972017,7449,9478,8
109818,5,best_r_change,2,3,0.932660705288,7395.06666667,9428,7
109820,5,best_r_change,3,2,0.93136951375,7537,9539,8
109821,5,best_r_change,2,3,0.933123294573,7344.46666667,9403,8
109822,5,best_r_change,3,2,0.932335961829,7431,9469,8
109824,5,best_r_change,2,3,0.932460421523,7417.46666667,9452,7
109826,5,best_r_change,3,2,0.932775481216,7383,9418,8
109827,5,best_r_change,2,3,0.932348754556,7429.93333333,9467,8
109828,5,best_r_change,3,2,0.932294132644,7436,9466,8
109829,5,best_r_change,2,3,0.932603714259,7402.06666667,9442,8
109830,5,best_r_change,3,2,0.932122370937,7455,9474,7
109831,5,best_r_change,2,3,0.93286716258,7373.26666667,9418,8
109832,5,best_r_change,3,2,0.932697210285,7392,9426,8
109833,5,best_r_change,2,3,0.932955790458,7363.66666667,9423,8
109834,5,best_r_change,3,2,0.931997377861,7469,9502,8
109839,5,best_r_change,2,3,0.932671152019,7395.33333333,9438,8
109840,5,best_r_change,3,2,0.932520029133,7412,9421,8
109841,5,best_r_change,2,3,0.932150411352,7452.66666667,9500,7
109845,5,best_r_change,3,2,0.932513996996,7413,9435,8
109846,5,best_r_change,2,3,0.932605647907,7403,9448,8
109849,5,best_r_change,3,2,0.931597010442,7514,9560,8
109851,5,best_r_change,2,3,0.931901090265,7480.73333333,9515,8
109852,5,best_r_change,3,2,0.931990314241,7471,9504,8
109854,5,best_r_change,2,3,0.931842263368,7487.4,9547,8
109855,5,best_r_change,3,2,0.932893359428,7372,9403,8
109856,5,best_r_change,2,3,0.932188197883,7449.53333333,9492,8
109858,5,best_r_change,3,2,0.931893899397,7482,9515,7
109859,5,best_r_change,2,3,0.931839903877,7488,9516,8
109860,5,best_r_change,3,2,0.932095394138,7460,9503,8
109863,5,best_r_change,2,3,0.932512917603,7414.33333333,9459,8
109864,5,best_r_change,3,2,0.932334522683,7434,9453,8
109865,5,best_r_change,2,3,0.932881870174,7373.93333333,9425,8
109866,5,best_r_change,3,2,0.932836364298,7379,9416,8
109867,5,best_r_change,2,3,0.93176598372,7496.66666667,9535,8
109868,5,best_r_change,3,2,0.93302872538,7358,9393,8
109871,5,best_r_change,2,3,0.93201845801,7469.2,9526,8
109874,5,best_r_change,3,2,0.932522707829,7414,9417,8
109875,5,best_r_change,2,3,0.932682290482,7396.53333333,9452,8
109878,5,best_r_change,3,2,0.932643477311,7401,9443,8
109879,5,best_r_change,2,3,0.932038575767,7467.53333333,9511,8
109880,5,best_r_change,3,2,0.931916636331,7481,9506,8
109881,5,best_r_change,2,3,0.93198520824,7473.53333333,9531,8
109884,5,best_r_change,3,2,0.932656255688,7400,9435,8
109885,5,best_r_change,2,3,0.932483353809,7419.06666667,9475,8
109886,5,best_r_change,3,2,0.931447136123,7533,9544,8
109888,5,best_r_change,2,3,0.932248592506,7445.06666667,9509,8
109889,5,best_r_change,3,2,0.932777621054,7387,9409,8
109890,5,best_r_change,2,3,0.933115539782,7349.93333333,9413,8
109892,5,best_r_change,3,2,0.932306264332,7439,9466,8
109894,5,best_r_change,2,3,0.931395708592,7539.2,9589,8
109895,5,best_r_change,3,2,0.933026980299,7360,9387,8
109896,5,best_r_change,2,3,0.93236393196,7432.93333333,9477,8
109897,5,best_r_change,3,2,0.931781577295,7497,9528,8
109898,5,best_r_change,2,3,0.932320879361,7437.8,9492,8
109900,5,best_r_change,3,2,0.932775250227,7388,9434,8
109902,5,best_r_change,2,3,0.93240280735,7429.06666667,9481,8
109903,5,best_r_change,3,2,0.931912686642,7483,9497,8
109904,5,best_r_change,2,3,0.932252389965,7445.73333333,9495,8
109906,5,best_r_change,3,2,0.932041926737,7469,9494,8
109907,5,best_r_change,2,3,0.932803794723,7385.33333333,9430,8
109909,5,best_r_change,3,2,0.93218935665,7453,9491,8
109910,5,best_r_change,2,3,0.931709580566,7505.8,9546,8
109911,5,best_r_change,3,2,0.932126902676,7460,9467,8
109913,5,best_r_change,2,3,0.93351408235,7307.66666667,9362,9
109914,5,best_r_change,3,2,0.932519970158,7417,9435,8
109915,5,best_r_change,2,3,0.931494336533,7529.8,9565,8
109916,5,best_r_change,3,2,0.932912405837,7374,9390,7
109917,5,best_r_change,2,3,0.932971848455,7367.53333333,9415,8
109921,5,best_r_change,3,2,0.933215673074,7341,9380,8
109922,5,best_r_change,2,3,0.931881394686,7487.73333333,9535,8
109924,5,best_r_change,3,2,0.931898402533,7486,9533,8
109925,5,best_r_change,2,3,0.931564248351,7522.8,9568,8
109926,5,best_r_change,3,2,0.932982188017,7367,9395,8
109930,5,best_r_change,2,3,0.933080445132,7356.46666667,9411,8
109932,5,best_r_change,3,2,0.932385474657,7433,9454,8
109933,5,best_r_change,2,3,0.931343030149,7547.66666667,9595,8
109934,5,best_r_change,3,2,0.931859115469,7491,9502,8
109935,5,best_r_change,2,3,0.931831840027,7494.06666667,9553,8
109937,5,best_r_change,3,2,0.931397072869,7542,9567,8
109938,5,best_r_change,2,3,0.931785794417,7499.33333333,9542,8
109940,5,best_r_change,3,2,0.932344915408,7438,9467,8
109941,5,best_r_change,2,3,0.933181130485,7346.13333333,9390,8
109943,5,best_r_change,3,2,0.933038028797,7362,9382,8
109945,5,best_r_change,2,3,0.933467946094,7314.86666667,9371,9
109946,5,best_r_change,3,2,0.93273061321,7396,9440,8
109947,5,best_r_change,2,3,0.934253170467,7228.66666667,9263,8
109948,5,best_r_change,3,2,0.931222032233,7562,9575,7
109949,5,best_r_change,2,3,0.932649379864,7405.13333333,9451,8
109952,5,best_r_change,3,2,0.93338911525,7324,9332,8
109954,5,best_r_change,2,3,0.932252881508,7449.06666667,9491,8
109956,5,best_r_change,3,2,0.932536651024,7418,9445,8
109958,5,best_r_change,2,3,0.931835185556,7495.26666667,9528,8
109960,5,best_r_change,3,2,0.93102946526,7584,9601,8
109963,5,best_r_change,2,3,0.932059571553,7470.93333333,9507,8
109964,5,best_r_change,3,2,0.932077770907,7469,9520,8
109965,5,best_r_change,2,3,0.93224995832,7450.13333333,9487,8
109966,5,best_r_change,3,2,0.932497317353,7423,9441,8
109969,5,best_r_change,2,3,0.932747107518,7395.73333333,9449,8
109970,5,best_r_change,3,2,0.931926889152,7486,9497,8
109971,5,best_r_change,2,3,0.932910797695,7377.86666667,9428,8
109974,5,best_r_change,3,2,0.931129175987,7574,9595,8
109975,5,best_r_change,2,3,0.932413730393,7432.8,9486,8
109976,5,best_r_change,3,2,0.93274896341,7396,9391,8
109977,5,best_r_change,2,3,0.931574783818,7525.2,9575,8
109981,5,best_r_change,3,2,0.932679280967,7404,9438,8
109982,5,best_r_change,2,3,0.932233759464,7453.06666667,9502,8
109985,5,best_r_change,3,2,0.932118016093,7466,9492,7
109986,5,best_r_change,2,3,0.932499893926,7424.06666667,9464,8
109988,5,best_r_change,3,2,0.931747099684,7507,9554,8
109992,5,best_r_change,2,3,0.93258661236,7414.93333333,9461,8
109994,5,best_r_change,3,2,0.931969016492,7483,9508,8
109995,5,best_r_change,2,3,0.932610270164,7412.53333333,9449,8
109996,5,best_r_change,3,2,0.932024800902,7477,9516,8
109997,5,best_r_change,2,3,0.932559372831,7418.26666667,9457,8
109998,5,best_r_change,3,2,0.931398752705,7546,9582,8
109999,5,best_r_change,2,3,0.931845441019,7496.93333333,9540,8
110003,5,best_r_change,3,2,0.931683681354,7515,9537,8
110004,5,best_r_change,2,3,0.932283068494,7449.13333333,9479,8
110006,5,best_r_change,3,2,0.932812755668,7391,9419,8
110007,5,best_r_change,2,3,0.93186857806,7494.93333333,9523,8
110010,5,best_r_change,3,2,0.9330879011,7361,9387,8
110011,5,best_r_change,2,3,0.931655925317,7518.6,9580,8
110012,5,best_r_change,3,2,0.932443733411,7432,9434,8
110014,5,best_r_change,2,3,0.93241708631,7435.06666667,9478,8
110017,5,best_r_change,3,2,0.93224683458,7454,9515,8
110019,5,best_r_change,2,3,0.933407865914,7326.4,9381,8
110020,5,best_r_change,3,2,0.932912197782,7381,9430,8
110022,5,best_r_change,2,3,0.93158701593,7526.93333333,9591,8
110023,5,best_r_change,3,2,0.932859493015,7387,9426,8
110024,5,best_r_change,2,3,0.93221115393,7458.4,9499,8
110027,5,best_r_change,3,2,0.931680405719,7517,9539,8
110028,5,best_r_change,2,3,0.932381454418,7439.93333333,9488,8
110029,5,best_r_change,3,2,0.932799534668,7394,9414,8
110030,5,best_r_change,2,3,0.932786209822,7395.53333333,9437,8
110031,5,best_r_change,3,2,0.932937081368,7379,9388,8
110033,5,best_r_change,2,3,0.932904371113,7382.73333333,9429,8
110034,5,best_r_change,3,2,0.931748368686,7510,9549,8
110037,5,best_r_change,2,3,0.931464870907,7541.4,9599,8
110039,5,best_r_change,3,2,0.93238760803,7440,9466,8
110041,5,best_r_change,2,3,0.932359756818,7443.2,9481,7
110044,5,best_r_change,3,2,0.93329940751,7340,9362,8
110045,5,best_r_change,2,3,0.933307283384,7339.2,9375,8
110046,5,best_r_change,3,2,0.932346473293,7445,9475,8
110047,5,best_r_change,2,3,0.932032676947,7479.6,9525,8
110052,5,best_r_change,3,2,0.932431941264,7436,9465,8
110053,5,best_r_change,2,3,0.933686496506,7298,9353,8
110054,5,best_r_change,3,2,0.932015192542,7482,9528,8
110055,5,best_r_change,2,3,0.932711220148,7405.46666667,9464,8
110056,5,best_r_change,3,2,0.931843788617,7501,9525,8
110057,5,best_r_change,2,3,0.932241171999,7457.33333333,9498,8
110061,5,best_r_change,3,2,0.932382951272,7442,9475,8
110064,5,best_r_change,2,3,0.93295537142,7379.2,9430,8
110068,5,best_r_change,3,2,0.932750663226,7402,9464,8
110070,5,best_r_change,2,3,0.931135943793,7579.86666667,9632,8
110071,5,best_r_change,3,2,0.933452044589,7325,9341,8
110073,5,best_r_change,2,3,0.932616839128,7417.06666667,9467,8
110074,5,best_r_change,3,2,0.932499954576,7430,9476,8
110075,5,best_r_change,2,3,0.933232795821,7349.4,9401,8
110078,5,best_r_change,3,2,0.933074728829,7367,9398,8
110079,5,best_r_change,2,3,0.932659271977,7412.8,9451,8
110080,5,best_r_change,3,2,0.932321947674,7450,9458,8
110081,5,best_r_change,2,3,0.9335840578,7311.13333333,9358,8
110084,5,best_r_change,3,2,0.93254242215,7426,9420,8
110088,5,best_r_change,2,3,0.933239469031,7349.53333333,9400,8
110090,5,best_r_change,3,2,0.933063856844,7369,9383,8
110091,5,best_r_change,2,3,0.931695900058,7519.66666667,9560,8
110093,5,best_r_change,3,2,0.932566103204,7424,9467,8
110095,5,best_r_change,2,3,0.931801928637,7508.26666667,9564,8
110096,5,best_r_change,3,2,0.932068376689,7479,9523,8
110097,5,best_r_change,2,3,0.932154372962,7469.6,9511,8
110099,5,best_r_change,3,2,0.933305479614,7343,9400,8
110100,5,best_r_change,2,3,0.9330626703,7369.8,9422,8
110102,5,best_r_change,3,2,0.931200159852,7575,9604,8
110103,5,best_r_change,2,3,0.933785031592,7290.46666667,9345,8
110104,5,best_r_change,3,2,0.932127806438,7473,9490,7
110107,5,best_r_change,2,3,0.932276179837,7456.86666667,9518,8
110109,5,best_r_change,3,2,0.931368008065,7557,9578,8
110110,5,best_r_change,2,3,0.932994278449,7378,9418,8
110111,5,best_r_change,3,2,0.932331919608,7451,9458,8
110112,5,best_r_change,2,3,0.933398721302,7333.6,9394,8
110113,5,best_r_change,3,2,0.933059675061,7371,9426,8
110114,5,best_r_change,2,3,0.932158793008,7470.26666667,9524,8
110118,5,best_r_change,3,2,0.932690386676,7412,9449,8
110121,5,best_r_change,2,3,0.932217590953,7464.26666667,9511,8
110122,5,best_r_change,3,2,0.932202466355,7466,9512,8
110123,5,best_r_change,2,3,0.932568733749,7425.73333333,9460,8
110126,5,best_r_change,3,2,0.932277572962,7458,9507,8
110127,5,best_r_change,2,3,0.932157115573,7471.33333333,9524,8
110128,5,best_r_change,3,2,0.932278802848,7458,9486,8
110131,5,best_r_change,2,3,0.931577242859,7535.46666667,9580,8
110133,5,best_r_change,3,2,0.932290957297,7457,9471,9
110134,5,best_r_change,2,3,0.931961670934,7493.33333333,9555,8
110135,5,best_r_change,3,2,0.932491941708,7435,9445,8
110136,5,best_r_change,2,3,0.932110602649,7477.06666667,9526,8
110137,5,best_r_change,3,2,0.932829112832,7398,9409,8
110138,5,best_r_change,2,3,0.932337007512,7452.26666667,9502,8
110139,5,best_r_change,3,2,0.931713561954,7521,9548,8
110140,5,best_r_change,2,3,0.93312027117,7366.13333333,9422,8
110142,5,best_r_change,3,2,0.932450836193,7440,9484,8
110143,5,best_r_change,2,3,0.932639084342,7419.33333333,9469,8
110146,5,best_r_change,3,2,0.931736059412,7519,9504,8
110149,5,best_r_change,2,3,0.93368739919,7304.26666667,9374,8
110151,5,best_r_change,3,2,0.93166653049,7527,9545,8
110152,5,best_r_change,2,3,0.933105768998,7368.53333333,9414,8
110153,5,best_r_change,3,2,0.931604223217,7534,9569,8
110154,5,best_r_change,2,3,0.932634917177,7420.53333333,9474,8
110158,5,best_r_change,3,2,0.931571016177,7538,9541,8
110160,5,best_r_change,2,3,0.931669087388,7527.33333333,9584,8
110162,5,best_r_change,3,2,0.932562952742,7429,9471,8
110163,5,best_r_change,2,3,0.930885445507,7613.86666667,9658,8
110165,5,best_r_change,3,2,0.931457359415,7551,9579,8
110166,5,best_r_change,2,3,0.932616233684,7423.4,9478,8
110167,5,best_r_change,3,2,0.932910944294,7391,9418,8
110168,5,best_r_change,2,3,0.93252426597,7433.66666667,9478,8
110171,5,best_r_change,3,2,0.932695536938,7415,9442,8
110172,5,best_r_change,2,3,0.932809909354,7402.46666667,9448,8
110173,5,best_r_change,3,2,0.931825401868,7511,9535,8
110174,5,best_r_change,2,3,0.932365167825,7451.6,9504,8
110176,5,best_r_change,3,2,0.931736494336,7521,9550,8
110178,5,best_r_change,2,3,0.93311852941,7368.86666667,9423,8
110181,5,best_r_change,3,2,0.9324021383,7448,9503,8
110182,5,best_r_change,2,3,0.933041089591,7377.66666667,9426,8
110183,5,best_r_change,3,2,0.931786210214,7516,9503,8
110184,5,best_r_change,2,3,0.9320548658,7486.46666667,9539,8
110186,5,best_r_change,3,2,0.931052946835,7597,9590,8
110188,5,best_r_change,2,3,0.932470565458,7440.93333333,9497,8
110189,5,best_r_change,3,2,0.931907903693,7503,9515,8
110190,5,best_r_change,2,3,0.93245787579,7442.46666667,9491,8
110195,5,best_r_change,3,2,0.933218385589,7359,9407,8
110196,5,best_r_change,2,3,0.93252507653,7435.46666667,9491,8
110198,5,best_r_change,3,2,0.932058658052,7487,9511,8
110202,5,best_r_change,2,3,0.931817329389,7513.86666667,9571,8
110204,5,best_r_change,3,2,0.932379949911,7452,9497,7
110205,5,best_r_change,2,3,0.932751387566,7411.13333333,9461,7
110207,5,best_r_change,3,2,0.931556071756,7543,9500,8
110209,5,best_r_change,2,3,0.933053864324,7378.06666667,9444,8
110211,5,best_r_change,3,2,0.932193701173,7473,9490,7
110212,5,best_r_change,2,3,0.93177693899,7519,9574,8
110213,5,best_r_change,3,2,0.932076978215,7486,9553,8
110215,5,best_r_change,2,3,0.932420571912,7448.26666667,9506,8
110217,5,best_r_change,3,2,0.931888910059,7507,9548,8
110218,5,best_r_change,2,3,0.9322929709,7462.53333333,9511,8
110219,5,best_r_change,3,2,0.931173391158,7586,9580,8
110220,5,best_r_change,2,3,0.933197846731,7362.93333333,9411,8
110223,5,best_r_change,3,2,0.932672854123,7421,9478,8
110225,5,best_r_change,2,3,0.931629545626,7536.13333333,9584,8
110228,5,best_r_change,3,2,0.9313967413,7562,9601,8
110231,5,best_r_change,2,3,0.931433081438,7558.2,9605,8
110232,5,best_r_change,3,2,0.931880034836,7509,9545,8
110234,5,best_r_change,2,3,0.932190915084,7474.86666667,9526,8
110237,5,best_r_change,3,2,0.932481834593,7443,9467,8
110238,5,best_r_change,2,3,0.93353834431,7326.6,9378,7
110240,5,best_r_change,3,2,0.93229317852,7464,9503,8
110243,5,best_r_change,2,3,0.933485723961,7332.73333333,9377,8
110244,5,best_r_change,3,2,0.931751387831,7524,9557,8
110245,5,best_r_change,2,3,0.932058596762,7490.2,9537,8
110246,5,best_r_change,3,2,0.931988462166,7498,9528,8
110247,5,best_r_change,2,3,0.932692348393,7420.46666667,9474,8
110249,5,best_r_change,3,2,0.931437019837,7559,9570,8
110250,5,best_r_change,2,3,0.932096145125,7486.4,9551,8
110252,5,best_r_change,3,2,0.932518230962,7440,9477,8
110253,5,best_r_change,2,3,0.931831333388,7515.8,9567,8
110255,5,best_r_change,3,2,0.932293320031,7465,9494,8
110257,5,best_r_change,2,3,0.932712359911,7418.93333333,9483,8
110261,5,best_r_change,3,2,0.93324022093,7361,9392,8
110263,5,best_r_change,2,3,0.932355670835,7458.66666667,9512,8
110266,5,best_r_change,3,2,0.931891970326,7510,9543,8
110267,5,best_r_change,2,3,0.932422211541,7451.6,9512,8
110269,5,best_r_change,3,2,0.931757792308,7525,9560,8
110270,5,best_r_change,2,3,0.933021371784,7385.73333333,9436,8
110271,5,best_r_change,3,2,0.932176184128,7479,9501,7
110272,5,best_r_change,2,3,0.932180426582,7478.6,9541,8
110273,5,best_r_change,3,2,0.932277166668,7468,9502,8
110274,5,best_r_change,2,3,0.932042004462,7494,9541,8
110277,5,best_r_change,3,2,0.93261514187,7431,9465,8
110278,5,best_r_change,2,3,0.932825525792,7407.86666667,9462,8
110279,5,best_r_change,3,2,0.932117628923,7486,9508,8
110280,5,best_r_change,2,3,0.932423527989,7452.33333333,9509,7
110284,5,best_r_change,3,2,0.932156976533,7482,9516,8
110285,5,best_r_change,2,3,0.933812697405,7299.46666667,9358,8
110286,5,best_r_change,3,2,0.93145095479,7560,9566,7
110287,5,best_r_change,2,3,0.933706904108,7311.26666667,9362,8
110289,5,best_r_change,3,2,0.932831016693,7408,9444,8
110290,5,best_r_change,2,3,0.932952519116,7394.66666667,9462,8
110292,5,best_r_change,3,2,0.932143763827,7484,9520,8
110293,5,best_r_change,2,3,0.931645102893,7539.06666667,9585,8
110294,5,best_r_change,3,2,0.931800460587,7522,9554,8
110295,5,best_r_change,2,3,0.933526754008,7331.66666667,9383,8
110297,5,best_r_change,3,2,0.932128707036,7486,9508,8
110298,5,best_r_change,2,3,0.933147170997,7373.73333333,9420,8
110299,5,best_r_change,3,2,0.931712889509,7532,9563,8
110300,5,best_r_change,2,3,0.931780598368,7524.6,9580,8
110302,5,best_r_change,3,2,0.932449094305,7451,9497,8
110305,5,best_r_change,2,3,0.932703564359,7423.13333333,9491,8
110307,5,best_r_change,3,2,0.931917285394,7510,9563,8
110308,5,best_r_change,2,3,0.934026543859,7277.4,9339,8
110309,5,best_r_change,3,2,0.932335530192,7464,9503,8
110310,5,best_r_change,2,3,0.932226754903,7476.06666667,9529,8
110312,5,best_r_change,3,2,0.932464283124,7450,9487,8
110314,5,best_r_change,2,3,0.932693342036,7424.86666667,9484,8
110317,5,best_r_change,3,2,0.932431084964,7454,9465,8
110318,5,best_r_change,2,3,0.931989944222,7502.73333333,9558,8
110322,5,best_r_change,3,2,0.933086782328,7382,9427,8
110323,5,best_r_change,2,3,0.931939849351,7508.6,9562,8
110324,5,best_r_change,3,2,0.932489757442,7448,9439,8
110325,5,best_r_change,2,3,0.933274114359,7361.53333333,9408,8
110327,5,best_r_change,3,2,0.931893371523,7514,9534,8
110328,5,best_r_change,2,3,0.932576197037,7438.73333333,9496,8
110333,5,best_r_change,3,2,0.931915202161,7512,9538,8
110334,5,best_r_change,2,3,0.932593156537,7437.26666667,9493,8
110337,5,best_r_change,3,2,0.931401071263,7569,9630,8
110340,5,best_r_change,2,3,0.932929128149,7400.6,9449,8
110341,5,best_r_change,3,2,0.932536409857,7444,9453,7
110342,5,best_r_change,2,3,0.933343000248,7355.06666667,9415,8
110343,5,best_r_change,3,2,0.931758244746,7530,9581,8
110344,5,best_r_change,2,3,0.933665023321,7319.66666667,9365,8
110346,5,best_r_change,3,2,0.932729777246,7423,9480,8
110347,5,best_r_change,2,3,0.932879008945,7406.6,9459,8
110348,5,best_r_change,3,2,0.932441004821,7455,9446,7
110349,5,best_r_change,2,3,0.933208275562,7370.4,9431,8
110352,5,best_r_change,3,2,0.932370958388,7463,9498,8
110354,5,best_r_change,2,3,0.933022817478,7391.2,9453,8
110356,5,best_r_change,3,2,0.932427779187,7457,9514,8
110359,5,best_r_change,2,3,0.931961447035,7508.66666667,9559,8
110360,5,best_r_change,3,2,0.932765494744,7420,9449,8
110361,5,best_r_change,2,3,0.932372849104,7463.4,9536,8
110364,5,best_r_change,3,2,0.93164437679,7544,9585,8
110365,5,best_r_change,2,3,0.931988704148,7506.06666667,9565,8
110366,5,best_r_change,3,2,0.932116775094,7492,9496,8
110367,5,best_r_change,2,3,0.932511227692,7448.53333333,9501,8
110371,5,best_r_change,3,2,0.93191146225,7515,9550,7
110372,5,best_r_change,2,3,0.932871259619,7409.13333333,9460,8
110374,5,best_r_change,3,2,0.932293837317,7473,9509,8
110377,5,best_r_change,2,3,0.932574721183,7442.2,9489,8
110380,5,best_r_change,3,2,0.93179017938,7529,9559,8
110381,5,best_r_change,2,3,0.932422548567,7459.26666667,9502,8
110383,5,best_r_change,3,2,0.932851979019,7412,9463,8
110384,5,best_r_change,2,3,0.932693747886,7429.53333333,9488,8
110388,5,best_r_change,3,2,0.931949124905,7512,9554,8
110390,5,best_r_change,2,3,0.932834495878,7414.4,9467,8
110391,5,best_r_change,3,2,0.932494496834,7452,9467,8
110393,5,best_r_change,2,3,0.932832697725,7414.8,9474,8
110402,5,best_r_change,3,2,0.932157026141,7490,9514,8
110403,5,best_r_change,2,3,0.932731900401,7426.6,9475,8
110405,5,best_r_change,3,2,0.932584574974,7443,9487,8
110406,5,best_r_change,2,3,0.931703590988,7540.33333333,9600,8
110408,5,best_r_change,3,2,0.931988624013,7509,9544,7
110409,5,best_r_change,2,3,0.93288590604,7410,9458,8
110411,5,best_r_change,3,2,0.9331044914,7386,9431,8
110413,5,best_r_change,2,3,0.931438025112,7570.13333333,9633,8
110414,5,best_r_change,3,2,0.932137228975,7493,9522,8
110416,5,best_r_change,2,3,0.932468724339,7456.53333333,9516,8
110417,5,best_r_change,3,2,0.932120959635,7495,9542,8
110418,5,best_r_change,2,3,0.932768811848,7423.53333333,9473,8
110419,5,best_r_change,3,2,0.932348599426,7470,9487,7
110420,5,best_r_change,2,3,0.932296081628,7475.86666667,9532,8
110421,5,best_r_change,3,2,0.932232093533,7483,9521,8
110422,5,best_r_change,2,3,0.93236915349,7467.93333333,9525,8
110423,5,best_r_change,3,2,0.932079367523,7500,9520,8
110424,5,best_r_change,2,3,0.931525151537,7561.26666667,9616,8
110426,5,best_r_change,3,2,0.93281473566,7419,9470,8
110428,5,best_r_change,2,3,0.933259680516,7370,9422,8
110429,5,best_r_change,3,2,0.932227947369,7484,9518,8
110430,5,best_r_change,2,3,0.931766730055,7535,9593,8
110432,5,best_r_change,3,2,0.932166401043,7491,9515,8
110433,5,best_r_change,2,3,0.933409397553,7353.8,9409,8
110438,5,best_r_change,3,2,0.931789782502,7533,9581,8
110439,5,best_r_change,2,3,0.933041769665,7394.8,9462,8
110443,5,best_r_change,3,2,0.933169146075,7381,9421,8
110445,5,best_r_change,2,3,0.932652451446,7438.2,9497,8
110449,5,best_r_change,3,2,0.932158733895,7493,9533,8
110450,5,best_r_change,2,3,0.932674211559,7436.13333333,9483,8
110452,5,best_r_change,3,2,0.932866765654,7415,9457,8
110453,5,best_r_change,2,3,0.933096731943,7389.66666667,9452,8
110456,5,best_r_change,3,2,0.932787716376,7424,9460,8
110457,5,best_r_change,2,3,0.932280133144,7480.13333333,9543,8
110466,5,best_r_change,3,2,0.93137254902,7581,9598,8
110467,5,best_r_change,2,3,0.932411791153,7466.26666667,9537,8
110469,5,best_r_change,3,2,0.932967619875,7405,9462,8
110470,5,best_r_change,2,3,0.932390694306,7468.8,9518,8
110471,5,best_r_change,3,2,0.9337654226,7317,9385,8
110473,5,best_r_change,2,3,0.931771564093,7537.4,9592,8
110475,5,best_r_change,3,2,0.932627291242,7443,9493,8
110476,5,best_r_change,2,3,0.931872382539,7526.46666667,9592,8
110477,5,best_r_change,3,2,0.932528942676,7454,9512,8
110479,5,best_r_change,2,3,0.931296143762,7590.33333333,9646,8
110482,5,best_r_change,3,2,0.932975507322,7405,9420,8
110484,5,best_r_change,2,3,0.93183447377,7531.2,9594,8
110485,5,best_r_change,3,2,0.933067837263,7395,9419,8
110486,5,best_r_change,2,3,0.934192567384,7270.8,9328,8
110489,5,best_r_change,3,2,0.932644878676,7442,9454,8
110490,5,best_r_change,2,3,0.932781850545,7426.93333333,9482,8
110495,5,best_r_change,3,2,0.932422281551,7467,9508,8
110496,5,best_r_change,2,3,0.932106139589,7502,9563,8
110497,5,best_r_change,3,2,0.932586405061,7449,9483,8
110498,5,best_r_change,2,3,0.931765884149,7539.73333333,9598,8
110500,5,best_r_change,3,2,0.931701357466,7547,9568,8
110501,5,best_r_change,2,3,0.932864559295,7418.53333333,9481,8
110504,5,best_r_change,3,2,0.93235538985,7475,9515,8
110506,5,best_r_change,2,3,0.931343094493,7587,9662,8
110508,5,best_r_change,3,2,0.932484526007,7461,9510,8
110512,5,best_r_change,2,3,0.933215095797,7380.53333333,9461,8
110513,5,best_r_change,3,2,0.931383638124,7583,9606,8
110514,5,best_r_change,2,3,0.932894173287,7416.13333333,9468,8
110518,5,best_r_change,3,2,0.932092509817,7505,9546,8
110519,5,best_r_change,2,3,0.932802504547,7426.6,9482,8
110520,5,best_r_change,3,2,0.932627578719,7446,9486,8
110523,5,best_r_change,2,3,0.931969514641,7518.93333333,9593,8
110524,5,best_r_change,3,2,0.931553327784,7565,9600,8
110527,5,best_r_change,2,3,0.933488348247,7351.33333333,9426,8
110528,5,best_r_change,3,2,0.931917704111,7525,9572,8
110530,5,best_r_change,2,3,0.931870683676,7530.33333333,9589,8
110535,5,best_r_change,3,2,0.932247704347,7489,9495,8
110536,5,best_r_change,2,3,0.932622855902,7447.6,9515,8
110538,5,best_r_change,3,2,0.932294776457,7484,9513,8
110539,5,best_r_change,2,3,0.932945536568,7412.13333333,9479,8
110541,5,best_r_change,3,2,0.932622284944,7448,9472,8
110542,5,best_r_change,2,3,0.93337253412,7365.13333333,9431,8
110543,5,best_r_change,3,2,0.932162145048,7499,9557,8
110544,5,best_r_change,2,3,0.931740000965,7545.73333333,9611,8
110545,5,best_r_change,3,2,0.932525215975,7459,9499,8
110546,5,best_r_change,2,3,0.932318974303,7481.86666667,9541,8
110549,5,best_r_change,3,2,0.932654298094,7445,9503,8
110552,5,best_r_change,2,3,0.932227368116,7492.4,9568,8
110553,5,best_r_change,3,2,0.931905963655,7528,9577,8
110554,5,best_r_change,2,3,0.932268393726,7488,9542,8
110556,5,best_r_change,3,2,0.933725894569,7327,9373,8
110557,5,best_r_change,2,3,0.93101718269,7626.53333333,9683,8
110561,5,best_r_change,3,2,0.932652562839,7446,9494,8
110563,5,best_r_change,2,3,0.932514493999,7461.4,9515,8
110567,5,best_r_change,3,2,0.93158899129,7564,9618,8
110568,5,best_r_change,2,3,0.933721028387,7328.33333333,9387,8
110570,5,best_r_change,3,2,0.93280274939,7430,9448,7
110571,5,best_r_change,2,3,0.932862444342,7423.46666667,9483,8
110576,5,best_r_change,3,2,0.932327087252,7483,9530,8
110577,5,best_r_change,2,3,0.932806400367,7430.06666667,9472,8
110579,5,best_r_change,3,2,0.932012407419,7518,9567,8
110580,5,best_r_change,2,3,0.93304696449,7403.66666667,9473,8
110585,5,best_r_change,3,2,0.932296423566,7487,9536,8
110586,5,best_r_change,2,3,0.932494167435,7465.2,9507,8
110591,5,best_r_change,3,2,0.932933059652,7417,9457,8
110592,5,best_r_change,2,3,0.93157612365,7567.13333333,9624,8
110596,5,best_r_change,3,2,0.933288726536,7378,9424,8
110598,5,best_r_change,2,3,0.932643146048,7449.53333333,9519,8
110599,5,best_r_change,3,2,0.933236286042,7384,9404,8
110601,5,best_r_change,2,3,0.933098856852,7399.33333333,9459,8
110602,5,best_r_change,3,2,0.932397244173,7477,9536,8
110605,5,best_r_change,2,3,0.93250757199,7465,9539,8
110607,5,best_r_change,3,2,0.932472628315,7469,9488,8
110608,5,best_r_change,2,3,0.932512416221,7464.66666667,9535,8
110611,5,best_r_change,3,2,0.932312337833,7487,9541,8
110612,5,best_r_change,2,3,0.933326703552,7374.86666667,9428,8
110613,5,best_r_change,3,2,0.931463752,7581,9621,7
110614,5,best_r_change,2,3,0.9330151096,7409.46666667,9465,8
110616,5,best_r_change,3,2,0.931845302669,7539,9605,8
110618,5,best_r_change,2,3,0.932033966744,7518.26666667,9576,8
110619,5,best_r_change,3,2,0.932036991837,7518,9594,8
110622,5,best_r_change,2,3,0.931935178656,7529.46666667,9595,8
110623,5,best_r_change,3,2,0.932880142466,7425,9489,8
110624,5,best_r_change,2,3,0.931836973291,7540.46666667,9595,8
110625,5,best_r_change,3,2,0.933360451977,7372,9415,8
110626,5,best_r_change,2,3,0.932930173136,7419.66666667,9485,8
110628,5,best_r_change,3,2,0.932566800448,7460,9502,8
110629,5,best_r_change,2,3,0.933480973946,7358.93333333,9410,8
110633,5,best_r_change,3,2,0.931620764148,7565,9625,8
110634,5,best_r_change,2,3,0.932282420715,7491.86666667,9546,8
110637,5,best_r_change,3,2,0.931677467755,7559,9593,8
110638,5,best_r_change,2,3,0.932202920034,7500.93333333,9578,8
110641,5,best_r_change,3,2,0.931544364205,7574,9612,7
110642,5,best_r_change,2,3,0.93339238264,7369.6,9421,8
110643,5,best_r_change,3,2,0.932377104742,7482,9539,8
110644,5,best_r_change,2,3,0.932395189376,7480.06666667,9550,8
110645,5,best_r_change,3,2,0.932658502418,7451,9504,8
110646,5,best_r_change,2,3,0.933781007297,7326.86666667,9390,8
110647,5,best_r_change,3,2,0.931557114065,7573,9622,8
110648,5,best_r_change,2,3,0.933011592317,7412.13333333,9469,8
110649,5,best_r_change,3,2,0.931883704326,7537,9584,8
110651,5,best_r_change,2,3,0.931796971258,7546.73333333,9611,8
110657,5,best_r_change,3,2,0.931445819063,7586,9608,8
110658,5,best_r_change,2,3,0.932376631905,7483.06666667,9537,7
110660,5,best_r_change,3,2,0.931700704862,7558,9585,8
110661,5,best_r_change,2,3,0.932282677125,7493.66666667,9562,8
110662,5,best_r_change,3,2,0.933057418084,7408,9477,8
110663,5,best_r_change,2,3,0.931974854589,7527.86666667,9586,8
110666,5,best_r_change,3,2,0.932201398804,7503,9568,8
110667,5,best_r_change,2,3,0.933453814898,7364.46666667,9429,8
110668,5,best_r_change,3,2,0.932292984422,7493,9540,8
110672,5,best_r_change,2,3,0.932671317045,7451.4,9504,8
110673,5,best_r_change,3,2,0.9319346182,7533,9602,8
110675,5,best_r_change,2,3,0.932209321587,7502.73333333,9571,8
110676,5,best_r_change,3,2,0.932451479996,7476,9538,8
110677,5,best_r_change,2,3,0.932724354051,7445.86666667,9503,8
110678,5,best_r_change,3,2,0.931874446593,7540,9582,8
110681,5,best_r_change,2,3,0.932693054815,7449.6,9510,8
110683,5,best_r_change,3,2,0.931778141178,7551,9613,8
110685,5,best_r_change,2,3,0.93186068573,7542,9603,8
110686,5,best_r_change,3,2,0.932837034494,7434,9453,8
110688,5,best_r_change,2,3,0.931310831647,7603.06666667,9649,8
110689,5,best_r_change,3,2,0.933082781487,7407,9456,8
110691,5,best_r_change,2,3,0.933055081262,7410.2,9461,8
110693,5,best_r_change,3,2,0.932814179758,7437,9449,8
110695,5,best_r_change,2,3,0.933525452821,7358.4,9428,8
110697,5,best_r_change,3,2,0.932861775839,7432,9479,8
110698,5,best_r_change,2,3,0.932629918035,7457.73333333,9528,8
110699,5,best_r_change,3,2,0.932239676962,7501,9547,8
110700,5,best_r_change,2,3,0.933374284854,7375.46666667,9424,8
110701,5,best_r_change,3,2,0.932656434901,7455,9523,8
110703,5,best_r_change,2,3,0.932804591264,7438.73333333,9502,8
110707,5,best_r_change,3,2,0.932542657646,7468,9527,8
110708,5,best_r_change,2,3,0.93235056786,7489.33333333,9549,8
110712,5,best_r_change,3,2,0.931823108606,7548,9619,8
110713,5,best_r_change,2,3,0.931531075845,7580.4,9640,8
110715,5,best_r_change,3,2,0.933017206341,7416,9452,8
110718,5,best_r_change,2,3,0.93245301878,7478.66666667,9544,8
110720,5,best_r_change,3,2,0.931828034682,7548,9586,8
110722,5,best_r_change,2,3,0.93278180187,7442.53333333,9496,8
110724,5,best_r_change,3,2,0.932137567284,7514,9556,8
110725,5,best_r_change,2,3,0.931978625724,7531.66666667,9600,8
110729,5,best_r_change,3,2,0.931887762014,7542,9583,8
110730,5,best_r_change,2,3,0.932894427888,7430.6,9502,8
110732,5,best_r_change,3,2,0.931591590507,7575,9640,8
110735,5,best_r_change,2,3,0.932300838338,7496.66666667,9552,8
110738,5,best_r_change,3,2,0.933013057848,7418,9473,8
110740,5,best_r_change,2,3,0.931961952923,7534.53333333,9599,8
110741,5,best_r_change,3,2,0.933195474124,7398,9439,8
110742,5,best_r_change,2,3,0.931035499931,7637.26666667,9703,8
110743,5,best_r_change,3,2,0.93373847557,7338,9400,8
110745,5,best_r_change,2,3,0.931518954957,7583.93333333,9644,8
110746,5,best_r_change,3,2,0.931726653784,7561,9598,8
110748,5,best_r_change,2,3,0.933264107102,7390.86666667,9462,8
110749,5,best_r_change,3,2,0.932803004993,7442,9461,7
110750,5,best_r_change,2,3,0.932376222724,7489.33333333,9548,8
110752,5,best_r_change,3,2,0.932263074256,7502,9546,8
110754,5,best_r_change,2,3,0.93231485996,7496.4,9561,8
110756,5,best_r_change,3,2,0.93186825093,7546,9612,8
110757,5,best_r_change,2,3,0.933762501091,7336.26666667,9387,8
110758,5,best_r_change,3,2,0.932654977519,7459,9507,8
110759,5,best_r_change,2,3,0.932911396215,7430.66666667,9503,8
110762,5,best_r_change,3,2,0.931980282046,7534,9589,8
110763,5,best_r_change,2,3,0.932707974083,7453.46666667,9509,8
110769,5,best_r_change,3,2,0.932129025269,7518,9562,8
110770,5,best_r_change,2,3,0.93071228672,7675,9740,8
110772,5,best_r_change,3,2,0.932708626729,7454,9533,8
110773,5,best_r_change,2,3,0.932780852133,7446.06666667,9508,8
110779,3,best_r_change,3,4,1.03808393288,-4218.9,9526,8
110780,3,best_r_change,4,3,1.03629114762,-4020.33333333,9607,8
110780,5,best_r_change,3,2,0.931729554071,7563,9607,8
110782,5,best_r_change,2,3,0.932460748738,7482.13333333,9539,8
110783,5,best_r_change,3,2,0.931668216243,7570,9596,8
110784,5,best_r_change,2,3,0.932878995764,7435.93333333,9502,8
110787,5,best_r_change,3,2,0.9327357903,7452,9511,8
110790,5,best_r_change,2,3,0.932165357884,7515.4,9580,8
110795,5,best_r_change,3,2,0.932632339004,7464,9504,8
110796,5,best_r_change,2,3,0.932687100617,7458,9502,8
110799,5,best_r_change,3,2,0.932454264028,7484,9544,8
110800,5,best_r_change,2,3,0.934057761733,7306.4,9372,8
110801,5,best_r_change,3,2,0.932265954278,7505,9547,8
110802,5,best_r_change,2,3,0.932134197337,7519.66666667,9568,8
110804,5,best_r_change,3,2,0.932917584203,7433,9509,8
110805,5,best_r_change,2,3,0.931658920325,7572.53333333,9640,8
110807,5,best_r_change,3,2,0.931664967015,7572,9592,8
110808,5,best_r_change,2,3,0.932330397324,7498.33333333,9558,8
110812,5,best_r_change,3,2,0.932480236797,7482,9517,8
110814,5,best_r_change,2,3,0.93148158175,7592.8,9664,8
110816,5,best_r_change,3,2,0.931661492925,7573,9617,8
110817,5,best_r_change,2,3,0.932826190927,7444,9513,8
110826,5,best_r_change,3,2,0.932362442026,7496,9533,8
110828,5,best_r_change,2,3,0.932355241154,7496.93333333,9568,8
110831,5,best_r_change,3,2,0.933114381355,7413,9466,7
110832,5,best_r_change,2,3,0.932142943073,7520.73333333,9590,8
110833,5,best_r_change,3,2,0.932411826802,7491,9544,8
110834,5,best_r_change,2,3,0.932193490565,7515.26666667,9574,8
110836,5,best_r_change,3,2,0.933018152947,7424,9474,8
110838,5,best_r_change,2,3,0.934176004619,7295.8,9366,8
110839,5,best_r_change,3,2,0.931531320203,7589,9648,8
110840,5,best_r_change,2,3,0.932917719235,7435.4,9491,8
110845,5,best_r_change,3,2,0.932798051333,7449,9494,8
110846,5,best_r_change,2,3,0.932654914626,7464.93333333,9533,8
110847,5,best_r_change,3,2,0.932005376781,7537,9590,8
110848,5,best_r_change,2,3,0.932080566782,7528.73333333,9580,8
110852,5,best_r_change,3,2,0.932928589471,7435,9494,8
110853,5,best_r_change,2,3,0.932801698345,7449.13333333,9504,8
110855,5,best_r_change,3,2,0.932443281764,7489,9546,8
110856,5,best_r_change,2,3,0.932798104448,7449.73333333,9513,8
110858,5,best_r_change,3,2,0.93259845929,7472,9514,8
110861,5,best_r_change,2,3,0.932121004381,7525.13333333,9599,8
110863,5,best_r_change,3,2,0.932222653185,7514,9559,8
110864,5,best_r_change,2,3,0.933234112667,7401.93333333,9466,8
110867,5,best_r_change,3,2,0.933000802764,7428,9499,8
110868,5,best_r_change,2,3,0.932155355919,7521.8,9585,8
110870,5,best_r_change,3,2,0.932100658429,7528,9604,8
110872,5,best_r_change,2,3,0.932393510835,7495.66666667,9553,8
110873,5,best_r_change,3,2,0.931732703183,7569,9621,8
110874,5,best_r_change,2,3,0.93103342533,7646.6,9718,8
110875,5,best_r_change,3,2,0.933140924464,7413,9473,8
110876,5,best_r_change,2,3,0.931964837596,7543.46666667,9605,8
110877,5,best_r_change,3,2,0.932339439198,7502,9541,8
110878,5,best_r_change,2,3,0.932768748835,7454.46666667,9514,8
110881,5,best_r_change,3,2,0.932819869951,7449,9505,8
110882,5,best_r_change,2,3,0.932611244386,7472.2,9550,8
110884,5,best_r_change,3,2,0.932208434039,7517,9571,8
110885,5,best_r_change,2,3,0.932993040838,7430.06666667,9497,8
110886,5,best_r_change,3,2,0.931821871111,7560,9583,8
110887,5,best_r_change,2,3,0.932584222377,7475.53333333,9550,8
110891,5,best_r_change,3,2,0.932564410096,7478,9544,8
110892,5,best_r_change,2,3,0.932023951232,7538,9606,8
110895,5,best_r_change,3,2,0.933125929934,7416,9483,8
110896,5,best_r_change,2,3,0.932870437166,7444.4,9498,8
110898,5,best_r_change,3,2,0.931252141608,7624,9679,8
110900,5,best_r_change,2,3,0.931561767358,7589.8,9664,8
110903,5,best_r_change,3,2,0.932806145911,7452,9487,8
110904,5,best_r_change,2,3,0.93318185097,7410.4,9481,8
110905,5,best_r_change,3,2,0.931815517785,7562,9625,7
110906,5,best_r_change,2,3,0.932360737922,7501.6,9562,8
110909,5,best_r_change,3,2,0.932404042954,7497,9521,8
110910,5,best_r_change,2,3,0.932779731314,7455.4,9531,8
110914,5,best_r_change,3,2,0.932154642336,7525,9572,8
110916,5,best_r_change,2,3,0.932287496844,7510.4,9572,8
110918,5,best_r_change,3,2,0.932310355398,7508,9558,7
110919,5,best_r_change,2,3,0.93293905162,7438.33333333,9507,8
110920,5,best_r_change,3,2,0.931572304364,7590,9669,8
110921,5,best_r_change,2,3,0.932190177394,7521.53333333,9572,8
110923,5,best_r_change,3,2,0.932845307105,7449,9512,9
110924,5,best_r_change,2,3,0.932645174474,7471.26666667,9532,8
110925,5,best_r_change,3,2,0.933080910525,7423,9453,8
110926,5,best_r_change,2,3,0.932712499023,7463.93333333,9515,8
110932,5,best_r_change,3,2,0.932994987921,7433,9461,8
110933,5,best_r_change,2,3,0.932148834582,7526.93333333,9599,8
110936,5,best_r_change,3,2,0.932402466287,7499,9566,8
110937,5,best_r_change,2,3,0.932079768998,7534.86666667,9600,8
110939,5,best_r_change,3,2,0.932701755019,7466,9494,7
110940,5,best_r_change,2,3,0.933362778679,7392.73333333,9458,8
110943,5,best_r_change,3,2,0.932100267705,7533,9585,8
110944,5,best_r_change,2,3,0.932448202096,7494.46666667,9559,8
110945,5,best_r_change,3,2,0.933354364775,7394,9419,8
110946,5,best_r_change,2,3,0.93251972431,7486.66666667,9554,8
110954,5,best_r_change,3,2,0.932305279665,7511,9567,8
110955,5,best_r_change,2,3,0.93334715275,7395.46666667,9464,8
110956,5,best_r_change,3,2,0.932829229605,7453,9510,8
110957,5,best_r_change,2,3,0.931413670761,7610.13333333,9677,8
110958,5,best_r_change,3,2,0.932803403089,7456,9520,8
110959,5,best_r_change,2,3,0.931894964206,7556.86666667,9629,8
110960,5,best_r_change,3,2,0.932786589762,7458,9514,8
110961,5,best_r_change,2,3,0.932993874725,7435.06666667,9496,8
110964,5,best_r_change,3,2,0.932185213222,7525,9576,8
110966,5,best_r_change,2,3,0.932573340783,7482.06666667,9544,8
110972,5,best_r_change,3,2,0.932541542011,7486,9535,8
110974,5,best_r_change,2,3,0.933111059047,7422.93333333,9489,8
110978,5,best_r_change,3,2,0.931707185208,7579,9608,8
110979,5,best_r_change,2,3,0.933181352628,7415.46666667,9477,8
110982,5,best_r_change,3,2,0.933169342776,7417,9453,8
110983,5,best_r_change,2,3,0.933293687622,7403.26666667,9471,8
110987,5,best_r_change,3,2,0.93202807536,7544,9590,8
110988,5,best_r_change,2,3,0.931999255175,7547.26666667,9614,8
110995,5,best_r_change,3,2,0.933969998649,7329,9389,8
110996,5,best_r_change,2,3,0.932329693563,7511.13333333,9581,8
110998,5,best_r_change,3,2,0.931836609669,7566,9632,8
110999,5,best_r_change,2,3,0.931097277153,7648.13333333,9721,8
111001,5,best_r_change,3,2,0.932460067927,7497,9544,8
111003,5,best_r_change,2,3,0.932969379206,7440.6,9508,8
111007,5,best_r_change,3,2,0.932364625654,7508,9571,8
111008,5,best_r_change,2,3,0.932392860575,7504.93333333,9576,8
111016,5,best_r_change,3,2,0.933063702529,7431,9490,7
111018,5,best_r_change,2,3,0.932091492671,7539.06666667,9613,8
111019,5,best_r_change,3,2,0.932011637648,7548,9603,8
111020,5,best_r_change,2,3,0.933326727917,7402.06666667,9461,8
111021,5,best_r_change,3,2,0.931994847822,7550,9609,8
111022,5,best_r_change,2,3,0.932625365543,7480.06666667,9560,8
111028,5,best_r_change,3,2,0.933944590554,7334,9381,8
111030,5,best_r_change,2,3,0.932088624696,7540.2,9605,8
111032,5,best_r_change,3,2,0.932857194322,7455,9472,8
111033,5,best_r_change,2,3,0.933288301676,7407.2,9481,8
111035,5,best_r_change,3,2,0.933075156482,7431,9492,8
111036,5,best_r_change,2,3,0.931788489019,7573.93333333,9643,8
111038,5,best_r_change,3,2,0.932590644644,7485,9517,8
111039,5,best_r_change,2,3,0.931954238301,7555.73333333,9627,8
111047,5,best_r_change,3,2,0.932253910506,7523,9578,8
111048,5,best_r_change,2,3,0.932958120212,7444.86666667,9516,8
111053,5,best_r_change,3,2,0.93241965548,7505,9563,8
111054,5,best_r_change,2,3,0.931977236299,7554.2,9603,8
111056,5,best_r_change,3,2,0.93212433367,7538,9581,8
111061,5,best_r_change,2,3,0.932461139974,7500.93333333,9575,8
111062,5,best_r_change,3,2,0.932182024455,7532,9569,8
111063,5,best_r_change,2,3,0.931764253922,7578.46666667,9649,8
111066,5,best_r_change,3,2,0.932931770299,7449,9509,8
111067,5,best_r_change,2,3,0.931985798362,7554.13333333,9612,8
111069,5,best_r_change,3,2,0.932114271309,7540,9543,8
111071,5,best_r_change,2,3,0.932641283503,7481.6,9564,8
111073,5,best_r_change,3,2,0.932314783971,7518,9539,8
111075,5,best_r_change,2,3,0.931961887613,7557.33333333,9624,8
111078,5,best_r_change,3,2,0.931615621455,7596,9644,8
111080,5,best_r_change,2,3,0.931609650702,7596.8,9683,8
111081,5,best_r_change,3,2,0.932409683024,7508,9564,8
111082,5,best_r_change,2,3,0.932049596994,7548.06666667,9628,8
111083,5,best_r_change,3,2,0.933068066221,7435,9500,8
111085,5,best_r_change,2,3,0.932674378479,7478.86666667,9539,8
111087,5,best_r_change,3,2,0.931675173513,7590,9648,8
111088,5,best_r_change,2,3,0.93148254837,7611.46666667,9676,8
111090,5,best_r_change,3,2,0.933486362409,7389,9466,8
111091,5,best_r_change,2,3,0.93242176834,7507.33333333,9567,8
111095,5,best_r_change,3,2,0.932760250236,7470,9539,8
111098,5,best_r_change,2,3,0.93225440602,7526.4,9594,8
111100,5,best_r_change,3,2,0.933186318632,7423,9473,8
111101,5,best_r_change,2,3,0.932370245692,7513.73333333,9590,8
111105,5,best_r_change,3,2,0.933216326898,7420,9446,8
111106,5,best_r_change,2,3,0.931697658092,7588.8,9663,8
111107,5,best_r_change,3,2,0.932362497412,7515,9568,8
111108,5,best_r_change,2,3,0.930785061982,7690.33333333,9768,8
111119,5,best_r_change,3,2,0.932999757017,7445,9484,8
111120,5,best_r_change,2,3,0.933216342693,7421,9482,8
111125,5,best_r_change,3,2,0.931455568054,7617,9686,8
111126,5,best_r_change,2,3,0.932375861635,7514.8,9587,8
111127,5,best_r_change,3,2,0.93228468329,7525,9574,8
111129,5,best_r_change,2,3,0.932131726792,7542.13333333,9619,8
111130,5,best_r_change,3,2,0.932151534239,7540,9595,8
111132,5,best_r_change,2,3,0.931952992837,7562.2,9627,8
111134,5,best_r_change,3,2,0.931947018914,7563,9604,8
111136,5,best_r_change,2,3,0.933135377675,7431.06666667,9505,8
111145,5,best_r_change,3,2,0.932367627873,7517,9560,8
111147,5,best_r_change,2,3,0.932720331333,7477.93333333,9542,8
111151,5,best_r_change,3,2,0.932767136598,7473,9518,8
111152,5,best_r_change,2,3,0.932564416295,7495.6,9556,8
111158,5,best_r_change,3,2,0.931862753918,7574,9620,8
111160,5,best_r_change,2,3,0.933250569749,7419.86666667,9488,8
111161,5,best_r_change,3,2,0.932836156566,7466,9531,8
111163,5,best_r_change,2,3,0.933096443961,7437.2,9494,8
111171,5,best_r_change,3,2,0.932995115633,7449,9526,8
111172,5,best_r_change,2,3,0.932296501517,7526.73333333,9606,8
111173,5,best_r_change,3,2,0.933338130661,7411,9423,8
111174,5,best_r_change,2,3,0.932117821313,7546.73333333,9629,8
111178,5,best_r_change,3,2,0.932432675529,7512,9525,7
111180,5,best_r_change,2,3,0.932973556395,7452,9511,7
111181,5,best_r_change,3,2,0.933567785863,7386,9450,8
111183,5,best_r_change,2,3,0.932161091774,7542.53333333,9601,8
111185,5,best_r_change,3,2,0.932059180645,7554,9575,8
111186,5,best_r_change,2,3,0.933154653763,7432.26666667,9510,7
111188,5,best_r_change,3,2,0.932079001331,7552,9564,8
111189,5,best_r_change,2,3,0.932702575495,7482.73333333,9555,8
111192,5,best_r_change,3,2,0.932764947118,7476,9526,7
111193,5,best_r_change,2,3,0.933191238058,7428.66666667,9501,8
111196,5,best_r_change,3,2,0.931769128386,7587,9626,7
111197,5,best_r_change,2,3,0.932233183749,7535.46666667,9605,8
111198,5,best_r_change,3,2,0.933658878757,7377,9441,8
111199,5,best_r_change,2,3,0.932104305494,7549.93333333,9631,8
111209,5,best_r_change,3,2,0.931902993463,7573,9620,8
111210,5,best_r_change,2,3,0.933290171747,7418.8,9505,8
111212,5,best_r_change,3,2,0.933523360788,7393,9470,8
111214,5,best_r_change,2,3,0.932026543421,7559.6,9631,8
111215,5,best_r_change,3,2,0.932212381423,7539,9597,8
111216,5,best_r_change,2,3,0.9325846401,7497.66666667,9577,8
111219,5,best_r_change,3,2,0.933464605868,7400,9448,8
111220,5,best_r_change,2,3,0.932518731643,7505.26666667,9558,8
111223,5,best_r_change,3,2,0.932433039929,7515,9571,8
111224,5,best_r_change,2,3,0.932428852286,7515.53333333,9583,8
111226,5,best_r_change,3,2,0.932273029687,7533,9573,8
111227,5,best_r_change,2,3,0.932776514096,7477.06666667,9544,8
111230,5,best_r_change,3,2,0.932185561449,7543,9607,8
111231,5,best_r_change,2,3,0.931916462137,7573,9655,8
111232,5,best_r_change,3,2,0.932357594937,7524,9580,8
111234,5,best_r_change,2,3,0.932253927157,7535.66666667,9612,8
111238,5,best_r_change,3,2,0.932010643845,7563,9600,8
111239,5,best_r_change,2,3,0.932126921913,7550.13333333,9625,8
111240,5,best_r_change,3,2,0.932200647249,7542,9593,8
111241,5,best_r_change,2,3,0.932274970559,7533.8,9607,8
111242,5,best_r_change,3,2,0.932489527337,7510,9540,8
111243,5,best_r_change,2,3,0.9327070767,7485.86666667,9553,8
111246,5,best_r_change,3,2,0.93212340219,7551,9599,8
111247,5,best_r_change,2,3,0.932605823078,7497.4,9571,8
111248,5,best_r_change,3,2,0.931953832878,7570,9634,8
111249,5,best_r_change,2,3,0.932231300956,7539.2,9598,8
111250,5,best_r_change,3,2,0.933105617978,7442,9509,8
111251,5,best_r_change,2,3,0.932514763912,7507.8,9571,8
111253,5,best_r_change,3,2,0.931246797839,7649,9701,8
111254,5,best_r_change,2,3,0.933601788101,7387.06666667,9453,8
111259,5,best_r_change,3,2,0.932706567559,7487,9547,8
111260,5,best_r_change,2,3,0.93291808976,7463.53333333,9543,8
111267,5,best_r_change,3,2,0.931812666828,7587,9642,8
111268,5,best_r_change,2,3,0.932474745659,7513.4,9579,8
111269,5,best_r_change,3,2,0.931768956313,7592,9645,8
111270,5,best_r_change,2,3,0.931834276984,7584.8,9658,8
111271,5,best_r_change,3,2,0.931976885262,7569,9638,7
111273,5,best_r_change,2,3,0.932990632648,7456.33333333,9537,8
111274,5,best_r_change,3,2,0.932230350306,7541,9605,8
111275,5,best_r_change,2,3,0.933205721561,7432.53333333,9507,8
111276,5,best_r_change,3,2,0.931952981775,7572,9602,8
111277,5,best_r_change,2,3,0.932156690062,7549.4,9631,8
111278,5,best_r_change,3,2,0.932151907834,7550,9601,8
111279,5,best_r_change,2,3,0.932310678565,7532.4,9619,8
111282,5,best_r_change,3,2,0.932639600295,7496,9568,8
111284,5,best_r_change,2,3,0.932680948444,7491.53333333,9559,8
111289,5,best_r_change,3,2,0.932904420024,7467,9511,8
111291,5,best_r_change,2,3,0.933338125575,7418.86666667,9490,8
111292,5,best_r_change,3,2,0.932483916184,7514,9594,8
111295,5,best_r_change,2,3,0.933553169504,7395.2,9472,8
111296,5,best_r_change,3,2,0.933232101783,7431,9498,8
111298,5,best_r_change,2,3,0.931220087812,7655.06666667,9726,8
111309,5,best_r_change,3,2,0.931712619824,7601,9663,8
111310,5,best_r_change,2,3,0.932639175875,7497.93333333,9587,8
111314,5,best_r_change,3,2,0.932856603841,7474,9542,8
111315,5,best_r_change,2,3,0.933282426747,7426.66666667,9499,8
111317,5,best_r_change,3,2,0.932373312252,7528,9577,8
111319,5,best_r_change,2,3,0.932543411277,7509.2,9573,8
111323,5,best_r_change,3,2,0.930930715126,7689,9736,8
111324,5,best_r_change,2,3,0.933162660343,7440.6,9507,8
111325,5,best_r_change,3,2,0.932512912643,7513,9577,8
111326,5,best_r_change,2,3,0.93208893999,7560.26666667,9628,8
111327,5,best_r_change,3,2,0.932289561382,7538,9598,8
111329,5,best_r_change,2,3,0.932814750275,7479.66666667,9551,8
111334,5,best_r_change,3,2,0.932186034814,7550,9626,8
111336,5,best_r_change,2,3,0.932143541472,7554.86666667,9627,8
111338,5,best_r_change,3,2,0.93205374625,7565,9632,8
111340,5,best_r_change,2,3,0.932462128016,7519.66666667,9580,8
111349,5,best_r_change,3,2,0.933335728206,7423,9487,8
111351,5,best_r_change,2,3,0.931866500226,7586.73333333,9664,8
111356,5,best_r_change,3,2,0.932729264701,7491,9561,8
111357,5,best_r_change,2,3,0.93190968387,7582.33333333,9651,8
111358,5,best_r_change,3,2,0.933053754557,7455,9512,8
111359,5,best_r_change,2,3,0.93250597916,7516.06666667,9600,8
111361,5,best_r_change,3,2,0.932795143722,7484,9533,8
111363,5,best_r_change,2,3,0.933336925191,7423.8,9494,8
111365,5,best_r_change,3,2,0.932644906389,7501,9546,8
111367,5,best_r_change,2,3,0.932507235836,7516.46666667,9575,8
111369,5,best_r_change,3,2,0.932476721529,7520,9584,8
111370,5,best_r_change,2,3,0.932063092993,7566.13333333,9641,7
111374,5,best_r_change,3,2,0.933413543556,7416,9500,8
111375,5,best_r_change,2,3,0.93272637486,7492.6,9564,8
111376,5,best_r_change,3,2,0.932489943974,7519,9592,8
111377,5,best_r_change,2,3,0.932050602907,7568,9645,8
111380,5,best_r_change,3,2,0.932348716107,7535,9622,8
111382,5,best_r_change,2,3,0.932760529828,7489.26666667,9567,8
111388,5,best_r_change,3,2,0.932030380292,7571,9607,8
111389,5,best_r_change,2,3,0.932664206819,7500.46666667,9578,8
111390,5,best_r_change,3,2,0.932462519077,7523,9563,9
111391,5,best_r_change,2,3,0.931816753598,7595,9675,8
111395,5,best_r_change,3,2,0.932851564253,7480,9526,8
111396,5,best_r_change,2,3,0.933141225897,7447.8,9526,9
111398,5,best_r_change,3,2,0.933284260041,7432,9509,8
111400,5,best_r_change,2,3,0.933371035308,7422.46666667,9501,8
111401,5,best_r_change,3,2,0.93260383659,7508,9569,7
111403,5,best_r_change,2,3,0.933849178209,7369.4,9442,8
111409,5,best_r_change,3,2,0.931980360653,7578,9639,8
111410,5,best_r_change,2,3,0.934054393681,7347,9434,8
111413,5,best_r_change,3,2,0.931444265929,7638,9677,7
111414,5,best_r_change,2,3,0.932330467147,7539.33333333,9631,8
111416,5,best_r_change,3,2,0.931078121634,7679,9724,8
111417,5,best_r_change,2,3,0.931625036275,7618.13333333,9689,8
111419,5,best_r_change,3,2,0.931833888296,7595,9641,8
111420,5,best_r_change,2,3,0.932398731526,7532.13333333,9607,8
111421,5,best_r_change,3,2,0.933190332164,7444,9492,8
111422,5,best_r_change,2,3,0.932544141492,7516.06666667,9576,8
111423,5,best_r_change,3,2,0.932195327715,7555,9637,8
111424,5,best_r_change,2,3,0.932094222669,7566.33333333,9645,8
111426,5,best_r_change,3,2,0.932188178702,7556,9614,8
111427,5,best_r_change,2,3,0.933158630015,7447.93333333,9514,8
111428,5,best_r_change,3,2,0.932279139893,7546,9584,8
111429,5,best_r_change,2,3,0.931695818264,7611.06666667,9691,8
111437,5,best_r_change,3,2,0.931925662033,7586,9646,8
111438,5,best_r_change,2,3,0.932850553671,7483,9574,8
111439,5,best_r_change,3,2,0.932752447527,7494,9569,8
111440,5,best_r_change,2,3,0.932313352477,7543,9614,8
111441,5,best_r_change,3,2,0.932152439407,7561,9630,8
111442,5,best_r_change,2,3,0.933086867309,7456.93333333,9517,8
111444,5,best_r_change,3,2,0.931831233624,7597,9658,8
111445,5,best_r_change,2,3,0.932966037059,7470.6,9548,8
111450,5,best_r_change,3,2,0.932229699417,7553,9606,8
111451,5,best_r_change,2,3,0.932657999181,7505.33333333,9579,7
111454,5,best_r_change,3,2,0.931953989987,7584,9641,8
111455,5,best_r_change,2,3,0.933058184918,7461,9535,8
111456,5,best_r_change,3,2,0.932287180591,7547,9629,8
111457,5,best_r_change,2,3,0.933220285252,7443.06666667,9515,8
111460,5,best_r_change,3,2,0.931805131886,7601,9673,8
111462,5,best_r_change,2,3,0.933350080446,7428.93333333,9517,8
111463,5,best_r_change,3,2,0.932372177314,7538,9620,8
111464,5,best_r_change,2,3,0.931624560396,7621.4,9683,8
111466,5,best_r_change,3,2,0.932436796871,7531,9602,8
111467,5,best_r_change,2,3,0.932861444792,7483.73333333,9572,8
111479,5,best_r_change,3,2,0.932139685501,7565,9620,8
111481,5,best_r_change,2,3,0.933054063024,7463.2,9555,8
111485,5,best_r_change,3,2,0.933156926941,7452,9506,7
111488,5,best_r_change,2,3,0.933296857061,7436.6,9518,8
111490,5,best_r_change,3,2,0.93185039017,7598,9647,8
111491,5,best_r_change,2,3,0.93278739988,7493.6,9576,8
111495,5,best_r_change,3,2,0.933171891116,7451,9529,8
111496,5,best_r_change,2,3,0.931631030112,7622.86666667,9703,7
111498,5,best_r_change,3,2,0.932805969614,7492,9550,8
111500,5,best_r_change,2,3,0.932646337818,7509.93333333,9598,8
111501,5,best_r_change,3,2,0.932798808979,7493,9569,8
111503,5,best_r_change,2,3,0.932588360851,7516.6,9581,8
111509,5,best_r_change,3,2,0.932319364356,7547,9617,8
111510,5,best_r_change,2,3,0.93272770753,7501.53333333,9585,8
111515,5,best_r_change,3,2,0.933309420257,7437,9495,8
111516,5,best_r_change,2,3,0.932153831438,7565.93333333,9644,8
111519,5,best_r_change,3,2,0.933051766963,7466,9521,8
111521,5,best_r_change,2,3,0.932159862268,7565.6,9640,8
111523,5,best_r_change,3,2,0.931816755288,7604,9660,8
111524,5,best_r_change,2,3,0.931830517796,7602.53333333,9678,8
111529,5,best_r_change,3,2,0.933201230173,7450,9521,7
111530,5,best_r_change,2,3,0.93264472937,7512.13333333,9578,8
111537,5,best_r_change,3,2,0.931888073016,7597,9655,7
111538,5,best_r_change,2,3,0.932335168283,7547.2,9629,8
111539,5,best_r_change,3,2,0.93316239163,7455,9508,8
111540,5,best_r_change,2,3,0.933168967784,7454.33333333,9539,8
111542,5,best_r_change,3,2,0.931971813308,7588,9657,8
111543,5,best_r_change,2,3,0.931660435886,7622.8,9688,8
111548,5,best_r_change,3,2,0.932549216481,7524,9571,8
111549,5,best_r_change,2,3,0.932103380577,7573.8,9650,8
111550,5,best_r_change,3,2,0.931788435679,7609,9654,8
111552,5,best_r_change,2,3,0.931536861733,7637.2,9709,8
111556,5,best_r_change,3,2,0.932957438417,7479,9536,8
111557,5,best_r_change,2,3,0.931675585874,7622.06666667,9690,8
111564,5,best_r_change,3,2,0.932747122728,7503,9541,7
111565,5,best_r_change,2,3,0.931797606776,7609,9695,8
111571,5,best_r_change,3,2,0.932509343826,7530,9576,8
111572,5,best_r_change,2,3,0.932825440075,7494.8,9592,8
111575,5,best_r_change,3,2,0.931570692359,7635,9680,8
111576,5,best_r_change,2,3,0.932269783227,7557.06666667,9644,8
111579,5,best_r_change,3,2,0.932272201758,7557,9617,8
111580,5,best_r_change,2,3,0.933008902432,7474.86666667,9542,8
111581,5,best_r_change,3,2,0.932631899696,7517,9581,8
111582,5,best_r_change,2,3,0.932797404599,7498.6,9589,8
111584,5,best_r_change,3,2,0.932176656151,7568,9637,8
111585,5,best_r_change,2,3,0.933710325462,7396.93333333,9474,8
111586,5,best_r_change,3,2,0.933208467012,7453,9534,8
111587,5,best_r_change,2,3,0.93339845442,7431.86666667,9506,8
111590,5,best_r_change,3,2,0.932924097141,7485,9559,8
111591,5,best_r_change,2,3,0.932300394596,7554.66666667,9638,8
111593,5,best_r_change,3,2,0.931545885495,7639,9702,8
111594,5,best_r_change,2,3,0.932600319014,7521.4,9621,8
111596,5,best_r_change,3,2,0.932148105667,7572,9643,8
111598,5,best_r_change,2,3,0.932659486132,7515.06666667,9592,8
111599,5,best_r_change,3,2,0.931226982321,7675,9713,8
111600,5,best_r_change,2,3,0.933032855436,7473.53333333,9567,8
111601,5,best_r_change,3,2,0.931936093763,7596,9634,8
111602,5,best_r_change,2,3,0.932577074485,7524.53333333,9599,8
111605,5,best_r_change,3,2,0.933192957305,7456,9530,8
111606,5,best_r_change,2,3,0.932042482782,7584.46666667,9664,8
111607,5,best_r_change,3,2,0.93155447239,7639,9671,8
111608,5,best_r_change,2,3,0.932493489117,7534.26666667,9618,8
111613,5,best_r_change,3,2,0.932346590451,7551,9622,8
111614,5,best_r_change,2,3,0.932212804845,7566,9645,8
111616,5,best_r_change,3,2,0.931918362959,7599,9651,8
111617,5,best_r_change,2,3,0.932876413688,7492.13333333,9556,8
111619,5,best_r_change,3,2,0.932789220473,7502,9553,8
111621,5,best_r_change,2,3,0.933520275456,7420.53333333,9498,8
111622,5,best_r_change,3,2,0.932773109244,7504,9572,7
111623,5,best_r_change,2,3,0.933645694286,7406.66666667,9496,8
111624,5,best_r_change,3,2,0.932120332545,7577,9644,8
111625,5,best_r_change,2,3,0.932699066816,7512.46666667,9595,8
111636,5,best_r_change,3,2,0.932459063385,7540,9621,8
111637,5,best_r_change,2,3,0.932167053337,7572.66666667,9652,8
111641,5,best_r_change,3,2,0.933653406902,7407,9478,8
111642,5,best_r_change,2,3,0.933098057481,7469.06666667,9558,7
111644,5,best_r_change,3,2,0.932266848196,7562,9613,8
111645,5,best_r_change,2,3,0.93240479496,7546.66666667,9622,8
111648,5,best_r_change,3,2,0.931642304385,7632,9707,8
111649,5,best_r_change,2,3,0.932806085739,7502.13333333,9574,8
111650,5,best_r_change,3,2,0.932727272727,7511,9558,8
111651,5,best_r_change,2,3,0.931894325473,7604.06666667,9678,8
111652,5,best_r_change,3,2,0.932065704152,7585,9653,7
111653,5,best_r_change,2,3,0.933293925525,7447.93333333,9515,7
111656,5,best_r_change,3,2,0.931485992692,7650,9673,8
111657,5,best_r_change,2,3,0.932117705712,7579.53333333,9668,8
111660,5,best_r_change,3,2,0.932769120545,7507,9585,8
111661,5,best_r_change,2,3,0.933099291606,7470.2,9555,8
111663,5,best_r_change,3,2,0.932260462284,7564,9604,8
111664,5,best_r_change,2,3,0.932259874863,7564.13333333,9657,8
111666,5,best_r_change,3,2,0.933193631007,7460,9518,8
111669,5,best_r_change,2,3,0.932629467444,7523.2,9596,8
111671,5,best_r_change,3,2,0.932301134583,7560,9621,8
111672,5,best_r_change,2,3,0.932564414834,7530.66666667,9625,8
111675,5,best_r_change,3,2,0.931945377211,7600,9662,8
111676,5,best_r_change,2,3,0.932061200855,7587.13333333,9673,8
111680,5,best_r_change,3,2,0.931787249284,7618,9686,8
111681,5,best_r_change,2,3,0.931992012965,7595.2,9686,8
111683,5,best_r_change,3,2,0.930750427549,7734,9780,8
111684,5,best_r_change,2,3,0.93326409035,7453.33333333,9536,8
111685,5,best_r_change,3,2,0.933052782379,7477,9545,8
111686,5,best_r_change,2,3,0.932123393562,7580.86666667,9668,8
111692,5,best_r_change,3,2,0.932886867457,7496,9557,8
111693,5,best_r_change,2,3,0.932713181071,7515.46666667,9608,8
111699,5,best_r_change,3,2,0.932765736488,7510,9556,8
111700,5,best_r_change,2,3,0.932331244405,7558.6,9650,8
111703,5,best_r_change,3,2,0.933126236538,7470,9533,8
111704,5,best_r_change,2,3,0.932734130679,7513.86666667,9597,8
111709,5,best_r_change,3,2,0.932261500864,7567,9637,8
111710,5,best_r_change,2,3,0.932796228329,7507.33333333,9590,8
111715,5,best_r_change,3,2,0.933088663116,7475,9545,8
111716,5,best_r_change,2,3,0.932893527636,7496.86666667,9573,8
111717,5,best_r_change,3,2,0.932078376612,7588,9639,8
111718,5,best_r_change,2,3,0.932959176975,7489.66666667,9572,8
111724,5,best_r_change,3,2,0.932207940997,7574,9594,8
111725,5,best_r_change,2,3,0.932125606027,7583.26666667,9648,8
111728,5,best_r_change,3,2,0.931932908492,7605,9664,7
111729,5,best_r_change,2,3,0.932585094291,7532.2,9621,8
111738,5,best_r_change,3,2,0.932842900356,7504,9565,7
111740,5,best_r_change,2,3,0.932693753356,7520.8,9597,8
111742,5,best_r_change,3,2,0.932200962932,7576,9641,8
111744,5,best_r_change,2,3,0.933074408171,7478.53333333,9575,8
111746,5,best_r_change,3,2,0.931308503213,7676,9720,8
111747,5,best_r_change,2,3,0.932755838337,7514.33333333,9606,8
111749,5,best_r_change,3,2,0.933458017521,7436,9501,8
111750,5,best_r_change,2,3,0.932011334825,7597.73333333,9687,8
111752,5,best_r_change,3,2,0.932385997566,7556,9632,8
111753,5,best_r_change,2,3,0.931676703683,7635.33333333,9708,8
111755,5,best_r_change,3,2,0.932763634737,7514,9593,8
111757,5,best_r_change,2,3,0.932173674431,7580.06666667,9669,8
111758,5,best_r_change,3,2,0.93183485746,7618,9659,8
111759,5,best_r_change,2,3,0.934141023691,7360.33333333,9444,8
111763,5,best_r_change,3,2,0.932544759894,7539,9599,8
111764,5,best_r_change,2,3,0.932572205719,7536,9625,8
111768,5,best_r_change,3,2,0.931483072078,7658,9717,8
111770,5,best_r_change,2,3,0.933048224031,7483.2,9565,8
111772,5,best_r_change,3,2,0.932550191461,7539,9622,8
111773,5,best_r_change,2,3,0.932707660467,7521.46666667,9602,8
111779,5,best_r_change,3,2,0.931937125936,7608,9668,8
111780,5,best_r_change,2,3,0.931708117135,7633.66666667,9703,8
111783,5,best_r_change,3,2,0.932601558376,7534,9588,8
111784,5,best_r_change,2,3,0.933428159069,7441.66666667,9530,8
111785,5,best_r_change,3,2,0.931457708995,7662,9733,8
111786,5,best_r_change,2,3,0.931839407439,7619.4,9709,8
111788,5,best_r_change,3,2,0.932729809997,7520,9593,8
111789,5,best_r_change,2,3,0.931868072887,7616.4,9701,7
111791,5,best_r_change,3,2,0.932212789938,7578,9645,8
111792,5,best_r_change,2,3,0.932815109012,7510.73333333,9594,8
111794,5,best_r_change,3,2,0.932563464944,7539,9611,8
111795,5,best_r_change,2,3,0.932779939473,7514.86666667,9602,8
111800,5,best_r_change,3,2,0.933389982111,7447,9523,8
111801,5,best_r_change,2,3,0.931674433443,7638.86666667,9719,8
111806,5,best_r_change,3,2,0.932561758761,7540,9619,8
111807,5,best_r_change,2,3,0.932333395941,7565.6,9654,8
111809,5,best_r_change,3,2,0.933091253835,7481,9563,8
111811,5,best_r_change,2,3,0.931696642847,7637.06666667,9727,9
111814,5,best_r_change,3,2,0.931913713846,7613,9683,8
111815,5,best_r_change,2,3,0.932814619386,7512.33333333,9589,8
111817,5,best_r_change,3,2,0.932058631514,7597,9656,8
111818,5,best_r_change,2,3,0.932762167093,7518.4,9609,8
111820,5,best_r_change,3,2,0.932802718655,7514,9582,8
111821,5,best_r_change,2,3,0.932232764865,7577.8,9651,8
111824,5,best_r_change,3,2,0.932456359994,7553,9625,8
111825,5,best_r_change,2,3,0.932437886579,7555.13333333,9650,8
111826,5,best_r_change,3,2,0.932851036432,7509,9582,8
111827,5,best_r_change,2,3,0.933275505915,7461.6,9551,8
111828,5,best_r_change,3,2,0.933129448796,7478,9555,8
111829,5,best_r_change,2,3,0.931935365603,7611.6,9699,8
111830,5,best_r_change,3,2,0.932933917553,7500,9585,8
111832,5,best_r_change,2,3,0.932481460286,7550.73333333,9634,8
111836,5,best_r_change,3,2,0.932347365786,7566,9649,7
111837,5,best_r_change,2,3,0.931825782165,7624.4,9712,8
111838,5,best_r_change,3,2,0.932572113235,7541,9608,8
111839,5,best_r_change,2,3,0.932274072551,7574.4,9656,8
111841,5,best_r_change,3,2,0.93346804839,7441,9496,8
111842,5,best_r_change,2,3,0.933369694152,7452.06666667,9535,8
111846,5,best_r_change,3,2,0.933283264489,7462,9539,8
111847,5,best_r_change,2,3,0.932436870606,7556.73333333,9633,8
111848,5,best_r_change,3,2,0.93188970746,7618,9701,8
111849,5,best_r_change,2,3,0.933092532492,7483.53333333,9558,8
111852,5,best_r_change,3,2,0.931632872009,7647,9706,8
111853,5,best_r_change,2,3,0.932661618374,7532,9625,8
111854,5,best_r_change,3,2,0.932715861748,7526,9613,8
111855,5,best_r_change,2,3,0.934040796865,7377.86666667,9461,8
111857,5,best_r_change,3,2,0.932932225967,7502,9584,8
111858,5,best_r_change,2,3,0.932806474876,7516.13333333,9594,8
111864,5,best_r_change,3,2,0.93167596367,7643,9649,7
111865,5,best_r_change,2,3,0.932111026684,7594.4,9673,8
111868,5,best_r_change,3,2,0.933251689491,7467,9540,8
111870,5,best_r_change,2,3,0.931697506034,7641,9725,8
111872,5,best_r_change,3,2,0.931993707094,7608,9646,8
111873,5,best_r_change,2,3,0.93369326528,7417.93333333,9518,8
111879,5,best_r_change,3,2,0.932024776768,7605,9653,7
111880,5,best_r_change,2,3,0.932860803242,7511.53333333,9590,8
111883,5,best_r_change,3,2,0.932527729861,7549,9639,8
111885,5,best_r_change,2,3,0.933202246354,7473.66666667,9562,8
111886,5,best_r_change,3,2,0.933682498257,7420,9482,8
111887,5,best_r_change,2,3,0.932621901263,7538.73333333,9624,8
111893,5,best_r_change,3,2,0.931908162262,7619,9645,8
111895,5,best_r_change,2,3,0.932664849487,7534.46666667,9623,8
111901,5,best_r_change,3,2,0.933441166746,7448,9498,8
111902,5,best_r_change,2,3,0.932990175928,7498.53333333,9573,8
111907,5,best_r_change,3,2,0.932211568535,7586,9650,8
111908,5,best_r_change,2,3,0.932597014214,7542.93333333,9625,8
111918,5,best_r_change,3,2,0.931565967941,7659,9737,8
111919,5,best_r_change,2,3,0.932216454162,7586.26666667,9676,8
111929,5,best_r_change,3,2,0.931733509636,7641,9681,7
111930,5,best_r_change,2,3,0.933031358885,7495.8,9596,8
111932,5,best_r_change,3,2,0.932941428725,7506,9568,8
111933,5,best_r_change,2,3,0.931992650365,7612.26666667,9696,8
111934,5,best_r_change,3,2,0.932647810317,7539,9607,8
111936,5,best_r_change,2,3,0.932298813608,7578.2,9675,8
111938,5,best_r_change,3,2,0.932310743447,7577,9613,7
111939,5,best_r_change,2,3,0.932188662277,7590.73333333,9676,8
111943,5,best_r_change,3,2,0.93186711094,7627,9690,8
111944,5,best_r_change,2,3,0.932722909074,7531.26666667,9613,8
111947,5,best_r_change,3,2,0.933146935603,7484,9570,8
111948,5,best_r_change,2,3,0.932563332976,7549.4,9652,8
111956,5,best_r_change,3,2,0.932491335882,7558,9613,8
111957,5,best_r_change,2,3,0.932714047953,7533.13333333,9634,8
111961,5,best_r_change,3,2,0.932806959566,7523,9610,8
111962,5,best_r_change,2,3,0.931658955717,7651.6,9718,8
111964,5,best_r_change,3,2,0.932397913615,7569,9642,8
111965,5,best_r_change,2,3,0.933758466187,7416.73333333,9504,8
111968,5,best_r_change,3,2,0.931775150043,7639,9716,8
111969,5,best_r_change,2,3,0.93284093514,7519.73333333,9597,8
111971,5,best_r_change,3,2,0.932375347188,7572,9646,8
111972,5,best_r_change,2,3,0.932413460508,7567.8,9653,8
111975,5,best_r_change,3,2,0.933083277517,7493,9583,8
111976,5,best_r_change,2,3,0.931759781858,7641.26666667,9727,8
111979,5,best_r_change,3,2,0.932933853669,7510,9575,8
111980,5,best_r_change,2,3,0.932496874442,7559,9648,8
111988,5,best_r_change,3,2,0.93269814623,7537,9620,8
111989,5,best_r_change,2,3,0.932639812839,7543.6,9624,8
112004,5,best_r_change,3,2,0.931127459734,7714,9768,8
112005,5,best_r_change,2,3,0.932659553889,7542.46666667,9640,8
112007,5,best_r_change,3,2,0.932888123064,7517,9574,8
112008,5,best_r_change,2,3,0.932026283837,7613.6,9705,8
112023,5,best_r_change,3,2,0.932585272667,7552,9622,8
112025,5,best_r_change,2,3,0.933245257755,7478.2,9564,8
112028,5,best_r_change,3,2,0.931874174314,7632,9707,8
112029,5,best_r_change,2,3,0.932871548141,7520.33333333,9608,9
112034,5,best_r_change,3,2,0.932743631398,7535,9624,8
112035,5,best_r_change,2,3,0.932930483034,7514.13333333,9590,8
112038,5,best_r_change,3,2,0.932139095664,7603,9673,8
112039,5,best_r_change,2,3,0.932801375711,7528.86666667,9616,8
112042,5,best_r_change,3,2,0.933025115582,7504,9590,8
112044,5,best_r_change,2,3,0.932602072995,7551.53333333,9640,8
112045,5,best_r_change,3,2,0.931982685528,7621,9692,8
112046,5,best_r_change,2,3,0.932952537351,7512.4,9607,8
112050,5,best_r_change,3,2,0.931842927265,7637,9708,8
112051,5,best_r_change,2,3,0.932749670537,7535.46666667,9633,8
112065,5,best_r_change,3,2,0.933119171909,7495,9577,8
112066,5,best_r_change,2,3,0.932488593031,7565.73333333,9658,8
112076,5,best_r_change,3,2,0.932715300332,7541,9625,8
112077,5,best_r_change,2,3,0.93346835955,7456.66666667,9545,8
112082,5,best_r_change,3,2,0.932121125604,7608,9691,8
112083,5,best_r_change,2,3,0.932477420007,7568.13333333,9653,8
112085,5,best_r_change,3,2,0.933675335683,7434,9531,8
112086,5,best_r_change,2,3,0.931857680709,7637.8,9722,8
112091,5,best_r_change,3,2,0.933241741085,7483,9552,8
112092,5,best_r_change,2,3,0.932664834838,7547.73333333,9633,8
112095,5,best_r_change,3,2,0.932004103662,7622,9663,8
112096,5,best_r_change,2,3,0.933147183367,7493.93333333,9576,8
112103,5,best_r_change,3,2,0.932446054075,7573,9644,8
112104,5,best_r_change,2,3,0.932440115131,7573.73333333,9662,8
112108,5,best_r_change,3,2,0.932404467121,7578,9639,8
112109,5,best_r_change,2,3,0.933057411388,7504.86666667,9599,8
112112,5,best_r_change,3,2,0.930596189525,7781,9826,8
112113,5,best_r_change,2,3,0.933075855015,7503.06666667,9597,8
112117,5,best_r_change,3,2,0.93246340876,7572,9630,8
112119,5,best_r_change,2,3,0.933618149763,7442.66666667,9532,8
112121,5,best_r_change,3,2,0.932019871389,7622,9708,8
112122,5,best_r_change,2,3,0.93228625961,7592.2,9692,8
112129,5,best_r_change,3,2,0.931507460157,7680,9772,8
112131,5,best_r_change,2,3,0.932761383263,7539.53333333,9633,8
112132,5,best_r_change,3,2,0.931964113723,7629,9680,8
112133,5,best_r_change,2,3,0.93299088285,7513.93333333,9614,8
112151,5,best_r_change,3,2,0.932020222735,7624,9688,8
112152,5,best_r_change,2,3,0.932261573579,7597,9679,8
112153,5,best_r_change,3,2,0.932886324931,7527,9600,8
112154,5,best_r_change,2,3,0.93234600044,7587.66666667,9671,8
112159,5,best_r_change,3,2,0.933041485748,7510,9583,8
112161,5,best_r_change,2,3,0.932963626691,7518.86666667,9616,8
112164,5,best_r_change,3,2,0.932598694768,7560,9607,8
112165,5,best_r_change,2,3,0.93329886031,7481.53333333,9570,8
112169,5,best_r_change,3,2,0.933127691252,7501,9593,8
112170,5,best_r_change,2,3,0.9326141868,7558.66666667,9655,8
112173,5,best_r_change,3,2,0.933156820269,7498,9581,8
112174,5,best_r_change,2,3,0.931899251758,7639.13333333,9729,8
112176,5,best_r_change,3,2,0.932944658394,7522,9603,8
112177,5,best_r_change,2,3,0.932422867433,7580.6,9676,8
112178,5,best_r_change,3,2,0.931974183886,7631,9694,8
112179,5,best_r_change,2,3,0.932120390923,7614.66666667,9692,8
112180,5,best_r_change,3,2,0.933321447673,7480,9563,8
112181,5,best_r_change,2,3,0.932633274203,7557.26666667,9652,8
112183,5,best_r_change,3,2,0.93192373176,7637,9710,8
112184,5,best_r_change,2,3,0.931775773135,7653.66666667,9736,8
112193,5,best_r_change,3,2,0.93157327106,7677,9716,8
112194,5,best_r_change,2,3,0.932602456459,7561.6,9652,8
112220,5,best_r_change,3,2,0.933140260203,7503,9596,8
112221,5,best_r_change,2,3,0.931909951495,7641.13333333,9707,8
112223,5,best_r_change,3,2,0.932954920114,7524,9615,8
112224,5,best_r_change,2,3,0.933164029085,7500.6,9597,8
112226,5,best_r_change,3,2,0.931833977866,7650,9750,8
112228,5,best_r_change,2,3,0.93298701453,7520.73333333,9610,8
112230,3,best_r_change,3,4,1.03894680567,-4371,9607,8
112231,3,best_r_change,4,3,1.03678722159,-4128.66666667,9695,8
112244,5,best_r_change,3,2,0.932379459036,7590,9677,8
112245,5,best_r_change,2,3,0.9320961587,7621.86666667,9722,8
112253,5,best_r_change,3,2,0.9316811132,7669,9753,8
112254,5,best_r_change,2,3,0.932478723847,7579.53333333,9657,8
112260,5,best_r_change,3,2,0.93358275432,7456,9541,8
112261,5,best_r_change,2,3,0.933092228527,7511.13333333,9596,8
112264,5,best_r_change,3,2,0.931883773961,7647,9715,8
112266,5,best_r_change,2,3,0.933741293001,7438.6,9530,8
112269,5,best_r_change,3,2,0.932456866989,7583,9672,8
112270,5,best_r_change,2,3,0.932762091387,7548.8,9649,9
112276,5,best_r_change,3,2,0.932746089993,7551,9629,8
112277,5,best_r_change,2,3,0.932712250357,7554.86666667,9646,8
112280,5,best_r_change,3,2,0.932810830068,7544,9589,8
112281,5,best_r_change,2,3,0.933241896076,7495.66666667,9586,8
112282,5,best_r_change,3,2,0.933319677241,7487,9570,8
112283,5,best_r_change,2,3,0.932214137492,7611.2,9711,8
112292,5,best_r_change,3,2,0.932150108645,7619,9698,8
112293,5,best_r_change,2,3,0.933658079014,7449.73333333,9535,8
112301,5,best_r_change,3,2,0.932333639059,7599,9660,8
112302,5,best_r_change,2,3,0.932483244585,7582.26666667,9677,8
112307,5,best_r_change,3,2,0.932390679121,7593,9673,8
112309,5,best_r_change,2,3,0.933002697914,7524.4,9622,8
112313,5,best_r_change,3,2,0.932456616776,7586,9651,8
112314,5,best_r_change,2,3,0.933224115723,7499.86666667,9578,8
112323,5,best_r_change,3,2,0.932489338782,7583,9666,8
112324,5,best_r_change,2,3,0.933142813053,7509.66666667,9607,8
112328,5,best_r_change,3,2,0.932857346343,7542,9613,8
112329,5,best_r_change,2,3,0.932215782805,7614.13333333,9716,8
112333,5,best_r_change,3,2,0.932708999136,7559,9628,8
112334,5,best_r_change,2,3,0.932609302022,7570.26666667,9668,8
112346,5,best_r_change,3,2,0.933339860787,7489,9577,8
112347,5,best_r_change,2,3,0.932207654262,7616.26666667,9728,8
112349,5,best_r_change,3,2,0.931677184488,7676,9764,8
112350,5,best_r_change,2,3,0.932734609108,7557.26666667,9651,8
112351,5,best_r_change,3,2,0.932586269815,7574,9644,8
112352,5,best_r_change,2,3,0.932866348619,7542.6,9627,8
112353,5,best_r_change,3,2,0.933450820183,7477,9568,8
112354,5,best_r_change,2,3,0.932450409717,7589.46666667,9677,8
112361,5,best_r_change,3,2,0.932449871397,7590,9656,8
112362,5,best_r_change,2,3,0.93224281044,7613.33333333,9715,8
112363,5,best_r_change,3,2,0.9325667702,7577,9679,8
112364,5,best_r_change,2,3,0.93158306931,7687.6,9786,8
112367,5,best_r_change,3,2,0.933325620511,7492,9549,8
112368,5,best_r_change,2,3,0.932270159951,7610.66666667,9710,8
112379,5,best_r_change,3,2,0.931908986554,7652,9711,8
112380,5,best_r_change,2,3,0.933164857329,7510.93333333,9603,8
112386,5,best_r_change,3,2,0.931966615059,7646,9753,8
112387,5,best_r_change,2,3,0.932317794763,7606.6,9711,8
112398,5,best_r_change,3,2,0.931395576434,7711,9771,8
112399,5,best_r_change,2,3,0.932266894427,7613.13333333,9700,8
112404,5,best_r_change,3,2,0.933525497313,7472,9559,8
112406,5,best_r_change,2,3,0.933737819452,7448.26666667,9567,8
112410,5,best_r_change,3,2,0.932488212792,7589,9680,8
112411,5,best_r_change,2,3,0.933230733647,7505.6,9604,8
112413,5,best_r_change,3,2,0.932845845231,7549,9643,8
112414,5,best_r_change,2,3,0.932711228139,7564.2,9663,8
112416,5,best_r_change,3,2,0.932491816112,7589,9668,8
112417,5,best_r_change,2,3,0.932877886203,7545.66666667,9631,8
112423,5,best_r_change,3,2,0.933421097106,7485,9559,8
112424,5,best_r_change,2,3,0.933144168505,7516.2,9625,8
112430,5,best_r_change,3,2,0.931415102731,7711,9789,8
112432,5,best_r_change,2,3,0.932311085812,7610.4,9712,8
112435,5,best_r_change,3,2,0.933010183662,7532,9615,8
112436,5,best_r_change,2,3,0.933568133575,7469.33333333,9554,8
112443,5,best_r_change,3,2,0.932632533817,7575,9661,8
112444,5,best_r_change,2,3,0.93275467492,7561.33333333,9660,7
112448,5,best_r_change,3,2,0.932226451338,7621,9716,8
112450,5,best_r_change,2,3,0.932132206907,7631.73333333,9734,8
112455,5,best_r_change,3,2,0.932613045218,7578,9652,8
112456,5,best_r_change,2,3,0.932313675274,7611.73333333,9714,8
112465,5,best_r_change,3,2,0.932761303517,7562,9658,8
112466,5,best_r_change,2,3,0.933099188495,7524.06666667,9623,7
112469,5,best_r_change,3,2,0.932114627142,7635,9704,8
112470,5,best_r_change,2,3,0.933445363208,7485.4,9583,8
112484,5,best_r_change,3,2,0.932594857935,7582,9663,8
112486,5,best_r_change,2,3,0.932002204719,7648.8,9757,8
112487,5,best_r_change,3,2,0.932445527039,7599,9685,8
112488,5,best_r_change,2,3,0.933043524643,7531.8,9630,8
112493,5,best_r_change,3,2,0.932920270595,7546,9604,7
112494,5,best_r_change,2,3,0.932244682679,7622.06666667,9712,8
112496,5,best_r_change,3,2,0.932344261129,7611,9688,8
112497,5,best_r_change,2,3,0.932487088545,7595,9682,8
112499,5,best_r_change,3,2,0.932123841101,7636,9708,8
112500,5,best_r_change,2,3,0.934990814815,7313.53333333,9413,8
112505,5,best_r_change,3,2,0.932349673348,7611,9708,8
112506,5,best_r_change,2,3,0.932785214418,7562.06666667,9660,8
112507,3,best_r_change,3,4,1.03830961629,-4310.1,9639,8
112508,3,best_r_change,4,3,1.03804025788,-4279.83333333,9569,8
112522,5,best_r_change,3,2,0.931871100763,7666,9767,8
112523,5,best_r_change,2,3,0.931747879693,7679.93333333,9781,8
112525,3,best_r_change,3,4,1.0385425461,-4337,9597,8
112526,3,best_r_change,4,3,1.03714252706,-4179.5,9630,8
112533,5,best_r_change,3,2,0.932428709801,7604,9679,8
112534,5,best_r_change,2,3,0.932739142541,7569.13333333,9672,8
112536,5,best_r_change,3,2,0.933141394754,7524,9619,8
112537,5,best_r_change,2,3,0.932385496918,7609.13333333,9714,8
112544,5,best_r_change,3,2,0.933226116008,7515,9583,8
112545,5,best_r_change,2,3,0.932693589231,7575,9657,8
112551,5,best_r_change,3,2,0.932528364919,7594,9661,8
112552,5,best_r_change,2,3,0.933055535812,7534.73333333,9635,8
112553,5,best_r_change,3,2,0.931303474807,7732,9794,8
112554,5,best_r_change,2,3,0.934135911059,7413.26666667,9514,8
112562,5,best_r_change,3,2,0.932757058332,7569,9643,8
112563,5,best_r_change,2,3,0.931895916065,7666,9758,8
112566,5,best_r_change,3,2,0.932155357746,7637,9747,8
112567,5,best_r_change,2,3,0.93305083491,7536.26666667,9632,8
112571,5,best_r_change,3,2,0.932407103073,7609,9696,8
112572,5,best_r_change,2,3,0.933541200298,7481.4,9580,8
112579,5,best_r_change,3,2,0.932678385845,7579,9679,8
112581,5,best_r_change,2,3,0.932835913698,7561.4,9660,8
112582,5,best_r_change,3,2,0.93289335773,7555,9663,8
112583,5,best_r_change,2,3,0.931739250153,7685,9773,8
112599,5,best_r_change,3,2,0.932494959991,7601,9664,7
112601,5,best_r_change,2,3,0.932680289992,7580.26666667,9679,8
112607,5,best_r_change,3,2,0.932393190477,7613,9678,8
112608,5,best_r_change,2,3,0.931689281993,7692.33333333,9801,8
112609,5,best_r_change,3,2,0.932589757479,7591,9683,8
112610,5,best_r_change,2,3,0.932398543646,7612.6,9723,8
112615,5,best_r_change,3,2,0.932513430715,7600,9701,8
112616,5,best_r_change,2,3,0.932928417513,7553.33333333,9653,8
112617,5,best_r_change,3,2,0.933100686397,7534,9643,8
112618,5,best_r_change,2,3,0.933288343486,7512.93333333,9611,8
112623,5,best_r_change,3,2,0.933290713265,7513,9614,8
112624,5,best_r_change,2,3,0.932667992613,7583.2,9691,8
112627,5,best_r_change,3,2,0.932964564447,7550,9641,8
112628,5,best_r_change,2,3,0.932666240485,7583.66666667,9675,8
112629,5,best_r_change,3,2,0.932433032345,7610,9687,8
112630,5,best_r_change,2,3,0.932598182841,7591.46666667,9693,8
112633,5,best_r_change,3,2,0.933145703302,7530,9626,8
112634,5,best_r_change,2,3,0.932778734663,7571.4,9671,8
112636,5,best_r_change,3,2,0.93186902944,7674,9770,8
112637,5,best_r_change,2,3,0.933401398593,7501.46666667,9600,8
112642,5,best_r_change,3,2,0.932724916106,7578,9668,8
112643,5,best_r_change,2,3,0.933487803651,7492.13333333,9580,8
112653,5,best_r_change,3,2,0.932376412523,7618,9714,8
112654,5,best_r_change,2,3,0.932514306342,7602.53333333,9686,8
112656,5,best_r_change,3,2,0.932174051981,7641,9741,8
112657,5,best_r_change,2,3,0.932040914753,7656.06666667,9752,8
112663,5,best_r_change,3,2,0.932080629843,7652,9728,8
112665,5,best_r_change,2,3,0.933870619388,7450.46666667,9557,8
112678,5,best_r_change,3,2,0.931361934007,7734,9821,8
112679,5,best_r_change,2,3,0.933311442239,7514.4,9622,8
112683,5,best_r_change,3,2,0.932483160725,7608,9709,8
112685,5,best_r_change,2,3,0.932112821878,7649.86666667,9764,8
112700,5,best_r_change,3,2,0.933007985803,7550,9640,8
112701,5,best_r_change,2,3,0.93294587744,7557.06666667,9649,8
112707,5,best_r_change,3,2,0.931494938203,7721,9791,8
112708,5,best_r_change,2,3,0.933377695757,7508.86666667,9619,8
112714,5,best_r_change,3,2,0.932200081623,7642,9740,8
112715,5,best_r_change,2,3,0.932742462553,7580.93333333,9679,8
112716,5,best_r_change,3,2,0.932893289329,7564,9660,8
112717,5,best_r_change,2,3,0.933158263616,7534.2,9639,7
112732,5,best_r_change,3,2,0.93251250754,7608,9704,8
112733,3,best_r_change,3,4,1.03861513488,-4353.2,9676,8
112733,5,best_r_change,2,3,0.93284131532,7571,9676,8
112734,3,best_r_change,4,3,1.03643680404,-4107.66666667,9756,8
112738,5,best_r_change,3,2,0.932436268162,7617,9684,8
112739,5,best_r_change,2,3,0.932632008444,7595,9701,8
112746,5,best_r_change,3,2,0.93310627428,7542,9614,8
112747,5,best_r_change,2,3,0.932980921887,7556.2,9647,8
112748,5,best_r_change,3,2,0.933107460886,7542,9624,8
112749,5,best_r_change,2,3,0.931628070611,7708.86666667,9818,8
112758,5,best_r_change,3,2,0.932199932599,7645,9747,8
112760,5,best_r_change,2,3,0.932636868866,7595.86666667,9711,8
112765,5,best_r_change,3,2,0.93348113333,7501,9605,8
112766,5,best_r_change,2,3,0.933739484123,7471.93333333,9569,8
112775,5,best_r_change,3,2,0.932768787409,7582,9655,8
112776,5,best_r_change,2,3,0.931421579059,7734,9836,8
112778,5,best_r_change,3,2,0.932522300449,7610,9689,8
112779,5,best_r_change,2,3,0.93255186397,7606.73333333,9704,8
112782,5,best_r_change,3,2,0.933038960118,7552,9639,8
112783,5,best_r_change,2,3,0.933290182622,7523.73333333,9608,8
112785,5,best_r_change,3,2,0.93230482777,7635,9721,8
112786,5,best_r_change,2,3,0.933463964204,7504.33333333,9619,8
112787,5,best_r_change,3,2,0.933529573444,7497,9544,8
112788,5,best_r_change,2,3,0.93372994763,7474.46666667,9574,9
112791,5,best_r_change,3,2,0.932184305485,7649,9715,8
112792,5,best_r_change,2,3,0.932697945481,7591.13333333,9718,8
112796,5,best_r_change,3,2,0.932444412922,7620,9712,8
112798,5,best_r_change,2,3,0.933448583604,7506.86666667,9617,8
112802,5,best_r_change,3,2,0.932199783692,7648,9719,8
112803,5,best_r_change,2,3,0.931806187188,7692.46666667,9800,8
112806,5,best_r_change,3,2,0.931918514973,7680,9746,8
112807,5,best_r_change,2,3,0.934785961864,7356.6,9464,8
112809,5,best_r_change,3,2,0.93410100258,7434,9534,8
112810,5,best_r_change,2,3,0.932988210265,7559.6,9661,8
112813,5,best_r_change,3,2,0.932631877532,7600,9690,8
112814,5,best_r_change,2,3,0.932507194734,7614.13333333,9721,8
112818,5,best_r_change,3,2,0.932439858888,7622,9714,8
112819,5,best_r_change,2,3,0.932551550123,7609.46666667,9700,8
112823,5,best_r_change,3,2,0.932088315326,7662,9744,9
112824,5,best_r_change,2,3,0.93281630386,7579.93333333,9681,8
112830,5,best_r_change,3,2,0.932579987592,7607,9699,8
112831,5,best_r_change,2,3,0.931972596184,7675.6,9773,8
112833,5,best_r_change,3,2,0.932856522471,7576,9663,7
112834,5,best_r_change,2,3,0.932717088821,7591.8,9701,8
112838,5,best_r_change,3,2,0.932203690246,7650,9731,8
112839,5,best_r_change,2,3,0.933034382321,7556.33333333,9662,8
112847,5,best_r_change,3,2,0.932288851277,7641,9729,8
112848,5,best_r_change,2,3,0.932769743372,7586.8,9695,8
112849,5,best_r_change,3,2,0.932910349228,7571,9681,8
112850,5,best_r_change,2,3,0.932542903559,7612.53333333,9722,8
112852,5,best_r_change,3,2,0.93332860738,7524,9625,8
112853,5,best_r_change,2,3,0.932903866091,7572,9663,8
112855,3,best_r_change,3,4,1.03765982898,-4250.1,9733,8
112856,3,best_r_change,4,3,1.03696450935,-4171.66666667,9685,7
112856,5,best_r_change,3,2,0.932462607216,7622,9685,7
112857,5,best_r_change,2,3,0.932175525961,7654.46666667,9754,8
112861,5,best_r_change,3,2,0.932820017544,7582,9678,8
112862,5,best_r_change,2,3,0.932817659324,7582.33333333,9690,8
112873,5,best_r_change,3,2,0.931489373012,7733,9816,8
112874,5,best_r_change,2,3,0.933381174289,7519.53333333,9632,9
112879,5,best_r_change,3,2,0.933167373914,7544,9636,8
112880,5,best_r_change,2,3,0.932814788566,7583.86666667,9695,8
112899,5,best_r_change,3,2,0.933329790344,7527,9626,8
112900,5,best_r_change,2,3,0.932892235016,7576.46666667,9690,8
112903,5,best_r_change,3,2,0.931755577797,7705,9760,8
112904,5,best_r_change,2,3,0.932689718699,7599.6,9706,8
112924,5,best_r_change,3,2,0.932352732811,7639,9745,8
112925,5,best_r_change,2,3,0.932425946425,7630.8,9748,8
112929,5,best_r_change,3,2,0.931850986018,7696,9785,8
112930,5,best_r_change,2,3,0.933182207267,7545.73333333,9662,8
112940,5,best_r_change,3,2,0.931813352222,7701,9788,8
112941,5,best_r_change,2,3,0.932041803538,7675.26666667,9778,8
112951,5,best_r_change,3,2,0.933077175058,7559,9671,7
112952,5,best_r_change,2,3,0.931857190075,7696.86666667,9792,8
112961,5,best_r_change,3,2,0.93088765149,7807,9896,8
112962,5,best_r_change,2,3,0.933014642092,7566.8,9688,8
112963,5,best_r_change,3,2,0.931464284766,7742,9833,8
112964,5,best_r_change,2,3,0.93195826399,7686.26666667,9790,8
112973,5,best_r_change,3,2,0.93240862861,7636,9709,8
112974,5,best_r_change,2,3,0.931771322015,7708.06666667,9806,8
112980,5,best_r_change,3,2,0.932041069216,7678,9770,8
112981,5,best_r_change,2,3,0.932750344453,7597.93333333,9711,8
112989,5,best_r_change,3,2,0.932303144554,7649,9737,8
112990,5,best_r_change,2,3,0.932478390418,7629.26666667,9729,8
112994,5,best_r_change,3,2,0.933049542454,7565,9662,8
112995,5,best_r_change,2,3,0.933044234996,7565.66666667,9679,8
112998,5,best_r_change,3,2,0.933352802704,7531,9622,8
112999,5,best_r_change,2,3,0.932456039434,7632.4,9729,8
113007,5,best_r_change,3,2,0.932659038821,7610,9723,8
113008,5,best_r_change,2,3,0.933029520034,7568.2,9673,8
113011,5,best_r_change,3,2,0.931962375344,7689,9775,8
113012,5,best_r_change,2,3,0.931971826001,7688,9784,8
113018,5,best_r_change,3,2,0.932010830133,7684,9743,8
113019,5,best_r_change,2,3,0.932298109167,7651.6,9759,8
113028,5,best_r_change,3,2,0.931238277241,7772,9860,8
113029,5,best_r_change,2,3,0.931710740901,7718.66666667,9815,8
113044,5,best_r_change,3,2,0.933477230105,7520,9612,8
113045,5,best_r_change,2,3,0.932746546361,7602.66666667,9711,8
113049,5,best_r_change,3,2,0.932188696937,7666,9767,8
113050,5,best_r_change,2,3,0.931855521156,7703.73333333,9804,8
113057,5,best_r_change,3,2,0.93233501685,7650,9747,8
113058,5,best_r_change,2,3,0.932507208689,7630.6,9728,8
113079,5,best_r_change,3,2,0.933471289983,7523,9614,8
113080,5,best_r_change,2,3,0.932438391699,7639.86666667,9760,8
113081,5,best_r_change,3,2,0.931721509361,7721,9784,8
113082,5,best_r_change,2,3,0.933315647053,7540.8,9649,8
113084,5,best_r_change,3,2,0.932059354108,7683,9751,8
113085,5,best_r_change,2,3,0.933038569807,7572.33333333,9683,8
113093,5,best_r_change,3,2,0.93310814993,7565,9667,8
113094,5,best_r_change,2,3,0.931360343313,7762.73333333,9877,8
113101,5,best_r_change,3,2,0.932334815784,7653,9752,8
113102,5,best_r_change,2,3,0.933695248537,7499.2,9609,8
113106,5,best_r_change,3,2,0.933018584337,7576,9679,8
113107,5,best_r_change,2,3,0.933421745191,7530.46666667,9645,8
113112,5,best_r_change,3,2,0.933570266638,7514,9610,8
113113,5,best_r_change,2,3,0.934024677388,7462.66666667,9571,8
113128,5,best_r_change,3,2,0.932960893855,7584,9677,8
113129,5,best_r_change,2,3,0.932513620145,7634.66666667,9745,8
113132,5,best_r_change,3,2,0.931973270162,7696,9779,8
113133,5,best_r_change,2,3,0.932314473525,7657.46666667,9762,8
113137,5,best_r_change,3,2,0.932833644166,7599,9703,8
113138,5,best_r_change,2,3,0.932844844349,7597.8,9711,8
113139,5,best_r_change,3,2,0.932985089138,7582,9686,8
113140,5,best_r_change,2,3,0.932342820105,7654.73333333,9763,8
113141,5,best_r_change,3,2,0.93261505555,7624,9717,8
113142,5,best_r_change,2,3,0.932795955525,7603.6,9706,8
113171,5,best_r_change,3,2,0.933313304645,7547,9640,8
113172,5,best_r_change,2,3,0.931753437246,7723.6,9825,8
113179,5,best_r_change,3,2,0.932531653399,7636,9752,8
113180,5,best_r_change,2,3,0.932519290805,7637.46666667,9745,8
113183,5,best_r_change,3,2,0.932684237032,7619,9695,8
113184,5,best_r_change,2,3,0.933042950712,7578.46666667,9691,8
113201,5,best_r_change,3,2,0.9327832793,7609,9708,8
113202,5,best_r_change,2,3,0.933170203118,7565.26666667,9674,8
113204,5,best_r_change,3,2,0.932520052295,7639,9741,8
113205,5,best_r_change,2,3,0.933025926417,7581.8,9674,8
113209,5,best_r_change,3,2,0.93285869498,7601,9714,8
113210,5,best_r_change,2,3,0.933740246739,7501.26666667,9617,8
113211,5,best_r_change,3,2,0.932329897271,7661,9773,8
113212,5,best_r_change,2,3,0.932072571812,7690.2,9800,8
113218,5,best_r_change,3,2,0.93327032804,7555,9659,8
113219,5,best_r_change,2,3,0.932437723939,7649.33333333,9764,8
113231,5,best_r_change,3,2,0.93190027466,7711,9792,8
113232,5,best_r_change,2,3,0.93256382177,7635.93333333,9739,8
113237,5,best_r_change,3,2,0.933210876304,7563,9650,8
113239,5,best_r_change,2,3,0.933125513295,7572.8,9676,8
113250,5,best_r_change,3,2,0.932,7701,9773,8
113251,5,best_r_change,2,3,0.932797061395,7610.8,9712,8
113264,5,best_r_change,3,2,0.932520483119,7643,9739,8
113265,5,best_r_change,2,3,0.932386880325,7658.2,9758,8
113270,5,best_r_change,3,2,0.93216209058,7684,9793,8
113271,5,best_r_change,2,3,0.933325093507,7552.33333333,9675,8
113272,5,best_r_change,3,2,0.932560562187,7639,9728,8
113273,5,best_r_change,2,3,0.932238632919,7675.53333333,9786,8
113289,5,best_r_change,3,2,0.932235256733,7677,9761,7
113290,5,best_r_change,2,3,0.932128755112,7689.13333333,9798,8
113294,5,best_r_change,3,2,0.931611559306,7748,9844,8
113295,5,best_r_change,2,3,0.932341821498,7665.33333333,9784,8
113297,5,best_r_change,3,2,0.932372437046,7662,9767,8
113298,5,best_r_change,2,3,0.932897315045,7602.6,9708,7
113301,5,best_r_change,3,2,0.931845261736,7722,9822,8
113302,5,best_r_change,2,3,0.93237542144,7662,9781,8
113306,5,best_r_change,3,2,0.932669055478,7629,9730,8
113307,5,best_r_change,2,3,0.932994431059,7592.2,9698,8
113310,5,best_r_change,3,2,0.932327243844,7668,9772,8
113311,5,best_r_change,2,3,0.933601621496,7523.66666667,9632,8
113312,5,best_r_change,3,2,0.932319613104,7669,9769,8
113313,5,best_r_change,2,3,0.932044278532,7700.26666667,9814,8
113315,5,best_r_change,3,2,0.933124476018,7578,9690,8
113316,5,best_r_change,2,3,0.933252144446,7563.6,9681,8
113318,5,best_r_change,3,2,0.931979032457,7708,9812,8
113319,5,best_r_change,2,3,0.933335098262,7554.4,9669,8
113326,5,best_r_change,3,2,0.932592697175,7639,9731,8
113327,5,best_r_change,2,3,0.931981493083,7708.33333333,9837,8
113330,5,best_r_change,3,2,0.932109767934,7694,9798,8
113331,5,best_r_change,2,3,0.93301450324,7591.53333333,9696,8
113332,5,best_r_change,3,2,0.932516853139,7648,9751,8
113333,5,best_r_change,2,3,0.932946273371,7599.4,9708,8
113337,3,best_r_change,3,4,1.03960136584,-4488.3,9583,8
113338,3,best_r_change,4,3,1.03663084461,-4151.66666667,9771,7
113345,5,best_r_change,3,2,0.932498125193,7651,9748,8
113346,5,best_r_change,2,3,0.932919850134,7603.26666667,9724,8
113353,5,best_r_change,3,2,0.933058675112,7588,9720,8
113354,5,best_r_change,2,3,0.931551893478,7758.86666667,9862,8
113363,5,best_r_change,3,2,0.933038116493,7591,9684,8
113364,5,best_r_change,2,3,0.932679392635,7631.73333333,9740,8
113373,5,best_r_change,3,2,0.932797050444,7619,9741,8
113374,5,best_r_change,2,3,0.933071662521,7587.93333333,9702,8
113376,5,best_r_change,3,2,0.932419559695,7662,9744,8
113377,5,best_r_change,2,3,0.932639483023,7637.13333333,9757,8
113380,5,best_r_change,3,2,0.932360204622,7669,9766,8
113381,5,best_r_change,2,3,0.932219684074,7685,9801,8
113389,5,best_r_change,3,2,0.932392030973,7666,9770,8
113390,5,best_r_change,2,3,0.933141076521,7581.13333333,9681,8
113393,5,best_r_change,3,2,0.932438510314,7661,9765,8
113394,5,best_r_change,2,3,0.932712489197,7630,9747,8
113406,5,best_r_change,3,2,0.934104015661,7473,9559,8
113407,5,best_r_change,2,3,0.93274665585,7627,9749,8
113436,5,best_r_change,3,2,0.932508198456,7656,9767,8
113437,5,best_r_change,2,3,0.932201427518,7690.86666667,9816,8
113438,5,best_r_change,3,2,0.932068618981,7706,9769,8
113439,5,best_r_change,2,3,0.932797362459,7623.4,9744,8
113442,5,best_r_change,3,2,0.932167980113,7695,9795,8
113443,5,best_r_change,2,3,0.932323722045,7677.4,9781,8
113468,5,best_r_change,3,2,0.932712306553,7635,9738,7
113469,5,best_r_change,2,3,0.933167061782,7583.46666667,9700,8
113483,3,best_r_change,3,4,1.03812289065,-4326.3,9668,8
113484,3,best_r_change,4,3,1.03692591026,-4190.5,9828,8
113491,5,best_r_change,3,2,0.933906653391,7501,9615,8
113492,5,best_r_change,2,3,0.933372102586,7561.73333333,9678,8
113508,5,best_r_change,3,2,0.932401240441,7673,9791,8
113509,5,best_r_change,2,3,0.932113459432,7705.73333333,9836,8
113526,5,best_r_change,3,2,0.93200676497,7719,9821,8
113527,5,best_r_change,2,3,0.93292873061,7614.4,9734,8
113547,5,best_r_change,3,2,0.932530141703,7661,9787,8
113548,5,best_r_change,2,3,0.93248317892,7666.4,9796,8
113562,5,best_r_change,3,2,0.932679945757,7645,9774,8
113563,5,best_r_change,2,3,0.933684973686,7530.93333333,9651,8
113564,5,best_r_change,3,2,0.933218273396,7584,9690,7
113565,5,best_r_change,2,3,0.933830552253,7514.53333333,9631,8
113570,5,best_r_change,3,2,0.931839394206,7741,9849,8
113571,5,best_r_change,2,3,0.932981130746,7611.4,9729,8
113572,5,best_r_change,3,2,0.932333673793,7685,9796,8
113573,5,best_r_change,2,3,0.932726381564,7640.46666667,9769,8
113582,5,best_r_change,3,2,0.933325703016,7573,9688,8
113583,5,best_r_change,2,3,0.933301638449,7575.8,9697,8
113603,5,best_r_change,3,2,0.932132073977,7710,9838,8
113604,5,best_r_change,2,3,0.933691888783,7532.86666667,9649,8
113609,5,best_r_change,3,2,0.933420767721,7564,9665,8
113610,5,best_r_change,2,3,0.933460669542,7559.53333333,9679,8
113624,5,best_r_change,3,2,0.933112722664,7600,9697,8
113625,3,best_r_change,3,4,1.03797579758,-4315,9765,8
113625,5,best_r_change,2,3,0.932650971764,7652.53333333,9765,8
113626,3,best_r_change,4,3,1.03720245953,-4227.16666667,9774,8
113628,5,best_r_change,3,2,0.932314218326,7691,9802,8
113629,5,best_r_change,2,3,0.931579673029,7774.53333333,9904,8
113645,5,best_r_change,3,2,0.932720313256,7646,9756,8
113646,5,best_r_change,2,3,0.934031994087,7497,9628,8
113653,5,best_r_change,3,2,0.933411348579,7568,9684,8
113654,5,best_r_change,2,3,0.934072418627,7492.93333333,9625,8
113657,5,best_r_change,3,2,0.933246522432,7587,9689,8
113658,5,best_r_change,2,3,0.932463472288,7676.06666667,9793,8
113662,5,best_r_change,3,2,0.932501627633,7672,9775,8
113663,5,best_r_change,2,3,0.931819501509,7749.6,9864,8
113672,3,best_r_change,3,4,1.03749472166,-4262.1,9796,8
113673,3,best_r_change,4,3,1.03719440852,-4228,9780,9
113686,5,best_r_change,3,2,0.931856165227,7747,9849,8
113687,5,best_r_change,2,3,0.933844092406,7521.06666667,9631,8
113688,5,best_r_change,3,2,0.933317500528,7581,9702,8
113689,5,best_r_change,2,3,0.933460581059,7564.8,9678,8
113698,5,best_r_change,3,2,0.932839627786,7636,9746,8
113699,5,best_r_change,2,3,0.932941655893,7624.46666667,9746,8
113703,5,best_r_change,3,2,0.931576123761,7780,9890,8
113704,5,best_r_change,2,3,0.933628837449,7546.66666667,9673,8
113728,5,best_r_change,3,2,0.932505627462,7676,9772,8
113729,5,best_r_change,2,3,0.932762971626,7646.8,9772,8
113730,5,best_r_change,3,2,0.932577156423,7668,9777,8
113731,5,best_r_change,2,3,0.932451134695,7682.4,9810,8
113750,5,best_r_change,3,2,0.932465934066,7682,9796,8
113752,5,best_r_change,2,3,0.932967625478,7625.06666667,9755,8
113774,5,best_r_change,3,2,0.93315696029,7605,9701,8
113775,5,best_r_change,2,3,0.932211821578,7712.6,9832,8
113777,5,best_r_change,3,2,0.93286868172,7638,9735,8
113778,5,best_r_change,2,3,0.93234837432,7697.26666667,9811,8
113793,5,best_r_change,3,2,0.932623272082,7667,9779,8
113794,5,best_r_change,2,3,0.933316343568,7588.2,9701,8
113798,5,best_r_change,3,2,0.933399532505,7579,9692,8
113799,5,best_r_change,2,3,0.9327059113,7658,9783,8
113800,5,best_r_change,3,2,0.93341827768,7577,9704,7
113801,5,best_r_change,2,3,0.932602232552,7669.93333333,9791,8
113809,5,best_r_change,3,2,0.933230236625,7599,9697,7
113810,5,best_r_change,2,3,0.933300530123,7591.06666667,9713,8
113812,5,best_r_change,3,2,0.932133694162,7724,9830,8
113813,5,best_r_change,2,3,0.932371521707,7697,9811,8
113830,3,best_r_change,3,4,1.03778265835,-4300.8,9784,8
113831,3,best_r_change,4,3,1.03703882656,-4216.16666667,9845,8
113835,5,best_r_change,3,2,0.933711073044,7546,9655,8
113836,5,best_r_change,2,3,0.93238401443,7697.13333333,9829,8
113842,5,best_r_change,3,2,0.931940760001,7748,9864,8
113843,5,best_r_change,2,3,0.933239637044,7600.2,9704,8
113850,5,best_r_change,3,2,0.931400966184,7810,9906,8
113851,5,best_r_change,2,3,0.932719665762,7659.93333333,9774,8
113859,5,best_r_change,3,2,0.932504237698,7685,9818,8
113860,5,best_r_change,2,3,0.933042332689,7623.8,9765,8
113866,5,best_r_change,3,2,0.932490822546,7687,9791,7
113867,5,best_r_change,2,3,0.933031811968,7625.46666667,9747,8
113872,3,best_r_change,3,4,1.03873120697,-4410.4,9720,8
113873,3,best_r_change,4,3,1.03714518221,-4229.83333333,9784,8
113880,3,best_r_change,3,4,1.03887513172,-4427.1,9747,8
113881,3,best_r_change,4,3,1.03726258112,-4243.5,9747,8
113882,5,best_r_change,3,2,0.932623241601,7673,9789,8
113883,5,best_r_change,2,3,0.932910677333,7640.33333333,9746,8
113890,5,best_r_change,3,2,0.932645535166,7671,9796,8
113891,5,best_r_change,2,3,0.932822318416,7650.93333333,9777,8
113908,5,best_r_change,3,2,0.932138216807,7730,9826,8
113909,5,best_r_change,2,3,0.933466773184,7578.73333333,9708,8
113919,5,best_r_change,3,2,0.932346667369,7707,9810,8
113920,5,best_r_change,2,3,0.933101006554,7621.13333333,9743,8
113924,5,best_r_change,3,2,0.933499526,7576,9690,8
113925,5,best_r_change,2,3,0.932869870529,7647.8,9756,8
113934,5,best_r_change,3,2,0.932513560482,7689,9807,8
113935,5,best_r_change,2,3,0.933195828031,7611.33333333,9755,8
113936,5,best_r_change,3,2,0.930952464541,7867,9962,8
113937,5,best_r_change,2,3,0.933544561176,7571.73333333,9712,8
113947,5,best_r_change,3,2,0.932661676042,7673,9783,8
113948,5,best_r_change,2,3,0.932576262857,7682.8,9797,8
113967,3,best_r_change,3,4,1.03793115551,-4322.9,9825,8
113968,3,best_r_change,4,3,1.03748566849,-4272.16666667,9735,8
113978,5,best_r_change,3,2,0.931828949446,7770,9887,8
113979,5,best_r_change,2,3,0.933008712131,7635.6,9766,8
113983,3,best_r_change,3,4,1.0387347236,-4415.1,9718,8
113984,3,best_r_change,4,3,1.03787081228,-4316.66666667,9755,8
113990,5,best_r_change,3,2,0.93219580665,7729,9822,8
113991,5,best_r_change,2,3,0.931391074734,7820.8,9954,8
113994,5,best_r_change,3,2,0.932338544134,7713,9812,8
113995,5,best_r_change,2,3,0.933709373218,7556.8,9690,8
113996,5,best_r_change,3,2,0.93170813011,7785,9875,8
113997,5,best_r_change,2,3,0.93326491048,7607.6,9727,8
114003,5,best_r_change,3,2,0.932563178162,7688,9797,8
114004,5,best_r_change,2,3,0.931535150813,7805.26666667,9922,8
114008,5,best_r_change,3,2,0.931373236966,7824,9954,8
114009,5,best_r_change,2,3,0.93267666003,7675.46666667,9806,8
114017,5,best_r_change,3,2,0.93279072419,7663,9789,7
114018,5,best_r_change,2,3,0.933079572231,7630.13333333,9750,8
114027,3,best_r_change,3,4,1.03829706999,-4366.9,9819,8
114027,5,best_r_change,3,2,0.932480903646,7699,9819,8
114028,3,best_r_change,4,3,1.03757556624,-4284.66666667,9736,8
114028,5,best_r_change,2,3,0.933216402989,7615.2,9736,8
114036,5,best_r_change,3,2,0.932898382967,7652,9748,8
114037,5,best_r_change,2,3,0.932083446601,7745,9878,8
114043,3,best_r_change,3,4,1.03854423332,-4395.7,9759,8
114044,3,best_r_change,4,3,1.03783481229,-4314.83333333,9812,8
114047,5,best_r_change,3,2,0.931773742404,7781,9904,8
114048,5,best_r_change,2,3,0.933264941077,7611,9735,8
114106,5,best_r_change,3,2,0.931256901478,7844,9915,8
114107,5,best_r_change,2,3,0.932658528107,7684.13333333,9812,8
114119,5,best_r_change,3,2,0.933104916797,7634,9761,8
114120,5,best_r_change,2,3,0.932963547143,7650.2,9783,8
114122,5,best_r_change,3,2,0.932028881373,7757,9866,8
114123,5,best_r_change,2,3,0.932621820317,7689.4,9825,8
114137,5,best_r_change,3,2,0.933264410314,7617,9749,8
114138,5,best_r_change,2,3,0.932358490015,7720.46666667,9847,8
114154,3,best_r_change,3,4,1.0390963085,-4463,9727,8
114155,3,best_r_change,4,3,1.03561093834,-4065.16666667,9977,8
114178,5,best_r_change,3,2,0.932552680902,7701,9837,8
114179,5,best_r_change,2,3,0.932351249646,7724.06666667,9840,8
114182,5,best_r_change,3,2,0.933264437477,7620,9711,8
114183,5,best_r_change,2,3,0.933550528538,7587.4,9716,8
114191,5,best_r_change,3,2,0.932875620671,7665,9781,8
114192,5,best_r_change,2,3,0.93319905656,7628.13333333,9747,8
114203,3,best_r_change,3,4,1.0386898768,-4418.5,9736,8
114204,3,best_r_change,4,3,1.03759354605,-4293.33333333,9797,8
114204,5,best_r_change,3,2,0.932997092921,7652,9797,8
114205,5,best_r_change,2,3,0.932316448492,7729.8,9840,8
114229,3,best_r_change,3,4,1.03770758739,-4307.3,9870,8
114230,3,best_r_change,4,3,1.0370568152,-4233,9830,8
114232,3,best_r_change,3,4,1.03914927516,-4472.1,9713,8
114233,3,best_r_change,4,3,1.03713462835,-4242,9837,8
114234,3,best_r_change,3,4,1.03833972372,-4379.7,9777,8
114235,3,best_r_change,4,3,1.03644533929,-4163.33333333,9914,8
114244,5,best_r_change,3,2,0.932836735408,7673,9802,8
114245,5,best_r_change,2,3,0.932997797132,7654.66666667,9772,8
114246,5,best_r_change,3,2,0.932837911174,7673,9788,8
114247,5,best_r_change,2,3,0.932759722356,7682,9813,8
114256,5,best_r_change,3,2,0.932572468842,7704,9813,8
114257,5,best_r_change,2,3,0.932724763764,7686.66666667,9817,8
114260,5,best_r_change,3,2,0.932601085244,7701,9848,7
114261,5,best_r_change,2,3,0.932952917735,7660.86666667,9783,8
114275,5,best_r_change,3,2,0.933239991249,7629,9749,8
114276,5,best_r_change,2,3,0.933385837796,7612.4,9749,8
114278,5,best_r_change,3,2,0.931491625685,7829,9949,8
114279,5,best_r_change,2,3,0.932415112721,7723.53333333,9870,8
114285,5,best_r_change,3,2,0.932117075732,7758,9874,8
114286,5,best_r_change,2,3,0.933722999026,7574.53333333,9701,8
114287,5,best_r_change,3,2,0.932687007271,7693,9799,8
114288,5,best_r_change,2,3,0.933147837043,7640.4,9771,8
114289,3,best_r_change,3,4,1.03895737998,-4452.4,9713,8
114290,3,best_r_change,4,3,1.03804648992,-4348.33333333,9760,8
114291,5,best_r_change,3,2,0.932461873638,7719,9838,8
114292,5,best_r_change,2,3,0.932630455325,7699.8,9826,8
114307,3,best_r_change,3,4,1.03881739526,-4437.1,9723,8
114308,3,best_r_change,4,3,1.03652704389,-4175.33333333,9882,8
114326,5,best_r_change,3,2,0.93160785823,7819,9948,8
114327,5,best_r_change,2,3,0.932767704333,7686.46666667,9832,8
114347,5,best_r_change,3,2,0.932774799514,7687,9805,8
114348,5,best_r_change,2,3,0.932195869918,7753.26666667,9870,8
114376,3,best_r_change,3,4,1.03744929006,-4283.3,9846,8
114377,3,best_r_change,4,3,1.03687512932,-4217.66666667,9905,8
114382,3,best_r_change,3,4,1.03843611757,-4396.4,9835,8
114383,3,best_r_change,4,3,1.03719958385,-4255,9884,8
114387,3,best_r_change,3,4,1.0379291353,-4338.6,9847,8
114388,3,best_r_change,4,3,1.03755201595,-4295.5,9795,8
114389,5,best_r_change,3,2,0.932983066554,7666,9778,8
114390,5,best_r_change,2,3,0.932097794096,7767.33333333,9900,8
114407,5,best_r_change,3,2,0.933351980211,7625,9759,8
114408,5,best_r_change,2,3,0.93348483789,7609.86666667,9743,8
114410,5,best_r_change,3,2,0.931658071847,7819,9922,8
114411,5,best_r_change,2,3,0.933925933695,7559.6,9705,8
114427,3,best_r_change,3,4,1.03829253585,-4381.7,9790,8
114428,3,best_r_change,4,3,1.03905075681,-4468.5,9719,8
114436,3,best_r_change,3,4,1.03808242162,-4358,9791,8
114437,3,best_r_change,4,3,1.03773983356,-4318.83333333,9815,8
114485,5,best_r_change,3,2,0.932916976023,7680,9822,8
114486,5,best_r_change,2,3,0.932918726598,7679.86666667,9822,8
114487,5,best_r_change,3,2,0.933066636387,7663,9804,8
114488,5,best_r_change,2,3,0.93134302285,7860.4,9997,8
114518,5,best_r_change,3,2,0.931914633507,7797,9931,8
114519,5,best_r_change,2,3,0.933267550945,7642.13333333,9788,8
114521,5,best_r_change,3,2,0.932422874407,7739,9857,8
114522,5,best_r_change,2,3,0.932644673804,7713.66666667,9852,8
114523,5,best_r_change,3,2,0.933035285489,7669,9791,8
114524,5,best_r_change,2,3,0.932667970615,7711.13333333,9851,8
114535,3,best_r_change,3,4,1.03815602218,-4370.2,9797,8
114536,3,best_r_change,4,3,1.03725757258,-4267.33333333,9867,8
114560,5,best_r_change,3,2,0.933196578212,7653,9777,8
114561,5,best_r_change,2,3,0.932662366192,7714.26666667,9843,8
114569,5,best_r_change,3,2,0.933603330744,7607,9727,8
114570,5,best_r_change,2,3,0.932317360566,7754.4,9888,8
114576,3,best_r_change,3,4,1.03759687893,-4307.7,9887,8
114577,3,best_r_change,4,3,1.03698386238,-4237.5,9852,8
114582,5,best_r_change,3,2,0.932921401267,7686,9823,7
114583,5,best_r_change,2,3,0.932722422465,7708.86666667,9849,8
114586,3,best_r_change,3,4,1.03888084059,-4455.2,9759,7
114587,3,best_r_change,4,3,1.03746061944,-4292.5,9823,8
114593,5,best_r_change,3,2,0.931767210912,7819,9955,8
114594,5,best_r_change,2,3,0.933048850725,7672.2,9801,8
114599,5,best_r_change,3,2,0.934013385806,7562,9691,8
114600,5,best_r_change,2,3,0.932991273997,7679.2,9812,8
114619,3,best_r_change,3,4,1.03819436568,-4377.8,9838,8
114620,3,best_r_change,4,3,1.03894462863,-4463.83333333,9796,8
114621,5,best_r_change,3,2,0.932516729046,7735,9873,8
114622,5,best_r_change,2,3,0.932326545806,7756.86666667,9893,8
114632,5,best_r_change,3,2,0.932654058204,7720,9837,8
114633,5,best_r_change,2,3,0.93235281289,7754.6,9884,8
114654,3,best_r_change,3,4,1.03915606957,-4489.4,9764,8
114655,3,best_r_change,4,3,1.03774221214,-4327.33333333,9835,8
114685,5,best_r_change,3,2,0.933112438418,7671,9794,8
114686,5,best_r_change,2,3,0.933304849764,7649,9788,8
114690,3,best_r_change,3,4,1.03874967303,-4444.2,9769,8
114691,3,best_r_change,4,3,1.03689478686,-4231.5,9913,8
114703,3,best_r_change,3,4,1.03806787965,-4366.5,9837,8
114704,3,best_r_change,4,3,1.03810242014,-4370.5,9759,8
114718,5,best_r_change,3,2,0.931649784689,7841,9969,8
114719,5,best_r_change,2,3,0.93280101814,7709,9856,7
114732,3,best_r_change,3,4,1.03737405432,-4288,9879,8
114733,3,best_r_change,4,3,1.0369844189,-4243.33333333,9923,8
114743,5,best_r_change,3,2,0.932771498043,7714,9848,8
114744,5,best_r_change,2,3,0.932665179298,7726.26666667,9875,7
114778,5,best_r_change,3,2,0.931755214414,7833,9934,8
114779,5,best_r_change,2,3,0.932607300406,7735.26666667,9883,8
114786,5,best_r_change,3,2,0.933484919764,7635,9757,8
114787,5,best_r_change,2,3,0.932035276933,7801.46666667,9943,8
114803,5,best_r_change,3,2,0.932972134875,7695,9835,8
114804,5,best_r_change,2,3,0.932905938237,7702.66666667,9839,8
114814,5,best_r_change,3,2,0.932508230704,7749,9879,8
114815,5,best_r_change,2,3,0.933252043142,7663.66666667,9792,8
114823,5,best_r_change,3,2,0.932217412888,7783,9893,8
114824,5,best_r_change,2,3,0.932888594719,7706,9855,8
114826,3,best_r_change,3,4,1.03810809399,-4375.8,9888,8
114827,3,best_r_change,4,3,1.03774954206,-4334.66666667,9901,8
114828,5,best_r_change,3,2,0.932960601944,7698,9828,8
114829,5,best_r_change,2,3,0.932003820173,7807.93333333,9941,8
114836,5,best_r_change,3,2,0.933008812567,7693,9813,8
114837,5,best_r_change,2,3,0.932255864109,7779.53333333,9924,8
114842,5,best_r_change,3,2,0.932411487087,7762,9894,8
114843,5,best_r_change,2,3,0.932990256263,7695.6,9847,8
114845,5,best_r_change,3,2,0.932230397492,7783,9916,8
114846,5,best_r_change,2,3,0.933807591615,7601.93333333,9746,8
114861,5,best_r_change,3,2,0.932962450266,7700,9838,8
114862,5,best_r_change,2,3,0.93293923723,7702.73333333,9846,8
114876,5,best_r_change,3,2,0.933893937811,7594,9730,8
114877,5,best_r_change,2,3,0.932521450479,7751.73333333,9883,8
114892,5,best_r_change,3,2,0.933163318595,7679,9796,8
114893,5,best_r_change,2,3,0.932282500529,7780.26666667,9915,8
114902,5,best_r_change,3,2,0.933038589407,7694,9838,8
114903,5,best_r_change,2,3,0.933502171397,7640.8,9771,8
114905,5,best_r_change,3,2,0.933388451329,7654,9787,8
114906,5,best_r_change,2,3,0.933266612129,7668.06666667,9818,8
114986,5,best_r_change,3,2,0.933444071452,7653,9804,8
114987,5,best_r_change,2,3,0.933272456886,7672.8,9815,8
114989,3,best_r_change,3,4,1.03967683865,-4562.4,9745,8
114990,3,best_r_change,4,3,1.03750181175,-4312.33333333,9954,8
115008,5,best_r_change,3,2,0.930552657206,7987,10132,8
115009,5,best_r_change,2,3,0.933548388967,7642.53333333,9793,8
115023,3,best_r_change,3,4,1.03763768985,-4329.2,9933,8
115024,3,best_r_change,4,3,1.03750666528,-4314.16666667,9897,8
115048,5,best_r_change,3,2,0.933149641889,7691,9816,8
115049,5,best_r_change,2,3,0.932895838585,7720.26666667,9861,8
115051,5,best_r_change,3,2,0.932873247516,7723,9844,8
115052,5,best_r_change,2,3,0.932806035532,7730.8,9875,8
115058,5,best_r_change,3,2,0.933259747258,7679,9795,8
115059,5,best_r_change,2,3,0.93269713799,7743.8,9882,8
115063,5,best_r_change,3,2,0.932628212371,7752,9889,8
115064,5,best_r_change,2,3,0.932307817099,7788.93333333,9933,8
115068,3,best_r_change,3,4,1.03772551882,-4341,9927,8
115069,3,best_r_change,4,3,1.03672144539,-4225.5,9967,8
115069,5,best_r_change,3,2,0.931979942469,7827,9967,8
115070,5,best_r_change,2,3,0.933745835868,7623.86666667,9779,8
115071,3,best_r_change,3,4,1.03741689913,-4305.6,9883,8
115072,3,best_r_change,4,3,1.03815437291,-4390.5,9846,8
115074,3,best_r_change,3,4,1.03949719311,-4545.1,9727,8
115075,3,best_r_change,4,3,1.03812441162,-4387.16666667,9882,8
115090,3,best_r_change,3,4,1.03794161091,-4366.7,9906,8
115091,3,best_r_change,4,3,1.03799312428,-4372.66666667,9816,8
115099,5,best_r_change,3,2,0.93386562872,7612,9748,8
115100,5,best_r_change,2,3,0.93292325514,7720.53333333,9876,8
115130,5,best_r_change,3,2,0.932519760271,7769,9902,8
115131,5,best_r_change,2,3,0.932300886237,7794.26666667,9949,8
115133,5,best_r_change,3,2,0.933494306585,7657,9789,8
115134,5,best_r_change,2,3,0.932197265795,7806.4,9960,8
115149,3,best_r_change,3,4,1.03862821214,-4448,9787,8
115150,3,best_r_change,4,3,1.03682153713,-4240,10032,8
115154,5,best_r_change,3,2,0.933506434861,7657,9794,8
115155,5,best_r_change,2,3,0.932512989738,7771.46666667,9928,9
115166,5,best_r_change,3,2,0.933252869771,7687,9820,8
115167,5,best_r_change,2,3,0.932860396931,7732.26666667,9864,8
115174,3,best_r_change,3,4,1.03976852415,-4580.3,9746,8
115175,3,best_r_change,4,3,1.03771073005,-4343.33333333,9928,8
115185,3,best_r_change,3,4,1.03849980466,-4434.6,9870,8
115186,3,best_r_change,4,3,1.03805728705,-4383.66666667,9834,8
115191,5,best_r_change,3,2,0.932156158033,7815,9954,8
115192,5,best_r_change,2,3,0.933403361345,7671.4,9824,8
115195,3,best_r_change,3,4,1.03866921307,-4454.5,9928,8
115196,3,best_r_change,4,3,1.03786879174,-4362.33333333,9824,8
115241,3,best_r_change,3,4,1.03848803811,-4435.4,9842,8
115242,3,best_r_change,4,3,1.03861005536,-4449.5,9784,8
115273,5,best_r_change,3,2,0.933800629809,7631,9773,8
115274,5,best_r_change,2,3,0.933439168127,7672.73333333,9814,8
115277,3,best_r_change,3,4,1.03858965795,-4448.5,9878,8
115278,3,best_r_change,4,3,1.03773052968,-4349.5,9920,8
115296,5,best_r_change,3,2,0.932504163197,7782,9928,8
115297,5,best_r_change,2,3,0.932221422356,7814.66666667,9976,8
115324,5,best_r_change,3,2,0.932598591794,7773,9913,7
115325,5,best_r_change,2,3,0.932928679818,7735,9887,8
115343,5,best_r_change,3,2,0.932106846536,7831,9988,8
115344,5,best_r_change,2,3,0.931922481158,7852.33333333,10013,8
115350,3,best_r_change,3,4,1.03889120069,-4486.1,9855,8
115351,3,best_r_change,4,3,1.03723273603,-4294.83333333,9922,8
115385,3,best_r_change,3,4,1.03828053906,-4417,9884,8
115386,3,best_r_change,4,3,1.03688200186,-4255.66666667,10048,8
115386,5,best_r_change,3,2,0.931560154611,7897,10048,8
115387,5,best_r_change,2,3,0.932696057615,7766,9929,8
115401,3,best_r_change,3,4,1.03936274382,-4542.5,9847,8
115403,3,best_r_change,4,3,1.03864717555,-4460,9871,8
115415,3,best_r_change,3,4,1.03724039336,-4298.1,9989,8
115416,3,best_r_change,4,3,1.03936340427,-4543.16666667,9801,8
115446,3,best_r_change,3,4,1.0383824472,-4431.1,9918,8
115447,3,best_r_change,4,3,1.03870607292,-4468.5,9843,8
115452,3,best_r_change,3,4,1.03819249558,-4409.4,9904,8
115452,5,best_r_change,3,2,0.932941828639,7742,9904,8
115453,3,best_r_change,4,3,1.03741926729,-4320.16666667,9976,8
115453,5,best_r_change,2,3,0.932267387306,7819.93333333,9976,8
115455,3,best_r_change,3,4,1.03881685505,-4481.6,9852,8
115456,3,best_r_change,4,3,1.0383797002,-4431.16666667,9872,8
115476,3,best_r_change,3,4,1.03897433233,-4500.6,9791,8
115477,3,best_r_change,4,3,1.03660036198,-4226.5,9957,8
115482,3,best_r_change,3,4,1.03797301744,-4385.2,9983,8
115483,3,best_r_change,4,3,1.03894656934,-4497.66666667,9805,8
115494,3,best_r_change,3,4,1.03831800786,-4425.5,9972,8
115495,3,best_r_change,4,3,1.03922969248,-4530.83333333,9853,8
115500,3,best_r_change,3,4,1.03886926407,-4489.4,9808,7
115501,3,best_r_change,4,3,1.03943255903,-4554.5,9836,8
115501,5,best_r_change,3,2,0.933584990606,7671,9836,8
115502,5,best_r_change,2,3,0.933314286044,7702.33333333,9871,8
115503,3,best_r_change,3,4,1.03925785477,-4534.4,9790,8
115504,3,best_r_change,4,3,1.038267073,-4420,9830,8
115508,5,best_r_change,3,2,0.932801191259,7762,9903,8
115509,5,best_r_change,2,3,0.9335924762,7670.66666667,9813,8
115516,3,best_r_change,3,4,1.03934606461,-4545.1,9822,8
115517,3,best_r_change,4,3,1.03775779034,-4361.66666667,9962,8
115518,3,best_r_change,3,4,1.03856974671,-4455.5,9844,8
115519,3,best_r_change,4,3,1.03680779785,-4252,10017,8
115527,5,best_r_change,3,2,0.932846866966,7758,9909,8
115528,5,best_r_change,2,3,0.932130738868,7840.8,9973,8
115534,3,best_r_change,3,4,1.0392992539,-4540.4,9829,8
115535,3,best_r_change,4,3,1.03866505099,-4467.16666667,9877,8
115537,3,best_r_change,3,4,1.03882046444,-4485.2,9863,8
115538,3,best_r_change,4,3,1.03798750195,-4389,9883,8
115545,3,best_r_change,3,4,1.03809078714,-4401.2,9880,8
115546,3,best_r_change,4,3,1.03910275273,-4518.16666667,9820,8
115554,3,best_r_change,3,4,1.03863215466,-4464.1,9891,8
115555,3,best_r_change,4,3,1.03779585479,-4367.5,9845,8
115562,3,best_r_change,3,4,1.03976739759,-4595.6,9781,8
115562,5,best_r_change,3,2,0.934104636472,7615,9781,8
115563,3,best_r_change,4,3,1.03894989457,-4501.16666667,9865,8
115563,5,best_r_change,2,3,0.933377753549,7699.06666667,9865,8
115567,3,best_r_change,3,4,1.03884240311,-4488.9,9819,8
115568,3,best_r_change,4,3,1.03943998339,-4558,9861,8
115572,3,best_r_change,3,4,1.03822465649,-4417.7,9891,8
115573,3,best_r_change,4,3,1.03764720134,-4351,9900,8
115576,3,best_r_change,3,4,1.03764449367,-4350.8,9970,8
115577,3,best_r_change,4,3,1.03900285812,-4507.83333333,9867,8
115596,3,best_r_change,3,4,1.04006540019,-4631.4,9751,8
115597,3,best_r_change,4,3,1.03704680917,-4282.5,10011,8
115603,3,best_r_change,3,4,1.03910798163,-4521,9888,8
115604,3,best_r_change,4,3,1.03784471126,-4375,9945,8
115615,3,best_r_change,3,4,1.03965488907,-4584.7,9846,8
115616,3,best_r_change,4,3,1.03874031276,-4479,9823,8
115647,3,best_r_change,3,4,1.03885530969,-4493.5,9878,8
115648,3,best_r_change,4,3,1.03806954436,-4402.66666667,9930,8
115650,3,best_r_change,3,4,1.03878512754,-4485.5,9874,8
115651,3,best_r_change,4,3,1.03710156707,-4290.83333333,10034,8
115655,5,best_r_change,3,2,0.932255414811,7835,9982,8
115656,5,best_r_change,2,3,0.932938484241,7756.06666667,9902,8
115670,3,best_r_change,3,4,1.03838073831,-4439.5,9890,9
115671,3,best_r_change,4,3,1.03852593419,-4456.33333333,9815,8
115679,5,best_r_change,3,2,0.932744923452,7780,9923,8
115680,5,best_r_change,2,3,0.932907445828,7761.26666667,9920,8
115692,3,best_r_change,3,4,1.03849272206,-4453.3,9960,8
115693,3,best_r_change,4,3,1.03709962285,-4292.16666667,9987,8
115700,3,best_r_change,3,4,1.03865082109,-4471.9,9931,8
115701,3,best_r_change,4,3,1.0386585538,-4472.83333333,9893,8
115714,3,best_r_change,3,4,1.03847762587,-4452.4,9881,8
115715,3,best_r_change,4,3,1.03753186709,-4343,9998,8
115727,5,best_r_change,3,2,0.93323079316,7727,9851,8
115728,5,best_r_change,2,3,0.933008433568,7752.8,9911,8
115732,3,best_r_change,3,4,1.03906179795,-4520.7,9831,8
115733,3,best_r_change,4,3,1.03774348428,-4368.16666667,9910,8
115740,3,best_r_change,3,4,1.03884136858,-4495.5,9892,8
115741,3,best_r_change,4,3,1.03772071551,-4365.83333333,9937,8
115763,5,best_r_change,3,2,0.933182450351,7735,9884,8
115764,5,best_r_change,2,3,0.933030418207,7752.66666667,9922,8
115773,5,best_r_change,3,2,0.931823482159,7893,10045,8
115774,5,best_r_change,2,3,0.932224851867,7846.6,9987,8
115789,5,best_r_change,3,2,0.932316541295,7837,9957,8
115790,5,best_r_change,2,3,0.932900941359,7769.4,9929,8
115801,3,best_r_change,3,4,1.03902125198,-4518.7,9845,8
115802,3,best_r_change,4,3,1.03723741098,-4312.16666667,9947,8
115829,3,best_r_change,3,4,1.03884519421,-4499.4,9841,8
115830,3,best_r_change,4,3,1.03858816081,-4469.66666667,9871,8
115852,3,best_r_change,3,4,1.0384663191,-4456.4,9917,8
115853,3,best_r_change,4,3,1.03812446232,-4416.83333333,9943,8
115853,5,best_r_change,3,2,0.932699196395,7797,9943,8
115854,5,best_r_change,2,3,0.932589868858,7809.73333333,9983,7
115861,3,best_r_change,3,4,1.03857898689,-4469.8,9932,8
115862,3,best_r_change,4,3,1.0381560247,-4420.83333333,9866,8
115864,5,best_r_change,3,2,0.932213629773,7854,10011,8
115865,5,best_r_change,2,3,0.932147470476,7861.73333333,10019,8
115866,3,best_r_change,3,4,1.0381509675,-4420.4,9963,8
115867,3,best_r_change,4,3,1.03915696445,-4537,9852,8
115880,3,best_r_change,3,4,1.03867276493,-4481.4,9906,8
115881,3,best_r_change,4,3,1.0375931631,-4356.33333333,9967,8
115889,5,best_r_change,3,2,0.93224551079,7852,9998,8
115890,5,best_r_change,2,3,0.933504185003,7706.2,9868,8
115897,3,best_r_change,3,4,1.03907607617,-4528.8,9870,8
115898,3,best_r_change,4,3,1.03826640667,-4435,9920,8
115899,3,best_r_change,3,4,1.03838169441,-4448.4,9914,8
115900,3,best_r_change,4,3,1.03775237274,-4375.5,9936,8
115907,3,best_r_change,3,4,1.03937812212,-4564.2,9785,8
115909,3,best_r_change,4,3,1.03840656607,-4451.66666667,9957,8
115916,3,best_r_change,3,4,1.03814917699,-4422.1,9937,8
115917,3,best_r_change,4,3,1.03845567662,-4457.66666667,9863,8
115920,5,best_r_change,3,2,0.933850931677,7668,9830,8
115921,5,best_r_change,2,3,0.932485629581,7826.33333333,9984,8
115940,5,best_r_change,3,2,0.932318440573,7847,10000,8
115941,5,best_r_change,2,3,0.933511584915,7708.73333333,9880,8
115945,3,best_r_change,3,4,1.03770235888,-4371.4,9979,8
115946,3,best_r_change,4,3,1.03762239893,-4362.16666667,9971,8
115949,5,best_r_change,3,2,0.932418563334,7836,9980,7
115950,5,best_r_change,2,3,0.933106223947,7756.33333333,9911,8
115969,5,best_r_change,3,2,0.932887237106,7783,9951,8
115970,5,best_r_change,2,3,0.933416688224,7721.66666667,9869,8
115975,3,best_r_change,3,4,1.03764949343,-4366.4,10025,8
115976,3,best_r_change,4,3,1.03770176588,-4372.5,9970,8
115985,3,best_r_change,3,4,1.03902487391,-4526.3,9871,8
115986,3,best_r_change,4,3,1.03796004115,-4402.83333333,10012,8
115998,3,best_r_change,3,4,1.03942999017,-4573.8,9860,8
115999,3,best_r_change,4,3,1.03827906562,-4440.33333333,9984,7
116007,3,best_r_change,3,4,1.03822441749,-4434.3,9983,8
116008,3,best_r_change,4,3,1.03795284233,-4402.83333333,9970,8
116013,3,best_r_change,3,4,1.03864566902,-4483.4,9912,8
116014,3,best_r_change,4,3,1.03760465691,-4362.66666667,10039,8
116017,3,best_r_change,3,4,1.03845384728,-4461.3,9917,8
116018,3,best_r_change,4,3,1.03856154505,-4473.83333333,9889,8
116022,3,best_r_change,3,4,1.038671976,-4486.8,9975,8
116023,3,best_r_change,4,3,1.03886154757,-4508.83333333,9904,8
116025,3,best_r_change,3,4,1.03848308554,-4465,9973,8
116026,3,best_r_change,4,3,1.0386666207,-4486.33333333,9883,8
116038,3,best_r_change,3,4,1.03818662852,-4431.1,9975,8
116039,3,best_r_change,4,3,1.03800302772,-4409.83333333,9882,8
116040,3,best_r_change,3,4,1.03811013444,-4422.3,9978,8
116041,3,best_r_change,4,3,1.03799231881,-4408.66666667,9928,8
116048,3,best_r_change,3,4,1.03877964291,-4500.3,9893,8
116049,3,best_r_change,4,3,1.03761916662,-4365.66666667,9992,8
116052,3,best_r_change,3,4,1.03936683556,-4568.6,9881,8
116053,3,best_r_change,4,3,1.03822678719,-4436.33333333,9967,8
116058,3,best_r_change,3,4,1.03855055231,-4474.1,9897,8
116060,3,best_r_change,4,3,1.03746338101,-4348,10019,8
116064,3,best_r_change,3,4,1.03794630549,-4404.2,9974,8
116065,3,best_r_change,4,3,1.03767716366,-4373,9923,8
116068,3,best_r_change,3,4,1.03825946859,-4440.7,9978,8
116069,3,best_r_change,4,3,1.03769022449,-4374.66666667,9861,8
116074,3,best_r_change,3,4,1.03859348347,-4479.7,9926,8
116075,3,best_r_change,4,3,1.03724890516,-4323.66666667,10028,8
116086,3,best_r_change,3,4,1.03829660769,-4445.7,9990,8
116087,3,best_r_change,4,3,1.03875398049,-4498.83333333,9894,8
116092,3,best_r_change,3,4,1.03941615271,-4575.9,9846,8
116093,3,best_r_change,4,3,1.03878930398,-4503.16666667,9934,8
116105,3,best_r_change,3,4,1.03943671676,-4578.8,9886,8
116106,3,best_r_change,4,3,1.03888975017,-4515.33333333,9898,8
116118,3,best_r_change,3,4,1.03908093491,-4538,9908,8
116119,3,best_r_change,4,3,1.03764528917,-4371.33333333,9946,8
116132,3,best_r_change,3,4,1.03907105707,-4537.4,9919,8
116133,3,best_r_change,4,3,1.03695906131,-4292.16666667,10062,8
116143,3,best_r_change,3,4,1.03883832861,-4510.8,9922,8
116144,3,best_r_change,4,3,1.03831450613,-4450,9882,8
116152,3,best_r_change,3,4,1.03939579172,-4575.9,9862,8
116153,3,best_r_change,4,3,1.03843924249,-4464.83333333,9854,8
116153,5,best_r_change,3,2,0.933639251677,7708,9854,8
116154,5,best_r_change,2,3,0.932493069546,7841.2,10002,8
116160,3,best_r_change,3,4,1.04002496556,-4649.3,9799,8
116161,3,best_r_change,4,3,1.03767472158,-4376.33333333,10012,8
116165,3,best_r_change,3,4,1.03904876684,-4536.1,9911,8
116166,3,best_r_change,4,3,1.03827281649,-4446,9946,8
116186,3,best_r_change,3,4,1.03741414628,-4347,10027,8
116187,3,best_r_change,4,3,1.03817122398,-4435,9965,8
116196,3,best_r_change,3,4,1.03929825467,-4566.3,9927,8
116197,3,best_r_change,4,3,1.03900846551,-4532.66666667,9918,8
116201,3,best_r_change,3,4,1.03897987109,-4529.5,9871,8
116202,3,best_r_change,4,3,1.03773027429,-4384.33333333,9992,7
116204,5,best_r_change,3,2,0.932713159616,7819,9971,7
116205,5,best_r_change,2,3,0.933662636433,7708.73333333,9869,8
116209,3,best_r_change,3,4,1.03879303668,-4508.1,9901,8
116210,3,best_r_change,4,3,1.03819808967,-4439,9848,8
116212,5,best_r_change,3,2,0.932408012942,7855,10031,8
116213,5,best_r_change,2,3,0.932578971372,7835.2,9991,8
116216,3,best_r_change,3,4,1.03888190955,-4518.7,9916,8
116217,3,best_r_change,4,3,1.03819292071,-4438.66666667,9974,8
116221,3,best_r_change,3,4,1.03856531952,-4482.1,9964,8
116222,3,best_r_change,4,3,1.03829022618,-4450.16666667,9922,8
116223,3,best_r_change,3,4,1.03956101632,-4597.9,9840,7
116224,3,best_r_change,4,3,1.0373961775,-4346.33333333,9935,8
116227,3,best_r_change,3,4,1.03852633209,-4477.8,9937,8
116228,3,best_r_change,4,3,1.03857647612,-4483.66666667,9877,8
116230,3,best_r_change,3,4,1.03860793255,-4487.4,9971,8
116231,3,best_r_change,4,3,1.03712864898,-4315.5,10053,8
116241,3,best_r_change,3,4,1.03909980127,-4545,9896,8
116243,3,best_r_change,4,3,1.03844532574,-4469,9924,8
116250,3,best_r_change,3,4,1.0369255914,-4292.6,10062,8
116251,3,best_r_change,4,3,1.03724269039,-4329.5,10023,8
116264,3,best_r_change,3,4,1.03889940136,-4522.6,9901,9
116265,3,best_r_change,4,3,1.03846528763,-4472.16666667,9886,8
116266,3,best_r_change,3,4,1.03853749161,-4480.6,9946,8
116267,3,best_r_change,4,3,1.03737231258,-4345.16666667,9992,8
116275,3,best_r_change,3,4,1.03881487852,-4513.2,9945,8
116276,3,best_r_change,4,3,1.03730348481,-4337.5,10006,8
116280,3,best_r_change,3,4,1.03939628483,-4581,9858,8
116281,3,best_r_change,4,3,1.03893872028,-4527.83333333,9895,8
116285,3,best_r_change,3,4,1.03909274627,-4545.9,9900,8
116286,3,best_r_change,4,3,1.03817599138,-4439.33333333,10012,8
116287,3,best_r_change,3,4,1.03826996999,-4450.3,9909,8
116288,3,best_r_change,4,3,1.03734406531,-4342.66666667,10060,8
116290,3,best_r_change,3,4,1.03889758363,-4523.4,9870,8
116291,3,best_r_change,4,3,1.03793500787,-4411.5,10004,8
116305,3,best_r_change,3,4,1.03842483126,-4469,9933,8
116306,3,best_r_change,4,3,1.03780114525,-4396.5,10013,8
116308,3,best_r_change,3,4,1.03780823331,-4397.4,9973,8
116309,3,best_r_change,4,3,1.03842494275,-4469.16666667,9942,8
116314,3,best_r_change,3,4,1.03873394432,-4505.3,9942,8
116315,3,best_r_change,4,3,1.03737551763,-4347.33333333,10121,8
116322,3,best_r_change,3,4,1.03823696291,-4447.8,9951,8
116323,3,best_r_change,4,3,1.03777269614,-4393.83333333,9996,8
116326,3,best_r_change,3,4,1.03833880646,-4459.8,9943,8
116327,3,best_r_change,4,3,1.03812098653,-4434.5,9981,8
116328,3,best_r_change,3,4,1.03778196135,-4395.1,9995,8
116329,3,best_r_change,4,3,1.03885674825,-4520.16666667,9864,8
116331,3,best_r_change,3,4,1.03822970661,-4447.3,9999,8
116332,3,best_r_change,4,3,1.03846032619,-4474.16666667,9938,8
116338,3,best_r_change,3,4,1.03910416201,-4549.3,9918,8
116339,3,best_r_change,4,3,1.03892933582,-4529,9862,7
116350,3,best_r_change,3,4,1.03919123335,-4559.9,9928,8
116351,3,best_r_change,4,3,1.03751292784,-4364.66666667,9980,8
116353,3,best_r_change,3,4,1.03776524885,-4394.1,9996,7
116354,3,best_r_change,4,3,1.03744893457,-4357.33333333,9951,8
116371,3,best_r_change,3,4,1.03835062,-4462.9,9979,8
116372,3,best_r_change,4,3,1.03799883133,-4422,9963,8
116373,5,best_r_change,3,2,0.932767910082,7824,9990,8
116374,5,best_r_change,2,3,0.932805151208,7819.73333333,9983,8
116381,3,best_r_change,3,4,1.03847964874,-4478.3,9895,8
116382,3,best_r_change,4,3,1.03851683823,-4482.66666667,9982,8
116383,3,best_r_change,3,4,1.03767646478,-4384.9,10047,8
116384,3,best_r_change,4,3,1.0385219045,-4483.33333333,9910,8
116401,3,best_r_change,3,4,1.03939485056,-4585.6,9892,8
116402,3,best_r_change,4,3,1.03739483285,-4352.83333333,10010,8
116409,3,best_r_change,3,4,1.03959487668,-4609.2,9855,8
116411,3,best_r_change,4,3,1.03854160403,-4486.66666667,9884,8
116416,3,best_r_change,3,4,1.0383409497,-4463.5,9970,8
116417,3,best_r_change,4,3,1.03731843287,-4344.5,10050,8
116423,3,best_r_change,3,4,1.03865215636,-4500,9884,8
116424,3,best_r_change,4,3,1.03855591058,-4488.83333333,9958,8
116440,3,best_r_change,3,4,1.03925626932,-4571,9936,8
116441,3,best_r_change,4,3,1.03745101239,-4360.83333333,10032,8
116446,3,best_r_change,3,4,1.03894509043,-4535,9919,8
116447,3,best_r_change,4,3,1.03726588062,-4339.5,10062,8
116452,3,best_r_change,3,4,1.0397511421,-4629.1,9848,8
116453,3,best_r_change,4,3,1.0387194834,-4509,9953,8
116458,3,best_r_change,3,4,1.03833399165,-4464.3,9976,8
116459,3,best_r_change,4,3,1.03868314171,-4505,9953,8
116466,3,best_r_change,3,4,1.03983394295,-4639.3,9815,8
116467,3,best_r_change,4,3,1.03778466576,-4400.66666667,9974,8
116471,3,best_r_change,3,4,1.0392131947,-4567.2,9841,8
116472,3,best_r_change,4,3,1.03833110104,-4464.5,9952,8
116473,3,best_r_change,3,4,1.03915929014,-4561,9921,8
116474,3,best_r_change,4,3,1.0386023204,-4496.16666667,9884,8
116474,5,best_r_change,3,2,0.933530229923,7742,9884,8
116475,3,best_r_change,3,4,1.03880832797,-4520.2,10006,8
116475,5,best_r_change,2,3,0.932850253989,7821.26666667,10006,8
116476,3,best_r_change,4,3,1.03730525316,-4345.16666667,10007,8
116487,3,best_r_change,3,4,1.03753723591,-4372.6,10077,8
116488,3,best_r_change,4,3,1.03830866699,-4462.5,9942,8
116490,3,best_r_change,3,4,1.03887629839,-4528.7,9943,8
116491,3,best_r_change,4,3,1.03811596318,-4440.16666667,10047,8
116497,3,best_r_change,3,4,1.03816836485,-4446.5,10022,8
116497,5,best_r_change,3,2,0.932290101891,7888,10022,8
116498,3,best_r_change,4,3,1.03817375978,-4447.16666667,9957,8
116498,5,best_r_change,2,3,0.933138194075,7789.26666667,9957,8
116507,3,best_r_change,3,4,1.03821744616,-4452.6,10009,8
116508,3,best_r_change,4,3,1.0376054291,-4381.33333333,10019,8
116509,3,best_r_change,3,4,1.03898153791,-4541.7,9922,8
116510,3,best_r_change,4,3,1.03928561211,-4577.16666667,9927,8
116515,3,best_r_change,3,4,1.03870059649,-4509.2,9934,8
116517,3,best_r_change,4,3,1.03783997185,-4409,10031,8
116520,3,best_r_change,3,4,1.03807243392,-4436.2,10023,8
116521,3,best_r_change,4,3,1.03757119604,-4377.83333333,10075,8
116525,3,best_r_change,3,4,1.03995794894,-4656.1,9916,8
116526,3,best_r_change,4,3,1.03853503367,-4490.33333333,10029,8
116527,3,best_r_change,3,4,1.03815253117,-4445.8,10053,8
116528,3,best_r_change,4,3,1.03774343219,-4398.16666667,10048,8
116530,3,best_r_change,3,4,1.03853256672,-4490.2,10004,8
116531,3,best_r_change,4,3,1.03770956512,-4394.33333333,10045,8
116531,5,best_r_change,3,2,0.932421415761,7875,10045,8
116532,5,best_r_change,2,3,0.933492374055,7750.26666667,9933,8
116539,3,best_r_change,3,4,1.03939453745,-4591,9947,8
116540,3,best_r_change,4,3,1.03922258452,-4571,9880,8
116541,3,best_r_change,3,4,1.03760908178,-4383,10066,8
116542,3,best_r_change,4,3,1.03851258202,-4488.33333333,9976,8
116544,3,best_r_change,3,4,1.0380697419,-4436.8,10001,8
116545,3,best_r_change,4,3,1.03783946115,-4410,10059,8
116547,3,best_r_change,3,4,1.03907608089,-4554.2,9990,8
116548,3,best_r_change,4,3,1.03853919987,-4491.66666667,10006,8
116553,3,best_r_change,3,4,1.03799044212,-4427.9,9994,8
116554,3,best_r_change,4,3,1.03839279075,-4474.83333333,9928,8
116555,3,best_r_change,3,4,1.03911543906,-4559.1,9931,8
116556,3,best_r_change,4,3,1.04025961769,-4692.5,9774,8
116572,3,best_r_change,3,4,1.03824417527,-4458.2,10051,8
116573,3,best_r_change,4,3,1.03759732814,-4382.83333333,10079,8
116585,3,best_r_change,3,4,1.03889436892,-4534.5,9937,8
116587,3,best_r_change,4,3,1.03732262888,-4351.33333333,10051,8
116606,3,best_r_change,3,4,1.03936075331,-4589.7,9883,8
116607,3,best_r_change,4,3,1.03783077631,-4411.33333333,9991,8
116614,3,best_r_change,3,4,1.03983483973,-4645.3,9893,8
116615,3,best_r_change,4,3,1.03788534923,-4418,9984,8
116618,5,best_r_change,3,2,0.932917731397,7823,9980,8
116619,3,best_r_change,3,4,1.03851516477,-4491.6,9929,8
116619,5,best_r_change,2,3,0.933369348048,7770.4,9929,8
116620,3,best_r_change,4,3,1.03765506202,-4391.33333333,10105,8
116621,5,best_r_change,3,2,0.932104852471,7918,10092,8
116622,5,best_r_change,2,3,0.932898881286,7825.46666667,10005,8
116624,3,best_r_change,3,4,1.03797931815,-4429.3,10051,8
116625,3,best_r_change,4,3,1.03778206502,-4406.33333333,10120,8
116635,3,best_r_change,3,4,1.03886740687,-4533.3,9944,8
116636,3,best_r_change,4,3,1.03811001749,-4445,10052,8
116637,3,best_r_change,3,4,1.03783533527,-4413,10041,8
116638,3,best_r_change,4,3,1.03769783433,-4397,10060,8
116649,5,best_r_change,3,2,0.933261322429,7785,9962,8
116650,5,best_r_change,2,3,0.932569795685,7865.73333333,10050,8
116653,3,best_r_change,3,4,1.03847307827,-4488,10003,8
116654,3,best_r_change,4,3,1.03903709546,-4553.83333333,9887,8
116655,3,best_r_change,3,4,1.03931850328,-4586.7,9953,8
116656,3,best_r_change,4,3,1.0389092717,-4539,9978,8
116662,3,best_r_change,3,4,1.03843153726,-4483.5,10038,8
116663,3,best_r_change,4,3,1.03840834998,-4480.83333333,9871,8
116664,3,best_r_change,3,4,1.03851916615,-4493.8,9967,7
116665,3,best_r_change,4,3,1.03870769582,-4515.83333333,9965,8
116668,3,best_r_change,3,4,1.03821356327,-4458.3,10002,8
116669,3,best_r_change,4,3,1.03868494059,-4513.33333333,9959,8
116677,3,best_r_change,3,4,1.03873599767,-4519.6,9980,8
116678,3,best_r_change,4,3,1.03827199643,-4465.5,9972,8
116689,3,best_r_change,3,4,1.03855461954,-4498.9,9921,7
116690,3,best_r_change,4,3,1.03630988088,-4237,10130,8
116699,3,best_r_change,3,4,1.03835251373,-4475.7,10015,8
116700,3,best_r_change,4,3,1.03902170808,-4553.83333333,9936,8
116706,3,best_r_change,3,4,1.03890888215,-4540.9,10017,8
116707,3,best_r_change,4,3,1.0387109028,-4517.83333333,10006,7
116708,3,best_r_change,3,4,1.03835469719,-4476.3,10067,8
116709,3,best_r_change,4,3,1.03803477024,-4439,10069,8
116709,5,best_r_change,3,2,0.932318844305,7899,10069,8
116710,5,best_r_change,2,3,0.932675292034,7857.46666667,10038,8
116711,3,best_r_change,3,4,1.03869215412,-4515.8,10020,7
116712,3,best_r_change,4,3,1.03847933374,-4491,9961,8
116715,3,best_r_change,3,4,1.03865569978,-4511.7,10001,8
116716,3,best_r_change,4,3,1.03702291602,-4321.16666667,10072,8
116721,3,best_r_change,3,4,1.03810453989,-4447.6,10010,8
116722,3,best_r_change,4,3,1.03840892605,-4483.16666667,10012,8
116725,3,best_r_change,3,4,1.03933947312,-4591.9,9914,8
116726,3,best_r_change,4,3,1.03807634974,-4444.5,9949,8
116752,3,best_r_change,3,4,1.03896292997,-4549,9974,8
116753,3,best_r_change,4,3,1.03753508118,-4382.33333333,10059,8
116754,3,best_r_change,3,4,1.04000719461,-4671,9897,8
116755,3,best_r_change,4,3,1.03736313934,-4362.33333333,10085,8
116769,3,best_r_change,3,4,1.03943426766,-4604.7,9974,8
116770,3,best_r_change,4,3,1.03806342953,-4444.66666667,9985,8
116772,3,best_r_change,3,4,1.03822406056,-4463.5,10054,8
116773,3,best_r_change,4,3,1.03778413389,-4412.16666667,10042,8
116782,3,best_r_change,3,4,1.03821993115,-4463.4,9970,8
116783,3,best_r_change,4,3,1.03720861198,-4345.33333333,10122,8
116789,3,best_r_change,3,4,1.03889236144,-4542.2,9971,8
116790,3,best_r_change,4,3,1.03937837144,-4599,9937,8
116791,3,best_r_change,3,4,1.03905523542,-4561.3,9975,8
116792,3,best_r_change,4,3,1.03720574469,-4345.33333333,10107,8
116793,3,best_r_change,3,4,1.03932256214,-4592.6,10005,8
116794,3,best_r_change,4,3,1.03855648977,-4503.16666667,9983,8
116804,3,best_r_change,3,4,1.03891561933,-4545.5,9941,8
116805,3,best_r_change,4,3,1.03885393034,-4538.33333333,9995,8
116812,3,best_r_change,3,4,1.03871776872,-4522.7,10020,8
116813,3,best_r_change,4,3,1.03833192082,-4477.66666667,9991,8
116823,3,best_r_change,3,4,1.03822106948,-4465.1,10047,8
116825,3,best_r_change,4,3,1.03671445895,-4289.16666667,10075,8
116826,3,best_r_change,3,4,1.03871227295,-4522.6,9971,8
116828,3,best_r_change,4,3,1.03811300944,-4452.66666667,10021,8
116841,3,best_r_change,3,4,1.04018709186,-4695.5,9873,8
116842,3,best_r_change,4,3,1.03880739232,-4534.33333333,10022,8
116844,3,best_r_change,3,4,1.03886036082,-4540.6,9970,8
116845,3,best_r_change,4,3,1.0393412926,-4596.83333333,9932,8
116850,3,best_r_change,3,4,1.03836970475,-4483.5,9983,8
116851,3,best_r_change,4,3,1.03722974843,-4350.33333333,10124,8
116853,3,best_r_change,3,4,1.03876494399,-4529.8,9968,8
116854,3,best_r_change,4,3,1.03985029752,-4656.66666667,9848,8
116854,5,best_r_change,3,2,0.934319749431,7675,9848,8
116855,5,best_r_change,2,3,0.933240340593,7801.2,9978,8
116859,3,best_r_change,3,4,1.03858239417,-4508.7,9954,8
116860,3,best_r_change,4,3,1.0369644589,-4319.66666667,10092,8
116863,3,best_r_change,3,4,1.03822424548,-4467,10045,8
116864,3,best_r_change,4,3,1.03738818912,-4369.33333333,10086,8
116865,3,best_r_change,3,4,1.03812090874,-4455,10037,7
116866,3,best_r_change,4,3,1.03814625297,-4458,10015,8
116875,3,best_r_change,3,4,1.03805347594,-4447.5,10015,8
116876,3,best_r_change,4,3,1.03845385993,-4494.33333333,10014,8
116877,3,best_r_change,3,4,1.03890329149,-4546.9,10015,8
116878,3,best_r_change,4,3,1.03853305726,-4503.66666667,10033,8
116890,3,best_r_change,3,4,1.03882966892,-4538.8,9980,8
116892,3,best_r_change,4,3,1.03924420263,-4587.33333333,9926,8
116895,3,best_r_change,3,4,1.03830103939,-4477.2,10076,8
116896,3,best_r_change,4,3,1.03683616206,-4306,10071,7
116897,3,best_r_change,3,4,1.03929356613,-4593.3,9974,8
116898,3,best_r_change,4,3,1.03775371121,-4413.33333333,10024,8
116901,3,best_r_change,3,4,1.03854458046,-4505.9,10018,8
116902,3,best_r_change,4,3,1.03793205705,-4434.33333333,10078,8
116903,3,best_r_change,3,4,1.03921199627,-4584,10034,8
116904,3,best_r_change,4,3,1.03700187048,-4325.66666667,10084,8
116905,3,best_r_change,3,4,1.03874684573,-4529.7,10033,8
116906,3,best_r_change,4,3,1.0389786096,-4556.83333333,9916,8
116910,3,best_r_change,3,4,1.03836968608,-4485.8,10022,8
116911,3,best_r_change,4,3,1.03852930862,-4504.5,9973,8
116922,3,best_r_change,3,4,1.03838028771,-4487.5,10001,8
116923,3,best_r_change,4,3,1.03957590323,-4627.33333333,9864,8
116924,3,best_r_change,3,4,1.03755345353,-4390.9,10069,8
116925,3,best_r_change,4,3,1.03828522557,-4476.5,10013,8
116931,3,best_r_change,3,4,1.03818747809,-4465.3,9995,8
116932,3,best_r_change,4,3,1.03796080913,-4438.83333333,10049,8
116935,3,best_r_change,3,4,1.03920297601,-4584.2,9910,8
116936,3,best_r_change,4,3,1.03841132471,-4491.66666667,9957,8
116942,5,best_r_change,3,2,0.932949667356,7841,10031,8
116943,5,best_r_change,2,3,0.932612184284,7880.53333333,10059,8
116950,3,best_r_change,3,4,1.03872509619,-4528.9,10001,8
116951,3,best_r_change,4,3,1.0378477596,-4426.33333333,10034,8
116955,3,best_r_change,3,4,1.03890385191,-4550,9994,8
116956,3,best_r_change,4,3,1.03786324202,-4428.33333333,10077,8
116964,3,best_r_change,3,4,1.03887862932,-4547.4,10024,8
116967,3,best_r_change,4,3,1.0375063052,-4387,10035,8
116970,3,best_r_change,3,4,1.03848508164,-4501.6,9977,8
116971,3,best_r_change,4,3,1.03855941501,-4510.33333333,10013,8
116973,3,best_r_change,3,4,1.03846699666,-4499.6,9972,8
116974,3,best_r_change,4,3,1.03980799152,-4656.5,9839,8
116977,3,best_r_change,3,4,1.03829470751,-4479.6,10120,8
116978,3,best_r_change,4,3,1.03841748021,-4494,10004,8
116990,3,best_r_change,3,4,1.03868022908,-4525.2,10010,8
116991,3,best_r_change,4,3,1.03965404746,-4639.16666667,9897,8
116995,3,best_r_change,3,4,1.0381913757,-4468.2,10074,8
116996,3,best_r_change,4,3,1.03850558993,-4505,10021,8
117007,3,best_r_change,3,4,1.03868486501,-4526.4,9947,8
117008,3,best_r_change,4,3,1.03771394549,-4412.83333333,10030,8
117014,3,best_r_change,3,4,1.0383834413,-4491.4,10022,8
117017,3,best_r_change,4,3,1.03753585661,-4392.33333333,10102,8
117020,3,best_r_change,3,4,1.03841992822,-4495.9,10031,8
117022,3,best_r_change,4,3,1.03802846188,-4450.16666667,10058,8
117024,3,best_r_change,3,4,1.03884502324,-4545.8,9995,8
117025,3,best_r_change,4,3,1.03778822189,-4422.16666667,10056,8
117049,3,best_r_change,3,4,1.03900674077,-4565.7,9986,8
117050,3,best_r_change,4,3,1.0387327353,-4533.66666667,9993,8
117052,3,best_r_change,3,4,1.03880412125,-4542.1,9984,8
117053,3,best_r_change,4,3,1.03752858392,-4392.83333333,10068,8
117054,3,best_r_change,3,4,1.03919302202,-4587.7,9974,8
117055,3,best_r_change,4,3,1.03789101989,-4435.33333333,10079,8
117062,3,best_r_change,3,4,1.0388076404,-4542.9,9984,8
117063,3,best_r_change,4,3,1.03782578612,-4428,10017,8
117070,3,best_r_change,3,4,1.03936106603,-4608,9951,8
117071,3,best_r_change,4,3,1.03897350041,-4562.66666667,9969,8
117078,3,best_r_change,3,4,1.0387724423,-4539.4,9937,8
117079,3,best_r_change,4,3,1.0383601386,-4491.16666667,9984,8
117081,3,best_r_change,3,4,1.03873899266,-4535.6,9936,8
117083,3,best_r_change,4,3,1.0384727074,-4504.5,9998,8
117087,3,best_r_change,3,4,1.03784280065,-4430.9,10119,8
117088,3,best_r_change,4,3,1.03886250797,-4550.33333333,9992,8
117092,3,best_r_change,3,4,1.03888053838,-4552.6,10024,8
117093,3,best_r_change,4,3,1.0375499247,-4396.83333333,10002,8
117109,3,best_r_change,3,4,1.03892527474,-4558.5,9976,8
117110,3,best_r_change,4,3,1.03811373922,-4463.5,10051,8
117111,3,best_r_change,3,4,1.03842508389,-4500,10075,8
117112,3,best_r_change,4,3,1.03772884077,-4418.5,10071,8
117117,3,best_r_change,3,4,1.0388363773,-4548.4,9995,8
117118,3,best_r_change,4,3,1.03851955578,-4511.33333333,10096,8
117131,3,best_r_change,3,4,1.03881466051,-4546.4,10008,8
117133,3,best_r_change,4,3,1.03834245402,-4491.16666667,10003,9
117139,3,best_r_change,3,4,1.03852517095,-4512.8,10019,8
117141,3,best_r_change,4,3,1.03859735988,-4521.33333333,10048,8
117145,3,best_r_change,3,4,1.03797942721,-4449.1,10140,8
117146,3,best_r_change,4,3,1.03737501352,-4378.33333333,10095,8
117152,3,best_r_change,3,4,1.03822043158,-4477.6,10073,8
117153,3,best_r_change,4,3,1.03758475384,-4403.16666667,10154,8
117156,3,best_r_change,3,4,1.03876711393,-4541.8,10060,8
117157,3,best_r_change,4,3,1.03652506181,-4279.16666667,10170,8
117158,3,best_r_change,3,4,1.03886802438,-4553.7,9967,8
117160,3,best_r_change,4,3,1.03812876977,-4467.16666667,10068,8
117169,3,best_r_change,3,4,1.03908115628,-4579.1,9970,8
117170,3,best_r_change,4,3,1.03861056584,-4524,10053,8
117174,3,best_r_change,3,4,1.03930308772,-4605.3,9984,8
117175,3,best_r_change,4,3,1.03826043667,-4483.16666667,10014,8
117176,3,best_r_change,3,4,1.03830391889,-4488.3,9974,8
117177,3,best_r_change,4,3,1.03869217793,-4533.83333333,10018,8
117180,3,best_r_change,3,4,1.03782300734,-4432.1,10089,7
117181,3,best_r_change,4,3,1.03893833756,-4562.83333333,10027,8
117182,5,best_r_change,3,2,0.93270297486,7886,10065,8
117183,5,best_r_change,2,3,0.93370198749,7769,9960,8
117188,3,best_r_change,3,4,1.03836058299,-4495.4,10016,8
117189,3,best_r_change,4,3,1.03787613741,-4438.66666667,10048,8
117192,3,best_r_change,3,4,1.03979025872,-4663.1,9897,8
117193,3,best_r_change,4,3,1.03760321293,-4406.83333333,10085,8
117196,3,best_r_change,3,4,1.03808321103,-4463.2,10076,8
117197,3,best_r_change,4,3,1.0380285616,-4456.83333333,10029,8
117201,3,best_r_change,3,4,1.03877867936,-4544.9,10011,8
117202,3,best_r_change,4,3,1.03867681439,-4533,9990,8
117203,3,best_r_change,3,4,1.03999385681,-4687.4,9879,8
117204,3,best_r_change,4,3,1.03931464228,-4607.83333333,9927,8
117207,3,best_r_change,3,4,1.03974165366,-4658,9992,8
117209,3,best_r_change,4,3,1.03699090229,-4335.66666667,10187,8
117215,3,best_r_change,3,4,1.03847801049,-4510.2,10057,8
117216,3,best_r_change,4,3,1.0386793043,-4533.83333333,10005,8
117220,3,best_r_change,3,4,1.0388474663,-4553.7,10037,8
117221,3,best_r_change,4,3,1.03959046018,-4640.83333333,9915,8
117224,3,best_r_change,3,4,1.03935627517,-4613.5,9905,8
117225,3,best_r_change,4,3,1.03845311722,-4507.66666667,10023,8
117229,3,best_r_change,3,4,1.03898864615,-4570.6,10016,8
117230,3,best_r_change,4,3,1.03693167278,-4329.5,10137,8
117238,3,best_r_change,3,4,1.03933707501,-4611.8,9984,8
117239,3,best_r_change,4,3,1.03886221024,-4556.16666667,9988,8
117240,3,best_r_change,3,4,1.03854315933,-4518.8,10025,8
117241,3,best_r_change,4,3,1.03857723265,-4522.83333333,10036,7
117245,3,best_r_change,3,4,1.03863874792,-4530.2,10052,8
117246,3,best_r_change,4,3,1.03908875356,-4583,9973,8
117249,3,best_r_change,3,4,1.03882932903,-4552.7,10074,8
117250,3,best_r_change,4,3,1.03848045487,-4511.83333333,10014,8
117251,3,best_r_change,3,4,1.03892162967,-4563.6,10063,8
117252,3,best_r_change,4,3,1.03852244169,-4516.83333333,10088,8
117263,3,best_r_change,3,4,1.03851427987,-4516.3,10048,9
117264,3,best_r_change,4,3,1.03765577387,-4415.66666667,10122,8
117274,3,best_r_change,3,4,1.03794703003,-4450.2,10118,8
117275,3,best_r_change,4,3,1.03831450295,-4493.33333333,10065,8
117275,5,best_r_change,3,2,0.932790449797,7882,10065,8
117276,5,best_r_change,2,3,0.9333788101,7813.06666667,9999,8
117278,3,best_r_change,3,4,1.03940722045,-4621.6,9914,8
117279,3,best_r_change,4,3,1.03808297592,-4466.33333333,10033,8
117280,3,best_r_change,3,4,1.03947987722,-4630.2,9954,8
117281,3,best_r_change,4,3,1.03692698164,-4330.83333333,10092,8
117282,3,best_r_change,3,4,1.03822837264,-4483.5,10087,8
117283,3,best_r_change,4,3,1.03915458052,-4592.16666667,10032,8
117285,3,best_r_change,3,4,1.03946199429,-4628.3,9973,8
117286,3,best_r_change,4,3,1.03887079447,-4559,9991,8
117289,3,best_r_change,3,4,1.03796604967,-4453,10073,8
117290,3,best_r_change,4,3,1.03707050899,-4348,10173,8
117292,3,best_r_change,3,4,1.03846468642,-4511.6,10029,8
117293,3,best_r_change,4,3,1.0385388159,-4520.33333333,10063,8
117295,3,best_r_change,3,4,1.03785412848,-4440.1,10139,8
117296,3,best_r_change,4,3,1.0393036989,-4610.16666667,9953,8
117303,3,best_r_change,3,4,1.03888050604,-4560.8,9992,8
117304,3,best_r_change,4,3,1.03821836141,-4483.16666667,10058,8
117307,3,best_r_change,3,4,1.03870357268,-4540.2,10074,8
117308,3,best_r_change,4,3,1.03767006513,-4419,10066,8
117309,3,best_r_change,3,4,1.03797918318,-4455.3,10059,8
117310,3,best_r_change,4,3,1.0372787202,-4373.16666667,10149,8
117319,3,best_r_change,3,4,1.03824614939,-4487,10096,8
117320,3,best_r_change,4,3,1.03811796795,-4472,10093,8
117327,3,best_r_change,3,4,1.03923904984,-4603.8,10020,8
117328,3,best_r_change,4,3,1.0386665303,-4536.66666667,9950,8
117329,3,best_r_change,3,4,1.03853437769,-4521.2,10076,8
117331,3,best_r_change,4,3,1.03891412613,-4565.83333333,10021,8
117336,3,best_r_change,3,4,1.0387315061,-4544.6,10015,8
117337,3,best_r_change,4,3,1.03823602103,-4486.5,10004,8
117338,3,best_r_change,3,4,1.03849136682,-4516.5,10087,8
117339,3,best_r_change,4,3,1.03878789945,-4551.33333333,10033,8
117340,3,best_r_change,3,4,1.0388708028,-4561.1,10045,8
117341,3,best_r_change,4,3,1.03917925817,-4597.33333333,9958,8
117342,3,best_r_change,3,4,1.03877980604,-4550.5,10023,8
117343,3,best_r_change,4,3,1.0373960668,-4388.16666667,10196,8
117347,3,best_r_change,3,4,1.03888723188,-4563.3,10110,8
117348,3,best_r_change,4,3,1.03821823408,-4484.83333333,10047,8
117350,3,best_r_change,3,4,1.03908223264,-4586.3,9916,8
117351,3,best_r_change,4,3,1.03809227588,-4470.16666667,10126,8
117356,3,best_r_change,3,4,1.03933757115,-4616.5,10011,8
117358,3,best_r_change,4,3,1.03769236013,-4423.5,10116,8
117360,3,best_r_change,3,4,1.03798398091,-4457.8,10096,8
117361,3,best_r_change,4,3,1.03804642655,-4465.16666667,10152,8
117362,3,best_r_change,3,4,1.03958265878,-4645.5,9946,8
117363,3,best_r_change,4,3,1.03680745493,-4319.83333333,10154,8
117371,3,best_r_change,3,4,1.03903775209,-4581.9,9949,8
117372,3,best_r_change,4,3,1.03880681366,-4554.83333333,10069,8
117378,3,best_r_change,3,4,1.03926033839,-4608.3,9999,8
117379,3,best_r_change,4,3,1.03773389334,-4429.16666667,10090,8
117380,3,best_r_change,3,4,1.03897171579,-4574.5,9986,8
117381,3,best_r_change,4,3,1.0372050559,-4367.16666667,10139,8
117382,3,best_r_change,3,4,1.03818984171,-4482.8,10075,8
117383,3,best_r_change,4,3,1.03764031702,-4418.33333333,10149,8
117393,3,best_r_change,3,4,1.03852870273,-4523,10063,8
117394,3,best_r_change,4,3,1.03800875684,-4462,10022,8
117397,3,best_r_change,3,4,1.03903080999,-4582.1,10013,8
117398,3,best_r_change,4,3,1.03944133063,-4630.33333333,9950,8
117405,3,best_r_change,3,4,1.04010561731,-4708.6,9877,8
117406,3,best_r_change,4,3,1.03816954273,-4481.33333333,10097,8
117407,3,best_r_change,3,4,1.03846278331,-4515.8,10024,8
117408,3,best_r_change,4,3,1.03839034251,-4507.33333333,10085,8
117415,3,best_r_change,3,4,1.03848911979,-4519.2,10084,8
117416,3,best_r_change,4,3,1.03901796462,-4581.33333333,9964,7
117421,3,best_r_change,3,4,1.0395448855,-4643.4,10025,8
117422,3,best_r_change,4,3,1.03737800412,-4389,10188,8
117425,3,best_r_change,3,4,1.03868341495,-4542.4,10043,8
117426,3,best_r_change,4,3,1.03893090116,-4571.5,9982,8
117428,5,best_r_change,3,2,0.932418162619,7936,10116,8
117429,5,best_r_change,2,3,0.932533417356,7922.53333333,10113,8
117433,3,best_r_change,3,4,1.03828651231,-4496.1,10081,8
117434,3,best_r_change,4,3,1.03778150564,-4436.83333333,10053,8
117440,3,best_r_change,3,4,1.03792489782,-4453.9,10140,8
117441,3,best_r_change,4,3,1.03801625213,-4464.66666667,10075,8
117442,3,best_r_change,3,4,1.03909333969,-4591.2,10014,8
117443,3,best_r_change,4,3,1.03835903374,-4505,10069,8
117445,3,best_r_change,3,4,1.03826386819,-4493.9,10103,8
117446,3,best_r_change,4,3,1.03850989675,-4522.83333333,10082,8
117447,3,best_r_change,3,4,1.0386472196,-4539,10033,8
117448,3,best_r_change,4,3,1.03839713462,-4509.66666667,10094,8
117454,3,best_r_change,3,4,1.03847889386,-4519.5,10010,8
117455,3,best_r_change,4,3,1.03857080016,-4530.33333333,10069,8
117457,3,best_r_change,3,4,1.03916752514,-4600.5,10088,8
117458,3,best_r_change,4,3,1.03770567636,-4428.83333333,10096,8
117460,3,best_r_change,3,4,1.03813042738,-4478.8,10116,8
117461,3,best_r_change,4,3,1.03806653556,-4471.33333333,10078,8
117462,3,best_r_change,3,4,1.03945701589,-4634.7,9961,8
117463,3,best_r_change,4,3,1.03791690433,-4453.83333333,10115,8
117469,3,best_r_change,3,4,1.03770782079,-4429.5,10153,8
117470,3,best_r_change,4,3,1.03893334468,-4573.5,9944,8
117472,3,best_r_change,3,4,1.03805843095,-4470.8,10093,8
117474,3,best_r_change,4,3,1.03693725136,-4339.16666667,10222,8
117476,3,best_r_change,3,4,1.03939528074,-4628,9963,8
117477,3,best_r_change,4,3,1.03788259262,-4450.33333333,10126,8
117478,3,best_r_change,3,4,1.03793220858,-4456.2,10042,8
117479,3,best_r_change,4,3,1.03823662101,-4492,10102,8
117481,3,best_r_change,3,4,1.03956214196,-4647.8,9970,8
117482,3,best_r_change,4,3,1.03800582217,-4465,10100,8
117485,3,best_r_change,3,4,1.03854449504,-4528.4,10037,8
117486,3,best_r_change,4,3,1.03830669186,-4500.5,10045,8
117487,3,best_r_change,3,4,1.03925966277,-4612.5,9992,8
117488,3,best_r_change,4,3,1.03869756911,-4546.5,10016,8
117494,3,best_r_change,3,4,1.03888198546,-4568.4,9926,7
117496,3,best_r_change,4,3,1.03842967704,-4515.33333333,10103,8
117498,3,best_r_change,3,4,1.03795894398,-4460.1,10132,8
117499,3,best_r_change,4,3,1.03874217369,-4552.16666667,10102,8
117505,3,best_r_change,3,4,1.03854218969,-4528.9,10004,8
117506,3,best_r_change,4,3,1.03762928418,-4421.66666667,10149,8
117517,3,best_r_change,3,4,1.03935856089,-4625.3,9982,8
117519,3,best_r_change,4,3,1.03816404156,-4485,10075,8
117524,3,best_r_change,3,4,1.03857424866,-4533.4,10104,8
117526,3,best_r_change,4,3,1.03967349069,-4662.66666667,9954,8
117531,3,best_r_change,3,4,1.03888591095,-4570.3,10028,8
117532,3,best_r_change,4,3,1.03772022371,-4433.33333333,10160,8
117534,3,best_r_change,3,4,1.03899041979,-4582.7,10057,8
117536,3,best_r_change,4,3,1.03735876668,-4391,10133,8
117538,3,best_r_change,3,4,1.03871173578,-4550.1,10057,8
117539,3,best_r_change,4,3,1.03844964934,-4519.33333333,10044,8
117540,3,best_r_change,3,4,1.03879104986,-4559.5,10025,8
117542,3,best_r_change,4,3,1.03822605253,-4493.16666667,10107,8
117544,3,best_r_change,3,4,1.0391036548,-4596.4,10056,8
117545,3,best_r_change,4,3,1.0381896295,-4489,10097,8
117546,3,best_r_change,3,4,1.03970445613,-4667.1,9981,8
117547,3,best_r_change,4,3,1.03878165046,-4558.66666667,9980,8
117549,3,best_r_change,3,4,1.03909688726,-4595.8,10033,8
117550,3,best_r_change,4,3,1.03858074578,-4535.16666667,10014,8
117558,3,best_r_change,3,4,1.03866942275,-4545.9,10056,8
117559,3,best_r_change,4,3,1.03865293172,-4544,10038,8
117560,5,best_r_change,3,2,0.932893841443,7889,10074,8
117561,3,best_r_change,3,4,1.03990013695,-4690.7,9934,8
117561,5,best_r_change,2,3,0.934185656808,7737.2,9934,8
117562,3,best_r_change,4,3,1.03703152379,-4353.5,10178,8
117563,3,best_r_change,3,4,1.0389714451,-4581.6,9985,8
117564,3,best_r_change,4,3,1.0385208624,-4528.66666667,10062,8
117565,3,best_r_change,3,4,1.03883213541,-4565.3,10062,9
117567,3,best_r_change,4,3,1.03851137366,-4527.66666667,10077,8
117569,3,best_r_change,3,4,1.0372572702,-4380.3,10207,8
117571,3,best_r_change,4,3,1.03777433778,-4441.16666667,10055,8
117575,3,best_r_change,3,4,1.03842568573,-4517.9,10078,8
117576,3,best_r_change,4,3,1.03844605475,-4520.33333333,10029,8
117577,3,best_r_change,3,4,1.03770890565,-4433.7,10125,8
117578,3,best_r_change,4,3,1.03835751586,-4510,10053,8
117579,3,best_r_change,3,4,1.03897464683,-4582.6,9980,8
117581,3,best_r_change,4,3,1.03758118517,-4418.83333333,10134,7
117582,3,best_r_change,3,4,1.03887839976,-4571.4,10050,7
117583,3,best_r_change,4,3,1.03790088703,-4456.5,10166,8
117589,3,best_r_change,3,4,1.03896112732,-4581.4,10022,8
117590,3,best_r_change,4,3,1.03802194064,-4471,10053,8
117594,3,best_r_change,3,4,1.03871030835,-4552.1,10075,8
117595,3,best_r_change,4,3,1.03869495585,-4550.33333333,10079,8
117602,3,best_r_change,3,4,1.03962687709,-4660.2,10047,8
117604,3,best_r_change,4,3,1.0384595762,-4523,10084,8
117607,3,best_r_change,3,4,1.03843138589,-4519.8,10141,7
117608,3,best_r_change,4,3,1.03773269392,-4437.66666667,10139,8
117609,3,best_r_change,3,4,1.03901232049,-4588.2,10004,8
117610,3,best_r_change,4,3,1.03785108976,-4451.66666667,10128,8
117612,3,best_r_change,3,4,1.03857344489,-4536.7,10043,8
117614,3,best_r_change,4,3,1.03907272944,-4595.5,10026,8
117616,3,best_r_change,3,4,1.03841229084,-4517.9,10055,8
117617,3,best_r_change,4,3,1.03801888049,-4471.66666667,10117,8
117618,3,best_r_change,3,4,1.03854937169,-4534.1,10053,8
117619,3,best_r_change,4,3,1.03856803181,-4536.33333333,10127,8
117623,3,best_r_change,3,4,1.03819321051,-4492.4,10109,8
117624,3,best_r_change,4,3,1.03733223378,-4391.16666667,10187,8
117630,3,best_r_change,3,4,1.03771401853,-4436.3,10129,8
117631,3,best_r_change,4,3,1.03820421488,-4494,10155,8
117632,3,best_r_change,3,4,1.03781454026,-4448.2,10136,8
117633,3,best_r_change,4,3,1.03931578157,-4624.83333333,10057,8
117636,3,best_r_change,3,4,1.03901866775,-4590,10022,8
117637,3,best_r_change,4,3,1.03817251375,-4490.5,10073,8
117638,3,best_r_change,3,4,1.03879698737,-4564,10086,8
117639,3,best_r_change,4,3,1.03796360051,-4466,10093,8
117643,3,best_r_change,3,4,1.03900104554,-4588.2,10061,8
117644,3,best_r_change,4,3,1.03891684517,-4578.33333333,10004,8
117648,3,best_r_change,3,4,1.0388999388,-4576.5,10035,8
117649,3,best_r_change,4,3,1.03859927978,-4541.16666667,10042,8
117650,3,best_r_change,3,4,1.03907522312,-4597.2,10029,8
117651,3,best_r_change,4,3,1.03843996226,-4522.5,10044,8
117660,3,best_r_change,3,4,1.03971443141,-4672.8,9963,8
117661,3,best_r_change,4,3,1.03828088038,-4504.16666667,10155,8
117666,3,best_r_change,3,4,1.03838067071,-4516.1,10047,8
117667,3,best_r_change,4,3,1.03874351631,-4558.83333333,10084,8
117670,3,best_r_change,3,4,1.03841760857,-4520.6,10125,8
117671,3,best_r_change,4,3,1.03844192707,-4523.5,10096,8
117676,3,best_r_change,3,4,1.0385422686,-4535.5,10150,8
117677,3,best_r_change,4,3,1.03737065583,-4397.66666667,10141,8
117680,3,best_r_change,3,4,1.03957002039,-4656.6,9969,8
117683,3,best_r_change,4,3,1.03823265326,-4499.33333333,10061,8
117687,3,best_r_change,3,4,1.03890829064,-4579,10042,8
117688,3,best_r_change,4,3,1.0382168672,-4497.66666667,10028,8
117690,3,best_r_change,3,4,1.03848415328,-4529.2,10087,8
117691,3,best_r_change,4,3,1.03904008519,-4594.66666667,9968,8
117693,3,best_r_change,3,4,1.03948068279,-4646.6,9987,8
117694,3,best_r_change,4,3,1.03771928334,-4439.33333333,10098,8
117697,3,best_r_change,3,4,1.03935614332,-4632.1,10043,8
117698,3,best_r_change,4,3,1.03826884626,-4504.16666667,10096,8
117700,3,best_r_change,3,4,1.03862871708,-4546.6,10073,8
117701,3,best_r_change,4,3,1.03916137784,-4609.33333333,10010,8
117702,3,best_r_change,3,4,1.03858133252,-4541.1,10105,7
117703,3,best_r_change,4,3,1.03898796122,-4589,10017,8
117704,3,best_r_change,3,4,1.03971402841,-4674.5,9975,7
117706,3,best_r_change,4,3,1.03829031655,-4507,10088,8
117710,3,best_r_change,3,4,1.03805708946,-4479.7,10088,8
117711,3,best_r_change,4,3,1.03938176268,-4635.66666667,10000,8
117712,3,best_r_change,3,4,1.03866385755,-4551.2,10020,8
117713,3,best_r_change,4,3,1.03766788715,-4434,10103,8
117716,3,best_r_change,3,4,1.03776377043,-4445.4,10175,8
117717,3,best_r_change,4,3,1.0367477368,-4325.83333333,10278,8
117719,3,best_r_change,3,4,1.03854772806,-4537.8,10067,8
117721,3,best_r_change,4,3,1.0393373598,-4630.83333333,10053,8
117728,3,best_r_change,3,4,1.03877667165,-4565.1,10044,8
117729,3,best_r_change,4,3,1.03904022515,-4596.16666667,10088,8
117732,3,best_r_change,3,4,1.038851799,-4574.1,10033,8
117734,3,best_r_change,4,3,1.03774469001,-4443.83333333,10110,8
117735,3,best_r_change,3,4,1.03825965091,-4504.5,10143,8
117736,3,best_r_change,4,3,1.03840230119,-4521.33333333,10095,8
117748,3,best_r_change,3,4,1.03879726195,-4568.3,10049,8
117751,3,best_r_change,4,3,1.03809451017,-4485.66666667,10130,8
117753,3,best_r_change,3,4,1.03980025987,-4686.6,9964,8
117755,3,best_r_change,4,3,1.03726522582,-4388.16666667,10222,8
117761,3,best_r_change,3,4,1.03941967205,-4642.1,10003,8
117762,3,best_r_change,4,3,1.03889766365,-4580.66666667,10037,8
117768,3,best_r_change,3,4,1.03900465322,-4593.5,10069,8
117769,3,best_r_change,4,3,1.03865476767,-4552.33333333,10060,8
117772,3,best_r_change,3,4,1.03921730123,-4618.7,10032,8
117773,3,best_r_change,4,3,1.03886997303,-4577.83333333,10023,8
117775,3,best_r_change,3,4,1.03806580344,-4483.2,10138,8
117776,3,best_r_change,4,3,1.03817699135,-4496.33333333,10118,8
117780,3,best_r_change,3,4,1.03800984887,-4476.8,10070,8
117781,3,best_r_change,4,3,1.03845979685,-4529.83333333,10039,8
117793,3,best_r_change,3,4,1.03921964803,-4619.8,10021,8
117794,3,best_r_change,4,3,1.0385800635,-4544.5,10077,8
117795,3,best_r_change,3,4,1.03823422047,-4503.8,10096,8
117796,3,best_r_change,4,3,1.03835019865,-4517.5,10128,8
117801,5,best_r_change,3,2,0.933812106858,7797,9985,8
117802,3,best_r_change,3,4,1.03974720293,-4682.3,9990,8
117802,5,best_r_change,2,3,0.933794559232,7799.13333333,9990,8
117803,3,best_r_change,4,3,1.03901853094,-4596.5,10052,8
117805,3,best_r_change,3,4,1.03984550741,-4694,10009,8
117806,3,best_r_change,4,3,1.03891426017,-4584.33333333,10042,8
117807,3,best_r_change,3,4,1.03735940988,-4401.2,10205,8
117808,3,best_r_change,4,3,1.03913712708,-4610.66666667,9993,8
117810,3,best_r_change,3,4,1.03850522027,-4536.3,10169,8
117811,3,best_r_change,4,3,1.03868201328,-4557.16666667,10086,8
117815,3,best_r_change,3,4,1.03774561813,-4447,10178,8
117816,3,best_r_change,4,3,1.0389632987,-4590.5,10047,8
117817,3,best_r_change,3,4,1.03907415738,-4603.6,10075,8
117818,3,best_r_change,4,3,1.03734290742,-4399.66666667,10139,8
117821,3,best_r_change,3,4,1.03943185001,-4645.9,10024,8
117822,3,best_r_change,4,3,1.03797536397,-4474.33333333,10159,8
117827,3,best_r_change,3,4,1.0384258277,-4527.6,10075,8
117828,3,best_r_change,4,3,1.03822520963,-4504,10121,8
117831,3,best_r_change,3,4,1.03852975872,-4540,10058,8
117832,3,best_r_change,4,3,1.03728613619,-4393.5,10129,8
117838,3,best_r_change,3,4,1.03921824878,-4621.4,10079,8
117839,3,best_r_change,4,3,1.03853138604,-4540.5,10073,8
117841,3,best_r_change,3,4,1.03918415492,-4617.5,10001,8
117843,3,best_r_change,4,3,1.03957383977,-4663.5,9974,8
117849,3,best_r_change,3,4,1.03866048927,-4556.1,10073,8
117850,3,best_r_change,4,3,1.03845000707,-4531.33333333,10143,8
117858,3,best_r_change,3,4,1.03857184069,-4546,10106,8
117861,3,best_r_change,4,3,1.03869388517,-4560.5,10064,7
117864,3,best_r_change,3,4,1.03875313921,-4567.6,10103,8
117865,3,best_r_change,4,3,1.03777909756,-4452.83333333,10142,8
117867,3,best_r_change,3,4,1.03883190376,-4577,10129,8
117868,3,best_r_change,4,3,1.03877218584,-4570,10061,8
117873,3,best_r_change,3,4,1.03819110398,-4501.7,10167,8
117874,3,best_r_change,4,3,1.03949839094,-4655.83333333,9994,8
117876,3,best_r_change,3,4,1.03839034239,-4525.3,10122,8
117877,3,best_r_change,4,3,1.03887668219,-4582.66666667,10052,8
117879,3,best_r_change,3,4,1.03905869578,-4604.2,10032,8
117880,3,best_r_change,4,3,1.03838932247,-4525.33333333,10105,8
117881,3,best_r_change,3,4,1.03846930379,-4534.8,10107,8
117882,3,best_r_change,4,3,1.03802248576,-4482.16666667,10117,8
117887,3,best_r_change,3,4,1.03931222272,-4634.4,10079,8
117888,3,best_r_change,4,3,1.0377590029,-4451.33333333,10129,7
117892,3,best_r_change,3,4,1.0383062464,-4516,10117,8
117893,3,best_r_change,4,3,1.03872438002,-4565.33333333,10065,8
117894,3,best_r_change,3,4,1.03961948869,-4670.9,9967,8
117896,3,best_r_change,4,3,1.0376080048,-4433.83333333,10153,8
117903,3,best_r_change,3,4,1.0386207306,-4553.5,10092,8
117905,3,best_r_change,4,3,1.03769136169,-4444,10132,8
117907,3,best_r_change,3,4,1.03955405531,-4663.7,9987,8
117908,3,best_r_change,4,3,1.03786850765,-4465,10183,8
117910,3,best_r_change,3,4,1.03898736324,-4597,10023,8
117911,3,best_r_change,4,3,1.03858559987,-4549.66666667,10152,8
117912,3,best_r_change,3,4,1.03950912545,-4658.6,10033,8
117913,3,best_r_change,4,3,1.03693825108,-4355.5,10194,7
117915,3,best_r_change,3,4,1.03828011703,-4513.8,10092,8
117919,3,best_r_change,4,3,1.03851655232,-4541.83333333,10060,8
117923,3,best_r_change,3,4,1.03923407647,-4626.6,10086,8
117924,3,best_r_change,4,3,1.03858417286,-4550,10097,8
117926,3,best_r_change,3,4,1.03894306599,-4592.4,10031,8
117927,3,best_r_change,4,3,1.03856057844,-4547.33333333,10111,8
117930,3,best_r_change,3,4,1.0389697278,-4595.7,10138,8
117931,3,best_r_change,4,3,1.03798407543,-4479.5,10126,8
117932,3,best_r_change,3,4,1.03895889156,-4594.5,10078,8
117933,3,best_r_change,4,3,1.03795657987,-4476.33333333,10121,8
117935,3,best_r_change,3,4,1.0382804087,-4514.6,10149,8
117936,3,best_r_change,4,3,1.03930521639,-4635.5,10012,8
117940,3,best_r_change,3,4,1.03891894183,-4590.1,10124,8
117941,3,best_r_change,4,3,1.03657337143,-4313.5,10233,8
117943,3,best_r_change,3,4,1.03868309268,-4562.4,10072,8
117944,3,best_r_change,4,3,1.03837696986,-4526.33333333,10168,8
117947,3,best_r_change,3,4,1.0374134145,-4412.8,10227,8
117948,3,best_r_change,4,3,1.03872610529,-4567.66666667,10047,8
117950,3,best_r_change,3,4,1.0390402713,-4604.8,10078,8
117951,3,best_r_change,4,3,1.03758057725,-4432.66666667,10188,8
117957,3,best_r_change,3,4,1.03937706113,-4644.8,10037,8
117958,3,best_r_change,4,3,1.03781430679,-4460.5,10158,8
117959,3,best_r_change,3,4,1.03929755254,-4635.5,10042,8
117960,3,best_r_change,4,3,1.0392802645,-4633.5,9944,8
117961,3,best_r_change,3,4,1.03858309102,-4551.3,10146,8
117962,3,best_r_change,4,3,1.03804473757,-4487.83333333,10127,8
117966,3,best_r_change,3,4,1.03856111083,-4548.9,10129,8
117967,3,best_r_change,4,3,1.03799085055,-4481.66666667,10171,8
117969,3,best_r_change,3,4,1.03885681832,-4583.9,10054,8
117970,3,best_r_change,4,3,1.03830634907,-4519,10169,8
117973,3,best_r_change,3,4,1.03877158333,-4574,10110,8
117975,3,best_r_change,4,3,1.03879494243,-4576.83333333,10050,8
117976,3,best_r_change,3,4,1.03837814471,-4527.7,10137,8
117977,3,best_r_change,4,3,1.03948933549,-4658.83333333,10032,8
117979,3,best_r_change,3,4,1.0383152934,-4520.4,10117,8
117980,3,best_r_change,4,3,1.03760241849,-4436.33333333,10216,8
117983,3,best_r_change,3,4,1.0394429706,-4653.6,10043,8
117984,3,best_r_change,4,3,1.03957457508,-4669.16666667,9965,8
117985,3,best_r_change,3,4,1.03870152986,-4566.2,10033,8
117986,3,best_r_change,4,3,1.03783358478,-4463.83333333,10136,8
117987,3,best_r_change,3,4,1.03889072525,-4588.6,10051,8
117988,3,best_r_change,4,3,1.03807308088,-4492.16666667,10106,8
117990,3,best_r_change,3,4,1.03827866768,-4516.5,10124,8
117991,3,best_r_change,4,3,1.0385650883,-4550.33333333,10119,8
117995,3,best_r_change,3,4,1.03966269757,-4680,10030,8
117997,3,best_r_change,4,3,1.03853205307,-4546.66666667,10105,8
118001,3,best_r_change,3,4,1.03898865264,-4600.7,10054,7
118002,3,best_r_change,4,3,1.04009960283,-4731.83333333,10007,8
118003,3,best_r_change,3,4,1.03788717236,-4470.8,10162,8
118004,3,best_r_change,4,3,1.038724676,-4569.66666667,10020,8
118005,3,best_r_change,3,4,1.03938053472,-4647.1,10079,8
118006,3,best_r_change,4,3,1.03754893819,-4431,10174,8
118008,3,best_r_change,3,4,1.03862111043,-4557.6,10130,8
118009,3,best_r_change,4,3,1.03865665613,-4561.83333333,10076,8
118012,3,best_r_change,3,4,1.0376215978,-4439.8,10182,8
118013,3,best_r_change,4,3,1.03843785572,-4536.16666667,10129,8
118014,3,best_r_change,3,4,1.03878777094,-4577.5,10061,8
118015,3,best_r_change,4,3,1.03916874974,-4622.5,10074,8
118016,3,best_r_change,3,4,1.03904301112,-4607.7,10023,8
118018,3,best_r_change,4,3,1.03866218148,-4562.83333333,10078,8
118021,3,best_r_change,3,4,1.03893968023,-4595.7,10111,8
118023,3,best_r_change,4,3,1.03926070907,-4633.66666667,9955,8
118027,3,best_r_change,3,4,1.03822515187,-4511.6,10141,8
118028,3,best_r_change,4,3,1.03770291795,-4450,10192,8
118031,3,best_r_change,3,4,1.03835517788,-4527.1,10122,8
118032,3,best_r_change,4,3,1.03833564909,-4524.83333333,10081,8
118034,3,best_r_change,3,4,1.03919379162,-4626.2,10130,8
118038,3,best_r_change,4,3,1.03781126982,-4463.16666667,10200,7
118044,3,best_r_change,3,4,1.03899562875,-4603.2,10038,8
118046,3,best_r_change,4,3,1.03915987553,-4622.66666667,10053,8
118048,3,best_r_change,3,4,1.03852077121,-4547.3,10101,8
118049,3,best_r_change,4,3,1.03807458485,-4494.66666667,10118,8
118051,3,best_r_change,3,4,1.03911106217,-4617.1,10082,8
118052,3,best_r_change,4,3,1.0386058686,-4557.5,10142,8
118058,3,best_r_change,3,4,1.03881481983,-4582.4,10068,8
118059,3,best_r_change,4,3,1.0383297052,-4525.16666667,10156,8
118065,3,best_r_change,3,4,1.03806886037,-4494.6,10218,8
118066,3,best_r_change,4,3,1.03823849937,-4514.66666667,10173,8
118072,3,best_r_change,3,4,1.03866369673,-4565.1,10109,8
118073,3,best_r_change,4,3,1.03850866272,-4546.83333333,10113,8
118074,3,best_r_change,3,4,1.03911106594,-4618,10141,8
118075,3,best_r_change,4,3,1.03798997812,-4485.66666667,10146,8
118078,3,best_r_change,3,4,1.03888616,-4591.6,10078,8
118079,3,best_r_change,4,3,1.037915294,-4477,10190,8
118081,3,best_r_change,3,4,1.03884282823,-4586.6,10077,8
118082,3,best_r_change,4,3,1.03737798027,-4413.66666667,10186,8
118084,3,best_r_change,3,4,1.04009010535,-4734,9971,8
118086,3,best_r_change,4,3,1.0386427406,-4563.16666667,10141,8
118087,3,best_r_change,3,4,1.03827093584,-4519.3,10179,8
118088,3,best_r_change,4,3,1.0391431249,-4622.33333333,10052,8
118097,3,best_r_change,3,4,1.0391356258,-4621.8,10028,8
118098,3,best_r_change,4,3,1.03764811146,-4446.16666667,10173,8
118100,3,best_r_change,3,4,1.03888145639,-4591.9,10091,8
118102,3,best_r_change,4,3,1.03794177914,-4481,10179,8
118104,3,best_r_change,3,4,1.03876075323,-4577.8,10164,8
118107,3,best_r_change,4,3,1.03795569554,-4482.83333333,10127,8
118109,3,best_r_change,3,4,1.03790820344,-4477.3,10172,7
118111,3,best_r_change,4,3,1.03881800453,-4584.83333333,10114,8
118114,3,best_r_change,3,4,1.0385847571,-4557.4,10043,8
118116,3,best_r_change,4,3,1.03921145315,-4631.5,10064,8
118119,3,best_r_change,3,4,1.03884218458,-4588,10051,8
118120,3,best_r_change,4,3,1.0389787222,-4604.16666667,10093,8
118123,3,best_r_change,3,4,1.03897293499,-4603.6,10071,8
118124,3,best_r_change,4,3,1.03843136591,-4539.66666667,10074,8
118127,3,best_r_change,3,4,1.03909097835,-4617.7,10100,8
118128,3,best_r_change,4,3,1.03834258883,-4529.33333333,10181,8
118130,3,best_r_change,3,4,1.03971048844,-4691,10049,8
118133,3,best_r_change,4,3,1.03865699395,-4566.66666667,10140,8
118135,3,best_r_change,3,4,1.0393346595,-4646.8,10073,8
118136,3,best_r_change,4,3,1.03766844992,-4450,10171,8
118138,3,best_r_change,3,4,1.03974758333,-4695.7,9993,8
118139,3,best_r_change,4,3,1.03760683037,-4442.83333333,10141,8
118144,3,best_r_change,3,4,1.03933589518,-4647.3,10029,8
118145,3,best_r_change,4,3,1.0383977316,-4536.5,10118,8
118146,3,best_r_change,3,4,1.039621316,-4681.1,10026,8
118147,3,best_r_change,4,3,1.03905727611,-4614.5,10059,8
118148,3,best_r_change,3,4,1.03843992281,-4541.6,10171,8
118150,3,best_r_change,4,3,1.03964875159,-4684.5,10102,8
118155,3,best_r_change,3,4,1.0392865304,-4641.9,10091,8
118156,3,best_r_change,4,3,1.0375294808,-4434.33333333,10226,8
118159,3,best_r_change,3,4,1.03874186478,-4577.7,10064,8
118160,3,best_r_change,4,3,1.03905438953,-4614.66666667,10046,8
118161,3,best_r_change,3,4,1.03805908887,-4497.1,10165,8
118165,3,best_r_change,4,3,1.03905978928,-4615.5,10048,8
118166,5,best_r_change,3,2,0.932857167036,7934,10129,8
118167,5,best_r_change,2,3,0.933167466382,7897.4,10114,8
118170,3,best_r_change,3,4,1.03985952441,-4710.2,9991,8
118171,3,best_r_change,4,3,1.03715660639,-4390.83333333,10227,8
118173,3,best_r_change,3,4,1.03886759243,-4593.1,10093,8
118174,3,best_r_change,4,3,1.03818803911,-4512.83333333,10122,8
118176,3,best_r_change,3,4,1.03834450311,-4531.4,10156,8
118178,3,best_r_change,4,3,1.03870150677,-4573.66666667,10129,8
118181,3,best_r_change,3,4,1.03999881538,-4727.1,10004,8
118182,3,best_r_change,4,3,1.03873545323,-4577.83333333,10086,8
118185,3,best_r_change,3,4,1.03902948767,-4612.7,10068,8
118186,3,best_r_change,4,3,1.03801493691,-4492.83333333,10176,8
118187,3,best_r_change,3,4,1.0390897476,-4619.9,10108,8
118189,3,best_r_change,4,3,1.03920838657,-4634,10081,8
118192,3,best_r_change,3,4,1.03939183701,-4655.8,10014,8
118193,3,best_r_change,4,3,1.03767425595,-4452.83333333,10261,8
118195,3,best_r_change,3,4,1.03896611532,-4605.6,10089,8
118197,3,best_r_change,4,3,1.03775899558,-4463,10243,8
118203,3,best_r_change,3,4,1.03889833591,-4597.9,10105,8
118204,3,best_r_change,4,3,1.03973779793,-4697.16666667,10028,9
118208,3,best_r_change,3,4,1.03779524228,-4467.7,10175,8
118209,3,best_r_change,4,3,1.03817391231,-4512.5,10180,8
118212,3,best_r_change,3,4,1.03954420871,-4674.6,10042,8
118213,3,best_r_change,4,3,1.03821914679,-4518,10125,8
118214,3,best_r_change,3,4,1.03852335595,-4554,10103,8
118215,3,best_r_change,4,3,1.03876834581,-4583,10106,8
118220,3,best_r_change,3,4,1.03840636102,-4540.4,10153,8
118221,3,best_r_change,4,3,1.03946704336,-4665.83333333,10035,8
118223,3,best_r_change,3,4,1.03894589039,-4604.3,10108,8
118224,3,best_r_change,4,3,1.03894302341,-4604,10112,8
118225,3,best_r_change,3,4,1.03907041658,-4619.1,10110,8
118226,3,best_r_change,4,3,1.03855327931,-4558,10104,8
118227,3,best_r_change,3,4,1.03972104511,-4696.1,10014,8
118228,3,best_r_change,4,3,1.03722891362,-4401.5,10252,8
118230,3,best_r_change,3,4,1.03921508923,-4636.4,10071,8
118231,3,best_r_change,4,3,1.03872503827,-4578.5,10172,8
118232,3,best_r_change,3,4,1.03851579945,-4553.8,10156,8
118234,3,best_r_change,4,3,1.03920333125,-4635.16666667,10095,8
118236,3,best_r_change,3,4,1.0390067323,-4612,10051,8
118238,3,best_r_change,4,3,1.03917804203,-4632.33333333,10069,8
118240,3,best_r_change,3,4,1.03896143437,-4606.8,10124,8
118241,3,best_r_change,4,3,1.03810860869,-4506,10116,8
118243,3,best_r_change,3,4,1.03896721159,-4607.6,10055,8
118244,3,best_r_change,4,3,1.03772707283,-4461,10211,8
118245,3,best_r_change,3,4,1.03876020128,-4583.2,10093,8
118246,3,best_r_change,4,3,1.0394276903,-4662.16666667,10060,8
118248,3,best_r_change,3,4,1.03949073134,-4669.7,10044,8
118250,3,best_r_change,4,3,1.03736715997,-4418.66666667,10259,8
118253,3,best_r_change,3,4,1.03912881703,-4627.1,10072,8
118255,3,best_r_change,4,3,1.03847899314,-4550.33333333,10138,8
118258,3,best_r_change,3,4,1.03755010232,-4440.6,10227,8
118259,3,best_r_change,4,3,1.03775047424,-4464.33333333,10107,8
118261,3,best_r_change,3,4,1.03921749351,-4637.9,10017,8
118262,3,best_r_change,4,3,1.03783971183,-4475,10202,8
118263,3,best_r_change,3,4,1.03897161411,-4608.9,10130,8
118264,3,best_r_change,4,3,1.0387720129,-4585.33333333,10070,8
118270,3,best_r_change,3,4,1.03823708464,-4522.3,10122,8
118271,3,best_r_change,4,3,1.03880917554,-4590,10093,8
118275,3,best_r_change,3,4,1.03836820968,-4538,10142,8
118276,3,best_r_change,4,3,1.03808464946,-4504.5,10177,8
118278,3,best_r_change,3,4,1.0396591082,-4690.8,10040,8
118281,3,best_r_change,4,3,1.03858466984,-4563.83333333,10080,8
118282,3,best_r_change,3,4,1.0397617558,-4703.1,9996,8
118283,3,best_r_change,4,3,1.03821625536,-4520.33333333,10164,8
118285,3,best_r_change,3,4,1.0393769286,-4657.7,10135,8
118286,3,best_r_change,4,3,1.03770944998,-4460.5,10144,8
118287,3,best_r_change,3,4,1.03854946021,-4559.9,10190,8
118288,3,best_r_change,4,3,1.03825690969,-4525.33333333,10060,8
118291,3,best_r_change,3,4,1.0393411164,-4653.7,10088,8
118292,3,best_r_change,4,3,1.03890795658,-4602.5,10075,8
118294,3,best_r_change,3,4,1.03891659763,-4603.6,10060,8
118295,3,best_r_change,4,3,1.03853079166,-4558,10133,8
118297,3,best_r_change,3,4,1.03850816166,-4555.4,10163,8
118299,3,best_r_change,4,3,1.0399735698,-4728.83333333,9997,8
118300,3,best_r_change,3,4,1.03903381234,-4617.7,10107,8
118301,3,best_r_change,4,3,1.03906983035,-4622,10137,8
118307,3,best_r_change,3,4,1.039548801,-4678.9,10096,7
118311,3,best_r_change,4,3,1.03952013479,-4675.66666667,10058,8
118312,3,best_r_change,3,4,1.03928511056,-4647.9,10039,9
118313,3,best_r_change,4,3,1.03831503441,-4533.16666667,10140,8
118314,3,best_r_change,3,4,1.0384037392,-4543.7,10119,8
118316,3,best_r_change,4,3,1.0378027204,-4472.66666667,10239,8
118319,3,best_r_change,3,4,1.038473956,-4552.2,10145,8
118320,3,best_r_change,4,3,1.03854800541,-4561,10212,8
118323,3,best_r_change,3,4,1.03897213559,-4611.3,10085,8
118324,3,best_r_change,4,3,1.03792552652,-4487.5,10143,8
118326,3,best_r_change,3,4,1.03917397698,-4635.3,10061,8
118327,3,best_r_change,4,3,1.03785132162,-4478.83333333,10207,8
118329,3,best_r_change,3,4,1.0395439833,-4679.2,10029,8
118330,3,best_r_change,4,3,1.03844897039,-4549.66666667,10189,8
118332,3,best_r_change,3,4,1.03844099652,-4548.8,10172,8
118333,3,best_r_change,4,3,1.03913954687,-4631.5,10059,8
118334,3,best_r_change,3,4,1.03970118478,-4698,10018,8
118336,3,best_r_change,4,3,1.03809632459,-4508.16666667,10113,8
118341,3,best_r_change,3,4,1.03848032381,-4553.8,10160,8
118342,3,best_r_change,4,3,1.03836761251,-4540.5,10188,8
118343,3,best_r_change,3,4,1.03942523005,-4665.7,10088,8
118344,3,best_r_change,4,3,1.03797263345,-4493.83333333,10235,8
118345,3,best_r_change,3,4,1.03788161731,-4483.1,10187,8
118346,3,best_r_change,4,3,1.0388240132,-4594.66666667,10040,7
118350,3,best_r_change,3,4,1.0394034643,-4663.4,10065,8
118351,3,best_r_change,4,3,1.03866887479,-4576.5,10125,8
118352,3,best_r_change,3,4,1.0383964783,-4544.3,10182,8
118353,3,best_r_change,4,3,1.03892310855,-4606.66666667,10120,8
118358,3,best_r_change,3,4,1.03880515048,-4592.9,10121,7
118360,3,best_r_change,4,3,1.03786189028,-4481.33333333,10240,8
118362,3,best_r_change,3,4,1.03874976766,-4586.5,10193,8
118363,3,best_r_change,4,3,1.03691891329,-4369.83333333,10265,8
118366,3,best_r_change,3,4,1.03914130747,-4633,10108,8
118367,3,best_r_change,4,3,1.03761746658,-4452.66666667,10254,7
118373,3,best_r_change,3,4,1.03837530518,-4542.6,10132,8
118374,5,best_r_change,3,2,0.933895956882,7825,10026,8
118375,5,best_r_change,2,3,0.933612108413,7858.66666667,10073,8
118376,3,best_r_change,4,3,1.03856637607,-4565.33333333,10113,8
118377,3,best_r_change,3,4,1.03843989964,-4550.4,10082,8
118378,3,best_r_change,4,3,1.03792089746,-4489,10175,8
118380,3,best_r_change,3,4,1.03902094948,-4619.3,10114,8
118382,3,best_r_change,4,3,1.03848417271,-4555.83333333,10088,8
118386,3,best_r_change,3,4,1.03819623942,-4521.9,10221,8
118387,3,best_r_change,4,3,1.03866415513,-4577.33333333,10132,8
118390,3,best_r_change,3,4,1.04032857505,-4774.5,9992,8
118391,3,best_r_change,4,3,1.03817857776,-4520,10194,8
118392,3,best_r_change,3,4,1.03731164268,-4417.4,10292,8
118394,3,best_r_change,4,3,1.03693880884,-4373.33333333,10272,8
118396,3,best_r_change,3,4,1.03850552384,-4558.9,10167,8
118398,3,best_r_change,4,3,1.03805948299,-4506.16666667,10223,8
118402,3,best_r_change,3,4,1.03835154812,-4540.9,10160,8
118403,3,best_r_change,4,3,1.03661506324,-4335.33333333,10249,8
118404,3,best_r_change,3,4,1.03758065606,-4449.7,10212,8
118405,3,best_r_change,4,3,1.03950565151,-4677.66666667,10092,8
118408,3,best_r_change,3,4,1.03947452875,-4674.1,10031,8
118409,3,best_r_change,4,3,1.03793771307,-4492.16666667,10149,8
118410,3,best_r_change,3,4,1.03817751879,-4520.6,10237,8
118411,3,best_r_change,4,3,1.03837622068,-4544.16666667,10077,8
118413,3,best_r_change,3,4,1.03944077086,-4670.3,10082,8
118414,3,best_r_change,4,3,1.03842873309,-4550.5,10143,8
118415,3,best_r_change,3,4,1.03995862011,-4731.7,10023,8
118416,3,best_r_change,4,3,1.03806917984,-4508,10245,8
118420,3,best_r_change,3,4,1.03909559196,-4629.7,10082,8
118421,3,best_r_change,4,3,1.03919631372,-4641.66666667,10055,8
118423,3,best_r_change,3,4,1.03869265261,-4582.1,10106,8
118425,3,best_r_change,4,3,1.03795791992,-4495.16666667,10150,8
118427,3,best_r_change,3,4,1.03935842333,-4661.1,10102,8
118429,3,best_r_change,4,3,1.03932313876,-4657,10114,8
118431,3,best_r_change,3,4,1.03925914668,-4649.5,10057,8
118432,3,best_r_change,4,3,1.03831453211,-4537.66666667,10212,8
118434,3,best_r_change,3,4,1.03920833544,-4643.6,10013,8
118436,3,best_r_change,4,3,1.03920964346,-4643.83333333,10074,8
118439,3,best_r_change,3,4,1.0387186653,-4585.8,10147,8
118440,3,best_r_change,4,3,1.0383963751,-4547.66666667,10088,8
118442,3,best_r_change,3,4,1.03890005235,-4607.4,10067,8
118443,3,best_r_change,4,3,1.04022187888,-4764,9980,8
118445,5,best_r_change,3,2,0.933108193676,7923,10112,8
118446,5,best_r_change,2,3,0.931855866809,8071.4,10282,8
118447,3,best_r_change,3,4,1.03915759791,-4638.1,10065,8
118448,3,best_r_change,4,3,1.03862735828,-4575.33333333,10130,8
118453,3,best_r_change,3,4,1.0392332824,-4647.3,9998,8
118454,3,best_r_change,4,3,1.037945813,-4494.83333333,10180,8
118455,3,best_r_change,3,4,1.0394132793,-4668.7,10033,8
118457,3,best_r_change,4,3,1.03787168902,-4486.16666667,10187,8
118460,3,best_r_change,3,4,1.03810568968,-4514,10220,8
118461,3,best_r_change,4,3,1.03790136276,-4489.83333333,10291,8
118466,3,best_r_change,3,4,1.03845913595,-4556.1,10103,8
118467,3,best_r_change,4,3,1.03829195754,-4536.33333333,10234,8
118473,3,best_r_change,3,4,1.03841297173,-4550.9,10156,8
118474,3,best_r_change,4,3,1.03704047583,-4388.33333333,10259,8
118475,3,best_r_change,3,4,1.03885123444,-4602.9,10113,8
118479,3,best_r_change,4,3,1.04032922853,-4778.16666667,10052,8
118484,3,best_r_change,3,4,1.03848958509,-4560.4,10101,8
118485,3,best_r_change,4,3,1.03936363253,-4664,10075,8
118486,3,best_r_change,3,4,1.03786692099,-4486.7,10196,8
118488,3,best_r_change,4,3,1.03754247969,-4448.33333333,10202,8
118490,3,best_r_change,3,4,1.03907333952,-4629.8,10063,8
118491,3,best_r_change,4,3,1.03783550368,-4483.16666667,10156,8
118495,3,best_r_change,3,4,1.03793155829,-4494.7,10173,8
118496,3,best_r_change,4,3,1.0379239243,-4493.83333333,10213,8
118497,3,best_r_change,3,4,1.03823050373,-4530.2,10160,8
118498,3,best_r_change,4,3,1.03847041019,-4558.66666667,10086,8
118500,3,best_r_change,3,4,1.03880759494,-4598.7,10121,8
118501,3,best_r_change,4,3,1.03875494722,-4592.5,10194,8
118504,3,best_r_change,3,4,1.0390273746,-4624.9,10094,8
118507,3,best_r_change,4,3,1.03749989452,-4444,10222,8
118511,3,best_r_change,3,4,1.03895925273,-4617.1,10108,8
118512,3,best_r_change,4,3,1.0389482359,-4615.83333333,10093,8
118513,3,best_r_change,3,4,1.0391366348,-4638.2,10161,8
118514,3,best_r_change,4,3,1.03825567725,-4533.83333333,10165,8
118516,3,best_r_change,3,4,1.03924870904,-4651.6,10134,8
118517,3,best_r_change,4,3,1.03842064851,-4553.5,10179,7
118522,3,best_r_change,3,4,1.03972511432,-4708.3,10061,8
118523,3,best_r_change,4,3,1.03782247609,-4482.83333333,10176,8
118525,3,best_r_change,3,4,1.03909808057,-4634.1,10101,8
118526,3,best_r_change,4,3,1.0377877709,-4478.83333333,10244,8
118528,3,best_r_change,3,4,1.03953411852,-4685.9,10097,8
118529,3,best_r_change,4,3,1.03873032479,-4590.66666667,10164,8
118530,3,best_r_change,3,4,1.03800472454,-4504.7,10186,8
118532,3,best_r_change,4,3,1.03832157842,-4542.33333333,10245,8
118534,3,best_r_change,3,4,1.03776131743,-4476,10247,8
118535,3,best_r_change,4,3,1.04007677057,-4750.5,10015,8
118538,3,best_r_change,3,4,1.039145253,-4640.2,10106,8
118539,3,best_r_change,4,3,1.0384514801,-4558,10172,8
118540,3,best_r_change,3,4,1.03907794837,-4632.3,10137,8
118541,3,best_r_change,4,3,1.03883185283,-4603.16666667,10131,8
118545,3,best_r_change,3,4,1.03860643637,-4576.6,10183,8
118546,3,best_r_change,4,3,1.03895253038,-4617.66666667,10109,8
118550,3,best_r_change,3,4,1.03868494306,-4586.1,10127,8
118551,3,best_r_change,4,3,1.03812142735,-4519.33333333,10193,8
118553,3,best_r_change,3,4,1.03936720285,-4667.1,10115,8
118556,3,best_r_change,4,3,1.0382224434,-4531.5,10203,8
118557,3,best_r_change,3,4,1.03918621423,-4645.8,10098,8
118558,3,best_r_change,4,3,1.03891344321,-4613.5,10131,8
118559,3,best_r_change,3,4,1.03824171931,-4533.9,10237,8
118561,3,best_r_change,4,3,1.03789329262,-4492.66666667,10225,8
118565,3,best_r_change,3,4,1.03914899001,-4641.7,10123,8
118568,3,best_r_change,4,3,1.03849267931,-4564,10127,8
118573,3,best_r_change,3,4,1.03901815759,-4626.5,10086,8
118575,3,best_r_change,4,3,1.03909199522,-4635.33333333,10135,8
118577,3,best_r_change,3,4,1.03991161861,-4732.6,10065,8
118578,3,best_r_change,4,3,1.03858219906,-4575,10131,8
118579,3,best_r_change,3,4,1.03902208654,-4627.2,10097,8
118583,3,best_r_change,4,3,1.03779771693,-4482.16666667,10172,8
118585,3,best_r_change,3,4,1.03833790108,-4546.3,10246,8
118586,3,best_r_change,4,3,1.03846013301,-4560.83333333,10167,8
118587,3,best_r_change,3,4,1.03988970123,-4730.4,10027,8
118589,3,best_r_change,4,3,1.03928132739,-4658.33333333,10076,8
118590,3,best_r_change,3,4,1.03753857829,-4451.7,10279,8
118591,3,best_r_change,4,3,1.03955612146,-4691,10042,8
118592,3,best_r_change,3,4,1.03845453319,-4560.4,10150,8
118595,3,best_r_change,4,3,1.03781356718,-4484.5,10157,8
118598,3,best_r_change,3,4,1.03863302922,-4581.8,10139,8
118599,3,best_r_change,4,3,1.03855147739,-4572.16666667,10162,8
118600,3,best_r_change,3,4,1.0392074199,-4650,10087,8
118601,3,best_r_change,4,3,1.03871243357,-4591.33333333,10112,8
118606,3,best_r_change,3,4,1.03953257002,-4688.8,10110,8
118607,3,best_r_change,4,3,1.03811748042,-4521,10217,8
118611,3,best_r_change,3,4,1.03964472098,-4702.3,10058,8
118615,3,best_r_change,4,3,1.03958746083,-4695.66666667,10078,8
118619,3,best_r_change,3,4,1.03791466797,-4497.4,10210,9
118621,3,best_r_change,4,3,1.03848953108,-4565.66666667,10177,8
118625,3,best_r_change,3,4,1.03911401475,-4639.9,10108,8
118627,3,best_r_change,4,3,1.03819956671,-4531.5,10178,8
118630,3,best_r_change,3,4,1.03824243446,-4536.7,10208,8
118631,3,best_r_change,4,3,1.03798894612,-4506.66666667,10231,8
118632,3,best_r_change,3,4,1.03777479938,-4481.3,10256,8
118633,3,best_r_change,4,3,1.03802483289,-4511,10239,8
118635,3,best_r_change,3,4,1.03828128293,-4541.5,10147,8
118637,3,best_r_change,4,3,1.03916849999,-4646.83333333,10077,8
118640,3,best_r_change,3,4,1.03931389076,-4664.2,10103,8
118642,3,best_r_change,4,3,1.03877772346,-4600.66666667,10127,8
118643,5,best_r_change,3,2,0.93253710712,8004,10217,8
118644,3,best_r_change,3,4,1.03785357877,-4491.1,10293,8
118644,5,best_r_change,2,3,0.931931942056,8075.86666667,10293,8
118645,3,best_r_change,4,3,1.0387008864,-4591.66666667,10151,8
118650,3,best_r_change,3,4,1.03862873999,-4583.3,10199,8
118651,3,best_r_change,4,3,1.03821852885,-4534.66666667,10179,8
118652,3,best_r_change,3,4,1.03884805987,-4609.4,10166,8
118654,3,best_r_change,4,3,1.03840859418,-4557.33333333,10144,8
118655,3,best_r_change,3,4,1.03882853651,-4607.2,10152,8
118657,3,best_r_change,4,3,1.03743282458,-4441.66666667,10240,8
118659,3,best_r_change,3,4,1.03866794765,-4588.3,10141,8
118660,3,best_r_change,4,3,1.03873251306,-4596,10124,8
118663,3,best_r_change,3,4,1.03954307577,-4692.3,10045,8
118664,3,best_r_change,4,3,1.03972701634,-4714.16666667,10075,8
118667,3,best_r_change,3,4,1.03887264362,-4612.9,10156,8
118668,3,best_r_change,4,3,1.03794339389,-4502.66666667,10206,8
118669,3,best_r_change,3,4,1.0394837742,-4685.5,10091,8
118670,3,best_r_change,4,3,1.03704109435,-4395.66666667,10304,8
118672,3,best_r_change,3,4,1.03953417824,-4691.6,10082,8
118674,3,best_r_change,4,3,1.03798220335,-4507.5,10208,8
118675,3,best_r_change,3,4,1.03876469349,-4600.4,10112,8
118676,3,best_r_change,4,3,1.03852505983,-4572,10121,8
118677,3,best_r_change,3,4,1.03908929279,-4639,10096,8
118678,3,best_r_change,4,3,1.03771690344,-4476.16666667,10266,8
118680,3,best_r_change,3,4,1.03790276373,-4498.3,10286,8
118681,3,best_r_change,4,3,1.03811899125,-4524,10206,8
118683,3,best_r_change,3,4,1.03954820825,-4693.7,10085,8
118685,3,best_r_change,4,3,1.03840979624,-4558.66666667,10144,8
118687,3,best_r_change,3,4,1.03853665524,-4573.8,10207,8
118692,3,best_r_change,4,3,1.04019507072,-4770.83333333,9990,8
118693,3,best_r_change,3,4,1.03859031282,-4580.4,10186,8
118697,3,best_r_change,4,3,1.03873307666,-4597.5,10136,8
118698,3,best_r_change,3,4,1.03827781428,-4543.5,10166,8
118699,3,best_r_change,4,3,1.03832101927,-4548.66666667,10156,8
118701,3,best_r_change,3,4,1.03921702429,-4655.1,10085,8
118702,3,best_r_change,4,3,1.03915688025,-4648,10100,8
118705,3,best_r_change,3,4,1.03781475085,-4488.8,10257,8
118706,3,best_r_change,4,3,1.03897865314,-4627,10171,8
118708,3,best_r_change,3,4,1.03865956802,-4589.2,10201,8
118709,3,best_r_change,4,3,1.03921634698,-4655.33333333,10036,8
118710,3,best_r_change,3,4,1.03902535591,-4632.7,10096,8
118711,3,best_r_change,4,3,1.03837049642,-4555,10130,8
118712,3,best_r_change,3,4,1.0385538109,-4576.8,10204,8
118713,3,best_r_change,4,3,1.03967551995,-4710,10077,8
118717,3,best_r_change,3,4,1.03962448512,-4704.1,10023,8
118718,3,best_r_change,4,3,1.03824328802,-4540.16666667,10151,8
118719,3,best_r_change,3,4,1.03791558217,-4501.3,10253,8
118720,3,best_r_change,4,3,1.03937134996,-4674.16666667,10108,8
118721,3,best_r_change,3,4,1.03860395381,-4583.1,10185,8
118722,3,best_r_change,4,3,1.03801317363,-4513,10197,8
118723,3,best_r_change,3,4,1.0384171559,-4561,10169,8
118724,3,best_r_change,4,3,1.03936019676,-4673,10118,8
118725,3,best_r_change,3,4,1.03849315645,-4570.1,10137,8
118727,3,best_r_change,4,3,1.03745567563,-4447,10233,8
118729,3,best_r_change,3,4,1.03852218076,-4573.7,10166,7
118730,3,best_r_change,4,3,1.03965720542,-4708.5,10095,8
118732,3,best_r_change,3,4,1.03989488933,-4736.8,10022,8
118734,3,best_r_change,4,3,1.03801775397,-4514,10236,8
118735,3,best_r_change,3,4,1.03941297848,-4679.7,10029,8
118736,3,best_r_change,4,3,1.03797359969,-4508.83333333,10267,8
118737,3,best_r_change,3,4,1.03895668578,-4625.6,10138,8
118738,3,best_r_change,4,3,1.03933871212,-4671,10051,8
118739,3,best_r_change,3,4,1.03779634324,-4487.9,10229,8
118742,3,best_r_change,4,3,1.03854715826,-4577.16666667,10176,8
118746,3,best_r_change,3,4,1.03829518468,-4547.4,10177,8
118747,3,best_r_change,4,3,1.03765989878,-4472,10219,8
118748,3,best_r_change,3,4,1.03902549938,-4634.2,10055,8
118749,3,best_r_change,4,3,1.03936454202,-4674.5,10164,8
118750,3,best_r_change,3,4,1.03816757895,-4532.4,10251,8
118753,3,best_r_change,4,3,1.03869375932,-4595,10170,8
118755,3,best_r_change,3,4,1.03925476822,-4661.7,10140,8
118757,3,best_r_change,4,3,1.03854790314,-4577.83333333,10203,8
118759,3,best_r_change,3,4,1.03932080937,-4669.7,10124,8
118763,3,best_r_change,4,3,1.03658406518,-4344.83333333,10316,8
118764,3,best_r_change,3,4,1.03897982554,-4629.4,10103,8
118765,3,best_r_change,4,3,1.03817342371,-4533.66666667,10191,8
118767,3,best_r_change,3,4,1.0386715165,-4592.9,10194,8
118768,3,best_r_change,4,3,1.03826227042,-4544.33333333,10216,8
118769,3,best_r_change,3,4,1.03935454538,-4674.1,10120,8
118771,3,best_r_change,4,3,1.03879594626,-4607.83333333,10093,8
118772,3,best_r_change,3,4,1.03785656552,-4496.3,10218,8
118774,3,best_r_change,4,3,1.03810878924,-4526.33333333,10241,8
118778,3,best_r_change,3,4,1.03964707269,-4709.2,10105,8
118780,3,best_r_change,4,3,1.03853061683,-4576.66666667,10175,8
118782,3,best_r_change,3,4,1.03838797124,-4559.8,10153,7
118784,3,best_r_change,4,3,1.03721039871,-4420,10248,8
118785,3,best_r_change,3,4,1.03981394957,-4729.3,10100,8
118787,3,best_r_change,4,3,1.03706915179,-4403.33333333,10328,8
118789,3,best_r_change,3,4,1.04003400988,-4755.6,10087,8
118790,3,best_r_change,4,3,1.03912085754,-4647.16666667,10086,8
118794,3,best_r_change,3,4,1.03881509167,-4611,10102,8
118796,3,best_r_change,4,3,1.03851981548,-4576,10147,8
118797,3,best_r_change,3,4,1.03794876975,-4508.2,10212,8
118798,3,best_r_change,4,3,1.03755113722,-4461,10223,8
118804,3,best_r_change,3,4,1.03970236692,-4716.8,10051,8
118805,3,best_r_change,4,3,1.03859545754,-4585.33333333,10167,8
118806,3,best_r_change,3,4,1.03810750299,-4527.4,10229,8
118807,3,best_r_change,4,3,1.03841384206,-4563.83333333,10137,8
118809,3,best_r_change,3,4,1.0388194497,-4612.1,10130,8
118810,3,best_r_change,4,3,1.03931066409,-4670.5,10076,8
118811,3,best_r_change,3,4,1.03814714126,-4532.3,10218,8
118812,3,best_r_change,4,3,1.03848516985,-4572.5,10173,8
118813,3,best_r_change,3,4,1.03965895988,-4712,10057,8
118816,3,best_r_change,4,3,1.03735607999,-4438.5,10252,8
118818,3,best_r_change,3,4,1.03891413759,-4623.7,10179,9
118821,3,best_r_change,4,3,1.0391218724,-4648.5,10107,8
118823,3,best_r_change,3,4,1.0381752691,-4536.1,10201,8
118824,3,best_r_change,4,3,1.03947855652,-4691,10103,8
118825,3,best_r_change,3,4,1.0391954555,-4657.4,10173,8
118826,3,best_r_change,4,3,1.03814120366,-4532.16666667,10277,8
118832,3,best_r_change,3,4,1.03936902518,-4678.3,10168,8
118834,3,best_r_change,4,3,1.03870946026,-4600,10122,8
118837,3,best_r_change,3,4,1.03872531282,-4602,10166,8
118839,3,best_r_change,4,3,1.03891960271,-4625.16666667,10181,8
118841,3,best_r_change,3,4,1.03940138504,-4682.5,10150,8
118843,3,best_r_change,4,3,1.03809928505,-4527.83333333,10156,8
118844,3,best_r_change,3,4,1.03901753559,-4637,10192,8
118845,3,best_r_change,4,3,1.03929067272,-4669.5,10116,8
118846,3,best_r_change,3,4,1.03846826986,-4571.8,10214,8
118847,3,best_r_change,4,3,1.0377375954,-4485,10206,8
118849,3,best_r_change,3,4,1.03819973243,-4540,10252,8
118851,3,best_r_change,4,3,1.03819908962,-4540,10170,8
118852,3,best_r_change,3,4,1.03934052435,-4675.7,10101,8
118853,3,best_r_change,4,3,1.03855182452,-4582,10174,8
118855,3,best_r_change,3,4,1.03835093181,-4558.2,10230,8
118858,3,best_r_change,4,3,1.03883625839,-4616,10095,8
118860,3,best_r_change,3,4,1.03822816759,-4543.8,10190,8
118863,3,best_r_change,4,3,1.03898886393,-4634.33333333,10137,8
118864,3,best_r_change,3,4,1.03856508278,-4584,10196,8
118866,3,best_r_change,4,3,1.03771894402,-4483.5,10207,8
118870,3,best_r_change,3,4,1.03879700513,-4611.8,10176,8
118872,3,best_r_change,4,3,1.03853865222,-4581.16666667,10194,8
118873,3,best_r_change,3,4,1.03850243537,-4576.9,10209,8
118874,3,best_r_change,4,3,1.03782155896,-4496,10203,9
118875,3,best_r_change,3,4,1.03898464774,-4634.3,10124,8
118877,3,best_r_change,4,3,1.03944413133,-4689,10077,8
118878,3,best_r_change,3,4,1.03949427144,-4695,10095,8
118882,3,best_r_change,4,3,1.03827604964,-4550.33333333,10181,8
118884,3,best_r_change,3,4,1.03983462871,-4735.7,10092,8
118885,3,best_r_change,4,3,1.03826527036,-4549.16666667,10285,8
118887,3,best_r_change,3,4,1.03900510569,-4637.2,10177,8
118888,3,best_r_change,4,3,1.03915169459,-4654.66666667,10200,8
118889,3,best_r_change,3,4,1.0389708047,-4633.2,10193,8
118890,3,best_r_change,4,3,1.0387066476,-4601.83333333,10171,8
118891,3,best_r_change,3,4,1.03975153712,-4726.1,10118,8
118894,3,best_r_change,4,3,1.03699513853,-4398.5,10297,8
118901,3,best_r_change,3,4,1.03884912658,-4619.2,10189,8
118904,3,best_r_change,4,3,1.03825354908,-4548.5,10214,8
118905,3,best_r_change,3,4,1.03954669694,-4702.3,10203,8
118911,3,best_r_change,4,3,1.03973700218,-4725.16666667,10065,8
118912,3,best_r_change,3,4,1.03954773278,-4702.7,10098,8
118913,3,best_r_change,4,3,1.03862347543,-4592.83333333,10148,8
118914,3,best_r_change,3,4,1.03931664901,-4675.3,10116,8
118916,3,best_r_change,4,3,1.0387458374,-4607.5,10160,8
118920,3,best_r_change,3,4,1.03828035654,-4552.3,10231,8
118921,3,best_r_change,4,3,1.03868955021,-4601,10187,8
118923,3,best_r_change,3,4,1.03781606586,-4497.2,10250,8
118924,3,best_r_change,4,3,1.03723946947,-4428.66666667,10288,8
118927,3,best_r_change,3,4,1.03951751915,-4699.7,10091,8
118928,3,best_r_change,4,3,1.03776654783,-4491.5,10253,8
118929,3,best_r_change,3,4,1.03908298228,-4648.1,10146,8
118930,3,best_r_change,4,3,1.03741977073,-4450.33333333,10267,8
118931,3,best_r_change,3,4,1.03893181761,-4630.2,10175,7
118934,3,best_r_change,4,3,1.03818364247,-4541.33333333,10171,8
118935,3,best_r_change,3,4,1.03873123975,-4606.5,10186,8
118936,3,best_r_change,4,3,1.03871269702,-4604.33333333,10166,8
118937,3,best_r_change,3,4,1.03879701018,-4614.4,10239,8
118938,3,best_r_change,4,3,1.04008110668,-4767.16666667,10092,8
118941,3,best_r_change,3,4,1.03774980873,-4490,10297,8
118942,3,best_r_change,4,3,1.03733332212,-4440.5,10331,8
118944,3,best_r_change,3,4,1.03916717111,-4658.7,10173,8
118945,3,best_r_change,4,3,1.0382585789,-4550.66666667,10205,8
118946,3,best_r_change,3,4,1.03926319506,-4670.2,10136,8
118948,3,best_r_change,4,3,1.03896100257,-4634.33333333,10147,8
118950,3,best_r_change,3,4,1.03852879361,-4583,10148,8
118951,3,best_r_change,4,3,1.03882410965,-4618.16666667,10206,8
118952,3,best_r_change,3,4,1.03941337682,-4688.3,10153,8
118953,3,best_r_change,4,3,1.03943714464,-4691.16666667,10141,8
118954,3,best_r_change,3,4,1.03877885569,-4612.9,10169,8
118955,3,best_r_change,4,3,1.03826236812,-4551.5,10231,8
118960,3,best_r_change,3,4,1.03893745797,-4632,10144,8
118961,3,best_r_change,4,3,1.03818758529,-4542.83333333,10224,8
118963,3,best_r_change,3,4,1.03922396039,-4666.2,10098,8
118964,3,best_r_change,4,3,1.03764444146,-4478.33333333,10258,8
118966,3,best_r_change,3,4,1.03759981844,-4473.1,10330,8
118967,3,best_r_change,4,3,1.038604543,-4592.66666667,10255,8
118969,3,best_r_change,3,4,1.03892946902,-4631.4,10153,8
118970,3,best_r_change,4,3,1.0395940153,-4710.5,10057,8
118971,3,best_r_change,3,4,1.03862201713,-4594.9,10210,8
118972,3,best_r_change,4,3,1.03810000112,-4532.83333333,10262,8
118974,3,best_r_change,3,4,1.03865802612,-4599.3,10157,8
118975,3,best_r_change,4,3,1.03864817539,-4598.16666667,10166,8
118977,3,best_r_change,3,4,1.03939921161,-4687.6,10100,8
118979,3,best_r_change,4,3,1.03720404441,-4426.5,10338,8
118982,3,best_r_change,3,4,1.03940007732,-4687.9,10103,8
118983,3,best_r_change,4,3,1.03876464145,-4612.33333333,10226,7
118984,3,best_r_change,3,4,1.03819168964,-4544.2,10192,8
118985,3,best_r_change,4,3,1.03896149375,-4635.83333333,10139,8
118986,3,best_r_change,3,4,1.03775150018,-4491.9,10280,8
118989,3,best_r_change,4,3,1.03845733639,-4576,10157,8
118991,3,best_r_change,3,4,1.03938365086,-4686.3,10109,8
118993,3,best_r_change,4,3,1.0384518417,-4575.5,10212,8
118995,3,best_r_change,3,4,1.0390730703,-4649.5,10156,8
118996,3,best_r_change,4,3,1.03841165529,-4570.83333333,10220,8
118997,3,best_r_change,3,4,1.03882114675,-4619.6,10144,8
118999,3,best_r_change,4,3,1.03869500304,-4604.66666667,10165,8
119002,3,best_r_change,3,4,1.03830187728,-4558,10246,8
119003,3,best_r_change,4,3,1.03814749768,-4539.66666667,10244,8
119005,3,best_r_change,3,4,1.03915801857,-4660,10112,8
119006,3,best_r_change,4,3,1.03750511179,-4463.33333333,10308,8
119008,3,best_r_change,3,4,1.03933096935,-4680.7,10152,8
119011,3,best_r_change,4,3,1.03932409609,-4680,10164,8
119013,3,best_r_change,3,4,1.03876383252,-4613.4,10188,8
119014,3,best_r_change,4,3,1.03799272915,-4521.66666667,10306,8
119018,3,best_r_change,3,4,1.03888151372,-4627.6,10209,8
119019,3,best_r_change,4,3,1.03871510711,-4607.83333333,10208,8
119020,3,best_r_change,3,4,1.03934380776,-4682.7,10104,7
119022,3,best_r_change,4,3,1.03933866568,-4682.16666667,10139,9
119023,3,best_r_change,3,4,1.03817413441,-4543.6,10203,8
119024,3,best_r_change,4,3,1.03966566967,-4721.16666667,10135,8
119026,3,best_r_change,3,4,1.03857308487,-4591.2,10122,8
119027,3,best_r_change,4,3,1.03884272756,-4623.33333333,10207,8
119029,3,best_r_change,3,4,1.03860403767,-4595,10244,8
119030,3,best_r_change,4,3,1.03811504103,-4536.83333333,10190,8
119031,3,best_r_change,3,4,1.0383538742,-4565.3,10257,8
119033,3,best_r_change,4,3,1.03886877309,-4626.66666667,10152,8
119035,3,best_r_change,3,4,1.03965724367,-4720.6,10144,8
119038,3,best_r_change,4,3,1.03821328763,-4548.83333333,10274,7
119039,3,best_r_change,3,4,1.03912247247,-4657.1,10166,8
119041,3,best_r_change,4,3,1.03897256687,-4639.33333333,10161,8
119042,3,best_r_change,3,4,1.03904168277,-4647.6,10163,8
119043,3,best_r_change,4,3,1.03879690532,-4618.5,10169,8
119045,3,best_r_change,3,4,1.03817127977,-4544.1,10208,8
119046,3,best_r_change,4,3,1.03937553551,-4687.5,10093,8
119047,3,best_r_change,3,4,1.03918368376,-4664.7,10163,8
119048,3,best_r_change,4,3,1.03898287525,-4640.83333333,10164,8
119049,3,best_r_change,3,4,1.03936614335,-4686.5,10072,8
119051,3,best_r_change,4,3,1.03739153808,-4451.5,10228,8
119052,3,best_r_change,3,4,1.0390787219,-4652.4,10143,8
119054,3,best_r_change,4,3,1.03846153846,-4579,10212,8
119056,3,best_r_change,3,4,1.03833574116,-4564.1,10217,8
119058,3,best_r_change,4,3,1.04022409246,-4789,10063,8
119059,3,best_r_change,3,4,1.03853803576,-4588.3,10201,8
119060,3,best_r_change,4,3,1.03858698695,-4594.16666667,10203,8
119062,3,best_r_change,3,4,1.03841443954,-4573.7,10257,7
119063,3,best_r_change,4,3,1.03865600564,-4602.5,10211,9
119065,3,best_r_change,3,4,1.03952378953,-4705.9,10103,8
119066,3,best_r_change,4,3,1.03808811919,-4535,10264,8
119067,3,best_r_change,3,4,1.0386412692,-4600.9,10215,8
119068,3,best_r_change,4,3,1.03827224779,-4557,10255,8
119069,3,best_r_change,3,4,1.03907314246,-4652.4,10136,8
119070,3,best_r_change,4,3,1.03881890205,-4622.16666667,10117,8
119071,3,best_r_change,3,4,1.0384241335,-4575.2,10268,8
119072,3,best_r_change,4,3,1.03836054376,-4567.66666667,10189,8
119073,3,best_r_change,3,4,1.0379179159,-4515,10278,8
119074,3,best_r_change,4,3,1.03929629194,-4679.16666667,10068,8
119075,3,best_r_change,3,4,1.03935334873,-4686,10126,8
119078,3,best_r_change,4,3,1.03842439409,-4575.5,10174,8
119079,3,best_r_change,3,4,1.03880785025,-4621.2,10168,8
119081,3,best_r_change,4,3,1.03975305324,-4733.83333333,10103,8
119082,3,best_r_change,3,4,1.03901681194,-4646.2,10109,8
119083,3,best_r_change,4,3,1.03906938858,-4652.5,10135,8
119084,3,best_r_change,3,4,1.03776913775,-4497.7,10267,8
119085,3,best_r_change,4,3,1.03921988496,-4670.5,10172,8
119087,3,best_r_change,3,4,1.03853065406,-4588.5,10224,8
119088,3,best_r_change,4,3,1.03833299745,-4565,10211,8
119092,3,best_r_change,3,4,1.03838880865,-4571.8,10221,8
119093,3,best_r_change,4,3,1.03802770384,-4528.83333333,10236,8
119095,3,best_r_change,3,4,1.03986145514,-4747.3,10045,8
119096,3,best_r_change,4,3,1.03765729607,-4484.83333333,10271,8
119098,3,best_r_change,3,4,1.03950696065,-4705.2,10165,8
119099,3,best_r_change,4,3,1.03813494096,-4541.83333333,10289,8
119101,3,best_r_change,3,4,1.03809119991,-4536.7,10282,8
119102,3,best_r_change,4,3,1.04022462539,-4790.83333333,10033,8
119106,3,best_r_change,3,4,1.03819119104,-4548.8,10210,8
119110,3,best_r_change,4,3,1.03843366076,-4577.83333333,10203,8
119112,3,best_r_change,3,4,1.0389901941,-4644.2,10168,8
119114,3,best_r_change,4,3,1.0397182531,-4731,10105,8
119116,3,best_r_change,3,4,1.03926256758,-4676.8,10113,8
119117,3,best_r_change,4,3,1.03824950819,-4556.16666667,10257,8
119118,3,best_r_change,3,4,1.03919222955,-4668.5,10091,8
119119,3,best_r_change,4,3,1.03860984953,-4599.16666667,10166,8
119121,3,best_r_change,3,4,1.03892344759,-4636.6,10207,8
119122,3,best_r_change,4,3,1.03923708467,-4674,10153,8
119124,3,best_r_change,3,4,1.0389778718,-4643.2,10168,8
119125,3,best_r_change,4,3,1.0380370759,-4531.16666667,10327,8
119131,3,best_r_change,3,4,1.03879510791,-4621.7,10161,8
119132,3,best_r_change,4,3,1.03786556089,-4511,10260,8
119133,3,best_r_change,3,4,1.03910671267,-4658.9,10142,8
119134,3,best_r_change,4,3,1.03850146334,-4586.83333333,10154,8
119136,3,best_r_change,3,4,1.03914182111,-4663.2,10190,8
119137,3,best_r_change,4,3,1.03833261987,-4566.83333333,10235,8
119138,3,best_r_change,3,4,1.03908912354,-4657,10179,8
119141,3,best_r_change,4,3,1.03897622705,-4643.66666667,10179,8
119142,3,best_r_change,3,4,1.03888217421,-4632.5,10191,8
119143,3,best_r_change,4,3,1.03923996094,-4675.16666667,10170,8
119145,3,best_r_change,3,4,1.03865458055,-4605.5,10241,8
119148,3,best_r_change,4,3,1.03764365887,-4485.16666667,10299,8
119149,3,best_r_change,3,4,1.03933981821,-4687.3,10144,8
119150,3,best_r_change,4,3,1.0389131347,-4636.5,10197,8
119153,3,best_r_change,3,4,1.03932423019,-4685.6,10105,8
119155,3,best_r_change,4,3,1.03826948093,-4560,10274,8
119156,3,best_r_change,3,4,1.03958592098,-4716.9,10092,8
119159,3,best_r_change,4,3,1.03863045734,-4603.16666667,10170,8
119160,3,best_r_change,3,4,1.03841389728,-4577.4,10215,8
119161,3,best_r_change,4,3,1.03844238747,-4580.83333333,10189,8
119163,3,best_r_change,3,4,1.03850188397,-4588,10240,8
119165,3,best_r_change,4,3,1.03841732052,-4578,10154,8
119169,3,best_r_change,3,4,1.03926272772,-4678.9,10123,8
119171,3,best_r_change,4,3,1.03752870525,-4472.33333333,10296,8
119173,3,best_r_change,3,4,1.03970110679,-4731.3,10148,8
119174,3,best_r_change,4,3,1.03806758745,-4536.66666667,10226,8
119175,3,best_r_change,3,4,1.03817914831,-4550,10295,8
119176,3,best_r_change,4,3,1.03909204314,-4658.83333333,10167,8
119177,3,best_r_change,3,4,1.03876335199,-4619.7,10227,8
119179,3,best_r_change,4,3,1.03882395388,-4627,10192,8
119181,3,best_r_change,3,4,1.03925457917,-4678.4,10154,8
119184,3,best_r_change,4,3,1.03843077371,-4580.33333333,10156,8
119185,3,best_r_change,3,4,1.0391467047,-4665.7,10189,9
119191,3,best_r_change,4,3,1.03869000176,-4611.5,10225,8
119193,3,best_r_change,3,4,1.03891671491,-4638.6,10199,8
119196,3,best_r_change,4,3,1.03848842802,-4587.66666667,10169,8
119197,3,best_r_change,3,4,1.0388046679,-4625.4,10200,8
119198,3,best_r_change,4,3,1.03850176457,-4589.33333333,10300,7
119199,3,best_r_change,3,4,1.03836525474,-4573.1,10250,8
119202,3,best_r_change,4,3,1.03881087006,-4626.33333333,10198,8
119204,3,best_r_change,3,4,1.03831666723,-4567.5,10169,8
119205,3,best_r_change,4,3,1.03885743048,-4632,10226,8
119206,3,best_r_change,3,4,1.03914400282,-4666.2,10141,8
119207,3,best_r_change,4,3,1.039003582,-4649.5,10198,8
119208,3,best_r_change,3,4,1.03835145292,-4571.8,10235,8
119209,3,best_r_change,4,3,1.03826472833,-4561.5,10226,8
119212,3,best_r_change,3,4,1.03837197598,-4574.4,10244,8
119213,3,best_r_change,4,3,1.03842142496,-4580.33333333,10213,8
119214,3,best_r_change,3,4,1.03894425151,-4642.7,10149,8
119216,3,best_r_change,4,3,1.03907193665,-4658,10148,8
119217,3,best_r_change,3,4,1.03978207806,-4742.7,10100,8
119220,3,best_r_change,4,3,1.03809483867,-4541.66666667,10268,8
119221,3,best_r_change,3,4,1.0389428037,-4642.8,10225,8
119222,3,best_r_change,4,3,1.03887006313,-4634.16666667,10141,8
119224,3,best_r_change,3,4,1.03835133866,-4572.4,10253,8
119225,3,best_r_change,4,3,1.03802334522,-4533.33333333,10254,8
119226,3,best_r_change,3,4,1.03943854528,-4702.1,10163,8
119228,3,best_r_change,4,3,1.03860390736,-4602.66666667,10230,7
119229,3,best_r_change,3,4,1.03890077079,-4638.1,10194,8
119230,3,best_r_change,4,3,1.03840057033,-4578.5,10209,8
119232,3,best_r_change,3,4,1.03876895464,-4622.5,10197,8
119235,3,best_r_change,4,3,1.03835003704,-4572.66666667,10253,8
119236,3,best_r_change,3,4,1.03889261632,-4637.4,10151,8
119237,3,best_r_change,4,3,1.03759739007,-4483,10345,8
119241,3,best_r_change,3,4,1.03905032665,-4656.4,10173,8
119243,3,best_r_change,4,3,1.03902954471,-4654,10220,8
119245,3,best_r_change,3,4,1.03938613778,-4696.6,10202,8
119246,3,best_r_change,4,3,1.0378461332,-4513,10261,8
119247,3,best_r_change,3,4,1.03872717972,-4618.1,10196,8
119248,3,best_r_change,4,3,1.03821447739,-4557,10261,8
119249,3,best_r_change,3,4,1.0393236002,-4689.3,10164,8
119251,3,best_r_change,4,3,1.03937493187,-4695.5,10104,8
119252,3,best_r_change,3,4,1.03939808137,-4698.3,10155,8
119253,3,best_r_change,4,3,1.03822964621,-4559,10311,7
119254,3,best_r_change,3,4,1.0383861338,-4577.7,10200,8
119255,3,best_r_change,4,3,1.0395706679,-4719,10092,8
119258,3,best_r_change,3,4,1.03852152476,-4594,10215,8
119259,3,best_r_change,4,3,1.03886219628,-4634.66666667,10220,8
119260,3,best_r_change,3,4,1.03879758511,-4627,10253,8
119261,3,best_r_change,4,3,1.03905998888,-4658.33333333,10221,8
119262,3,best_r_change,3,4,1.03918431688,-4673.2,10185,8
119266,3,best_r_change,4,3,1.03745269677,-4466.83333333,10350,8
119267,3,best_r_change,3,4,1.03916925889,-4671.6,10198,8
119268,3,best_r_change,4,3,1.03971587797,-4736.83333333,10116,8
119269,3,best_r_change,3,4,1.0390830811,-4661.4,10172,8
119270,3,best_r_change,4,3,1.03888655991,-4638,10137,8
119273,3,best_r_change,3,4,1.03955463516,-4717.8,10187,8
119274,3,best_r_change,4,3,1.03818518705,-4554.5,10209,8
119275,3,best_r_change,3,4,1.0385638231,-4599.7,10248,8
119276,3,best_r_change,4,3,1.03860933186,-4605.16666667,10149,8
119277,3,best_r_change,3,4,1.03940239946,-4699.8,10116,8
119281,3,best_r_change,4,3,1.03843305584,-4584.33333333,10314,8
119282,3,best_r_change,3,4,1.03859509398,-4603.7,10161,8
119283,3,best_r_change,4,3,1.03905557931,-4658.66666667,10218,8
119287,3,best_r_change,3,4,1.03927586409,-4685.1,10105,8
119288,3,best_r_change,4,3,1.03804238482,-4538,10274,8
119289,3,best_r_change,3,4,1.0392978397,-4687.8,10173,8
119290,3,best_r_change,4,3,1.03783217369,-4513,10271,8
119291,3,best_r_change,3,4,1.03925778139,-4683.1,10153,8
119297,3,best_r_change,4,3,1.03815826606,-4552.16666667,10180,8
119300,3,best_r_change,3,4,1.03917099749,-4673.1,10252,8
119301,3,best_r_change,4,3,1.03812485506,-4548.33333333,10236,8
119302,3,best_r_change,3,4,1.03882751337,-4632.2,10218,8
119303,3,best_r_change,4,3,1.03965114037,-4730.5,10097,8
119304,3,best_r_change,3,4,1.03775397304,-4504.2,10293,8
119306,3,best_r_change,4,3,1.03892511693,-4644,10225,8
119307,3,best_r_change,3,4,1.0386616041,-4612.6,10184,8
119309,3,best_r_change,4,3,1.03845337178,-4587.83333333,10248,8
119311,3,best_r_change,3,4,1.03790430053,-4522.4,10297,8
119312,3,best_r_change,4,3,1.03913129722,-4668.83333333,10153,8
119313,3,best_r_change,3,4,1.03892534762,-4644.3,10145,8
119314,3,best_r_change,4,3,1.03812209799,-4548.5,10238,8
119316,3,best_r_change,3,4,1.03943561635,-4705.3,10181,8
119317,3,best_r_change,4,3,1.03890336946,-4641.83333333,10160,8
119318,3,best_r_change,3,4,1.03972661292,-4740.1,10188,8
119321,3,best_r_change,4,3,1.03852353456,-4596.66666667,10214,8
119323,3,best_r_change,3,4,1.03815358313,-4552.6,10293,8
119325,3,best_r_change,4,3,1.03906418046,-4661.33333333,10210,8
119326,3,best_r_change,3,4,1.03858589075,-4604.3,10218,8
119327,3,best_r_change,4,3,1.03862076479,-4608.5,10169,8
119328,3,best_r_change,3,4,1.03914588361,-4671.2,10157,8
119329,3,best_r_change,4,3,1.03885196948,-4636.16666667,10213,8
119331,3,best_r_change,3,4,1.03894042621,-4646.8,10209,8
119332,3,best_r_change,4,3,1.03808701773,-4545,10289,8
119334,3,best_r_change,3,4,1.0381291166,-4550.1,10236,8
119337,3,best_r_change,4,3,1.03876696526,-4626.33333333,10251,8
119338,3,best_r_change,3,4,1.0395766646,-4723,10137,8
119339,3,best_r_change,4,3,1.03796607424,-4530.83333333,10238,8
119340,3,best_r_change,3,4,1.03965476789,-4732.4,10085,8
119342,3,best_r_change,4,3,1.03811873998,-4549.16666667,10295,8
119343,3,best_r_change,3,4,1.03894237618,-4647.5,10236,8
119344,3,best_r_change,4,3,1.03804408544,-4540.33333333,10319,8
119345,3,best_r_change,3,4,1.03966567514,-4733.9,10055,8
119346,3,best_r_change,4,3,1.03837581486,-4580,10231,8
119349,3,best_r_change,3,4,1.03907196541,-4663.2,10213,8
119355,3,best_r_change,4,3,1.03868431709,-4617.16666667,10188,8
119358,3,best_r_change,3,4,1.03850600714,-4596,10239,8
119360,3,best_r_change,4,3,1.03867012958,-4615.66666667,10226,8
119361,3,best_r_change,3,4,1.03880329421,-4631.6,10239,8
119363,3,best_r_change,4,3,1.03943014167,-4706.5,10149,8
119364,3,best_r_change,3,4,1.0390067357,-4656,10183,8
119365,3,best_r_change,4,3,1.03810162108,-4548,10219,8
119367,3,best_r_change,3,4,1.03842770615,-4587,10278,8
119368,3,best_r_change,4,3,1.03884067198,-4636.33333333,10161,8
119369,3,best_r_change,3,4,1.03914416641,-4672.6,10177,8
119373,3,best_r_change,4,3,1.03853886557,-4600.5,10169,8
119374,3,best_r_change,3,4,1.03918357431,-4677.5,10161,8
119375,3,best_r_change,4,3,1.03829109948,-4571,10279,8
119376,3,best_r_change,3,4,1.03846920654,-4592.3,10209,7
119378,3,best_r_change,4,3,1.03954385789,-4720.66666667,10118,8
119382,3,best_r_change,3,4,1.03804091069,-4541.4,10303,8
119383,3,best_r_change,4,3,1.03909685634,-4667.5,10210,8
119384,3,best_r_change,3,4,1.03927661998,-4689,10148,7
119387,3,best_r_change,4,3,1.03878004585,-4629.83333333,10179,8
119389,3,best_r_change,3,4,1.03881848411,-4634.5,10164,8
119390,3,best_r_change,4,3,1.03953709133,-4720.33333333,10093,7
119391,3,best_r_change,3,4,1.03952140446,-4718.5,10108,8
119393,3,best_r_change,4,3,1.03842910947,-4588.16666667,10260,8
119395,3,best_r_change,3,4,1.03794631266,-4530.6,10339,8
119396,3,best_r_change,4,3,1.03814756497,-4554.66666667,10299,8
119397,3,best_r_change,3,4,1.03861906078,-4611,10325,8
119399,3,best_r_change,4,3,1.03878033596,-4630.33333333,10234,8
119400,3,best_r_change,3,4,1.03812981575,-4552.7,10252,8
119401,3,best_r_change,4,3,1.03825484432,-4567.66666667,10215,8
119403,3,best_r_change,3,4,1.0392368701,-4685,10138,8
119404,3,best_r_change,4,3,1.03972926647,-4743.83333333,10087,8
119406,3,best_r_change,3,4,1.03839170561,-4584.2,10278,8
119408,3,best_r_change,4,3,1.03867412569,-4618,10200,8
119411,3,best_r_change,3,4,1.03992596997,-4767.6,10134,8
119415,3,best_r_change,4,3,1.03871512512,-4623.16666667,10251,8
119417,3,best_r_change,3,4,1.03920714806,-4682,10138,8
119418,3,best_r_change,4,3,1.03777627047,-4511.16666667,10272,8
119420,3,best_r_change,3,4,1.03786132976,-4521.4,10319,8
119421,3,best_r_change,4,3,1.0392784072,-4690.66666667,10162,8
119422,3,best_r_change,3,4,1.03903300899,-4661.4,10217,8
119423,3,best_r_change,4,3,1.03870136685,-4621.83333333,10223,8
119425,3,best_r_change,3,4,1.0391685158,-4677.7,10193,8
119426,3,best_r_change,4,3,1.03882180876,-4636.33333333,10166,8
119427,3,best_r_change,3,4,1.03947599789,-4714.5,10110,8
119429,3,best_r_change,4,3,1.0387552437,-4628.5,10224,8
119431,3,best_r_change,3,4,1.0394378344,-4710.1,10179,8
119432,3,best_r_change,4,3,1.03922455177,-4684.66666667,10195,8
119433,3,best_r_change,3,4,1.03827082967,-4570.8,10298,9
119435,3,best_r_change,4,3,1.03854816427,-4604,10281,8
119438,3,best_r_change,3,4,1.039428825,-4709.3,10175,8
119441,3,best_r_change,4,3,1.03828110392,-4572.33333333,10280,8
119443,3,best_r_change,3,4,1.03901526251,-4660.1,10218,8
119445,3,best_r_change,4,3,1.03805935786,-4546,10235,8
119446,3,best_r_change,3,4,1.03765299801,-4497.5,10330,8
119447,3,best_r_change,4,3,1.03813964911,-4555.66666667,10300,8
119450,3,best_r_change,3,4,1.03979321892,-4753.3,10056,8
119451,3,best_r_change,4,3,1.03917924505,-4680,10236,8
119454,3,best_r_change,3,4,1.03933815527,-4699.1,10181,8
119455,3,best_r_change,4,3,1.03875797023,-4629.83333333,10191,7
119457,3,best_r_change,3,4,1.03847158392,-4595.7,10240,8
119459,3,best_r_change,4,3,1.03785957246,-4522.66666667,10287,8
119460,3,best_r_change,3,4,1.0391051398,-4671.5,10192,8
119463,3,best_r_change,4,3,1.03890325875,-4647.5,10213,8
119465,3,best_r_change,3,4,1.03845896288,-4594.5,10274,8
119467,3,best_r_change,4,3,1.03916283716,-4678.66666667,10141,8
119470,3,best_r_change,3,4,1.03880472085,-4636,10205,8
119473,3,best_r_change,4,3,1.0388260667,-4638.66666667,10273,8
119475,3,best_r_change,3,4,1.03962335217,-4734,10131,8
119476,3,best_r_change,4,3,1.0396885846,-4741.83333333,10168,8
119477,3,best_r_change,3,4,1.03806841484,-4548.3,10286,8
119478,3,best_r_change,4,3,1.0390601896,-4666.83333333,10247,8
119481,3,best_r_change,3,4,1.03881453955,-4637.6,10227,8
119482,3,best_r_change,4,3,1.03934483855,-4701,10180,8
119485,3,best_r_change,3,4,1.03975059631,-4749.6,10135,8
119488,3,best_r_change,4,3,1.0385143278,-4602,10194,8
119490,3,best_r_change,3,4,1.03914302452,-4677.2,10143,8
119493,3,best_r_change,4,3,1.03790180178,-4529,10298,8
119494,3,best_r_change,3,4,1.03878353725,-4634.4,10222,8
119495,3,best_r_change,4,3,1.03901836897,-4662.5,10231,8
119496,3,best_r_change,3,4,1.03941889268,-4710.4,10195,8
119497,3,best_r_change,4,3,1.03954353108,-4725.33333333,10137,8
119498,3,best_r_change,3,4,1.03891947982,-4650.8,10175,8
119501,3,best_r_change,4,3,1.03901362053,-4662.16666667,10248,8
119504,3,best_r_change,3,4,1.03807152899,-4549.7,10281,8
119505,3,best_r_change,4,3,1.03784918344,-4523.16666667,10342,8
119506,3,best_r_change,3,4,1.03877462219,-4633.8,10195,8
119510,3,best_r_change,4,3,1.03848492455,-4599.33333333,10230,8
119511,3,best_r_change,3,4,1.03826928065,-4573.6,10212,8
119513,3,best_r_change,4,3,1.03869871897,-4625,10220,8
119515,3,best_r_change,3,4,1.03918587625,-4683.3,10162,8
119517,3,best_r_change,4,3,1.03903070972,-4664.83333333,10165,8
119521,3,best_r_change,3,4,1.03877142929,-4634,10270,8
119522,3,best_r_change,4,3,1.03965239314,-4739.33333333,10178,8
119526,3,best_r_change,3,4,1.03802770945,-4545.3,10306,8
119528,3,best_r_change,4,3,1.03840801597,-4590.83333333,10274,8
119529,3,best_r_change,3,4,1.03784269926,-4523.3,10310,8
119530,3,best_r_change,4,3,1.03898463426,-4659.83333333,10254,7
119532,3,best_r_change,3,4,1.04014322525,-4798.4,10078,8
119533,3,best_r_change,4,3,1.03825721767,-4573,10296,8
119536,3,best_r_change,3,4,1.03963659483,-4738,10120,8
119537,3,best_r_change,4,3,1.03886662707,-4646,10158,8
119538,3,best_r_change,3,4,1.04022653884,-4808.6,10186,8
119540,3,best_r_change,4,3,1.03784367855,-4523.83333333,10346,8
119544,3,best_r_change,3,4,1.03819681456,-4566.2,10275,8
119545,3,best_r_change,4,3,1.03870230178,-4626.66666667,10222,8
119546,3,best_r_change,3,4,1.03828233483,-4576.5,10294,8
119547,3,best_r_change,4,3,1.03819278889,-4565.83333333,10247,8
119548,3,best_r_change,3,4,1.03851340048,-4604.2,10232,8
119549,3,best_r_change,4,3,1.0379844248,-4541,10251,8
119550,3,best_r_change,3,4,1.0391777499,-4683.7,10236,8
119551,3,best_r_change,4,3,1.0381594466,-4562,10320,8
119552,3,best_r_change,3,4,1.0380202757,-4545.4,10298,8
119554,3,best_r_change,4,3,1.03913991446,-4679.33333333,10147,8
119555,3,best_r_change,3,4,1.03885492033,-4645.3,10254,8
119556,3,best_r_change,4,3,1.03868061829,-4624.5,10194,8
119557,3,best_r_change,3,4,1.03945063861,-4716.6,10211,8
119558,3,best_r_change,4,3,1.03930728182,-4699.5,10205,8
119559,3,best_r_change,3,4,1.03908697798,-4673.2,10263,8
119561,3,best_r_change,4,3,1.03921708026,-4688.83333333,10211,8
119562,3,best_r_change,3,4,1.03874642445,-4632.6,10218,8
119563,3,best_r_change,4,3,1.03880799244,-4640,10248,8
119564,3,best_r_change,3,4,1.03911963467,-4677.3,10193,8
119566,3,best_r_change,4,3,1.03874429186,-4632.5,10220,8
119567,3,best_r_change,3,4,1.03849473517,-4602.7,10323,8
119570,3,best_r_change,4,3,1.03832901229,-4583,10271,8
119574,3,best_r_change,3,4,1.03852342482,-4606.4,10248,8
119575,3,best_r_change,4,3,1.04017980347,-4804.5,10140,8
119576,3,best_r_change,3,4,1.03811216298,-4557.3,10295,8
119578,3,best_r_change,4,3,1.03884215045,-4644.66666667,10213,8
119579,3,best_r_change,3,4,1.03813629483,-4560.3,10287,7
119581,3,best_r_change,4,3,1.03827670505,-4577.16666667,10275,8
119583,3,best_r_change,3,4,1.0403351647,-4823.4,10049,8
119585,3,best_r_change,4,3,1.03838413402,-4590.16666667,10329,8
119589,3,best_r_change,3,4,1.03835218958,-4586.5,10219,8
119591,3,best_r_change,4,3,1.03896196202,-4659.5,10224,8
119592,3,best_r_change,3,4,1.03868486186,-4626.4,10217,7
119597,3,best_r_change,4,3,1.03839282479,-4591.66666667,10224,8
119598,3,best_r_change,3,4,1.03915784545,-4683.2,10186,8
119599,3,best_r_change,4,3,1.03908756205,-4674.83333333,10188,8
119601,3,best_r_change,3,4,1.03917442162,-4685.3,10191,8
119604,3,best_r_change,4,3,1.03844074334,-4597.66666667,10263,8
119606,3,best_r_change,3,4,1.03809591492,-4556.5,10314,8
119607,3,best_r_change,4,3,1.03890101193,-4652.83333333,10234,8
119608,3,best_r_change,3,4,1.03874991639,-4634.8,10261,8
119610,3,best_r_change,4,3,1.03865618817,-4623.66666667,10263,8
119613,3,best_r_change,3,4,1.03845652228,-4599.9,10233,8
119615,3,best_r_change,4,3,1.03902520587,-4668,10213,8
119616,3,best_r_change,3,4,1.03897137507,-4661.6,10208,8
119623,3,best_r_change,4,3,1.03947262093,-4721.83333333,10188,8
119625,3,best_r_change,3,4,1.03840083595,-4593.7,10271,8
119626,3,best_r_change,4,3,1.03819682455,-4569.33333333,10270,8
119628,3,best_r_change,3,4,1.03949075467,-4724.2,10228,7
119633,3,best_r_change,4,3,1.03691289193,-4416,10385,8
119635,3,best_r_change,3,4,1.03992895056,-4776.9,10168,8
119637,3,best_r_change,4,3,1.03802892639,-4549.66666667,10287,8
119638,3,best_r_change,3,4,1.03854544543,-4611.5,10289,8
119639,3,best_r_change,4,3,1.03925698699,-4696.66666667,10191,8
119641,3,best_r_change,3,4,1.03874257153,-4635.2,10252,8
119644,3,best_r_change,4,3,1.03884440507,-4647.5,10290,8
119646,3,best_r_change,3,4,1.03928923658,-4700.8,10204,8
119648,3,best_r_change,4,3,1.03884310645,-4647.5,10224,8
119649,3,best_r_change,3,4,1.03908515742,-4676.5,10254,8
119651,3,best_r_change,4,3,1.03860533273,-4619.16666667,10213,8
119652,3,best_r_change,3,4,1.0393633203,-4709.9,10215,8
119654,3,best_r_change,4,3,1.03817952875,-4568.33333333,10269,8
119656,3,best_r_change,3,4,1.03890569633,-4655.3,10256,8
119657,3,best_r_change,4,3,1.03808107062,-4556.66666667,10300,8
119659,3,best_r_change,3,4,1.0386774083,-4628.1,10299,8
119662,3,best_r_change,4,3,1.03972160474,-4753.16666667,10142,8
119663,3,best_r_change,3,4,1.03861427509,-4620.7,10264,8
119665,3,best_r_change,4,3,1.0375060934,-4488.16666667,10352,8
119666,3,best_r_change,3,4,1.03976066719,-4758,10143,8
119667,3,best_r_change,4,3,1.03898317832,-4665,10252,8
119669,3,best_r_change,3,4,1.03898754063,-4665.6,10190,8
119672,3,best_r_change,4,3,1.03845371794,-4601.83333333,10268,8
119673,3,best_r_change,3,4,1.03800188848,-4547.8,10275,8
119675,3,best_r_change,4,3,1.03949446417,-4726.5,10192,8
119676,3,best_r_change,3,4,1.03925849794,-4698.3,10149,8
119677,3,best_r_change,4,3,1.03877241798,-4640.16666667,10241,8
119679,3,best_r_change,3,4,1.03889237042,-4654.6,10278,7
119680,3,best_r_change,4,3,1.03930620544,-4704.16666667,10199,8
119682,3,best_r_change,3,4,1.03849283936,-4606.9,10229,9
119686,3,best_r_change,4,3,1.03842415431,-4598.83333333,10340,8
119689,3,best_r_change,3,4,1.03948148953,-4725.5,10180,8
119690,3,best_r_change,4,3,1.03843679505,-4600.5,10289,9
119692,3,best_r_change,3,4,1.03803930087,-4553,10284,8
119694,3,best_r_change,4,3,1.0377657471,-4520.33333333,10306,8
119696,3,best_r_change,3,4,1.03865542708,-4626.9,10257,8
119698,3,best_r_change,4,3,1.0390051073,-4668.83333333,10249,8
119699,3,best_r_change,3,4,1.03859514282,-4619.8,10241,8
119701,3,best_r_change,4,3,1.03903615397,-4672.66666667,10209,8
119703,3,best_r_change,3,4,1.03865901439,-4627.6,10262,8
119705,3,best_r_change,4,3,1.03711345948,-4442.66666667,10350,8
119706,3,best_r_change,3,4,1.03919519489,-4691.9,10184,8
119712,3,best_r_change,4,3,1.03877500446,-4641.83333333,10291,8
119716,3,best_r_change,3,4,1.03924036887,-4697.7,10198,8
119720,3,best_r_change,4,3,1.03888378439,-4655.16666667,10222,8
119721,3,best_r_change,3,4,1.03833162102,-4589.1,10312,8
119722,3,best_r_change,4,3,1.03888313482,-4655.16666667,10263,8
119723,3,best_r_change,3,4,1.03896410882,-4664.9,10164,8
119731,3,best_r_change,4,3,1.03959709683,-4741,10192,8
119733,3,best_r_change,3,4,1.03965573401,-4748.1,10176,8
119738,3,best_r_change,4,3,1.03909368789,-4681,10210,8
119739,3,best_r_change,3,4,1.03888791455,-4656.4,10234,8
119740,3,best_r_change,4,3,1.03850286732,-4610.33333333,10321,8
119741,3,best_r_change,3,4,1.03842376463,-4600.9,10306,8
119742,3,best_r_change,4,3,1.03944452796,-4723.16666667,10167,8
119743,3,best_r_change,3,4,1.03862689259,-4625.3,10306,8
119746,3,best_r_change,4,3,1.03816689771,-4570.33333333,10289,8
119747,3,best_r_change,3,4,1.03954838117,-4735.8,10199,8
119748,3,best_r_change,4,3,1.03786702074,-4534.5,10319,8
119749,3,best_r_change,3,4,1.03855731572,-4617.2,10262,8
119751,3,best_r_change,4,3,1.03956264805,-4737.66666667,10124,8
119753,3,best_r_change,3,4,1.03975599776,-4760.9,10139,8
119755,3,best_r_change,4,3,1.0395933364,-4741.5,10212,8
119757,3,best_r_change,3,4,1.03955843917,-4737.4,10173,8
119760,3,best_r_change,4,3,1.03950400802,-4731,10216,8
119761,3,best_r_change,3,4,1.03867118678,-4631.3,10258,8
119764,3,best_r_change,4,3,1.03856334124,-4618.5,10298,7
119769,3,best_r_change,3,4,1.0389416293,-4664,10187,8
119770,3,best_r_change,4,3,1.03894687039,-4664.66666667,10234,8
119773,3,best_r_change,3,4,1.03927429387,-4704,10200,8
119774,3,best_r_change,4,3,1.03795203188,-4545.66666667,10263,8
119775,3,best_r_change,3,4,1.03961177207,-4744.5,10190,8
119778,3,best_r_change,4,3,1.03879538257,-4646.83333333,10280,8
119780,3,best_r_change,3,4,1.03906912673,-4679.7,10222,7
119781,3,best_r_change,4,3,1.03840759386,-4600.5,10219,8
119782,3,best_r_change,3,4,1.03817268037,-4572.4,10250,8
119786,3,best_r_change,4,3,1.03905297781,-4678,10206,8
119790,3,best_r_change,3,4,1.03906920444,-4680.1,10208,8
119796,3,best_r_change,4,3,1.03896206885,-4667.5,10278,8
119799,3,best_r_change,3,4,1.03856376097,-4619.9,10244,8
119800,3,best_r_change,4,3,1.03864357262,-4629.5,10203,8
119801,3,best_r_change,3,4,1.03864241534,-4629.4,10210,8
119802,3,best_r_change,4,3,1.03867492474,-4633.33333333,10299,8
119803,3,best_r_change,3,4,1.03889301603,-4659.5,10222,8
119805,3,best_r_change,4,3,1.03947386726,-4729.16666667,10164,8
119806,3,best_r_change,3,4,1.03875098075,-4642.6,10251,8
119809,3,best_r_change,4,3,1.03845008861,-4606.66666667,10273,8
119810,3,best_r_change,3,4,1.03909606878,-4684.1,10207,8
119811,3,best_r_change,4,3,1.03804046929,-4557.66666667,10344,8
119814,3,best_r_change,3,4,1.03804897591,-4558.8,10360,8
119818,3,best_r_change,4,3,1.0376432033,-4510.33333333,10411,8
119820,3,best_r_change,3,4,1.03838007011,-4598.7,10301,8
119822,3,best_r_change,4,3,1.03852520127,-4616.16666667,10293,8
119824,3,best_r_change,3,4,1.03846307918,-4608.8,10211,8
119825,3,best_r_change,4,3,1.03897350303,-4670,10246,8
119826,3,best_r_change,3,4,1.03852252433,-4616,10225,8
119827,3,best_r_change,4,3,1.03909246942,-4684.33333333,10202,8
119828,3,best_r_change,3,4,1.03952081317,-4735.7,10169,8
119832,3,best_r_change,4,3,1.03961657432,-4747.33333333,10177,8
119833,3,best_r_change,3,4,1.03889996912,-4661.5,10222,8
119836,3,best_r_change,4,3,1.03926338218,-4705.16666667,10200,8
119837,3,best_r_change,3,4,1.0381793603,-4575.3,10369,8
119838,3,best_r_change,4,3,1.0388900015,-4660.5,10252,8
119840,3,best_r_change,3,4,1.03985730975,-4776.5,10118,8
119842,3,best_r_change,4,3,1.03848956682,-4612.66666667,10293,8
119843,3,best_r_change,3,4,1.03991472176,-4783.5,10195,8
119845,3,best_r_change,4,3,1.03998358991,-4791.83333333,10186,8
119846,3,best_r_change,3,4,1.03803130684,-4557.9,10282,8
119851,3,best_r_change,4,3,1.03874115916,-4643.16666667,10242,8
119853,3,best_r_change,3,4,1.03910373541,-4686.7,10228,8
119854,3,best_r_change,4,3,1.03920742459,-4699.16666667,10242,8
119855,3,best_r_change,3,4,1.03949021735,-4733.1,10212,8
119856,3,best_r_change,4,3,1.03866584346,-4634.33333333,10255,8
119857,3,best_r_change,3,4,1.03910660203,-4687.2,10249,8
119863,3,best_r_change,4,3,1.0387678711,-4646.83333333,10217,8
119864,3,best_r_change,3,4,1.03978926116,-4769.3,10172,8
119866,3,best_r_change,4,3,1.03837896762,-4600.33333333,10316,8
119867,3,best_r_change,3,4,1.0397649061,-4766.5,10159,8
119868,3,best_r_change,4,3,1.03918616033,-4697.16666667,10196,8
119869,3,best_r_change,3,4,1.0401046142,-4807.3,10155,8
119872,3,best_r_change,4,3,1.03785009566,-4537.16666667,10258,8
119873,3,best_r_change,3,4,1.03802440917,-4558.1,10282,8
119874,3,best_r_change,4,3,1.03950954057,-4736.16666667,10195,8
119875,3,best_r_change,3,4,1.03885130344,-4657.3,10230,8
119876,3,best_r_change,4,3,1.03811160421,-4568.66666667,10262,8
119877,3,best_r_change,3,4,1.03876223129,-4646.7,10247,8
119879,3,best_r_change,4,3,1.03919646755,-4698.83333333,10271,8
119880,3,best_r_change,3,4,1.03929179179,-4710.3,10246,7
119881,3,best_r_change,4,3,1.03862441365,-4630.33333333,10353,8
119882,3,best_r_change,3,4,1.038958309,-4670.4,10218,8
119883,3,best_r_change,4,3,1.03770481775,-4520.16666667,10444,8
119884,3,best_r_change,3,4,1.03914867705,-4693.3,10200,8
119886,3,best_r_change,4,3,1.03909964466,-4687.5,10287,8
119889,3,best_r_change,3,4,1.03917540392,-4696.7,10234,8
119891,3,best_r_change,4,3,1.0384696655,-4612.16666667,10313,8
119892,3,best_r_change,3,4,1.03994428319,-4789,10168,8
119894,3,best_r_change,4,3,1.0396989563,-4759.66666667,10164,8
119896,3,best_r_change,3,4,1.03847918196,-4613.5,10272,8
119897,3,best_r_change,4,3,1.03845244946,-4610.33333333,10342,8
119898,3,best_r_change,3,4,1.03833008057,-4595.7,10305,8
119901,3,best_r_change,4,3,1.03824683141,-4585.83333333,10282,8
119902,3,best_r_change,3,4,1.0389609848,-4671.5,10213,8
119904,3,best_r_change,4,3,1.03904373499,-4681.5,10226,8
119905,3,best_r_change,3,4,1.03938284475,-4722.2,10190,8
119906,3,best_r_change,4,3,1.03794639134,-4550,10330,8
119907,3,best_r_change,3,4,1.03927293653,-4709.1,10169,9
119908,3,best_r_change,4,3,1.03893262612,-4668.33333333,10244,8
119910,3,best_r_change,3,4,1.03970728046,-4761.3,10186,8
119912,3,best_r_change,4,3,1.03821552472,-4582.5,10296,8
119913,3,best_r_change,3,4,1.03897825924,-4674,10281,8
119916,3,best_r_change,4,3,1.03953044909,-4740.33333333,10269,7
119917,3,best_r_change,3,4,1.03820976175,-4582,10315,8
119920,3,best_r_change,4,3,1.03876890149,-4649.16666667,10235,8
119921,3,best_r_change,3,4,1.03948099165,-4734.6,10181,8
119923,3,best_r_change,4,3,1.03880267616,-4653.33333333,10222,8
119925,3,best_r_change,3,4,1.0396097561,-4750.2,10180,8
119927,3,best_r_change,4,3,1.03926416348,-4708.83333333,10253,8
119928,3,best_r_change,3,4,1.03864652125,-4634.8,10306,8
119929,3,best_r_change,4,3,1.03913565526,-4693.5,10233,8
119931,3,best_r_change,3,4,1.03910498537,-4689.9,10234,8
119932,3,best_r_change,4,3,1.03845095554,-4611.5,10323,8
119933,3,best_r_change,3,4,1.03771105534,-4522.8,10344,8
119934,3,best_r_change,4,3,1.03758872936,-4508.16666667,10332,8
119935,3,best_r_change,3,4,1.03909867845,-4689.3,10254,8
119936,3,best_r_change,4,3,1.0381370064,-4574,10321,8
119938,3,best_r_change,3,4,1.03897013457,-4674,10258,8
119944,3,best_r_change,4,3,1.03942812201,-4729.16666667,10238,8
119945,3,best_r_change,3,4,1.03896619284,-4673.8,10247,8
119946,3,best_r_change,4,3,1.03842006681,-4608.33333333,10314,9
119947,3,best_r_change,3,4,1.0389563724,-4672.7,10283,7
119948,3,best_r_change,4,3,1.03914057203,-4694.83333333,10226,8
119949,3,best_r_change,3,4,1.03986444239,-4781.7,10167,8
119951,3,best_r_change,4,3,1.03909374106,-4689.33333333,10269,8
119952,3,best_r_change,3,4,1.04038865546,-4844.7,10072,8
119954,3,best_r_change,4,3,1.03811044234,-4571.5,10348,8
119955,3,best_r_change,3,4,1.03910716519,-4691.1,10222,8
119959,3,best_r_change,4,3,1.0383631074,-4602,10260,8
119960,3,best_r_change,3,4,1.03915805268,-4697.4,10248,8
119963,3,best_r_change,4,3,1.03693083145,-4430.33333333,10363,8
119967,3,best_r_change,3,4,1.03991931114,-4789,10187,7
119969,3,best_r_change,4,3,1.03828211177,-4592.66666667,10285,8
119970,3,best_r_change,3,4,1.03814703676,-4576.5,10315,8
119974,3,best_r_change,4,3,1.03767066198,-4519.5,10412,8
119975,3,best_r_change,3,4,1.03988914357,-4785.7,10192,7
119978,3,best_r_change,4,3,1.03949612985,-4738.66666667,10241,8
119979,3,best_r_change,3,4,1.03955275507,-4745.5,10236,8
119982,3,best_r_change,4,3,1.03877248254,-4652,10292,8
119983,3,best_r_change,3,4,1.03826458748,-4591.1,10256,8
119984,3,best_r_change,4,3,1.03893852514,-4672,10274,8
119985,3,best_r_change,3,4,1.0397799725,-4773,10175,8
119989,3,best_r_change,4,3,1.03926193234,-4711,10227,8
119991,3,best_r_change,3,4,1.03895458826,-4674.2,10216,8
119993,3,best_r_change,4,3,1.03774247942,-4528.83333333,10357,8
119994,3,best_r_change,3,4,1.03946030635,-4735,10280,8
119997,3,best_r_change,4,3,1.03972182638,-4766.5,10124,8
119998,3,best_r_change,3,4,1.03918731979,-4702.4,10238,8
120001,3,best_r_change,4,3,1.03853995661,-4624.83333333,10338,8
120003,3,best_r_change,3,4,1.03815987934,-4579.3,10280,8
120004,3,best_r_change,4,3,1.03900842194,-4681.16666667,10207,8
120005,3,best_r_change,3,4,1.03862755719,-4635.5,10247,8
120006,3,best_r_change,4,3,1.03907999044,-4689.83333333,10268,8
120007,3,best_r_change,3,4,1.03895772747,-4675.2,10178,8
120009,3,best_r_change,4,3,1.0386623781,-4639.83333333,10262,8
120010,3,best_r_change,3,4,1.03896091992,-4675.7,10269,8
120011,3,best_r_change,4,3,1.03805484497,-4567,10340,8
120012,3,best_r_change,3,4,1.03954187915,-4745.5,10134,8
120013,3,best_r_change,4,3,1.0389249498,-4671.5,10274,8
120014,3,best_r_change,3,4,1.03966453914,-4760.3,10199,8
120021,3,best_r_change,4,3,1.03866545577,-4640.66666667,10307,8
120023,3,best_r_change,3,4,1.03930496655,-4717.5,10208,8
120024,3,best_r_change,4,3,1.03811321069,-4574.5,10342,8
120025,3,best_r_change,3,4,1.03966090398,-4760.3,10176,8
120029,3,best_r_change,4,3,1.03883644786,-4661.5,10199,8
120030,3,best_r_change,3,4,1.03872781805,-4648.5,10260,8
120031,3,best_r_change,4,3,1.0390635197,-4688.83333333,10173,8
120032,3,best_r_change,3,4,1.03911540256,-4695.1,10213,8
120035,3,best_r_change,4,3,1.03856930617,-4629.66666667,10280,8
120036,3,best_r_change,3,4,1.03881585524,-4659.3,10292,8
120039,3,best_r_change,4,3,1.03884154317,-4662.5,10302,8
120041,3,best_r_change,3,4,1.03942736232,-4732.9,10248,8
120045,3,best_r_change,4,3,1.03893817596,-4674.33333333,10332,8
120047,3,best_r_change,3,4,1.03835581064,-4604.5,10273,8
120050,3,best_r_change,4,3,1.0381757601,-4583,10361,8
120051,3,best_r_change,3,4,1.03955152394,-4748.2,10183,8
120052,3,best_r_change,4,3,1.03845833472,-4617,10298,8
120056,3,best_r_change,3,4,1.03860281868,-4634.5,10216,8
120059,3,best_r_change,4,3,1.03832837744,-4601.66666667,10329,8
120061,3,best_r_change,3,4,1.03968565979,-4764.7,10195,8
120064,3,best_r_change,4,3,1.03894034293,-4675.33333333,10268,8
120065,3,best_r_change,3,4,1.03897555491,-4679.6,10338,8
120067,3,best_r_change,4,3,1.03853542883,-4626.83333333,10316,8
120069,3,best_r_change,3,4,1.03913499738,-4698.9,10230,8
120073,3,best_r_change,4,3,1.03862650221,-4638,10273,8
120074,3,best_r_change,3,4,1.03884937622,-4664.8,10271,8
120079,3,best_r_change,4,3,1.03944764141,-4736.83333333,10258,8
120081,3,best_r_change,3,4,1.0394034027,-4731.6,10249,8
120082,3,best_r_change,4,3,1.03829050149,-4598,10327,8
120083,3,best_r_change,3,4,1.03861579074,-4637.1,10279,7
120084,3,best_r_change,4,3,1.03933218969,-4723.16666667,10227,8
120085,3,best_r_change,3,4,1.03842444935,-4614.2,10306,8
120086,3,best_r_change,4,3,1.03860982962,-4636.5,10212,8
120088,3,best_r_change,3,4,1.03948604357,-4741.8,10230,8
120092,3,best_r_change,4,3,1.03751707025,-4505.5,10439,8
120093,3,best_r_change,3,4,1.03961679698,-4757.7,10126,8
120097,3,best_r_change,4,3,1.03826767807,-4595.83333333,10282,8
120098,3,best_r_change,3,4,1.03848024114,-4621.4,10355,8
120101,3,best_r_change,4,3,1.03853284597,-4627.83333333,10274,8
120102,3,best_r_change,3,4,1.03971291069,-4769.6,10179,8
120103,3,best_r_change,4,3,1.03846143172,-4619.33333333,10261,8
120105,3,best_r_change,3,4,1.03817576287,-4585.1,10360,8
120106,3,best_r_change,4,3,1.03866723283,-4644.16666667,10337,8
120107,3,best_r_change,3,4,1.03912594603,-4699.3,10225,8
120108,3,best_r_change,4,3,1.03926327416,-4715.83333333,10218,8
120109,3,best_r_change,3,4,1.03908866113,-4694.9,10260,8
120111,3,best_r_change,4,3,1.038202163,-4588.5,10324,8
120112,3,best_r_change,3,4,1.04011589183,-4818.4,10195,8
120114,3,best_r_change,4,3,1.03781685177,-4542.33333333,10347,8
120115,3,best_r_change,3,4,1.03893601965,-4676.8,10269,8
120124,3,best_r_change,4,3,1.0385448925,-4630.16666667,10278,8
120126,3,best_r_change,3,4,1.03795681201,-4559.6,10333,8
120129,3,best_r_change,4,3,1.03889013755,-4671.83333333,10286,8
120130,3,best_r_change,3,4,1.03948638974,-4743.5,10259,8
120131,3,best_r_change,4,3,1.03852044851,-4627.5,10291,8
120132,3,best_r_change,3,4,1.0385833916,-4635.1,10324,8
120133,3,best_r_change,4,3,1.03857113921,-4633.66666667,10351,8
120134,3,best_r_change,3,4,1.03799840178,-4564.9,10338,8
120136,3,best_r_change,4,3,1.03835791658,-4608.16666667,10313,8
120137,3,best_r_change,3,4,1.03938337065,-4731.4,10175,8
120142,3,best_r_change,4,3,1.03933539756,-4725.83333333,10212,8
120145,3,best_r_change,3,4,1.03841857755,-4615.8,10264,8
120146,3,best_r_change,4,3,1.03892070203,-4676.16666667,10250,8
120148,3,best_r_change,3,4,1.03869061491,-4648.6,10275,8
120152,3,best_r_change,4,3,1.03763011297,-4521.33333333,10390,8
120154,3,best_r_change,3,4,1.03887261348,-4670.7,10266,8
120158,3,best_r_change,4,3,1.039602024,-4758.5,10216,8
120159,3,best_r_change,3,4,1.03902329414,-4689,10260,8
120165,3,best_r_change,4,3,1.03874117533,-4655.33333333,10282,8
120166,3,best_r_change,3,4,1.03840853486,-4615.4,10328,8
120169,3,best_r_change,4,3,1.03886748385,-4670.66666667,10321,8
120170,3,best_r_change,3,4,1.03990263793,-4795.1,10186,8
120173,3,best_r_change,4,3,1.03960956288,-4760,10205,8
120174,3,best_r_change,3,4,1.0383593789,-4609.8,10318,9
120176,3,best_r_change,4,3,1.03794296143,-4559.83333333,10409,8
120177,3,best_r_change,3,4,1.03901828137,-4689.1,10202,8
120179,3,best_r_change,4,3,1.03932190039,-4725.66666667,10214,8
120180,3,best_r_change,3,4,1.03834747878,-4608.6,10269,8
120182,3,best_r_change,4,3,1.03892013779,-4677.5,10283,8
120183,3,best_r_change,3,4,1.0386144463,-4640.8,10309,8
120188,3,best_r_change,4,3,1.03887936677,-4672.83333333,10280,8
120189,3,best_r_change,3,4,1.03991713052,-4797.6,10203,8
120191,3,best_r_change,4,3,1.03821556245,-4593.16666667,10295,8
120192,3,best_r_change,3,4,1.03866397098,-4647.1,10305,8
120195,3,best_r_change,4,3,1.03842367264,-4618.33333333,10345,8
120197,3,best_r_change,3,4,1.04009168282,-4818.9,10205,8
120198,3,best_r_change,4,3,1.03777239777,-4540.16666667,10331,8
120199,3,best_r_change,3,4,1.03885140475,-4669.9,10249,8
120200,3,best_r_change,4,3,1.03866611204,-4647.66666667,10238,8
120201,3,best_r_change,3,4,1.03869435362,-4651.1,10280,8
120204,3,best_r_change,4,3,1.03852478564,-4630.83333333,10331,8
120206,3,best_r_change,3,4,1.04028168311,-4842.1,10129,8
120214,3,best_r_change,4,3,1.0387697495,-4660.66666667,10292,8
120217,3,best_r_change,3,4,1.03825997987,-4599.5,10339,8
120221,3,best_r_change,4,3,1.0381893901,-4591.16666667,10331,8
120222,3,best_r_change,3,4,1.03841143884,-4617.9,10394,8
120225,3,best_r_change,4,3,1.03883135787,-4668.5,10296,8
120226,3,best_r_change,3,4,1.03940412224,-4737.4,10192,8
120232,3,best_r_change,4,3,1.03728347417,-4482.66666667,10421,8
120236,3,best_r_change,3,4,1.03861738581,-4643.2,10353,8
120238,3,best_r_change,4,3,1.03892557539,-4680.33333333,10237,8
120239,3,best_r_change,3,4,1.04007352024,-4818.4,10259,7
120242,3,best_r_change,4,3,1.03751878157,-4511.33333333,10361,8
120243,3,best_r_change,3,4,1.03893698594,-4681.9,10310,8
120245,3,best_r_change,4,3,1.03805425035,-4575.83333333,10380,8
120246,3,best_r_change,3,4,1.03922375796,-4716.5,10244,8
120247,3,best_r_change,4,3,1.03836408947,-4613.16666667,10316,8
120248,3,best_r_change,3,4,1.03808795157,-4580,10248,8
120251,3,best_r_change,4,3,1.03909461598,-4701.16666667,10296,8
120252,3,best_r_change,3,4,1.03865549014,-4648.4,10311,8
120254,3,best_r_change,4,3,1.03821771694,-4595.83333333,10325,8
120256,3,best_r_change,3,4,1.03855109101,-4636,10291,8
120262,3,best_r_change,4,3,1.03865449325,-4648.66666667,10226,8
120264,3,best_r_change,3,4,1.0394008182,-4738.5,10211,8
120266,3,best_r_change,4,3,1.03781894578,-4548.33333333,10373,8
120269,3,best_r_change,3,4,1.03853029459,-4634,10327,8
120270,3,best_r_change,4,3,1.03849394418,-4629.66666667,10343,8
120271,3,best_r_change,3,4,1.04048274314,-4868.9,10154,8
120276,3,best_r_change,4,3,1.03906016163,-4698,10237,8
120277,3,best_r_change,3,4,1.03962602991,-4766.1,10261,8
120278,3,best_r_change,4,3,1.03893480104,-4683,10198,8
120279,3,best_r_change,3,4,1.03846390475,-4626.4,10321,8
120285,3,best_r_change,4,3,1.03783791274,-4551.33333333,10462,8
120286,3,best_r_change,3,4,1.03874682008,-4660.7,10316,8
120288,3,best_r_change,4,3,1.03884150262,-4672.16666667,10268,8
120290,3,best_r_change,3,4,1.03984869898,-4793.4,10177,8
120292,3,best_r_change,4,3,1.03796733504,-4567.16666667,10323,7
120293,3,best_r_change,3,4,1.03934393522,-4732.8,10291,8
120294,3,best_r_change,4,3,1.03854584047,-4636.83333333,10240,8
120295,3,best_r_change,3,4,1.03975892597,-4782.8,10228,8
120297,3,best_r_change,4,3,1.03833151838,-4611.16666667,10383,8
120298,3,best_r_change,3,4,1.03805632679,-4578.1,10409,8
120303,3,best_r_change,4,3,1.03908048843,-4701.5,10290,8
120305,3,best_r_change,3,4,1.03883712231,-4672.3,10274,8
120305,5,best_r_change,3,2,0.933236357591,8032,10274,8
120306,5,best_r_change,2,3,0.93337267745,8015.66666667,10260,8
120316,3,best_r_change,4,3,1.03859143145,-4643.16666667,10318,8
120317,3,best_r_change,3,4,1.03828220451,-4606,10370,8
120319,3,best_r_change,4,3,1.03876639046,-4664.33333333,10295,8
120322,3,best_r_change,3,4,1.04018799555,-4835.5,10216,8
120324,3,best_r_change,4,3,1.03850160123,-4632.66666667,10337,8
120325,3,best_r_change,3,4,1.03823394972,-4600.5,10366,8
120326,3,best_r_change,4,3,1.03782224956,-4551,10380,8
120327,3,best_r_change,3,4,1.03807125583,-4581,10384,8
120334,3,best_r_change,4,3,1.03895961795,-4688.16666667,10317,8
120335,3,best_r_change,3,4,1.0383961441,-4620.4,10368,8
120338,3,best_r_change,4,3,1.03939182414,-4740.33333333,10243,8
120340,3,best_r_change,3,4,1.03869785607,-4656.9,10327,8
120342,3,best_r_change,4,3,1.03898334192,-4691.33333333,10307,7
120344,3,best_r_change,3,4,1.0391012431,-4705.6,10335,8
120347,3,best_r_change,4,3,1.03971432607,-4779.5,10231,8
120348,3,best_r_change,3,4,1.03899026157,-4692.4,10259,8
120351,3,best_r_change,4,3,1.03975732095,-4784.83333333,10220,8
120352,3,best_r_change,3,4,1.03880533768,-4670.3,10269,8
120354,3,best_r_change,4,3,1.03844215121,-4626.66666667,10357,8
120355,3,best_r_change,3,4,1.03985459682,-4796.7,10207,8
120357,3,best_r_change,4,3,1.03886770192,-4678,10280,8
120358,3,best_r_change,3,4,1.03928280629,-4728,10207,8
120359,3,best_r_change,4,3,1.03801128291,-4575,10426,9
120360,3,best_r_change,3,4,1.03927135261,-4726.7,10172,8
120361,3,best_r_change,4,3,1.03780709698,-4550.5,10388,8
120363,3,best_r_change,3,4,1.03887905752,-4679.6,10264,8
120364,3,best_r_change,4,3,1.03906345197,-4701.83333333,10257,8
120365,3,best_r_change,3,4,1.03865077057,-4652.2,10337,8
120368,3,best_r_change,4,3,1.03914800168,-4712.16666667,10280,8
120370,3,best_r_change,3,4,1.0395613525,-4762,10199,8
120372,3,best_r_change,4,3,1.03863716922,-4650.83333333,10322,8
120373,3,best_r_change,3,4,1.03871133892,-4659.8,10319,8
120374,3,best_r_change,4,3,1.03916958812,-4715,10275,8
120375,3,best_r_change,3,4,1.03931796469,-4732.9,10313,8
120376,3,best_r_change,4,3,1.03785499878,-4556.83333333,10329,8
120377,3,best_r_change,3,4,1.03882635387,-4673.8,10299,8
120379,3,best_r_change,4,3,1.03996682699,-4811.16666667,10216,8
120380,3,best_r_change,3,4,1.03779365343,-4549.6,10420,8
120381,3,best_r_change,4,3,1.03864951003,-4652.66666667,10388,8
120382,3,best_r_change,3,4,1.03910219136,-4707.2,10209,8
120383,3,best_r_change,4,3,1.03898390969,-4693,10294,8
120384,3,best_r_change,3,4,1.03951687932,-4757.2,10331,8
120393,3,best_r_change,4,3,1.03909695746,-4707,10287,8
120394,3,best_r_change,3,4,1.03844626809,-4628.7,10273,8
120395,3,best_r_change,4,3,1.03817711145,-4596.33333333,10342,8
120396,3,best_r_change,3,4,1.03849878734,-4635.1,10313,8
120397,3,best_r_change,4,3,1.03987225595,-4800.5,10213,8
120399,3,best_r_change,3,4,1.03914982683,-4713.6,10302,8
120402,3,best_r_change,4,3,1.03964773564,-4773.66666667,10264,7
120403,3,best_r_change,3,4,1.03846914113,-4631.8,10327,8
120411,3,best_r_change,4,3,1.03884473456,-4677.33333333,10320,8
120412,3,best_r_change,3,4,1.03947447098,-4753.2,10211,8
120413,3,best_r_change,4,3,1.0392690158,-4728.5,10204,8
120415,3,best_r_change,3,4,1.03909479716,-4707.6,10273,8
120416,3,best_r_change,4,3,1.03910333068,-4708.66666667,10322,8
120417,3,best_r_change,3,4,1.03796972188,-4572.2,10415,8
120418,3,best_r_change,4,3,1.03950682899,-4757.33333333,10291,8
120419,3,best_r_change,3,4,1.03905197685,-4702.6,10304,8
120420,3,best_r_change,4,3,1.03974422853,-4786,10232,8
120421,3,best_r_change,3,4,1.03863362703,-4652.3,10312,8
120427,3,best_r_change,4,3,1.03884510949,-4678,10299,8
120428,3,best_r_change,3,4,1.03875593716,-4667.3,10351,8
120431,3,best_r_change,4,3,1.03963542056,-4773.33333333,10201,8
120432,3,best_r_change,3,4,1.03938654178,-4743.4,10246,8
120433,3,best_r_change,4,3,1.03938289339,-4743,10276,8
120434,3,best_r_change,3,4,1.03831310095,-4614.2,10307,8
120441,3,best_r_change,4,3,1.0388212209,-4675.66666667,10302,8
120442,3,best_r_change,3,4,1.03973032663,-4785.2,10200,8
120444,3,best_r_change,4,3,1.03773676287,-4545.16666667,10335,8
120445,3,best_r_change,3,4,1.04025405787,-4848.4,10170,8
120449,3,best_r_change,4,3,1.03735882683,-4499.83333333,10395,8
120451,3,best_r_change,3,4,1.03890544703,-4686.2,10306,8
120454,3,best_r_change,4,3,1.03840470221,-4626,10270,8
120455,3,best_r_change,3,4,1.03896475862,-4693.5,10286,8
120458,3,best_r_change,4,3,1.03989080565,-4805.16666667,10275,8
120459,3,best_r_change,3,4,1.0385948746,-4649.1,10300,8
120460,3,best_r_change,4,3,1.03825889645,-4608.66666667,10329,8
120461,3,best_r_change,3,4,1.03884327708,-4679.1,10371,8
120462,3,best_r_change,4,3,1.03904550813,-4703.5,10219,8
120463,3,best_r_change,3,4,1.03866913492,-4658.2,10278,8
120464,3,best_r_change,4,3,1.03761012972,-4530.66666667,10398,7
120465,3,best_r_change,3,4,1.03914830034,-4716,10345,8
120466,3,best_r_change,4,3,1.03921991821,-4724.66666667,10284,8
120467,3,best_r_change,3,4,1.03931616127,-4736.3,10222,8
120472,3,best_r_change,4,3,1.03961363083,-4772.33333333,10299,8
120473,3,best_r_change,3,4,1.0391390602,-4715.2,10265,8
120475,3,best_r_change,4,3,1.03933319499,-4738.66666667,10278,8
120476,3,best_r_change,3,4,1.03806484279,-4585.9,10375,8
120480,3,best_r_change,4,3,1.03823179504,-4606.16666667,10333,9
120481,3,best_r_change,3,4,1.0386882579,-4661.2,10399,8
120483,3,best_r_change,4,3,1.03859188987,-4649.66666667,10342,8
120484,3,best_r_change,3,4,1.03951230039,-4760.6,10245,8
120488,3,best_r_change,4,3,1.03989470597,-4806.83333333,10157,8
120489,3,best_r_change,3,4,1.03814871067,-4596.5,10321,8
120491,3,best_r_change,4,3,1.03843717235,-4631.33333333,10390,8
120492,3,best_r_change,3,4,1.03851459018,-4640.7,10295,8
120498,3,best_r_change,4,3,1.03859261841,-4650.33333333,10334,8
120499,3,best_r_change,3,4,1.03911733707,-4713.6,10271,8
120500,3,best_r_change,4,3,1.03834301521,-4620.33333333,10326,8
120501,3,best_r_change,3,4,1.03881212604,-4676.9,10357,8
120506,3,best_r_change,4,3,1.03867442285,-4660.5,10335,8
120507,3,best_r_change,3,4,1.03922925639,-4727.4,10286,8
120511,3,best_r_change,4,3,1.03897154617,-4696.5,10319,8
120514,3,best_r_change,3,4,1.0392775943,-4733.5,10298,8
120517,3,best_r_change,4,3,1.03909268679,-4711.33333333,10337,8
120518,3,best_r_change,3,4,1.03861829768,-4654.2,10329,8
120523,3,best_r_change,4,3,1.03855004162,-4646.16666667,10320,8
120524,3,best_r_change,3,4,1.03911752016,-4714.6,10266,8
120527,3,best_r_change,4,3,1.03900785716,-4701.5,10288,8
120528,3,best_r_change,3,4,1.0380475906,-4585.8,10364,8
120530,3,best_r_change,4,3,1.03909953262,-4712.66666667,10298,8
120531,3,best_r_change,3,4,1.03938405887,-4747,10317,8
120532,3,best_r_change,4,3,1.03790003208,-4568.16666667,10408,8
120533,3,best_r_change,3,4,1.03864584803,-4658.1,10337,8
120535,3,best_r_change,4,3,1.0399759406,-4818.5,10256,8
120537,3,best_r_change,3,4,1.03877647527,-4674,10380,7
120542,3,best_r_change,4,3,1.03869743879,-4664.66666667,10296,8
120543,3,best_r_change,3,4,1.0406137229,-4895.7,10160,8
120546,3,best_r_change,4,3,1.03898373512,-4699.33333333,10279,8
120547,3,best_r_change,3,4,1.03748745303,-4519,10422,8
120556,3,best_r_change,4,3,1.03793810898,-4573.66666667,10355,8
120557,3,best_r_change,3,4,1.03967832643,-4783.5,10291,8
120564,3,best_r_change,4,3,1.03798535771,-4579.66666667,10375,8
120565,3,best_r_change,3,4,1.03971882387,-4788.7,10246,8
120573,3,best_r_change,4,3,1.03975185158,-4793,10252,8
120574,3,best_r_change,3,4,1.03935342611,-4745,10267,8
120578,3,best_r_change,4,3,1.0382684514,-4614.33333333,10316,8
120579,3,best_r_change,3,4,1.0395848365,-4773.1,10263,8
120580,3,best_r_change,4,3,1.03845441477,-4636.83333333,10323,8
120581,3,best_r_change,3,4,1.03894311707,-4695.8,10281,8
120584,3,best_r_change,4,3,1.03958789447,-4773.66666667,10227,8
120585,3,best_r_change,3,4,1.03917900236,-4724.4,10345,8
120587,3,best_r_change,4,3,1.03859315957,-4653.83333333,10352,8
120588,3,best_r_change,3,4,1.03872358775,-4669.6,10312,8
120594,3,best_r_change,4,3,1.03748942733,-4521,10447,8
120595,3,best_r_change,3,4,1.03863593018,-4659.3,10308,8
120599,3,best_r_change,4,3,1.03884775164,-4685,10330,8
120600,3,best_r_change,3,4,1.03860116086,-4655.3,10352,8
120602,3,best_r_change,4,3,1.03955849267,-4770.83333333,10253,8
120603,3,best_r_change,3,4,1.03930084658,-4739.8,10273,8
120604,3,best_r_change,4,3,1.03878257216,-4677.33333333,10390,8
120605,3,best_r_change,3,4,1.04024957506,-4854.3,10204,8
120606,3,best_r_change,4,3,1.03897816029,-4701,10352,8
120607,3,best_r_change,3,4,1.03855497608,-4650,10281,8
120611,3,best_r_change,4,3,1.03930957099,-4741.16666667,10241,8
120612,3,best_r_change,3,4,1.03907985938,-4713.5,10299,8
120614,3,best_r_change,4,3,1.03799033832,-4582.16666667,10424,8
120615,3,best_r_change,3,4,1.03884425652,-4685.2,10315,8
120616,3,best_r_change,4,3,1.04020610864,-4849.5,10224,8
120617,3,best_r_change,3,4,1.03862722502,-4659.1,10288,8
120619,3,best_r_change,4,3,1.03946586635,-4760.33333333,10213,8
120620,3,best_r_change,3,4,1.0390581993,-4711.2,10305,8
120624,3,best_r_change,4,3,1.03885766238,-4687.16666667,10297,8
120626,3,best_r_change,3,4,1.03867657056,-4665.4,10404,8
120629,3,best_r_change,4,3,1.03806713145,-4592,10383,8
120630,3,best_r_change,3,4,1.03927961535,-4738.3,10254,8
120632,3,best_r_change,4,3,1.03848205009,-4642.16666667,10336,8
120633,3,best_r_change,3,4,1.04009516467,-4836.8,10188,8
120636,3,best_r_change,4,3,1.03752749318,-4527.16666667,10421,8
120637,3,best_r_change,3,4,1.03903280088,-4708.8,10342,8
120638,3,best_r_change,4,3,1.0399804926,-4823.16666667,10273,8
120639,3,best_r_change,3,4,1.03871384876,-4670.4,10311,9
120640,3,best_r_change,4,3,1.03830818966,-4621.5,10358,8
120642,3,best_r_change,3,4,1.03850980587,-4645.9,10368,8
120645,3,best_r_change,4,3,1.03944630942,-4759,10275,8
120646,3,best_r_change,3,4,1.03899258989,-4704.3,10299,8
120652,3,best_r_change,4,3,1.03896191802,-4700.83333333,10342,8
120653,3,best_r_change,3,4,1.03836373733,-4628.7,10399,8
120659,3,best_r_change,4,3,1.03904115455,-4710.66666667,10308,8
120660,3,best_r_change,3,4,1.03887037958,-4690.1,10315,8
120664,3,best_r_change,4,3,1.03931164225,-4743.5,10275,8
120666,3,best_r_change,3,4,1.03892645816,-4697.1,10321,8
120675,3,best_r_change,4,3,1.0381783026,-4607.16666667,10425,8
120677,3,best_r_change,3,4,1.03961401095,-4780.5,10254,8
120678,3,best_r_change,4,3,1.03872426347,-4673.16666667,10339,8
120679,3,best_r_change,3,4,1.03798423918,-4583.9,10394,8
120680,3,best_r_change,4,3,1.03774582919,-4555.16666667,10347,8
120681,3,best_r_change,3,4,1.03895476504,-4701.1,10378,8
120684,3,best_r_change,4,3,1.03837432192,-4631.16666667,10371,8
120685,3,best_r_change,3,4,1.03938020467,-4752.6,10301,8
120690,3,best_r_change,4,3,1.0383931284,-4633.66666667,10384,8
120691,3,best_r_change,3,4,1.03925727685,-4738,10256,8
120692,3,best_r_change,4,3,1.0385664888,-4654.66666667,10388,8
120693,3,best_r_change,3,4,1.03870978433,-4672,10386,8
120695,3,best_r_change,4,3,1.03885137468,-4689.16666667,10277,8
120697,3,best_r_change,3,4,1.03928266651,-4741.3,10352,8
120698,3,best_r_change,4,3,1.03833396853,-4626.83333333,10328,8
120699,3,best_r_change,3,4,1.03936735184,-4751.6,10271,7
120703,3,best_r_change,4,3,1.03832547658,-4626,10381,8
120704,3,best_r_change,3,4,1.03922239528,-4734.3,10283,8
120705,3,best_r_change,4,3,1.03978846499,-4802.66666667,10201,8
120706,3,best_r_change,3,4,1.0386567362,-4666.1,10295,8
120707,3,best_r_change,4,3,1.0390601484,-4714.83333333,10287,8
120708,3,best_r_change,3,4,1.040278192,-4861.9,10194,8
120714,3,best_r_change,4,3,1.03838273384,-4633.33333333,10348,8
120715,3,best_r_change,3,4,1.03920391004,-4732.5,10324,8
120716,3,best_r_change,4,3,1.03997122723,-4825.16666667,10234,8
120717,3,best_r_change,3,4,1.03914941558,-4726,10281,8
120722,3,best_r_change,4,3,1.03923062905,-4736,10300,8
120723,3,best_r_change,3,4,1.0394291063,-4760,10214,8
120724,3,best_r_change,4,3,1.03788807528,-4574,10426,8
120726,3,best_r_change,3,4,1.03832314497,-4626.6,10365,8
120728,3,best_r_change,4,3,1.03882694984,-4687.5,10273,8
120731,3,best_r_change,3,4,1.03836297223,-4631.6,10403,8
120736,3,best_r_change,4,3,1.03974235798,-4798.33333333,10237,8
120737,3,best_r_change,3,4,1.03963242419,-4785.1,10268,8
120744,3,best_r_change,4,3,1.03857748625,-4658,10381,8
120745,3,best_r_change,3,4,1.03827653319,-4621.7,10388,8
120746,3,best_r_change,4,3,1.03851473341,-4650.5,10369,8
120747,3,best_r_change,3,4,1.03846472376,-4644.5,10310,8
120754,3,best_r_change,4,3,1.03878684488,-4683.66666667,10362,8
120755,3,best_r_change,3,4,1.03867500311,-4670.2,10339,8
120759,3,best_r_change,4,3,1.03889013103,-4696.33333333,10332,8
120760,3,best_r_change,3,4,1.03932593574,-4749,10349,8
120769,3,best_r_change,4,3,1.03871440519,-4675.5,10337,8
120771,3,best_r_change,3,4,1.03948630052,-4768.8,10228,9
120776,3,best_r_change,4,3,1.03796698019,-4585.5,10403,8
120777,3,best_r_change,3,4,1.03977495715,-4803.9,10234,8
120784,3,best_r_change,4,3,1.03901316951,-4712.16666667,10318,8
120787,3,best_r_change,3,4,1.03906132282,-4718.1,10322,8
120788,3,best_r_change,4,3,1.03864208365,-4667.5,10344,8
120789,3,best_r_change,3,4,1.03824851601,-4620,10413,8
120792,3,best_r_change,4,3,1.03849178754,-4649.5,10353,8
120793,3,best_r_change,3,4,1.03781676091,-4568,10462,8
120796,3,best_r_change,4,3,1.03889477577,-4698.33333333,10377,9
120797,3,best_r_change,3,4,1.03913259435,-4727.1,10296,8
120802,3,best_r_change,4,3,1.03832304101,-4629.5,10335,8
120805,3,best_r_change,3,4,1.03987583295,-4817.2,10223,8
120810,3,best_r_change,4,3,1.03857296581,-4660,10316,8
120811,3,best_r_change,3,4,1.03924228754,-4740.9,10313,8
120813,3,best_r_change,4,3,1.03904105243,-4716.66666667,10322,8
120814,3,best_r_change,3,4,1.03853692453,-4655.8,10390,8
120817,3,best_r_change,4,3,1.03833759598,-4631.83333333,10420,8
120819,3,best_r_change,3,4,1.03968250027,-4794.4,10237,8
120822,3,best_r_change,4,3,1.03872639089,-4679,10345,8
120823,3,best_r_change,3,4,1.03869627472,-4675.4,10358,8
120828,3,best_r_change,4,3,1.0385630814,-4659.5,10365,8
120830,3,best_r_change,3,4,1.03746503352,-4526.9,10428,8
120833,3,best_r_change,4,3,1.03811044996,-4605,10394,8
120834,3,best_r_change,3,4,1.0389335783,-4704.5,10351,8
120835,3,best_r_change,4,3,1.03989600143,-4820.83333333,10236,8
120836,3,best_r_change,3,4,1.03839253203,-4639.2,10369,8
120837,3,best_r_change,4,3,1.03910088246,-4724.83333333,10350,8
120838,3,best_r_change,3,4,1.03844734272,-4645.9,10315,8
120844,3,best_r_change,4,3,1.0393772136,-4758.5,10288,8
120845,3,best_r_change,3,4,1.03984939385,-4815.6,10190,8
120848,3,best_r_change,4,3,1.03982826912,-4813.16666667,10249,8
120849,3,best_r_change,3,4,1.03953363288,-4777.6,10288,8
120851,3,best_r_change,4,3,1.03803857643,-4597,10472,8
120853,3,best_r_change,3,4,1.03953315185,-4777.7,10309,8
120854,3,best_r_change,4,3,1.03982767085,-4813.33333333,10255,8
120855,3,best_r_change,3,4,1.0381084771,-4605.6,10404,8
120860,3,best_r_change,4,3,1.03866181257,-4672.66666667,10313,8
120863,3,best_r_change,3,4,1.0390185582,-4715.9,10312,8
120867,3,best_r_change,4,3,1.03841826139,-4643.5,10400,8
120868,3,best_r_change,3,4,1.03882582652,-4692.8,10286,8
120881,3,best_r_change,4,3,1.03753553771,-4537.33333333,10482,8
120882,3,best_r_change,3,4,1.03920848431,-4739.6,10345,9
120884,3,best_r_change,4,3,1.03900571347,-4715.16666667,10343,8
120886,3,best_r_change,3,4,1.0400220042,-4838.1,10227,8
120889,3,best_r_change,4,3,1.03864426595,-4671.66666667,10335,8
120890,3,best_r_change,3,4,1.03954338655,-4780.4,10249,8
120894,3,best_r_change,4,3,1.03913483437,-4731.16666667,10389,8
120895,3,best_r_change,3,4,1.03873195748,-4682.5,10333,8
120896,3,best_r_change,4,3,1.03740956414,-4522.66666667,10503,8
120898,3,best_r_change,3,4,1.03902711377,-4718.3,10386,8
120899,3,best_r_change,4,3,1.03850872767,-4655.66666667,10379,8
120900,3,best_r_change,3,4,1.03771794872,-4560.1,10439,8
120905,3,best_r_change,4,3,1.03902099444,-4717.83333333,10288,8
120906,3,best_r_change,3,4,1.03936611913,-4759.6,10286,8
120911,3,best_r_change,4,3,1.03793148128,-4586.33333333,10436,8
120912,3,best_r_change,3,4,1.03816990869,-4615.2,10433,8
120914,3,best_r_change,4,3,1.0384295174,-4646.66666667,10384,8
120915,3,best_r_change,3,4,1.0390621511,-4723.2,10277,8
120920,3,best_r_change,4,3,1.03808716507,-4605.5,10384,8
120921,3,best_r_change,3,4,1.03956632843,-4784.4,10318,7
120927,3,best_r_change,4,3,1.03813733354,-4611.83333333,10426,8
120928,3,best_r_change,3,4,1.0393763231,-4761.7,10312,8
120934,3,best_r_change,4,3,1.03890414055,-4704.83333333,10330,8
120935,3,best_r_change,3,4,1.03967999338,-4798.7,10285,8
120936,3,best_r_change,4,3,1.04016449472,-4857.33333333,10239,8
120937,3,best_r_change,3,4,1.03888636232,-4702.8,10334,7
120938,3,best_r_change,4,3,1.03778795747,-4570,10402,8
120939,3,best_r_change,3,4,1.03950255914,-4777.4,10296,8
120943,3,best_r_change,4,3,1.03790766449,-4584.66666667,10443,8
120946,3,best_r_change,3,4,1.03859408331,-4667.8,10343,8
120948,3,best_r_change,4,3,1.038738411,-4685.33333333,10331,8
120949,3,best_r_change,3,4,1.03834922157,-4638.3,10410,8
120950,3,best_r_change,4,3,1.03877221993,-4689.5,10405,8
120951,3,best_r_change,3,4,1.03918115601,-4739,10305,8
120952,3,best_r_change,4,3,1.0381583879,-4615.33333333,10467,8
120953,3,best_r_change,3,4,1.03961042719,-4791,10298,8
120954,3,best_r_change,4,3,1.03896522645,-4713,10290,8
120955,3,best_r_change,3,4,1.03890455128,-4705.7,10332,8
120959,3,best_r_change,4,3,1.0394486286,-4771.66666667,10243,8
120960,3,best_r_change,3,4,1.0397337963,-4806.2,10255,8
120965,3,best_r_change,4,3,1.03866269858,-4676.83333333,10385,8
120966,3,best_r_change,3,4,1.03896962783,-4714,10307,8
120967,3,best_r_change,4,3,1.03900099476,-4717.83333333,10344,8
120968,3,best_r_change,3,4,1.03967247537,-4799.1,10241,8
120980,3,best_r_change,4,3,1.03830247424,-4633.83333333,10468,8
120981,3,best_r_change,3,4,1.03906481183,-4726.1,10338,8
120985,3,best_r_change,4,3,1.03861911256,-4672.33333333,10352,8
120986,3,best_r_change,3,4,1.03916568859,-4738.5,10364,8
120991,3,best_r_change,4,3,1.03852628157,-4661.33333333,10338,8
120992,3,best_r_change,3,4,1.03889017456,-4705.4,10326,8
120997,3,best_r_change,4,3,1.03809598585,-4609.5,10448,8
120998,3,best_r_change,3,4,1.03885270831,-4701.1,10329,8
120999,3,best_r_change,4,3,1.03827717584,-4631.5,10455,8
121000,3,best_r_change,3,4,1.03902066116,-4721.5,10372,8
121001,3,best_r_change,4,3,1.03909196343,-4730.16666667,10320,7
121002,3,best_r_change,3,4,1.03928447464,-4753.5,10255,8
121010,3,best_r_change,4,3,1.03954907308,-4785.83333333,10276,8
121012,3,best_r_change,3,4,1.03937791293,-4765.2,10345,8
121013,3,best_r_change,4,3,1.03868041726,-4680.83333333,10387,8
121014,3,best_r_change,3,4,1.03839225214,-4646,10377,8
121018,3,best_r_change,4,3,1.03876558308,-4691.33333333,10361,8
121020,3,best_r_change,3,4,1.03887787143,-4705,10387,8
121022,3,best_r_change,4,3,1.0383332507,-4639.16666667,10384,8
121024,3,best_r_change,3,4,1.03834198176,-4640.3,10373,8
121025,3,best_r_change,4,3,1.03851132686,-4660.83333333,10437,8
121026,3,best_r_change,3,4,1.03888255416,-4705.8,10340,8
121028,3,best_r_change,4,3,1.03782044926,-4577.33333333,10389,8
121029,3,best_r_change,3,4,1.03924266085,-4749.5,10357,8
121031,3,best_r_change,4,3,1.03855623766,-4666.5,10432,8
121032,3,best_r_change,3,4,1.03807092339,-4607.8,10431,8
121034,3,best_r_change,4,3,1.03776762452,-4571.16666667,10479,8
121035,3,best_r_change,3,4,1.03882678564,-4699.4,10349,8
121039,3,best_r_change,4,3,1.03813371448,-4615.66666667,10424,8
121041,3,best_r_change,3,4,1.04019877562,-4865.7,10143,8
121043,3,best_r_change,4,3,1.03847530767,-4657.16666667,10356,8
121044,3,best_r_change,3,4,1.03967648128,-4802.6,10310,8
121048,3,best_r_change,4,3,1.03884684863,-4702.33333333,10352,8
121049,3,best_r_change,3,4,1.03846624094,-4656.3,10315,8
121052,3,best_r_change,4,3,1.03858534624,-4670.83333333,10388,8
121053,3,best_r_change,3,4,1.03910766359,-4734.1,10318,8
121058,3,best_r_change,4,3,1.03888356545,-4707.16666667,10336,8
121059,3,best_r_change,3,4,1.03892482178,-4712.2,10347,8
121061,3,best_r_change,4,3,1.03936307591,-4765.33333333,10301,8
121062,3,best_r_change,3,4,1.03901884985,-4723.7,10387,8
121064,3,best_r_change,4,3,1.03799780832,-4600.16666667,10357,8
121065,3,best_r_change,3,4,1.03987857762,-4827.9,10265,8
121070,3,best_r_change,4,3,1.03818314474,-4622.83333333,10420,8
121071,3,best_r_change,3,4,1.03905972529,-4729,10321,8
121073,3,best_r_change,4,3,1.03842034695,-4651.66666667,10398,8
121074,3,best_r_change,3,4,1.03955101839,-4788.6,10272,8
121083,3,best_r_change,4,3,1.03979914604,-4819,10275,8
121084,3,best_r_change,3,4,1.03832711176,-4640.8,10462,8
121088,3,best_r_change,4,3,1.03911205074,-4736,10314,8
121089,3,best_r_change,3,4,1.03945445086,-4777.5,10288,8
121090,3,best_r_change,4,3,1.03816169791,-4621,10381,8
121092,3,best_r_change,3,4,1.03899184091,-4721.6,10343,8
121101,3,best_r_change,4,3,1.03926336969,-4754.83333333,10371,9
121102,3,best_r_change,3,4,1.03817360572,-4622.9,10409,8
121103,3,best_r_change,4,3,1.03940860259,-4772.5,10276,8
121104,3,best_r_change,3,4,1.04008538116,-4854.5,10205,8
121106,3,best_r_change,4,3,1.03832180074,-4641,10393,8
121107,3,best_r_change,3,4,1.03877315102,-4695.7,10422,8
121109,3,best_r_change,4,3,1.03889471468,-4710.5,10377,8
121110,3,best_r_change,3,4,1.03928577326,-4757.9,10385,8
121112,3,best_r_change,4,3,1.03919787745,-4747.33333333,10310,8
121115,3,best_r_change,3,4,1.03965487347,-4802.8,10247,8
121118,3,best_r_change,4,3,1.03896475613,-4719.33333333,10311,8
121119,3,best_r_change,3,4,1.03921102387,-4749.2,10273,8
121123,3,best_r_change,4,3,1.03864116091,-4680.33333333,10415,8
121124,3,best_r_change,3,4,1.03951735412,-4786.5,10274,8
121128,3,best_r_change,4,3,1.03817311714,-4623.83333333,10421,8
121129,3,best_r_change,3,4,1.0387066681,-4688.5,10422,8
121133,3,best_r_change,4,3,1.03804908654,-4609,10434,8
121134,3,best_r_change,3,4,1.03835421929,-4646,10407,8
121139,3,best_r_change,4,3,1.03999812887,-4845.33333333,10185,8
121141,3,best_r_change,3,4,1.03952253985,-4787.8,10311,8
121149,3,best_r_change,4,3,1.03934686488,-4766.83333333,10333,8
121151,3,best_r_change,3,4,1.03867157514,-4685.1,10376,8
121156,3,best_r_change,4,3,1.0389442812,-4718.33333333,10346,8
121157,3,best_r_change,3,4,1.03795571036,-4598.6,10430,8
121161,3,best_r_change,4,3,1.03894404965,-4718.5,10355,8
121162,3,best_r_change,3,4,1.03887687559,-4710.4,10358,7
121166,3,best_r_change,4,3,1.03841149057,-4654.16666667,10416,9
121168,3,best_r_change,3,4,1.04074260531,-4936.7,10169,8
121178,3,best_r_change,4,3,1.03813398472,-4621,10440,8
121179,3,best_r_change,3,4,1.03968426873,-4808.9,10292,8
121181,3,best_r_change,4,3,1.03935985564,-4769.66666667,10322,8
121183,3,best_r_change,3,4,1.04019045576,-4870.4,10246,8
121186,3,best_r_change,4,3,1.03745207092,-4538.66666667,10506,8
121187,3,best_r_change,3,4,1.03885730318,-4709,10398,8
121191,3,best_r_change,4,3,1.03890277881,-4714.66666667,10344,8
121192,3,best_r_change,3,4,1.03905950888,-4733.7,10355,8
121194,3,best_r_change,4,3,1.03754036228,-4549.66666667,10516,8
121195,3,best_r_change,3,4,1.03870291679,-4690.6,10407,8
121197,3,best_r_change,4,3,1.03847867521,-4663.5,10448,8
121198,3,best_r_change,3,4,1.03875971551,-4697.6,10367,8
121203,3,best_r_change,4,3,1.03898418356,-4725,10408,8
121204,3,best_r_change,3,4,1.03905564173,-4733.7,10375,8
121206,3,best_r_change,4,3,1.03770715421,-4570.33333333,10489,8
121207,3,best_r_change,3,4,1.03940036467,-4775.6,10343,8
121209,3,best_r_change,4,3,1.03899462911,-4726.5,10373,8
121210,3,best_r_change,3,4,1.0392228364,-4754.2,10409,8
121213,3,best_r_change,4,3,1.03939208941,-4774.83333333,10323,8
121214,3,best_r_change,3,4,1.03951853746,-4790.2,10333,8
121218,3,best_r_change,4,3,1.03912235257,-4742.33333333,10426,8
121220,3,best_r_change,3,4,1.03931034483,-4765.2,10315,8
121223,3,best_r_change,4,3,1.03906986848,-4736.16666667,10382,8
121224,3,best_r_change,3,4,1.03983534614,-4829,10282,8
121231,3,best_r_change,4,3,1.03913602956,-4744.5,10342,8
121232,3,best_r_change,3,4,1.03867543223,-4688.7,10378,8
121234,3,best_r_change,4,3,1.03889447955,-4715.33333333,10374,8
121235,3,best_r_change,3,4,1.03862415969,-4682.6,10386,8
121236,3,best_r_change,4,3,1.03915503646,-4747,10354,8
121237,3,best_r_change,3,4,1.03898479837,-4726.4,10326,8
121245,3,best_r_change,4,3,1.03829298803,-4642.83333333,10477,8
121247,3,best_r_change,3,4,1.038978284,-4726,10373,8
121256,3,best_r_change,4,3,1.03967226364,-4810.5,10338,8
121257,3,best_r_change,3,4,1.03884724181,-4710.5,10430,8
121259,3,best_r_change,4,3,1.03911462242,-4743,10339,8
121260,3,best_r_change,3,4,1.03752927594,-4550.8,10522,8
121261,3,best_r_change,4,3,1.03806252629,-4615.5,10409,8
121262,3,best_r_change,3,4,1.03887780178,-4714.4,10361,8
121263,3,best_r_change,4,3,1.03908721814,-4739.83333333,10349,8
121264,3,best_r_change,3,4,1.03874934028,-4698.9,10385,8
121271,3,best_r_change,4,3,1.03796868171,-4604.5,10458,7
121273,3,best_r_change,3,4,1.03887839832,-4714.9,10333,8
121274,3,best_r_change,4,3,1.03833055725,-4648.5,10439,8
121275,3,best_r_change,3,4,1.03931972789,-4768.5,10348,8
121295,3,best_r_change,4,3,1.03875262789,-4700.5,10311,8
121296,3,best_r_change,3,4,1.03832937607,-4649.2,10463,8
121310,3,best_r_change,4,3,1.03903910093,-4735.83333333,10339,8
121311,3,best_r_change,3,4,1.03845735341,-4665.3,10363,8
121312,3,best_r_change,4,3,1.03901372769,-4732.83333333,10397,8
121313,3,best_r_change,3,4,1.03891503796,-4720.9,10416,8
121314,3,best_r_change,4,3,1.03903506603,-4735.5,10368,8
121315,3,best_r_change,3,4,1.03873634753,-4699.3,10434,8
121322,3,best_r_change,4,3,1.03790463944,-4598.66666667,10525,8
121323,3,best_r_change,3,4,1.03928026837,-4765.6,10335,8
121324,3,best_r_change,4,3,1.03886425329,-4715.16666667,10376,8
121325,3,best_r_change,3,4,1.03856583557,-4679,10429,8
121330,3,best_r_change,4,3,1.03990082145,-4841.16666667,10289,8
121331,3,best_r_change,3,4,1.03854909298,-4677.2,10385,8
121343,3,best_r_change,4,3,1.038542259,-4676.83333333,10406,7
121345,3,best_r_change,3,4,1.03843421649,-4663.8,10505,8
121355,3,best_r_change,4,3,1.03969758148,-4817.5,10375,8
121356,3,best_r_change,3,4,1.03847110979,-4668.7,10429,8
121359,3,best_r_change,4,3,1.03878437803,-4706.83333333,10274,8
121360,3,best_r_change,3,4,1.03975527357,-4824.7,10261,8
121363,3,best_r_change,4,3,1.03914152858,-4750.33333333,10320,8
121364,3,best_r_change,3,4,1.03948782176,-4792.4,10324,8
121368,3,best_r_change,4,3,1.03864417859,-4690.16666667,10425,8
121369,3,best_r_change,3,4,1.03852384052,-4675.6,10439,8
121371,3,best_r_change,4,3,1.03731259252,-4528.66666667,10490,8
121372,3,best_r_change,3,4,1.03844544046,-4666.2,10440,8
121376,3,best_r_change,4,3,1.03773672994,-4580.33333333,10508,8
121377,3,best_r_change,3,4,1.03899750365,-4733.4,10435,8
121382,3,best_r_change,4,3,1.03931115542,-4771.66666667,10337,8
121383,3,best_r_change,3,4,1.03915457684,-4752.7,10414,7
121391,3,best_r_change,4,3,1.03859841339,-4685.5,10377,8
121392,3,best_r_change,3,4,1.0395553249,-4801.7,10255,8
121395,3,best_r_change,4,3,1.03910100636,-4746.66666667,10350,8
121396,3,best_r_change,3,4,1.03947247026,-4791.8,10357,8
121410,3,best_r_change,4,3,1.0387076847,-4699.5,10386,8
121411,3,best_r_change,3,4,1.0394955976,-4795.2,10385,8
121415,3,best_r_change,4,3,1.03843978641,-4667.16666667,10397,8
121416,3,best_r_change,3,4,1.03910851947,-4748.4,10359,8
121419,3,best_r_change,4,3,1.03959704275,-4807.83333333,10295,8
121420,3,best_r_change,3,4,1.03972656893,-4823.6,10303,8
121425,3,best_r_change,4,3,1.03940841397,-4785.16666667,10297,8
121427,3,best_r_change,3,4,1.03861167615,-4688.5,10432,8
121435,3,best_r_change,4,3,1.03863383703,-4691.5,10428,8
121436,3,best_r_change,3,4,1.03902384795,-4738.9,10387,8
121441,3,best_r_change,4,3,1.03984650983,-4839,10289,8
121443,3,best_r_change,3,4,1.03886761691,-4720.2,10376,8
121446,3,best_r_change,4,3,1.03986408225,-4841.33333333,10312,8
121447,3,best_r_change,3,4,1.03767651733,-4575.7,10428,8
121451,3,best_r_change,4,3,1.03950564425,-4798,10295,8
121452,3,best_r_change,3,4,1.03895119059,-4730.7,10352,8
121453,3,best_r_change,4,3,1.03870084175,-4700.33333333,10413,8
121454,3,best_r_change,3,4,1.03939186853,-4784.3,10293,8
121458,3,best_r_change,4,3,1.03871708739,-4702.5,10446,8
121459,3,best_r_change,3,4,1.03873158844,-4704.3,10384,8
121469,3,best_r_change,4,3,1.03787111664,-4600.16666667,10495,8
121470,3,best_r_change,3,4,1.03969375154,-4821.6,10279,8
121471,3,best_r_change,4,3,1.03781972652,-4594,10498,8
121472,3,best_r_change,3,4,1.03902463119,-4740.4,10415,8
121474,3,best_r_change,4,3,1.03869003518,-4699.83333333,10393,8
121475,3,best_r_change,3,4,1.03882362626,-4716.1,10374,8
121480,3,best_r_change,4,3,1.03818735594,-4639,10453,8
121481,3,best_r_change,3,4,1.03855335402,-4683.5,10402,8
121482,3,best_r_change,4,3,1.03942285002,-4789.16666667,10396,8
121483,3,best_r_change,3,4,1.03920383922,-4762.6,10376,8
121484,3,best_r_change,4,3,1.03933028218,-4778,10338,8
121486,3,best_r_change,3,4,1.03900037864,-4738,10405,8
121496,3,best_r_change,4,3,1.03984356138,-4840.83333333,10355,8
121498,3,best_r_change,3,4,1.03894302787,-4731.5,10404,8
121505,3,best_r_change,4,3,1.03903680233,-4743.16666667,10333,8
121507,3,best_r_change,3,4,1.03975408824,-4830.4,10310,8
121511,3,best_r_change,4,3,1.03906779359,-4747.16666667,10369,8
121512,3,best_r_change,3,4,1.03907103825,-4747.6,10386,8
121513,3,best_r_change,4,3,1.0398544463,-4842.83333333,10302,8
121514,3,best_r_change,3,4,1.03963329328,-4816,10271,8
121517,3,best_r_change,4,3,1.0378808452,-4603.16666667,10507,8
121518,3,best_r_change,3,4,1.03926496486,-4771.4,10414,8
121519,3,best_r_change,4,3,1.0394163327,-4789.83333333,10341,8
121520,3,best_r_change,3,4,1.03818383805,-4640.1,10481,8
121524,3,best_r_change,4,3,1.03828050426,-4652,10460,8
121525,3,best_r_change,3,4,1.03933429336,-4780.1,10354,8
121526,3,best_r_change,4,3,1.0389463983,-4733,10397,8
121527,3,best_r_change,3,4,1.03957885902,-4809.9,10358,8
121531,3,best_r_change,4,3,1.03920398911,-4764.5,10437,8
121532,3,best_r_change,3,4,1.03909834447,-4751.7,10316,8
121538,3,best_r_change,4,3,1.03995458211,-4856,10301,8
121539,3,best_r_change,3,4,1.03916520623,-4760.1,10381,8
121541,3,best_r_change,4,3,1.03886480008,-4723.66666667,10363,8
121542,3,best_r_change,3,4,1.0389124747,-4729.5,10379,8
121554,3,best_r_change,4,3,1.0387536952,-4710.66666667,10419,8
121555,3,best_r_change,3,4,1.03905803957,-4747.7,10381,8
121558,3,best_r_change,4,3,1.03838771067,-4666.33333333,10469,8
121561,3,best_r_change,3,4,1.03912109969,-4755.6,10305,8
121564,3,best_r_change,4,3,1.03895341823,-4735.33333333,10377,8
121565,3,best_r_change,3,4,1.03897092091,-4737.5,10503,8
121567,3,best_r_change,4,3,1.03879753552,-4716.5,10424,8
121568,3,best_r_change,3,4,1.03886878126,-4725.2,10407,8
121574,3,best_r_change,4,3,1.03914625386,-4759.16666667,10447,8
121575,3,best_r_change,3,4,1.03846020975,-4675.8,10423,8
121579,3,best_r_change,4,3,1.03895683739,-4736.33333333,10349,8
121580,3,best_r_change,3,4,1.03863957888,-4697.8,10422,8
121584,3,best_r_change,4,3,1.03972013861,-4829.33333333,10313,8
121585,3,best_r_change,3,4,1.03868569314,-4703.6,10441,8
121586,3,best_r_change,4,3,1.03837612883,-4666,10407,8
121587,3,best_r_change,3,4,1.03870232837,-4705.7,10425,8
121601,3,best_r_change,4,3,1.03981052787,-4841,10273,8
121602,3,best_r_change,3,4,1.0395511587,-4809.5,10390,8
121604,3,best_r_change,4,3,1.03798943017,-4619.66666667,10526,8
121605,3,best_r_change,3,4,1.03993092389,-4855.8,10342,8
121608,3,best_r_change,4,3,1.03800873846,-4622.16666667,10519,8
121609,3,best_r_change,3,4,1.03936797441,-4787.5,10383,7
121611,3,best_r_change,4,3,1.03851899362,-4684.33333333,10422,8
121612,3,best_r_change,3,4,1.04008486005,-4874.8,10314,8
121616,3,best_r_change,4,3,1.03886138885,-4726.16666667,10434,8
121617,3,best_r_change,3,4,1.03860397806,-4694.9,10447,8
121618,3,best_r_change,4,3,1.0398077039,-4841.33333333,10303,8
121619,3,best_r_change,3,4,1.03900377408,-4743.6,10417,8
121628,3,best_r_change,4,3,1.03976332204,-4836.33333333,10336,8
121629,3,best_r_change,3,4,1.03766535941,-4581.2,10511,8
121631,3,best_r_change,4,3,1.03854828676,-4688.66666667,10423,8
121632,3,best_r_change,3,4,1.03825884636,-4653.5,10488,8
121637,3,best_r_change,4,3,1.03896155501,-4739.16666667,10443,8
121638,3,best_r_change,3,4,1.0391727914,-4764.9,10340,8
121641,3,best_r_change,4,3,1.03872734796,-4710.83333333,10408,8
121643,3,best_r_change,3,4,1.03892538001,-4735,10378,8
121644,3,best_r_change,4,3,1.03874009404,-4712.5,10514,8
121645,3,best_r_change,3,4,1.03960376505,-4817.6,10393,8
121646,3,best_r_change,4,3,1.0393546301,-4787.33333333,10330,8
121647,3,best_r_change,3,4,1.03842182709,-4673.9,10480,8
121652,3,best_r_change,4,3,1.0398732998,-4850.66666667,10335,8
121653,3,best_r_change,3,4,1.03872243183,-4710.7,10381,8
121666,3,best_r_change,4,3,1.03858788267,-4694.83333333,10439,8
121667,3,best_r_change,3,4,1.03827414171,-4656.7,10499,8
121673,3,best_r_change,4,3,1.03759119388,-4573.83333333,10484,8
121674,3,best_r_change,3,4,1.04018935845,-4890,10319,8
121688,5,best_r_change,3,2,0.934364933272,7987,10268,8
121689,5,best_r_change,2,3,0.933084611866,8142.86666667,10415,7
121698,3,best_r_change,4,3,1.03908582447,-4756.66666667,10460,8
121699,3,best_r_change,3,4,1.03913179237,-4762.3,10405,8
121717,3,best_r_change,4,3,1.03800071751,-4625.33333333,10484,8
121719,3,best_r_change,3,4,1.03957065043,-4816.5,10359,8
121739,3,best_r_change,4,3,1.03790212394,-4614.16666667,10556,8
121741,3,best_r_change,3,4,1.03946821531,-4804.9,10341,8
121745,3,best_r_change,4,3,1.03776472682,-4597.66666667,10529,8
121746,3,best_r_change,3,4,1.03969083173,-4832.2,10337,8
121754,3,best_r_change,4,3,1.03864896978,-4705.66666667,10440,8
121755,3,best_r_change,3,4,1.0396180855,-4823.7,10401,8
121763,3,best_r_change,4,3,1.03891713137,-4738.66666667,10370,8
121764,3,best_r_change,3,4,1.03888669886,-4735,10359,8
121769,3,best_r_change,4,3,1.03926286658,-4781,10438,8
121770,3,best_r_change,3,4,1.03935452082,-4792.2,10378,8
121772,3,best_r_change,4,3,1.03914693033,-4767,10358,8
121773,3,best_r_change,3,4,1.03857587478,-4697.5,10467,8
121774,3,best_r_change,4,3,1.03934337379,-4791,10443,8
121775,3,best_r_change,3,4,1.03904660234,-4754.9,10424,7
121777,3,best_r_change,4,3,1.03847606691,-4685.5,10458,8
121778,3,best_r_change,3,4,1.03895695446,-4744.1,10401,8
121791,3,best_r_change,4,3,1.03905187302,-4756.16666667,10434,8
121793,3,best_r_change,3,4,1.03953429179,-4815,10334,8
121801,3,best_r_change,4,3,1.03870794712,-4714.66666667,10487,8
121802,3,best_r_change,3,4,1.03959130392,-4822.3,10324,8
121815,3,best_r_change,4,3,1.03884715894,-4732.16666667,10396,8
121816,3,best_r_change,3,4,1.03950876732,-4812.8,10375,8
121820,3,best_r_change,4,3,1.03990176764,-4860.83333333,10343,8
121821,3,best_r_change,3,4,1.03942095369,-4802.3,10394,8
121825,3,best_r_change,4,3,1.03832820302,-4669.33333333,10511,8
121827,3,best_r_change,3,4,1.03991397638,-4862.6,10284,8
121829,3,best_r_change,4,3,1.03812447502,-4644.66666667,10446,8
121830,3,best_r_change,3,4,1.03830911926,-4667.2,10524,8
121832,3,best_r_change,4,3,1.03832600083,-4669.33333333,10469,8
121833,3,best_r_change,3,4,1.03895906692,-4746.5,10456,8
121843,3,best_r_change,4,3,1.03960698057,-4825.83333333,10370,8
121844,3,best_r_change,3,4,1.03876678376,-4723.5,10465,8
121850,3,best_r_change,4,3,1.03877581726,-4724.83333333,10394,8
121851,3,best_r_change,3,4,1.04003824343,-4878.7,10267,8
121857,3,best_r_change,4,3,1.03963388781,-4829.66666667,10376,8
121858,3,best_r_change,3,4,1.03963875987,-4830.3,10367,8
121861,3,best_r_change,4,3,1.03965583739,-4832.5,10357,8
121863,3,best_r_change,3,4,1.03887562263,-4737.5,10462,8
121866,3,best_r_change,4,3,1.03861208212,-4705.5,10460,8
121867,3,best_r_change,3,4,1.0378552028,-4613.3,10531,8
121880,3,best_r_change,4,3,1.03936932502,-4798.33333333,10426,8
121881,3,best_r_change,3,4,1.03856794742,-4700.7,10424,8
121882,3,best_r_change,4,3,1.03868769247,-4715.33333333,10448,8
121884,3,best_r_change,3,4,1.03889025631,-4740.1,10461,8
121887,3,best_r_change,4,3,1.03919340591,-4777.16666667,10357,8
121888,3,best_r_change,3,4,1.03950183775,-4814.8,10429,8
121889,3,best_r_change,4,3,1.03941427583,-4804.16666667,10343,8
121890,3,best_r_change,3,4,1.03775535319,-4602,10489,8
121893,3,best_r_change,4,3,1.03865685478,-4712,10470,8
121894,3,best_r_change,3,4,1.03964264033,-4832.2,10369,8
121900,3,best_r_change,4,3,1.03905250205,-4760.5,10487,8
121901,3,best_r_change,3,4,1.03846564015,-4689,10472,8
121904,3,best_r_change,4,3,1.03985376471,-4858.33333333,10348,8
121905,3,best_r_change,3,4,1.03938640745,-4801.4,10351,8
121911,3,best_r_change,4,3,1.03804414696,-4638,10542,8
121912,3,best_r_change,3,4,1.04093198373,-4990.1,10276,8
121919,3,best_r_change,4,3,1.03844492382,-4687.16666667,10439,8
121920,3,best_r_change,3,4,1.03907562336,-4764.1,10427,8
121923,3,best_r_change,4,3,1.03865964584,-4713.5,10464,8
121924,3,best_r_change,3,4,1.03911617073,-4769.2,10396,8
121934,3,best_r_change,4,3,1.03783330873,-4613.16666667,10542,8
121935,3,best_r_change,3,4,1.03936277525,-4799.7,10415,8
121937,3,best_r_change,4,3,1.04013001249,-4893.33333333,10312,8
121938,3,best_r_change,3,4,1.03880742673,-4732.1,10398,8
121961,3,best_r_change,4,3,1.03890724631,-4745.16666667,10403,8
121962,3,best_r_change,3,4,1.03893179843,-4748.2,10438,8
121967,3,best_r_change,4,3,1.03929614841,-4792.83333333,10364,8
121969,3,best_r_change,3,4,1.03947150505,-4814.3,10320,8
121984,3,best_r_change,4,3,1.03986315145,-4862.66666667,10353,8
121985,3,best_r_change,3,4,1.0397516088,-4849.1,10319,8
121993,3,best_r_change,4,3,1.03940116783,-4806.66666667,10399,8
121994,3,best_r_change,3,4,1.03863468695,-4713.2,10455,8
121997,3,best_r_change,4,3,1.03850094674,-4697,10430,8
121999,3,best_r_change,3,4,1.03902409036,-4760.9,10470,8
122005,3,best_r_change,4,3,1.0384601724,-4692.33333333,10476,8
122006,3,best_r_change,3,4,1.03905627592,-4765.1,10469,8
122017,3,best_r_change,4,3,1.03976495079,-4852,10374,8
122018,3,best_r_change,3,4,1.03927781147,-4792.6,10395,7
122020,3,best_r_change,4,3,1.03928727531,-4793.83333333,10364,8
122021,3,best_r_change,3,4,1.03995295892,-4875.1,10295,8
122029,3,best_r_change,4,3,1.03934583856,-4801.33333333,10381,8
122030,3,best_r_change,3,4,1.03973531099,-4848.9,10317,8
122042,3,best_r_change,4,3,1.0382641495,-4669.83333333,10434,9
122043,3,best_r_change,3,4,1.03890186246,-4747.7,10540,8
122052,3,best_r_change,4,3,1.04001709654,-4884.16666667,10339,8
122053,3,best_r_change,3,4,1.03898306473,-4758,10466,8
122060,3,best_r_change,4,3,1.03986290895,-4865.66666667,10378,8
122061,3,best_r_change,3,4,1.03944093527,-4814.2,10401,8
122062,3,best_r_change,4,3,1.03853233056,-4703.33333333,10506,8
122064,3,best_r_change,3,4,1.03899429807,-4759.8,10381,8
122072,3,best_r_change,4,3,1.03982622278,-4861.66666667,10359,8
122073,3,best_r_change,3,4,1.03891687761,-4750.7,10471,8
122074,3,best_r_change,4,3,1.03800154005,-4639,10498,8
122075,3,best_r_change,3,4,1.03829531026,-4674.9,10563,8
122084,3,best_r_change,4,3,1.03836702598,-4684,10486,8
122085,3,best_r_change,3,4,1.04021460458,-4909.6,10336,8
122088,3,best_r_change,4,3,1.0384176441,-4690.33333333,10528,8
122090,3,best_r_change,3,4,1.03951101646,-4823.9,10460,8
122098,3,best_r_change,4,3,1.03938502951,-4808.83333333,10440,8
122099,3,best_r_change,3,4,1.04002571684,-4887.1,10271,8
122112,3,best_r_change,4,3,1.03911436495,-4776.33333333,10455,8
122113,3,best_r_change,3,4,1.03802134089,-4642.9,10528,8
122128,3,best_r_change,4,3,1.0379874667,-4639.33333333,10580,8
122129,3,best_r_change,3,4,1.03850764356,-4702.9,10506,8
122132,3,best_r_change,4,3,1.03872585945,-4729.66666667,10514,8
122133,3,best_r_change,3,4,1.03870698337,-4727.4,10468,8
122146,3,best_r_change,4,3,1.03906800059,-4772,10405,8
122147,3,best_r_change,3,4,1.03900791669,-4764.7,10463,8
122150,3,best_r_change,4,3,1.03900941465,-4765,10484,8
122151,3,best_r_change,3,4,1.03972705913,-4852.7,10393,8
122156,3,best_r_change,4,3,1.03892700045,-4755.16666667,10483,8
122157,3,best_r_change,3,4,1.039012091,-4765.6,10427,8
122168,3,best_r_change,4,3,1.039138727,-4781.5,10428,8
122169,3,best_r_change,3,4,1.03928574352,-4799.5,10357,8
122177,3,best_r_change,4,3,1.03944413979,-4819.16666667,10444,8
122178,3,best_r_change,3,4,1.03951938974,-4828.4,10389,8
122180,3,best_r_change,4,3,1.03810361761,-4655.5,10425,8
122181,3,best_r_change,3,4,1.03881945638,-4743,10427,8
122201,3,best_r_change,4,3,1.03781338396,-4620.83333333,10571,8
122202,3,best_r_change,3,4,1.03957054713,-4835.6,10400,8
122211,3,best_r_change,4,3,1.03904176656,-4771.33333333,10458,8
122212,3,best_r_change,3,4,1.04027509574,-4922.1,10298,8
122220,3,best_r_change,4,3,1.03866252114,-4725.33333333,10481,8
122221,3,best_r_change,3,4,1.03904893594,-4772.6,10503,8
122225,3,best_r_change,4,3,1.0394163769,-4817.66666667,10369,8
122226,3,best_r_change,3,4,1.03919542487,-4790.7,10483,8
122234,3,best_r_change,4,3,1.03912032113,-4781.83333333,10499,8
122235,3,best_r_change,3,4,1.03864196016,-4723.4,10401,8
122256,3,best_r_change,4,3,1.03866204249,-4726.66666667,10481,8
122257,3,best_r_change,3,4,1.03934416843,-4810.1,10389,8
122267,3,best_r_change,4,3,1.03813375645,-4662.5,10465,8
122268,3,best_r_change,3,4,1.03954918703,-4835.6,10423,8
122286,3,best_r_change,4,3,1.03831182637,-4685,10507,8
122287,3,best_r_change,3,4,1.03910718228,-4782.3,10420,8
122307,3,best_r_change,4,3,1.03935724584,-4813.66666667,10457,8
122309,3,best_r_change,3,4,1.03906826153,-4778.4,10396,8
122315,3,best_r_change,4,3,1.03941462617,-4821,10383,8
122316,3,best_r_change,3,4,1.03818715458,-4670.9,10494,8
122320,3,best_r_change,4,3,1.03899062568,-4769.33333333,10512,8
122321,3,best_r_change,3,4,1.03899902715,-4770.4,10500,8
122336,3,best_r_change,4,3,1.03924028904,-4800.5,10400,8
122337,3,best_r_change,3,4,1.03807515306,-4658,10543,8
122346,3,best_r_change,4,3,1.03842381443,-4701,10555,8
122347,3,best_r_change,3,4,1.03919916304,-4795.9,10499,8
122348,3,best_r_change,4,3,1.0384776757,-4707.66666667,10532,8
122349,3,best_r_change,3,4,1.03934727705,-4814.1,10421,8
122366,3,best_r_change,4,3,1.03921296221,-4798.33333333,10494,7
122367,3,best_r_change,3,4,1.03892961338,-4763.7,10494,8
122379,3,best_r_change,4,3,1.03993196,-4886.83333333,10377,8
122380,3,best_r_change,3,4,1.03843520183,-4703.7,10515,8
122411,3,best_r_change,4,3,1.03911277037,-4787.83333333,10377,8
122412,3,best_r_change,3,4,1.03817926347,-4673.6,10487,8
122429,3,best_r_change,4,3,1.03823304391,-4680.83333333,10582,8
122430,3,best_r_change,3,4,1.04042309891,-4949,10327,8
122438,3,best_r_change,4,3,1.03939681036,-4823.66666667,10464,8
122439,3,best_r_change,3,4,1.03855470888,-4720.6,10530,8
122444,3,best_r_change,4,3,1.03983589777,-4877.66666667,10479,7
122445,3,best_r_change,3,4,1.03869819102,-4738.4,10503,8
122447,3,best_r_change,4,3,1.03880318287,-4751.33333333,10476,8
122448,3,best_r_change,3,4,1.03856494185,-4722.2,10490,8
122456,3,best_r_change,4,3,1.03797690599,-4650.5,10578,8
122457,3,best_r_change,3,4,1.03927501082,-4809.5,10471,8
122467,3,best_r_change,4,3,1.0391044118,-4789,10472,8
122468,3,best_r_change,3,4,1.03983244603,-4878.2,10395,8
122474,3,best_r_change,4,3,1.03959343752,-4849.16666667,10376,8
122475,3,best_r_change,3,4,1.03895733823,-4771.3,10457,8
122487,3,best_r_change,4,3,1.03952936502,-4841.83333333,10480,8
122488,3,best_r_change,3,4,1.04035089152,-4942.5,10325,8
122501,3,best_r_change,4,3,1.03906498722,-4785.5,10473,8
122502,3,best_r_change,3,4,1.03832753751,-4695.2,10570,8
122503,3,best_r_change,4,3,1.03933509111,-4818.66666667,10471,8
122505,3,best_r_change,3,4,1.03930125301,-4814.6,10407,8
122507,3,best_r_change,4,3,1.03846718963,-4712.5,10460,8
122508,3,best_r_change,3,4,1.03933620662,-4819,10435,8
122517,3,best_r_change,4,3,1.0389551382,-4772.66666667,10489,8
122518,3,best_r_change,3,4,1.03874124618,-4746.5,10483,8
122528,3,best_r_change,4,3,1.03824431967,-4686,10521,8
122529,3,best_r_change,3,4,1.03796733834,-4652.1,10609,8
122542,3,best_r_change,4,3,1.04017262109,-4922.83333333,10318,8
122543,3,best_r_change,3,4,1.03827799221,-4690.7,10599,8
122547,3,best_r_change,4,3,1.03848727427,-4716.5,10497,8
122548,3,best_r_change,3,4,1.03905571694,-4786.2,10443,8
122555,3,best_r_change,4,3,1.03881250595,-4756.66666667,10502,8
122556,3,best_r_change,3,4,1.03850158295,-4718.6,10485,8
122576,3,best_r_change,4,3,1.03894862507,-4774.16666667,10471,8
122577,3,best_r_change,3,4,1.03916966478,-4801.3,10471,8
122581,3,best_r_change,4,3,1.03971523591,-4868.33333333,10350,8
122582,3,best_r_change,3,4,1.03949519505,-4841.4,10403,8
122585,3,best_r_change,4,3,1.03862354013,-4734.66666667,10532,8
122586,3,best_r_change,3,4,1.03940906792,-4831,10464,8
122602,3,best_r_change,4,3,1.03861546576,-4734.33333333,10548,8
122603,3,best_r_change,3,4,1.03926820714,-4814.4,10444,8
122604,3,best_r_change,4,3,1.03995247572,-4898.33333333,10417,8
122605,3,best_r_change,3,4,1.03894131561,-4774.4,10497,8
122620,3,best_r_change,4,3,1.03802941336,-4663.16666667,10556,8
122621,3,best_r_change,3,4,1.03910830934,-4795.5,10459,8
122624,3,best_r_change,4,3,1.03816816719,-4680.33333333,10528,8
122625,3,best_r_change,3,4,1.03960122324,-4856.1,10413,8
122629,3,best_r_change,4,3,1.03884616744,-4763.66666667,10552,8
122630,3,best_r_change,3,4,1.03955475822,-4850.6,10442,8
122645,3,best_r_change,4,3,1.03887643198,-4768,10553,8
122646,3,best_r_change,3,4,1.03980154265,-4881.5,10393,8
122660,3,best_r_change,4,3,1.03833088755,-4701.66666667,10518,8
122661,3,best_r_change,3,4,1.03973390075,-4873.8,10437,8
122686,3,best_r_change,4,3,1.03832955675,-4702.5,10569,8
122687,3,best_r_change,3,4,1.03994881283,-4901.2,10392,8
122692,3,best_r_change,4,3,1.0398803508,-4893,10443,8
122693,3,best_r_change,3,4,1.03963469799,-4862.9,10463,8
122694,3,best_r_change,4,3,1.03896821904,-4781.16666667,10510,8
122695,3,best_r_change,3,4,1.03879375688,-4759.8,10502,8
122702,3,best_r_change,4,3,1.03928080499,-4819.83333333,10466,8
122703,3,best_r_change,3,4,1.04000065198,-4908.2,10407,8
122709,3,best_r_change,4,3,1.03936956539,-4831,10480,8
122710,3,best_r_change,3,4,1.03894140657,-4778.5,10469,8
122714,3,best_r_change,4,3,1.03981208338,-4885.5,10400,8
122715,3,best_r_change,3,4,1.038876258,-4770.7,10534,8
122733,3,best_r_change,4,3,1.03918261592,-4809,10537,8
122734,3,best_r_change,3,4,1.03947072531,-4844.4,10473,8
122758,3,best_r_change,4,3,1.03916513248,-4807.83333333,10503,8
122760,3,best_r_change,3,4,1.03884490062,-4768.6,10544,8
122812,3,best_r_change,4,3,1.0403611482,-4956.83333333,10380,8
122813,3,best_r_change,3,4,1.037610025,-4619,10672,8
122820,3,best_r_change,4,3,1.03948596863,-4849.66666667,10471,8
122821,3,best_r_change,3,4,1.03938902956,-4837.8,10428,8
122829,3,best_r_change,4,3,1.03794435082,-4660.66666667,10588,8
122830,3,best_r_change,3,4,1.03967678906,-4873.5,10426,8
122851,3,best_r_change,4,3,1.03808000478,-4678.16666667,10643,8
122852,3,best_r_change,3,4,1.03862940774,-4745.7,10453,7
122863,3,best_r_change,4,3,1.03941381864,-4842.5,10508,8
122864,3,best_r_change,3,4,1.03793299909,-4660.6,10536,8
122868,3,best_r_change,4,3,1.03874483185,-4760.5,10569,8
122869,3,best_r_change,3,4,1.04090535448,-5026,10261,8
122876,3,best_r_change,4,3,1.03974467485,-4883.66666667,10477,8
122877,3,best_r_change,3,4,1.03799734694,-4669,10599,8
122891,3,best_r_change,4,3,1.03896542464,-4788.5,10499,8
122892,3,best_r_change,3,4,1.03887071575,-4776.9,10507,8
122903,3,best_r_change,4,3,1.03827679823,-4704.33333333,10570,8
122904,3,best_r_change,3,4,1.03955282171,-4861.2,10496,8
122908,3,best_r_change,4,3,1.03915394713,-4812.33333333,10489,8
122909,3,best_r_change,3,4,1.03955039908,-4861.1,10502,8
122914,3,best_r_change,4,3,1.03814726828,-4688.83333333,10662,8
122915,3,best_r_change,3,4,1.03860472684,-4745.1,10587,8
122926,3,best_r_change,4,3,1.03949801778,-4855.33333333,10440,8
122927,3,best_r_change,3,4,1.03886859681,-4778,10560,8
122937,3,best_r_change,4,3,1.03976969234,-4889.16666667,10498,8
122938,3,best_r_change,3,4,1.03887325318,-4779,10506,8
122956,3,best_r_change,4,3,1.03800953187,-4673.5,10652,8
122957,3,best_r_change,3,4,1.0395325195,-4860.8,10477,8
122970,3,best_r_change,4,3,1.03870862812,-4760,10583,8
122971,3,best_r_change,3,4,1.03885306292,-4777.8,10544,8
122976,3,best_r_change,4,3,1.04009318891,-4930.5,10410,8
122977,3,best_r_change,3,4,1.03819088122,-4696.6,10569,8
122996,3,best_r_change,4,3,1.03948366885,-4856.33333333,10484,8
122997,3,best_r_change,3,4,1.0397936535,-4894.5,10429,8
123006,3,best_r_change,4,3,1.03961188885,-4872.5,10476,8
123007,3,best_r_change,3,4,1.03875633094,-4767.3,10547,8
123023,3,best_r_change,4,3,1.03905773717,-4805,10462,8
123024,3,best_r_change,3,4,1.0389493107,-4791.7,10532,8
123032,3,best_r_change,4,3,1.03926349784,-4830.66666667,10581,8
123033,3,best_r_change,3,4,1.03835962709,-4719.5,10603,8
123064,3,best_r_change,4,3,1.03914629786,-4817.5,10548,8
123065,3,best_r_change,3,4,1.03919554707,-4823.6,10454,8
123066,3,best_r_change,4,3,1.03868384986,-4760.66666667,10561,8
123067,3,best_r_change,3,4,1.03987177716,-4906.9,10376,8
123074,3,best_r_change,4,3,1.03799069395,-4675.66666667,10671,8
123075,3,best_r_change,3,4,1.0382205972,-4704,10644,8
123078,3,best_r_change,4,3,1.03933819746,-4841.66666667,10539,8
123079,3,best_r_change,3,4,1.03900827924,-4801.1,10559,8
123081,3,best_r_change,4,3,1.03778270678,-4650.33333333,10640,8
123082,3,best_r_change,3,4,1.0396922377,-4885.4,10397,8
123096,3,best_r_change,4,3,1.03874347393,-4769.16666667,10565,9
123097,3,best_r_change,3,4,1.03867356637,-4760.6,10596,8
123098,3,best_r_change,4,3,1.03862505213,-4754.66666667,10521,8
123099,3,best_r_change,3,4,1.03950560118,-4863.1,10544,8
123129,3,best_r_change,4,3,1.03886844962,-4785.83333333,10558,8
123130,3,best_r_change,3,4,1.03957768212,-4873.2,10446,8
123143,3,best_r_change,4,3,1.03908734831,-4813.33333333,10470,8
123144,3,best_r_change,3,4,1.03893328136,-4794.4,10553,8
123153,3,best_r_change,4,3,1.03972294625,-4892,10518,8
123154,3,best_r_change,3,4,1.03928252432,-4837.8,10494,8
123155,3,best_r_change,4,3,1.03796435386,-4675.5,10603,8
123156,3,best_r_change,3,4,1.03919500471,-4827.1,10477,8
123176,3,best_r_change,4,3,1.03847475699,-4739.16666667,10552,8
123177,3,best_r_change,3,4,1.0391883225,-4827.1,10511,8
123233,3,best_r_change,4,3,1.03898441705,-4804.16666667,10588,8
123234,3,best_r_change,3,4,1.03916938507,-4827,10516,8
123238,3,best_r_change,4,3,1.03895713984,-4801,10544,8
123239,3,best_r_change,3,4,1.03850404499,-4745.2,10615,8
123275,3,best_r_change,4,3,1.03919421348,-4831.66666667,10531,8
123276,3,best_r_change,3,4,1.03926636166,-4840.6,10476,8
123279,3,best_r_change,4,3,1.03981213345,-4908,10468,8
123280,3,best_r_change,3,4,1.03935918235,-4852.2,10552,8
123281,3,best_r_change,4,3,1.03934912923,-4851,10484,8
123282,3,best_r_change,3,4,1.0395775539,-4879.2,10498,8
123359,3,best_r_change,4,3,1.03960392027,-4885.5,10521,8
123360,3,best_r_change,3,4,1.04001621271,-4936.4,10438,8
123374,3,best_r_change,4,3,1.03884665056,-4792.66666667,10594,8
123375,3,best_r_change,3,4,1.03906545086,-4819.7,10577,8
123385,3,best_r_change,4,3,1.03797057989,-4685,10631,8
123386,3,best_r_change,3,4,1.03877182176,-4783.9,10604,8
123390,3,best_r_change,4,3,1.03857687009,-4760,10532,8
123391,3,best_r_change,3,4,1.03893233704,-4803.9,10589,8
123416,3,best_r_change,4,3,1.03777468075,-4662,10642,8
123417,3,best_r_change,3,4,1.03978625311,-4910.3,10502,8
123442,3,best_r_change,4,3,1.03803405648,-4695,10638,8
123443,3,best_r_change,3,4,1.03947813971,-4873.3,10504,8
123448,3,best_r_change,4,3,1.03956051671,-4883.66666667,10527,8
123449,3,best_r_change,3,4,1.03931826098,-4853.8,10500,8
123455,3,best_r_change,4,3,1.03951372295,-4878.16666667,10494,8
123456,3,best_r_change,3,4,1.03905601996,-4821.7,10581,8
123469,3,best_r_change,4,3,1.03863992851,-4770.83333333,10613,8
123470,3,best_r_change,3,4,1.04000242974,-4939.1,10456,8
123494,3,best_r_change,4,3,1.03910581351,-4829.33333333,10629,8
123495,3,best_r_change,3,4,1.04029231953,-4975.9,10387,8
123501,3,best_r_change,4,3,1.03969738437,-4902.66666667,10505,8
123502,3,best_r_change,3,4,1.03998558728,-4938.3,10435,8
123504,3,best_r_change,4,3,1.03845354536,-4749.16666667,10634,8
123505,3,best_r_change,3,4,1.04024695356,-4970.7,10456,8
123515,3,best_r_change,4,3,1.03948373342,-4876.83333333,10588,8
123516,3,best_r_change,3,4,1.03882816801,-4795.9,10680,8
123521,3,best_r_change,4,3,1.03962753972,-4894.83333333,10518,8
123522,3,best_r_change,3,4,1.0388894286,-4803.7,10520,8
123531,3,best_r_change,4,3,1.03937473185,-4864,10493,8
123532,3,best_r_change,3,4,1.03860942914,-4769.5,10627,8
123569,3,best_r_change,4,3,1.03858977575,-4768.5,10645,8
123570,3,best_r_change,3,4,1.03899166464,-4818.2,10551,8
123592,3,best_r_change,4,3,1.03843830237,-4750.66666667,10639,8
123593,3,best_r_change,3,4,1.0402344793,-4972.7,10431,8
123648,3,best_r_change,4,3,1.03853142253,-4764.33333333,10598,8
123649,3,best_r_change,3,4,1.03940104651,-4871.9,10549,8
123737,3,best_r_change,4,3,1.03849966731,-4763.83333333,10675,8
123738,3,best_r_change,3,4,1.04009843379,-4961.7,10480,8
123744,3,best_r_change,4,3,1.0391130075,-4840,10595,8
123745,3,best_r_change,3,4,1.03845811952,-4759,10641,8
123758,3,best_r_change,4,3,1.03804467859,-4708.33333333,10684,8
123759,3,best_r_change,3,4,1.03908160215,-4836.7,10520,8
123773,3,best_r_change,4,3,1.03904594163,-4832.83333333,10616,8
123774,3,best_r_change,3,4,1.03896456445,-4822.8,10614,8
123823,3,best_r_change,4,3,1.03918765765,-4852.33333333,10580,8
123824,3,best_r_change,3,4,1.03857491278,-4776.5,10639,8
123853,3,best_r_change,4,3,1.03904898011,-4836.33333333,10580,8
123854,3,best_r_change,3,4,1.03960792546,-4905.6,10497,8
123858,3,best_r_change,4,3,1.03854817614,-4774.5,10647,8
123859,3,best_r_change,3,4,1.04011577681,-4968.7,10511,8
123875,3,best_r_change,4,3,1.03916582577,-4851.66666667,10628,8
123876,3,best_r_change,3,4,1.03887920178,-4816.2,10604,8
123893,3,best_r_change,4,3,1.03943994684,-4886.33333333,10594,8
123894,3,best_r_change,3,4,1.03880413902,-4807.6,10578,8
123953,3,best_r_change,4,3,1.03867191597,-4793.5,10652,8
123954,3,best_r_change,3,4,1.03958242574,-4906.4,10496,8
124044,3,best_r_change,4,3,1.0379408382,-4706.33333333,10718,8
124045,3,best_r_change,3,4,1.03985569753,-4943.9,10455,8
124055,3,best_r_change,4,3,1.03818736313,-4737.33333333,10697,8
124056,3,best_r_change,3,4,1.03904043335,-4843.2,10546,8
124084,3,best_r_change,4,3,1.03936177643,-4884.16666667,10581,8
124085,3,best_r_change,3,4,1.0394108877,-4890.3,10591,8
124198,3,best_r_change,4,3,1.03856476486,-4789.66666667,10661,8
124199,3,best_r_change,3,4,1.03961062488,-4919.6,10542,8
124229,3,best_r_change,4,3,1.03906361102,-4852.83333333,10632,8
124230,3,best_r_change,3,4,1.03928600177,-4880.5,10591,8
124254,3,best_r_change,4,3,1.03924622145,-4876.5,10604,8
124255,3,best_r_change,3,4,1.03971912599,-4935.3,10600,8
124267,3,best_r_change,4,3,1.03828181791,-4757.16666667,10713,8
124268,3,best_r_change,3,4,1.03890703962,-4834.9,10625,8
124384,3,best_r_change,4,3,1.03988321113,-4960.83333333,10546,8
124385,3,best_r_change,3,4,1.03941070065,-4902.1,10542,8
124459,3,best_r_change,4,3,1.03916684745,-4874.66666667,10629,8
124460,3,best_r_change,3,4,1.03945926402,-4911.1,10525,8
124467,3,best_r_change,4,3,1.03889250431,-4840.83333333,10603,8
124468,3,best_r_change,3,4,1.03965758267,-4936.1,10622,8
124522,3,best_r_change,4,3,1.03930496887,-4894.33333333,10664,8
124523,3,best_r_change,3,4,1.03891650538,-4846,10725,8
124565,3,best_r_change,4,3,1.0387976826,-4832.83333333,10689,8
124566,3,best_r_change,3,4,1.03885570701,-4840.1,10636,8
124624,3,best_r_change,4,3,1.03838613215,-4783.83333333,10732,8
124625,3,best_r_change,3,4,1.0393893681,-4908.9,10579,8
124638,3,best_r_change,4,3,1.03915205101,-4879.83333333,10676,8
124639,3,best_r_change,3,4,1.03888830944,-4847,10709,8
124679,3,best_r_change,4,3,1.03863387847,-4816.83333333,10713,8
124680,3,best_r_change,3,4,1.04025826115,-5019.4,10500,8
124710,3,best_r_change,4,3,1.03945820971,-4920.83333333,10695,8
124711,3,best_r_change,3,4,1.03960195973,-4938.8,10554,8
124838,3,best_r_change,4,3,1.03953657273,-4935.66666667,10622,8
124839,3,best_r_change,3,4,1.0387755429,-4840.7,10673,8
124874,3,best_r_change,4,3,1.03846143579,-4802.83333333,10697,8
124875,3,best_r_change,3,4,1.040004004,-4995.5,10570,8
125053,3,best_r_change,4,3,1.03907276648,-4886.16666667,10706,8
125054,3,best_r_change,3,4,1.03888000384,-4862.1,10669,8
125139,3,best_r_change,4,3,1.03832538218,-4796,10842,8
125140,3,best_r_change,3,4,1.04008630334,-5016.4,10575,8
125237,3,best_r_change,4,3,1.03963951016,-4964.33333333,10608,8
125238,3,best_r_change,3,4,1.0392173302,-4911.5,10687,8
125823,3,best_r_change,4,3,1.03845083967,-4838,10860,8
125824,3,best_r_change,3,4,1.03949961851,-4970,10775,8
126188,3,best_r_change,4,3,1.03990870764,-5036,10750,8
126189,3,best_r_change,3,4,1.03930057295,-4959.3,10761,8
126485,3,best_r_change,4,3,1.03970431276,-5022,10733,8
126486,3,best_r_change,3,4,1.04065746407,-5142.6,10681,8
250000,3,heartbeat,4,4,1.0476528,-11913.2,20099,8
250000,5,heartbeat,3,3,0.938534933333,15366.2666667,20099,8
250000,7,heartbeat,2,2,0.919656,20086,20099,8
250000,9,heartbeat,2,2,0.919604,20099,20099,8
250000,11,heartbeat,2,2,0.919604,20099,20099,8
260000,3,heartbeat,4,4,1.04768384615,-12397.8,20975,8
260000,5,heartbeat,3,3,0.93822974359,16060.2666667,20975,8
260000,7,heartbeat,2,2,0.919369230769,20964,20975,8
260000,9,heartbeat,2,2,0.919326923077,20975,20975,8
260000,11,heartbeat,2,2,0.919326923077,20975,20975,8
270000,3,heartbeat,4,4,1.04859851852,-13121.6,21509,8
270000,5,heartbeat,3,3,0.939331358025,16380.5333333,21509,8
270000,7,heartbeat,2,2,0.920407407407,21490,21509,8
270000,9,heartbeat,2,2,0.920337037037,21509,21509,8
270000,11,heartbeat,2,2,0.920337037037,21509,21509,8
280000,3,heartbeat,4,4,1.04904285714,-13732,22275,8
280000,5,heartbeat,3,3,0.939481428571,16945.2,22275,8
280000,7,heartbeat,2,2,0.920507142857,22258,22275,8
280000,9,heartbeat,2,2,0.920446428571,22275,22275,8
280000,11,heartbeat,2,2,0.920446428571,22275,22275,8
290000,3,heartbeat,4,4,1.04890310345,-14181.9,23202,8
290000,5,heartbeat,3,3,0.939063908046,17671.4666667,23202,8
290000,7,heartbeat,2,2,0.920065517241,23181,23202,8
290000,9,heartbeat,2,2,0.919993103448,23202,23202,8
290000,11,heartbeat,2,2,0.919993103448,23202,23202,8
300000,3,heartbeat,4,4,1.049053,-14715.9,23965,8
300000,5,heartbeat,3,3,0.939140888889,18257.7333333,23965,8
300000,7,heartbeat,2,2,0.92019,23943,23965,8
300000,9,heartbeat,2,2,0.920116666667,23965,23965,8
300000,11,heartbeat,2,2,0.920116666667,23965,23965,8
310000,3,heartbeat,4,4,1.05009451613,-15529.3,24543,9
310000,5,heartbeat,3,3,0.93989655914,18632.0666667,24543,9
310000,7,heartbeat,2,2,0.920919354839,24515,24543,9
310000,9,heartbeat,2,2,0.920829032258,24543,24543,9
310000,11,heartbeat,2,2,0.920829032258,24543,24543,9
320000,3,heartbeat,4,4,1.05033875,-16108.4,25220,9
320000,5,heartbeat,3,3,0.940205416667,19134.2666667,25220,9
320000,7,heartbeat,2,2,0.9212875,25188,25220,9
320000,9,heartbeat,2,2,0.9211875,25220,25220,9
320000,11,heartbeat,2,2,0.9211875,25220,25220,9
330000,3,heartbeat,4,4,1.05046939394,-16654.9,26075,9
330000,5,heartbeat,3,3,0.940007474747,19797.5333333,26075,9
330000,7,heartbeat,2,2,0.921063636364,26049,26075,9
330000,9,heartbeat,2,2,0.920984848485,26075,26075,9
330000,11,heartbeat,2,2,0.920984848485,26075,26075,9
340000,3,heartbeat,4,4,1.05107235294,-17364.6,26686,9
340000,5,heartbeat,3,3,0.94062745098,20186.6666667,26686,9
340000,7,heartbeat,2,2,0.921597058824,26657,26686,9
340000,9,heartbeat,2,2,0.921511764706,26686,26686,9
340000,11,heartbeat,2,2,0.921511764706,26686,26686,9
350000,3,heartbeat,4,4,1.05099942857,-17849.8,27483,8
350000,5,heartbeat,3,3,0.940591619048,20792.9333333,27483,8
350000,7,heartbeat,2,2,0.921577142857,27448,27483,8
350000,9,heartbeat,2,2,0.921477142857,27483,27483,8
350000,11,heartbeat,2,2,0.921477142857,27483,27483,8
360000,3,heartbeat,4,4,1.05174777778,-18629.2,28061,9
360000,5,heartbeat,3,3,0.941164074074,21180.9333333,28061,9
360000,7,heartbeat,2,2,0.922169444444,28019,28061,9
360000,9,heartbeat,2,2,0.922052777778,28061,28061,9
360000,11,heartbeat,2,2,0.922052777778,28061,28061,9
370000,3,heartbeat,4,4,1.05179324324,-19163.5,28957,8
370000,5,heartbeat,3,3,0.940834234234,21891.3333333,28957,8
370000,7,heartbeat,2,2,0.921821621622,28926,28957,8
370000,9,heartbeat,2,2,0.921737837838,28957,28957,8
370000,11,heartbeat,2,2,0.921737837838,28957,28957,8
380000,3,heartbeat,4,4,1.05238947368,-19908,29524,9
380000,5,heartbeat,3,3,0.941417192982,22261.4666667,29524,9
380000,7,heartbeat,2,2,0.922389473684,29492,29524,9
380000,9,heartbeat,2,2,0.922305263158,29524,29524,9
380000,11,heartbeat,2,2,0.922305263158,29524,29524,9
390000,3,heartbeat,4,4,1.05284589744,-20609.9,30186,8
390000,5,heartbeat,3,3,0.941703247863,22735.7333333,30186,8
390000,7,heartbeat,2,2,0.922679487179,30155,30186,8
390000,9,heartbeat,2,2,0.9226,30186,30186,8
390000,11,heartbeat,2,2,0.9226,30186,30186,8
400000,3,heartbeat,4,4,1.05272625,-21090.5,31057,9
400000,5,heartbeat,3,3,0.941571166667,23371.5333333,31057,9
400000,7,heartbeat,2,2,0.922485,31006,31057,9
400000,9,heartbeat,2,2,0.9223575,31057,31057,9
400000,11,heartbeat,2,2,0.9223575,31057,31057,9
410000,3,heartbeat,4,4,1.05317609756,-21802.2,31654,9
410000,5,heartbeat,3,3,0.941883739837,23827.6666667,31654,9
410000,7,heartbeat,2,2,0.922902439024,31610,31654,9
410000,9,heartbeat,2,2,0.922795121951,31654,31654,9
410000,11,heartbeat,2,2,0.922795121951,31654,31654,9
420000,3,heartbeat,4,4,1.05334119048,-22403.3,32423,8
420000,5,heartbeat,3,3,0.94192952381,24389.6,32423,8
420000,7,heartbeat,2,2,0.922888095238,32387,32423,8
420000,9,heartbeat,2,2,0.922802380952,32423,32423,8
420000,11,heartbeat,2,2,0.922802380952,32423,32423,8
430000,3,heartbeat,4,4,1.05400767442,-23223.3,33152,8
430000,5,heartbeat,3,3,0.94216248062,24870.1333333,33152,8
430000,7,heartbeat,2,2,0.922997674419,33111,33152,8
430000,9,heartbeat,2,2,0.922902325581,33152,33152,8
430000,11,heartbeat,2,2,0.922902325581,33152,33152,8
440000,3,heartbeat,4,4,1.05378659091,-23666.1,33810,8
440000,5,heartbeat,3,3,0.942296818182,25389.4,33810,8
440000,7,heartbeat,2,2,0.923259090909,33766,33810,8
440000,9,heartbeat,2,2,0.923159090909,33810,33810,8
440000,11,heartbeat,2,2,0.923159090909,33810,33810,8
450000,3,heartbeat,4,4,1.05413555556,-24361,34636,8
450000,5,heartbeat,3,3,0.942276,25975.8,34636,8
450000,7,heartbeat,2,2,0.923133333333,34590,34636,8
450000,9,heartbeat,2,2,0.923031111111,34636,34636,8
450000,11,heartbeat,2,2,0.923031111111,34636,34636,8
460000,3,heartbeat,4,4,1.05415847826,-24912.9,35401,9
460000,5,heartbeat,3,3,0.942292028986,26545.6666667,35401,9
460000,7,heartbeat,2,2,0.923165217391,35344,35401,9
460000,9,heartbeat,2,2,0.923041304348,35401,35401,9
460000,11,heartbeat,2,2,0.923041304348,35401,35401,9
470000,3,heartbeat,4,4,1.05564914894,-26155.1,35515,8
470000,5,heartbeat,3,3,0.94364751773,26485.6666667,35515,8
470000,7,heartbeat,2,2,0.924540425532,35466,35515,8
470000,9,heartbeat,2,2,0.924436170213,35515,35515,8
470000,11,heartbeat,2,2,0.924436170213,35515,35515,8
480000,3,heartbeat,4,4,1.05482458333,-26315.8,36767,8
480000,5,heartbeat,3,3,0.942682638889,27512.3333333,36767,8
480000,7,heartbeat,2,2,0.923508333333,36716,36767,8
480000,9,heartbeat,2,2,0.923402083333,36767,36767,8
480000,11,heartbeat,2,2,0.923402083333,36767,36767,8
490000,3,heartbeat,4,4,1.05493265306,-26917,37302,9
490000,5,heartbeat,3,3,0.943104081633,27879,37302,9
490000,7,heartbeat,2,2,0.924006122449,37237,37302,9
490000,9,heartbeat,2,2,0.923873469388,37302,37302,9
490000,11,heartbeat,2,2,0.923873469388,37302,37302,9
500000,3,heartbeat,4,4,1.0549814,-27490.7,38250,8
500000,5,heartbeat,3,3,0.942765333333,28617.3333333,38250,8
500000,7,heartbeat,2,2,0.923622,38189,38250,8
500000,9,heartbeat,2,2,0.9235,38250,38250,8
500000,11,heartbeat,2,2,0.9235,38250,38250,8
510000,3,heartbeat,4,4,1.05500058824,-28050.3,38864,8
510000,5,heartbeat,3,3,0.942991111111,29074.5333333,38864,8
510000,7,heartbeat,2,2,0.923896078431,38813,38864,8
510000,9,heartbeat,2,2,0.923796078431,38864,38864,8
510000,11,heartbeat,2,2,0.923796078431,38864,38864,8
520000,3,heartbeat,4,4,1.05532634615,-28769.7,39517,9
520000,5,heartbeat,3,3,0.943286025641,29491.2666667,39517,9
520000,7,heartbeat,2,2,0.924148076923,39443,39517,9
520000,9,heartbeat,2,2,0.924005769231,39517,39517,9
520000,11,heartbeat,2,2,0.924005769231,39517,39517,9
530000,3,heartbeat,4,4,1.05625,-29812.5,40177,9
530000,5,heartbeat,3,3,0.943529308176,29929.4666667,40177,9
530000,7,heartbeat,2,2,0.924324528302,40108,40177,9
530000,9,heartbeat,2,2,0.924194339623,40177,40177,9
530000,11,heartbeat,2,2,0.924194339623,40177,40177,9
540000,3,heartbeat,4,4,1.05572259259,-30090.2,40989,9
540000,5,heartbeat,3,3,0.943349876543,30591.0666667,40989,9
540000,7,heartbeat,2,2,0.924209259259,40927,40989,9
540000,9,heartbeat,2,2,0.924094444444,40989,40989,9
540000,11,heartbeat,2,2,0.924094444444,40989,40989,9
550000,3,heartbeat,4,4,1.05608854545,-30848.7,41656,9
550000,5,heartbeat,3,3,0.943580969697,31030.4666667,41656,9
550000,7,heartbeat,2,2,0.924392727273,41584,41656,9
550000,9,heartbeat,2,2,0.924261818182,41656,41656,9
550000,11,heartbeat,2,2,0.924261818182,41656,41656,9
560000,3,heartbeat,4,4,1.05637428571,-31569.6,42373,9
560000,5,heartbeat,3,3,0.94365452381,31553.4666667,42373,9
560000,7,heartbeat,2,2,0.924464285714,42300,42373,9
560000,9,heartbeat,2,2,0.924333928571,42373,42373,9
560000,11,heartbeat,2,2,0.924333928571,42373,42373,9
570000,3,heartbeat,4,4,1.05664333333,-32286.7,42878,9
570000,5,heartbeat,3,3,0.944020233918,31908.4666667,42878,9
570000,7,heartbeat,2,2,0.924898245614,42808,42878,9
570000,9,heartbeat,2,2,0.924775438596,42878,42878,9
570000,11,heartbeat,2,2,0.924775438596,42878,42878,9
580000,3,heartbeat,4,4,1.05703810345,-33082.1,43700,9
580000,5,heartbeat,3,3,0.944062068966,32444,43700,9
580000,7,heartbeat,2,2,0.92479137931,43621,43700,9
580000,9,heartbeat,2,2,0.924655172414,43700,43700,9
580000,11,heartbeat,2,2,0.924655172414,43700,43700,9
590000,3,heartbeat,4,4,1.05675237288,-33483.9,44510,8
590000,5,heartbeat,3,3,0.943911299435,33092.3333333,44510,8
590000,7,heartbeat,2,2,0.924691525424,44432,44510,8
590000,9,heartbeat,2,2,0.924559322034,44510,44510,8
590000,11,heartbeat,2,2,0.924559322034,44510,44510,8
600000,3,heartbeat,4,4,1.056962,-34177.2,45252,9
600000,5,heartbeat,3,3,0.943882777778,33670.3333333,45252,9
600000,7,heartbeat,2,2,0.924703333333,45178,45252,9
600000,9,heartbeat,2,2,0.92458,45252,45252,9
600000,11,heartbeat,2,2,0.92458,45252,45252,9
610000,3,heartbeat,4,4,1.05750459016,-35077.8,45885,9
610000,5,heartbeat,3,3,0.944203825137,34035.6666667,45885,9
610000,7,heartbeat,2,2,0.924918032787,45800,45885,9
610000,9,heartbeat,2,2,0.924778688525,45885,45885,9
610000,11,heartbeat,2,2,0.924778688525,45885,45885,9
620000,3,heartbeat,4,4,1.05777290323,-35819.2,46465,9
620000,5,heartbeat,3,3,0.944439784946,34447.3333333,46465,9
620000,7,heartbeat,2,2,0.925185483871,46385,46465,9
620000,9,heartbeat,2,2,0.925056451613,46465,46465,9
620000,11,heartbeat,2,2,0.925056451613,46465,46465,9
630000,3,heartbeat,4,4,1.05788793651,-36469.4,47210,8
630000,5,heartbeat,3,3,0.944487089947,34973.1333333,47210,8
630000,7,heartbeat,2,2,0.925193650794,47128,47210,8
630000,9,heartbeat,2,2,0.925063492063,47210,47210,8
630000,11,heartbeat,2,2,0.925063492063,47210,47210,8
640000,3,heartbeat,4,4,1.05800734375,-37124.7,47757,9
640000,5,heartbeat,3,3,0.944728229167,35373.9333333,47757,9
640000,7,heartbeat,2,2,0.9255203125,47667,47757,9
640000,9,heartbeat,2,2,0.9253796875,47757,47757,9
640000,11,heartbeat,2,2,0.9253796875,47757,47757,9
650000,3,heartbeat,4,4,1.05829061538,-37888.9,48485,8
650000,5,heartbeat,3,3,0.944831794872,35859.3333333,48485,8
650000,7,heartbeat,2,2,0.925544615385,48396,48485,8
650000,9,heartbeat,2,2,0.925407692308,48485,48485,8
650000,11,heartbeat,2,2,0.925407692308,48485,48485,8
660000,3,heartbeat,4,4,1.05815363636,-38381.4,49334,9
660000,5,heartbeat,3,3,0.94463,36544.2,49334,9
660000,7,heartbeat,2,2,0.925398484848,49237,49334,9
660000,9,heartbeat,2,2,0.925251515152,49334,49334,9
660000,11,heartbeat,2,2,0.925251515152,49334,49334,9
670000,3,heartbeat,4,4,1.05828746269,-39052.6,50058,8
670000,5,heartbeat,3,3,0.944698308458,37052.1333333,50058,8
670000,7,heartbeat,2,2,0.92542238806,49967,50058,8
670000,9,heartbeat,2,2,0.925286567164,50058,50058,8
670000,11,heartbeat,2,2,0.925286567164,50058,50058,8
680000,3,heartbeat,4,4,1.05826661765,-39621.3,50768,9
680000,5,heartbeat,3,3,0.944768921569,37557.1333333,50768,9
680000,7,heartbeat,2,2,0.925492647059,50665,50768,9
680000,9,heartbeat,2,2,0.925341176471,50768,50768,9
680000,11,heartbeat,2,2,0.925341176471,50768,50768,9
690000,3,heartbeat,4,4,1.0584784058,-40350.1,51378,8
690000,5,heartbeat,3,3,0.944964541063,37974.4666667,51378,8
690000,7,heartbeat,2,2,0.925697101449,51269,51378,8
690000,9,heartbeat,2,2,0.925539130435,51378,51378,8
690000,11,heartbeat,2,2,0.925539130435,51378,51378,8
700000,3,heartbeat,4,4,1.05924885714,-41474.2,51918,9
700000,5,heartbeat,3,3,0.945344285714,38259,51918,9
700000,7,heartbeat,2,2,0.926012857143,51791,51918,9
700000,9,heartbeat,2,2,0.925831428571,51918,51918,9
700000,11,heartbeat,2,2,0.925831428571,51918,51918,9
710000,3,heartbeat,4,4,1.05891197183,-41827.5,52864,9
710000,5,heartbeat,3,3,0.944979906103,39064.2666667,52864,9
710000,7,heartbeat,2,2,0.925685915493,52763,52864,9
710000,9,heartbeat,2,2,0.925543661972,52864,52864,9
710000,11,heartbeat,2,2,0.925543661972,52864,52864,9
720000,3,heartbeat,4,4,1.05918166667,-42610.8,53383,8
720000,5,heartbeat,3,3,0.945340648148,39354.7333333,53383,8
720000,7,heartbeat,2,2,0.925998611111,53281,53383,8
720000,9,heartbeat,2,2,0.925856944444,53383,53383,8
720000,11,heartbeat,2,2,0.925856944444,53383,53383,8
730000,3,heartbeat,4,4,1.05906369863,-43116.5,54289,8
730000,5,heartbeat,3,3,0.945107671233,40071.4,54289,8
730000,7,heartbeat,2,2,0.925802739726,54164,54289,8
730000,9,heartbeat,2,2,0.925631506849,54289,54289,8
730000,11,heartbeat,2,2,0.925631506849,54289,54289,8
740000,3,heartbeat,4,4,1.05942905405,-43977.5,54770,9
740000,5,heartbeat,3,3,0.945473423423,40349.6666667,54770,9
740000,7,heartbeat,2,2,0.926155405405,54645,54770,9
740000,9,heartbeat,2,2,0.925986486486,54770,54770,9
740000,11,heartbeat,2,2,0.925986486486,54770,54770,9
750000,3,heartbeat,4,4,1.0598132,-44859.9,55264,9
750000,5,heartbeat,3,3,0.945768533333,40673.6,55264,9
750000,7,heartbeat,2,2,0.926465333333,55151,55264,9
750000,9,heartbeat,2,2,0.926314666667,55264,55264,9
750000,11,heartbeat,2,2,0.926314666667,55264,55264,9
760000,3,heartbeat,4,4,1.05946118421,-45190.5,56269,9
760000,5,heartbeat,3,3,0.945426491228,41475.8666667,56269,9
760000,7,heartbeat,2,2,0.926128947368,56142,56269,9
760000,9,heartbeat,2,2,0.925961842105,56269,56269,9
760000,11,heartbeat,2,2,0.925961842105,56269,56269,9
770000,3,heartbeat,4,4,1.06007909091,-46260.9,56729,9
770000,5,heartbeat,3,3,0.945815151515,41722.3333333,56729,9
770000,7,heartbeat,2,2,0.926483116883,56608,56729,9
770000,9,heartbeat,2,2,0.926325974026,56729,56729,9
770000,11,heartbeat,2,2,0.926325974026,56729,56729,9
780000,3,heartbeat,4,4,1.06013025641,-46901.6,57438,9
780000,5,heartbeat,3,3,0.945897179487,42200.2,57438,9
780000,7,heartbeat,2,2,0.926534615385,57303,57438,9
780000,9,heartbeat,2,2,0.926361538462,57438,57438,9
780000,11,heartbeat,2,2,0.926361538462,57438,57438,9
790000,3,heartbeat,4,4,1.06052392405,-47813.9,58003,9
790000,5,heartbeat,3,3,0.946114261603,42569.7333333,58003,9
790000,7,heartbeat,2,2,0.92676835443,57853,58003,9
790000,9,heartbeat,2,2,0.926578481013,58003,58003,9
790000,11,heartbeat,2,2,0.926578481013,58003,58003,9
800000,3,heartbeat,4,4,1.06001575,-48012.6,59091,9
800000,5,heartbeat,3,3,0.94564625,43483,59091,9
800000,7,heartbeat,2,2,0.92632,58944,59091,9
800000,9,heartbeat,2,2,0.92613625,59091,59091,9
800000,11,heartbeat,2,2,0.92613625,59091,59091,9
810000,3,heartbeat,4,4,1.06092604938,-49350.1,59229,9
810000,5,heartbeat,3,3,0.946448641975,43376.6,59229,9
810000,7,heartbeat,2,2,0.927060493827,59081,59229,9
810000,9,heartbeat,2,2,0.926877777778,59229,59229,9
810000,11,heartbeat,2,2,0.926877777778,59229,59229,9
820000,3,heartbeat,4,4,1.06068914634,-49765.1,60087,9
820000,5,heartbeat,3,3,0.946271626016,44057.2666667,60087,9
820000,7,heartbeat,2,2,0.92692195122,59924,60087,9
820000,9,heartbeat,2,2,0.926723170732,60087,60087,9
820000,11,heartbeat,2,2,0.926723170732,60087,60087,9
830000,3,heartbeat,4,4,1.06079096386,-50456.5,60735,9
830000,5,heartbeat,3,3,0.946350120482,44529.4,60735,9
830000,7,heartbeat,2,2,0.927,60590,60735,9
830000,9,heartbeat,2,2,0.926825301205,60735,60735,9
830000,11,heartbeat,2,2,0.926825301205,60735,60735,9
840000,3,heartbeat,4,4,1.06088202381,-51140.9,61650,9
840000,5,heartbeat,3,3,0.946185793651,45203.9333333,61650,9
840000,7,heartbeat,2,2,0.926776190476,61508,61650,9
840000,9,heartbeat,2,2,0.926607142857,61650,61650,9
840000,11,heartbeat,2,2,0.926607142857,61650,61650,9
850000,3,heartbeat,4,4,1.06093776471,-51797.1,62216,9
850000,5,heartbeat,3,3,0.946363137255,45591.3333333,62216,9
850000,7,heartbeat,2,2,0.926974117647,62072,62216,9
850000,9,heartbeat,2,2,0.926804705882,62216,62216,9
850000,11,heartbeat,2,2,0.926804705882,62216,62216,9
860000,3,heartbeat,4,4,1.06103872093,-52493.3,62809,9
860000,5,heartbeat,3,3,0.946443255814,46058.8,62809,9
860000,7,heartbeat,2,2,0.927125581395,62672,62809,9
860000,9,heartbeat,2,2,0.92696627907,62809,62809,9
860000,11,heartbeat,2,2,0.92696627907,62809,62809,9
870000,3,heartbeat,4,4,1.06095103448,-53027.4,63690,9
870000,5,heartbeat,3,3,0.946353333333,46672.6,63690,9
870000,7,heartbeat,2,2,0.926986206897,63522,63690,9
870000,9,heartbeat,2,2,0.926793103448,63690,63690,9
870000,11,heartbeat,2,2,0.926793103448,63690,63690,9
880000,3,heartbeat,4,4,1.06143772727,-54065.2,64300,9
880000,5,heartbeat,3,3,0.946507575758,47073.3333333,64300,9
880000,7,heartbeat,2,2,0.927110227273,64143,64300,9
880000,9,heartbeat,2,2,0.926931818182,64300,64300,9
880000,11,heartbeat,2,2,0.926931818182,64300,64300,9
890000,3,heartbeat,4,4,1.06113674157,-54411.7,65183,9
890000,5,heartbeat,3,3,0.94632988764,47766.4,65183,9
890000,7,heartbeat,2,2,0.926940449438,65023,65183,9
890000,9,heartbeat,2,2,0.926760674157,65183,65183,9
890000,11,heartbeat,2,2,0.926760674157,65183,65183,9
900000,3,heartbeat,4,4,1.06169911111,-55529.2,65423,9
900000,5,heartbeat,3,3,0.946883111111,47805.2,65423,9
900000,7,heartbeat,2,2,0.927491111111,65258,65423,9
900000,9,heartbeat,2,2,0.927307777778,65423,65423,9
900000,11,heartbeat,2,2,0.927307777778,65423,65423,9
910000,3,heartbeat,4,4,1.06153945055,-56000.9,66437,9
910000,5,heartbeat,3,3,0.946612893773,48582.2666667,66437,9
910000,7,heartbeat,2,2,0.927201098901,66247,66437,9
910000,9,heartbeat,2,2,0.926992307692,66437,66437,9
910000,11,heartbeat,2,2,0.926992307692,66437,66437,9
920000,3,heartbeat,4,4,1.0618125,-56867.5,66953,9
920000,5,heartbeat,3,3,0.946821666667,48924.0666667,66953,9
920000,7,heartbeat,2,2,0.927404347826,66788,66953,9
920000,9,heartbeat,2,2,0.927225,66953,66953,9
920000,11,heartbeat,2,2,0.927225,66953,66953,9
930000,3,heartbeat,4,4,1.06174731183,-57425,67903,9
930000,5,heartbeat,3,3,0.946635340502,49629.1333333,67903,9
930000,7,heartbeat,2,2,0.927184946237,67718,67903,9
930000,9,heartbeat,2,2,0.926986021505,67903,67903,9
930000,11,heartbeat,2,2,0.926986021505,67903,67903,9
940000,3,heartbeat,4,4,1.06191829787,-58203.2,68281,9
940000,5,heartbeat,3,3,0.946975177305,49843.3333333,68281,9
940000,7,heartbeat,2,2,0.927557446809,68096,68281,9
940000,9,heartbeat,2,2,0.927360638298,68281,68281,9
940000,11,heartbeat,2,2,0.927360638298,68281,68281,9
950000,3,heartbeat,4,4,1.06235705263,-59239.2,68895,9
950000,5,heartbeat,3,3,0.947137122807,50219.7333333,68895,9
950000,7,heartbeat,2,2,0.927674736842,68709,68895,9
950000,9,heartbeat,2,2,0.927478947368,68895,68895,9
950000,11,heartbeat,2,2,0.927478947368,68895,68895,9
960000,3,heartbeat,4,4,1.062020625,-59539.8,69988,8
960000,5,heartbeat,3,3,0.946750555556,51119.4666667,69988,8
960000,7,heartbeat,2,2,0.927278125,69813,69988,8
960000,9,heartbeat,2,2,0.927095833333,69988,69988,8
960000,11,heartbeat,2,2,0.927095833333,69988,69988,8
970000,3,heartbeat,4,4,1.06226237113,-60394.5,70457,9
970000,5,heartbeat,3,3,0.947047285223,51364.1333333,70457,9
970000,7,heartbeat,2,2,0.927564948454,70262,70457,9
970000,9,heartbeat,2,2,0.927363917526,70457,70457,9
970000,11,heartbeat,2,2,0.927363917526,70457,70457,9
980000,3,heartbeat,4,4,1.06262897959,-61376.4,70778,9
980000,5,heartbeat,3,3,0.947394285714,51553.6,70778,9
980000,7,heartbeat,2,2,0.927968367347,70591,70778,9
980000,9,heartbeat,2,2,0.92777755102,70778,70778,9
980000,11,heartbeat,2,2,0.92777755102,70778,70778,9
990000,3,heartbeat,4,4,1.06212434343,-61503.1,72005,10
990000,5,heartbeat,3,3,0.946900606061,52568.4,72005,10
990000,7,heartbeat,2,2,0.927491919192,71783,72005,10
990000,9,heartbeat,2,2,0.927268686869,72004,72005,10
990000,11,heartbeat,2,2,0.927267676768,72005,72005,10
1000000,3,heartbeat,4,4,1.0626114,-62611.4,72413,9
1000000,5,heartbeat,3,3,0.9472664,52733.6,72413,9
1000000,7,heartbeat,2,2,0.927792,72208,72413,9
1000000,9,heartbeat,2,2,0.927587,72413,72413,9
1000000,11,heartbeat,2,2,0.927587,72413,72413,9
