n,shell_lo,shell_hi,candidate_count,raw_edges,distinct_covered,collision_excess,edge_surplus,holes,identity_check,active_rows,total_rows,band_count,first_hole_offset,first_hole_value
2,4,9,2,0,0,0,-2,2,2,0,0,0,1,5
3,9,16,3,1,1,0,-2,2,2,1,1,1,2,11
4,16,25,4,1,1,0,-3,3,3,1,1,1,1,17
5,25,36,5,3,3,0,-2,2,2,2,2,1,4,29
6,36,49,6,3,2,1,-3,4,4,1,2,2,1,37
7,49,64,7,5,4,1,-2,3,3,2,3,2,4,53
8,64,81,8,5,4,1,-3,4,4,3,3,2,3,67
9,81,100,9,7,6,1,-2,3,3,3,4,2,2,83
10,100,121,10,8,5,3,-2,5,5,3,4,3,1,101
11,121,144,11,9,7,2,-2,4,4,4,5,3,6,127
12,144,169,12,11,7,4,-1,5,5,3,5,3,5,149
13,169,196,13,14,8,6,1,5,5,3,6,3,4,173
14,196,225,14,11,10,1,-3,4,4,5,6,3,1,197
15,225,256,15,15,9,6,0,6,6,4,7,4,2,227
16,256,289,16,16,9,7,0,7,7,3,7,4,1,257
17,289,324,17,18,12,6,1,5,5,6,8,4,4,293
18,324,361,18,20,12,8,2,6,6,4,8,4,7,331
19,361,400,19,22,13,9,3,6,6,5,9,4,6,367
20,400,441,20,22,13,9,2,7,7,6,9,4,1,401
21,441,484,21,24,14,10,3,7,7,5,10,5,2,443
22,484,529,22,26,15,11,4,7,7,5,10,5,3,487
23,529,576,23,28,17,11,5,6,6,5,11,5,12,541
24,576,625,24,29,15,14,5,9,9,6,11,5,1,577
25,625,676,25,34,17,17,9,8,8,6,12,5,6,631
26,676,729,26,29,19,10,3,7,7,7,12,5,1,677
27,729,784,27,37,19,18,10,8,8,7,13,5,4,733
28,784,841,28,35,19,16,7,9,9,7,13,6,3,787
29,841,900,29,40,21,19,11,8,8,8,14,6,12,853
30,900,961,30,40,22,18,10,8,8,7,14,6,7,907
31,961,1024,31,42,21,21,11,10,10,7,15,6,6,967
32,1024,1089,32,45,23,22,13,9,9,8,15,6,7,1031
33,1089,1156,33,45,23,22,12,10,10,7,16,6,2,1091
34,1156,1225,34,46,25,21,12,9,9,9,16,6,7,1163
35,1225,1296,35,49,25,24,14,10,10,9,17,6,4,1229
36,1296,1369,36,52,27,25,16,9,9,10,17,7,1,1297
37,1369,1444,37,53,28,25,16,9,9,8,18,7,4,1373
38,1444,1521,38,55,26,29,17,12,12,9,18,7,3,1447
39,1521,1600,39,58,28,30,19,11,11,8,19,7,2,1523
40,1600,1681,40,57,28,29,17,12,12,8,19,7,1,1601
41,1681,1764,41,62,30,32,21,11,11,10,20,7,12,1693
42,1764,1849,42,65,33,32,23,9,9,10,20,7,13,1777
43,1849,1936,43,67,31,36,24,12,12,9,21,7,12,1861
44,1936,2025,44,65,33,32,21,11,11,9,21,7,13,1949
45,2025,2116,45,66,32,34,21,13,13,9,22,8,2,2027
46,2116,2209,46,73,36,37,27,10,10,11,22,8,13,2129
47,2209,2304,47,76,34,42,29,13,13,11,23,8,4,2213
48,2304,2401,48,70,33,37,22,15,15,7,23,8,5,2309
49,2401,2500,49,82,39,43,33,10,10,12,24,8,10,2411
50,2500,2601,50,77,39,38,27,11,11,11,24,8,3,2503
51,2601,2704,51,83,36,47,32,15,15,8,25,8,8,2609
52,2704,2809,52,84,36,48,32,16,16,9,25,8,3,2707
53,2809,2916,53,85,41,44,32,12,12,11,26,8,10,2819
54,2916,3025,54,89,41,48,35,13,13,12,26,8,1,2917
55,3025,3136,55,91,44,47,36,11,11,12,27,9,12,3037
56,3136,3249,56,90,44,46,34,12,12,14,27,9,1,3137
57,3249,3364,57,91,40,51,34,17,17,11,28,9,2,3251
58,3364,3481,58,100,45,55,42,13,13,12,28,9,7,3371
59,3481,3600,59,100,43,57,41,16,16,11,29,9,10,3491
60,3600,3721,60,99,44,55,39,16,16,10,29,9,7,3607
61,3721,3844,61,108,48,60,47,13,13,12,30,9,6,3727
62,3844,3969,62,99,45,54,37,17,17,11,30,9,3,3847
63,3969,4096,63,113,48,65,50,15,15,13,31,9,20,3989
64,4096,4225,64,103,50,53,39,14,14,13,31,9,3,4099
65,4225,4356,65,113,49,64,48,16,16,12,32,9,4,4229
66,4356,4489,66,115,51,64,49,15,15,13,32,10,1,4357
67,4489,4624,67,116,52,64,49,15,15,12,33,10,4,4493
68,4624,4761,68,117,51,66,49,17,17,15,33,10,13,4637
69,4761,4900,69,122,56,66,53,13,13,16,34,10,22,4783
70,4900,5041,70,123,49,74,53,21,21,9,34,10,3,4903
71,5041,5184,71,125,56,69,54,15,15,13,35,10,10,5051
72,5184,5329,72,131,57,74,59,15,15,13,35,10,5,5189
73,5329,5476,73,131,56,75,58,17,17,13,36,10,4,5333
74,5476,5625,74,128,57,71,54,17,17,14,36,10,1,5477
75,5625,5776,75,138,57,81,63,18,18,13,37,10,14,5639
76,5776,5929,76,133,54,79,57,22,22,14,37,10,3,5779
77,5929,6084,77,139,63,76,62,14,14,16,38,10,10,5939
78,6084,6241,78,145,60,85,67,18,18,13,38,11,5,6089
79,6241,6400,79,137,56,81,58,23,23,11,39,11,6,6247
80,6400,6561,80,151,67,84,71,13,13,19,39,11,21,6421
81,6561,6724,81,147,61,86,66,20,20,12,40,11,2,6563
82,6724,6889,82,151,63,88,69,19,19,14,40,11,9,6733
83,6889,7056,83,155,63,92,72,20,20,15,41,11,10,6899
84,7056,7225,84,153,67,86,69,17,17,16,41,11,1,7057
85,7225,7396,85,162,69,93,77,16,16,17,42,11,4,7229
86,7396,7569,86,153,65,88,67,21,21,13,42,11,15,7411
87,7569,7744,87,164,65,99,77,22,22,15,43,11,4,7573
88,7744,7921,88,167,70,97,79,18,18,17,43,11,9,7753
89,7921,8100,89,168,71,97,79,18,18,18,44,11,6,7927
90,8100,8281,90,168,70,98,78,20,20,17,44,11,1,8101
91,8281,8464,91,173,71,102,82,20,20,16,45,12,6,8287
92,8464,8649,92,176,73,103,84,19,19,19,45,12,3,8467
93,8649,8836,93,176,70,106,83,23,23,12,46,12,14,8663
94,8836,9025,94,175,73,102,81,21,21,17,46,12,1,8837
95,9025,9216,95,183,74,109,88,21,21,18,47,12,4,9029
96,9216,9409,96,187,75,112,91,21,21,16,47,12,5,9221
97,9409,9604,97,187,75,112,90,22,22,16,48,12,4,9413
98,9604,9801,98,183,75,108,85,23,23,17,48,12,9,9613
99,9801,10000,99,189,78,111,90,21,21,18,49,12,2,9803
100,10000,10201,100,198,77,121,98,23,23,17,49,12,7,10007
101,10201,10404,101,197,79,118,96,22,22,18,50,12,10,10211
102,10404,10609,102,198,82,116,96,20,20,20,50,12,23,10427
103,10609,10816,103,204,82,122,101,21,21,16,51,12,4,10613
104,10816,11025,104,196,83,113,92,21,21,20,51,12,15,10831
105,11025,11236,105,205,84,121,100,21,21,18,52,13,2,11027
106,11236,11449,106,206,82,124,100,24,24,18,52,13,3,11239
107,11449,11664,107,217,88,129,110,19,19,22,53,13,18,11467
108,11664,11881,108,209,85,124,101,23,23,17,53,13,13,11677
109,11881,12100,109,219,85,134,110,24,24,18,54,13,6,11887
110,12100,12321,110,215,86,129,105,24,24,20,54,13,1,12101
111,12321,12544,111,220,84,136,109,27,27,17,55,13,2,12323
112,12544,12769,112,224,87,137,112,25,25,17,55,13,3,12547
113,12769,12996,113,230,89,141,117,24,24,18,56,13,12,12781
114,12996,13225,114,231,89,142,117,25,25,20,56,13,5,13001
115,13225,13456,115,229,93,136,114,22,22,19,57,13,4,13229
116,13456,13689,116,230,93,137,114,23,23,22,57,13,1,13457
117,13689,13924,117,237,88,149,120,29,29,19,58,13,2,13691
118,13924,14161,118,236,97,139,118,21,21,21,58,13,7,13931
119,14161,14400,119,241,100,141,122,19,19,22,59,13,12,14173
120,14400,14641,120,239,91,148,119,29,29,17,59,14,1,14401
121,14641,14884,121,253,93,160,132,28,28,21,60,14,12,14653
122,14884,15129,122,244,99,145,122,23,23,20,60,14,3,14887
123,15129,15376,123,253,93,160,130,30,30,21,61,14,2,15131
124,15376,15625,124,249,99,150,125,25,25,21,61,14,1,15377
125,15625,15876,125,263,98,165,138,27,27,21,62,14,4,15629
126,15876,16129,126,257,97,160,131,29,29,18,62,14,1,15877
127,16129,16384,127,258,104,154,131,23,23,24,63,14,10,16139
128,16384,16641,128,264,104,160,136,24,24,22,63,14,27,16411
129,16641,16900,129,267,105,162,138,24,24,24,64,14,8,16649
130,16900,17161,130,271,102,169,141,28,28,18,64,14,1,16901
131,17161,17424,131,271,103,168,140,28,28,21,65,14,6,17167
132,17424,17689,132,277,104,173,145,28,28,23,65,14,7,17431
133,17689,17956,133,282,108,174,149,25,25,23,66,14,18,17707
134,17956,18225,134,267,103,164,133,31,31,19,66,14,1,17957
135,18225,18496,135,279,105,174,144,30,30,21,67,14,4,18229
136,18496,18769,136,291,113,178,155,23,23,24,67,15,7,18503
137,18769,19044,137,280,115,165,143,22,22,24,68,15,4,18773
138,19044,19321,138,294,111,183,156,27,27,21,68,15,7,19051
139,19321,19600,139,294,106,188,155,33,33,20,69,15,12,19333
140,19600,19881,140,296,115,181,156,25,25,23,69,15,3,19603
141,19881,20164,141,293,108,185,152,33,33,18,70,15,8,19889
142,20164,20449,142,300,113,187,158,29,29,21,70,15,9,20173
143,20449,20736,143,308,119,189,165,24,24,27,71,15,28,20477
144,20736,21025,144,299,112,187,155,32,32,22,71,15,7,20743
145,21025,21316,145,315,119,196,170,26,26,23,72,15,6,21031
146,21316,21609,146,301,112,189,155,34,34,23,72,15,1,21317
147,21609,21904,147,314,117,197,167,30,30,25,73,15,2,21611
148,21904,22201,148,318,115,203,170,33,33,19,73,15,7,21911
149,22201,22500,149,316,123,193,167,26,26,25,74,15,28,22229
150,22500,22801,150,324,118,206,174,32,32,22,74,15,1,22501
151,22801,23104,151,325,118,207,174,33,33,23,75,15,6,22807
152,23104,23409,152,323,125,198,171,27,27,25,75,15,13,23117
153,23409,23716,153,330,123,207,177,30,30,23,76,16,8,23417
154,23716,24025,154,328,119,209,174,35,35,20,76,16,3,23719
155,24025,24336,155,336,125,211,181,30,30,26,77,16,4,24029
156,24336,24649,156,339,129,210,183,27,27,27,77,16,1,24337
157,24649,24964,157,337,129,208,180,28,28,26,78,16,10,24659
158,24964,25281,158,344,127,217,186,31,31,22,78,16,3,24967
159,25281,25600,159,347,129,218,188,30,30,27,79,16,20,25301
160,25600,25921,160,341,127,214,181,33,33,24,79,16,1,25601
161,25921,26244,161,351,129,222,190,32,32,28,80,16,10,25931
162,26244,26569,162,362,130,232,200,32,32,25,80,16,5,26249
163,26569,26896,163,354,127,227,191,36,36,24,81,16,4,26573
164,26896,27225,164,349,135,214,185,29,29,26,81,16,7,26903
165,27225,27556,165,358,135,223,193,30,30,26,82,16,14,27239
166,27556,27889,166,365,133,232,199,33,33,22,82,16,25,27581
167,27889,28224,167,371,134,237,204,33,33,26,83,16,4,27893
168,28224,28561,168,362,137,225,194,31,31,26,83,16,5,28229
169,28561,28900,169,377,131,246,208,38,38,24,84,16,10,28571
170,28900,29241,170,375,137,238,205,33,33,30,84,16,1,28901
171,29241,29584,171,372,138,234,201,33,33,24,85,17,2,29243
172,29584,29929,172,383,142,241,211,30,30,29,85,17,3,29587
173,29929,30276,173,380,140,240,207,33,33,28,86,17,18,29947
174,30276,30625,174,389,146,243,215,28,28,27,86,17,17,30293
175,30625,30976,175,386,139,247,211,36,36,26,87,17,6,30631
176,30976,31329,176,386,137,249,210,39,39,27,87,17,1,30977
177,31329,31684,177,395,147,248,218,30,30,28,88,17,4,31333
178,31684,32041,178,396,149,247,218,29,29,29,88,17,3,31687
179,32041,32400,179,405,139,266,226,40,40,25,89,17,10,32051
180,32400,32761,180,394,144,250,214,36,36,23,89,17,1,32401
181,32761,33124,181,410,142,268,229,39,39,26,90,17,10,32771
182,33124,33489,182,402,148,254,220,34,34,31,90,17,25,33149
183,33489,33856,183,416,143,273,233,40,40,24,91,17,4,33493
184,33856,34225,184,409,153,256,225,31,31,30,91,17,1,33857
185,34225,34596,185,419,146,273,234,39,39,27,92,17,6,34231
186,34596,34969,186,419,150,269,233,36,36,28,92,17,7,34603
187,34969,35344,187,424,153,271,237,34,34,29,93,17,12,34981
188,35344,35721,188,413,158,255,225,30,30,29,93,17,9,35353
189,35721,36100,189,426,150,276,237,39,39,30,94,17,8,35729
190,36100,36481,190,427,156,271,237,34,34,28,94,18,7,36107
191,36481,36864,191,436,151,285,245,40,40,27,95,18,12,36493
192,36864,37249,192,433,155,278,241,37,37,29,95,18,7,36871
193,37249,37636,193,441,152,289,248,41,41,25,96,18,4,37253
194,37636,38025,194,437,162,275,243,32,32,33,96,18,7,37643
195,38025,38416,195,435,161,274,240,34,34,30,97,18,14,38039
196,38416,38809,196,448,159,289,252,37,37,28,97,18,15,38431
197,38809,39204,197,446,159,287,249,38,38,27,98,18,12,38821
198,39204,39601,198,454,161,293,256,37,37,29,98,18,5,39209
199,39601,40000,199,455,160,295,256,39,39,29,99,18,6,39607
200,40000,40401,200,456,167,289,256,33,33,32,99,18,9,40009
201,40401,40804,201,461,166,295,260,35,35,31,100,18,22,40423
202,40804,41209,202,459,160,299,257,42,42,28,100,18,9,40813
203,41209,41616,203,474,164,310,271,39,39,31,101,18,4,41213
204,41616,42025,204,463,160,303,259,44,44,29,101,18,1,41617
205,42025,42436,205,472,165,307,267,40,40,29,102,18,18,42043
206,42436,42849,206,467,162,305,261,44,44,29,102,18,1,42437
207,42849,43264,207,480,172,308,273,35,35,31,103,18,4,42853
208,43264,43681,208,479,172,307,271,36,36,34,103,18,7,43271
209,43681,44100,209,473,171,302,264,38,38,32,104,18,10,43691
210,44100,44521,210,490,172,318,280,38,38,32,104,19,1,44101
211,44521,44944,211,490,169,321,279,42,42,30,105,19,10,44531
212,44944,45369,212,487,174,313,275,38,38,30,105,19,9,44953
213,45369,45796,213,495,177,318,282,36,36,29,106,19,8,45377
214,45796,46225,214,499,176,323,285,38,38,29,106,19,21,45817
215,46225,46656,215,492,175,317,277,40,40,34,107,19,4,46229
216,46656,47089,216,508,180,328,292,36,36,32,107,19,7,46663
217,47089,47524,217,502,175,327,285,42,42,30,108,19,4,47093
218,47524,47961,218,510,175,335,292,43,43,31,108,19,3,47527
219,47961,48400,219,508,183,325,289,36,36,31,109,19,2,47963
220,48400,48841,220,513,176,337,293,44,44,31,109,19,7,48407
221,48841,49284,221,514,178,336,293,43,43,32,110,19,6,48847
222,49284,49729,222,518,181,337,296,41,41,30,110,19,13,49297
223,49729,50176,223,526,177,349,303,46,46,32,111,19,10,49739
224,50176,50625,224,517,185,332,293,39,39,32,111,19,1,50177
225,50625,51076,225,531,187,344,306,38,38,35,112,19,2,50627
226,51076,51529,226,521,181,340,295,45,45,29,112,19,33,51109
227,51529,51984,227,539,183,356,312,44,44,34,113,19,10,51539
228,51984,52441,228,534,190,344,306,38,38,31,113,19,7,51991
229,52441,52900,229,546,188,358,317,41,41,31,114,19,12,52453
230,52900,53361,230,529,185,344,299,45,45,34,114,19,1,52901
231,53361,53824,231,539,190,349,308,41,41,34,115,20,16,53377
232,53824,54289,232,558,193,365,326,39,39,35,115,20,7,53831
233,54289,54756,233,549,185,364,316,48,48,31,116,20,4,54293
234,54756,55225,234,548,193,355,314,41,41,33,116,20,11,54767
235,55225,55696,235,557,194,363,322,41,41,32,117,20,4,55229
236,55696,56169,236,555,190,365,319,46,46,34,117,20,1,55697
237,56169,56644,237,570,192,378,333,45,45,33,118,20,2,56171
238,56644,57121,238,555,189,366,317,49,49,32,118,20,15,56659
239,57121,57600,239,569,196,373,330,43,43,35,119,20,10,57131
240,57600,58081,240,574,193,381,334,47,47,29,119,20,1,57601
241,58081,58564,241,574,197,377,333,44,44,35,120,20,18,58099
242,58564,59049,242,576,200,376,334,42,42,34,120,20,3,58567
243,59049,59536,243,581,193,388,338,50,50,32,121,20,2,59051
244,59536,60025,244,579,203,376,335,41,41,39,121,20,3,59539
245,60025,60516,245,590,203,387,345,42,42,35,122,20,4,60029
246,60516,61009,246,575,200,375,329,46,46,34,122,20,5,60521
247,61009,61504,247,591,208,383,344,39,39,39,123,20,18,61027
248,61504,62001,248,597,202,395,349,46,46,35,123,20,3,61507
249,62001,62500,249,600,206,394,351,43,43,37,124,20,2,62003
250,62500,63001,250,597,205,392,347,45,45,36,124,20,1,62501
251,63001,63504,251,595,206,389,344,45,45,36,125,20,28,63029
252,63504,64009,252,612,203,409,360,49,49,34,125,20,17,63521
253,64009,64516,253,605,213,392,352,40,40,34,126,21,4,64013
254,64516,65025,254,605,213,392,351,41,41,39,126,21,37,64553
255,65025,65536,255,611,208,403,356,47,47,34,127,21,2,65027
256,65536,66049,256,621,203,418,365,53,53,33,127,21,1,65537
257,66049,66564,257,619,216,403,362,41,41,39,128,21,18,66067
258,66564,67081,258,615,210,405,357,48,48,38,128,21,5,66569
259,67081,67600,259,633,208,425,374,51,51,31,129,21,22,67103
260,67600,68121,260,620,212,408,360,48,48,34,129,21,1,67601
261,68121,68644,261,633,221,412,372,40,40,37,130,21,20,68141
262,68644,69169,262,635,216,419,373,46,46,35,130,21,15,68659
263,69169,69696,263,637,222,415,374,41,41,39,131,21,22,69191
264,69696,70225,264,635,214,421,371,50,50,34,131,21,1,69697
265,70225,70756,265,646,218,428,381,47,47,39,132,21,4,70229
266,70756,71289,266,639,216,423,373,50,50,36,132,21,13,70769
267,71289,71824,267,651,216,435,384,51,51,34,133,21,4,71293
268,71824,72361,268,653,215,438,385,53,53,33,133,21,13,71837
269,72361,72900,269,661,224,437,392,45,45,38,134,21,6,72367
270,72900,73441,270,657,224,433,387,46,46,41,134,21,1,72901
271,73441,73984,271,661,223,438,390,48,48,34,135,21,12,73453
272,73984,74529,272,656,221,435,384,51,51,37,135,21,15,73999
273,74529,75076,273,671,225,446,398,48,48,37,136,21,2,74531
274,75076,75625,274,661,223,438,387,51,51,38,136,21,3,75079
275,75625,76176,275,672,226,446,397,49,49,37,137,21,4,75629
276,76176,76729,276,680,231,449,404,45,45,39,137,22,31,76207
277,76729,77284,277,666,227,439,389,50,50,37,138,22,4,76733
278,77284,77841,278,682,222,460,404,56,56,34,138,22,7,77291
279,77841,78400,279,687,235,452,408,44,44,39,139,22,8,77849
280,78400,78961,280,680,231,449,400,49,49,35,139,22,1,78401
281,78961,79524,281,702,235,467,421,46,46,40,140,22,16,78977
282,79524,80089,282,685,229,456,403,53,53,35,140,22,7,79531
283,80089,80656,283,704,234,470,421,49,49,38,141,22,18,80107
284,80656,81225,284,684,225,459,400,59,59,33,141,22,1,80657
285,81225,81796,285,708,236,472,423,49,49,40,142,22,8,81233
286,81796,82369,286,701,232,469,415,54,54,38,142,22,3,81799
287,82369,82944,287,709,237,472,422,50,50,38,143,22,4,82373
288,82944,83521,288,706,239,467,418,49,49,39,143,22,19,82963
289,83521,84100,289,709,243,466,420,46,46,44,144,22,16,83537
290,84100,84681,290,728,237,491,438,53,53,40,144,22,21,84121
291,84681,85264,291,710,239,471,419,52,52,39,145,22,10,84691
292,85264,85849,292,727,241,486,435,51,51,39,145,22,33,85297
293,85849,86436,293,725,242,483,432,51,51,40,146,22,4,85853
294,86436,87025,294,729,247,482,435,47,47,42,146,22,5,86441
295,87025,87616,295,737,241,496,442,54,54,35,147,22,12,87037
296,87616,88209,296,727,247,480,431,49,49,41,147,22,7,87623
297,88209,88804,297,737,252,485,440,45,45,43,148,22,2,88211
298,88804,89401,298,741,241,500,443,57,57,41,148,22,3,88807
299,89401,90000,299,738,243,495,439,56,56,33,149,22,12,89413
300,90000,90601,300,749,244,505,449,56,56,38,149,23,1,90001
301,90601,91204,301,742,249,493,441,52,52,38,150,23,16,90617
302,91204,91809,302,755,253,502,453,49,49,44,150,23,25,91229
303,91809,92416,303,754,245,509,451,58,58,38,151,23,2,91811
304,92416,93025,304,762,247,515,458,57,57,41,151,23,3,92419
305,93025,93636,305,759,249,510,454,56,56,37,152,23,22,93047
306,93636,94249,306,763,258,505,457,48,48,43,152,23,1,93637
307,94249,94864,307,765,249,516,458,58,58,37,153,23,4,94253
308,94864,95481,308,771,250,521,463,58,58,38,153,23,9,94873
309,95481,96100,309,772,254,518,463,55,55,37,154,23,2,95483
310,96100,96721,310,782,261,521,472,49,49,42,154,23,37,96137
311,96721,97344,311,778,259,519,467,52,52,39,155,23,10,96731
312,97344,97969,312,787,257,530,475,55,55,43,155,23,23,97367
313,97969,98596,313,782,263,519,469,50,50,42,156,23,4,97973
314,98596,99225,314,777,255,522,463,59,59,38,156,23,1,98597
315,99225,99856,315,789,260,529,474,55,55,39,157,23,8,99233
316,99856,100489,316,797,265,532,481,51,51,42,157,23,3,99859
317,100489,101124,317,797,263,534,480,54,54,43,158,23,4,100493
318,101124,101761,318,795,258,537,477,60,60,39,158,23,17,101141
319,101761,102400,319,811,259,552,492,60,60,40,159,23,10,101771
320,102400,103041,320,799,270,529,479,50,50,45,159,23,7,102407
321,103041,103684,321,810,269,541,489,52,52,46,160,23,2,103043
322,103684,104329,322,811,265,546,489,57,57,36,160,23,3,103687
323,104329,104976,323,820,265,555,497,58,58,43,161,23,18,104347
324,104976,105625,324,807,269,538,483,55,55,44,161,23,11,104987
325,105625,106276,325,824,275,549,499,50,50,44,162,24,24,105649
326,106276,106929,326,826,262,564,500,64,64,40,162,24,1,106277
327,106929,107584,327,831,280,551,504,47,47,47,163,24,8,106937
328,107584,108241,328,820,268,552,492,60,60,42,163,24,15,107599
329,108241,108900,329,840,274,566,511,55,55,45,164,24,6,108247
330,108900,109561,330,837,268,569,507,62,62,38,164,24,7,108907
331,109561,110224,331,844,280,564,513,51,51,49,165,24,6,109567
332,110224,110889,332,835,275,560,503,57,57,39,165,24,9,110233
333,110889,111556,333,841,276,565,508,57,57,43,166,24,10,110899
334,111556,112225,334,857,275,582,523,59,59,42,166,24,21,111577
335,112225,112896,335,847,284,563,512,51,51,44,167,24,12,112237
336,112896,113569,336,855,270,585,519,66,66,43,167,24,5,112901
337,113569,114244,337,859,282,577,522,55,55,44,168,24,22,113591
338,114244,114921,338,859,282,577,521,56,56,43,168,24,15,114259
339,114921,115600,339,867,285,582,528,54,54,42,169,24,20,114941
340,115600,116281,340,859,274,585,519,66,66,40,169,24,1,115601
341,116281,116964,341,882,287,595,541,54,54,50,170,24,12,116293
342,116964,117649,342,869,285,584,527,57,57,42,170,24,5,116969
343,117649,118336,343,882,282,600,539,61,61,42,171,24,10,117659
344,118336,119025,344,864,289,575,520,55,55,44,171,24,7,118343
345,119025,119716,345,882,285,597,537,60,60,41,172,24,2,119027
346,119716,120409,346,888,285,603,542,61,61,45,172,24,7,119723
347,120409,121104,347,884,283,601,537,64,64,40,173,24,4,120413
348,121104,121801,348,897,287,610,549,61,61,44,173,24,19,121123
349,121801,122500,349,894,287,607,545,62,62,42,174,24,42,121843
350,122500,123201,350,894,294,600,544,56,56,44,174,24,1,122501
351,123201,123904,351,896,288,608,545,63,63,48,175,25,2,123203
352,123904,124609,352,913,292,621,561,60,60,44,175,25,7,123911
353,124609,125316,353,902,292,610,549,61,61,43,176,25,24,124633
354,125316,126025,354,906,293,613,552,61,61,44,176,25,13,125329
355,126025,126736,355,919,296,623,564,59,59,47,177,25,6,126031
356,126736,127449,356,910,302,608,554,54,54,45,177,25,3,126739
357,127449,128164,357,910,295,615,553,62,62,45,178,25,4,127453
358,128164,128881,358,930,292,638,572,66,66,47,178,25,9,128173
359,128881,129600,359,921,292,629,562,67,67,43,179,25,22,128903
360,129600,130321,360,935,304,631,575,56,56,49,179,25,7,129607
361,130321,131044,361,930,300,630,569,61,61,44,180,25,16,130337
362,131044,131769,362,924,303,621,562,59,59,44,180,25,15,131059
363,131769,132496,363,947,304,643,584,59,59,47,181,25,2,131771
364,132496,133225,364,926,297,629,562,67,67,44,181,25,3,132499
365,133225,133956,365,956,308,648,591,57,57,49,182,25,16,133241
366,133956,134689,366,937,303,634,571,63,63,44,182,25,7,133963
367,134689,135424,367,963,307,656,596,60,60,47,183,25,10,134699
368,135424,136161,368,951,304,647,583,64,64,52,183,25,3,135427
369,136161,136900,369,953,295,658,584,74,74,39,184,25,2,136163
370,136900,137641,370,942,308,634,572,62,62,43,184,25,43,136943
371,137641,138384,371,974,311,663,603,60,60,50,185,25,12,137653
372,138384,139129,372,978,311,667,606,61,61,46,185,25,5,138389
373,139129,139876,373,956,310,646,583,63,63,43,186,25,4,139133
374,139876,140625,374,969,309,660,595,65,65,50,186,25,7,139883
375,140625,141376,375,981,308,673,606,67,67,47,187,25,2,140627
376,141376,142129,376,966,309,657,590,67,67,43,187,25,21,141397
377,142129,142884,377,986,318,668,609,59,59,50,188,25,22,142151
378,142884,143641,378,982,319,663,604,59,59,45,188,26,13,142897
379,143641,144400,379,990,321,669,611,58,58,48,189,26,10,143651
380,144400,145161,380,987,317,670,607,63,63,48,189,26,7,144407
381,145161,145924,381,993,317,676,612,64,64,44,190,26,16,145177
382,145924,146689,382,1002,315,687,620,67,67,49,190,26,7,145931
383,146689,147456,383,995,318,677,612,65,65,47,191,26,12,146701
384,147456,148225,384,1003,323,680,619,61,61,50,191,26,1,147457
385,148225,148996,385,1011,321,690,626,64,64,46,192,26,4,148229
386,148996,149769,386,992,313,679,606,73,73,45,192,26,1,148997
387,149769,150544,387,1017,321,696,630,66,66,48,193,26,2,149771
388,150544,151321,388,1013,323,690,625,65,65,45,193,26,7,150551
389,151321,152100,389,1021,315,706,632,74,74,45,194,26,16,151337
390,152100,152881,390,1020,324,696,630,66,66,52,194,26,11,152111
391,152881,153664,391,1026,327,699,635,64,64,46,195,26,16,152897
392,153664,154449,392,1025,328,697,633,64,64,54,195,26,25,153689
393,154449,155236,393,1023,328,695,630,65,65,52,196,26,10,154459
394,155236,156025,394,1046,327,719,652,67,67,44,196,26,15,155251
395,156025,156816,395,1017,335,682,622,60,60,52,197,26,16,156041
396,156816,157609,396,1054,326,728,658,70,70,44,197,26,1,156817
397,157609,158404,397,1049,335,714,652,62,62,47,198,26,18,157627
398,158404,159201,398,1035,335,700,637,63,63,53,198,26,3,158407
399,159201,160000,399,1054,331,723,655,68,68,48,199,26,8,159209
400,160000,160801,400,1042,331,711,642,69,69,45,199,26,1,160001
401,160801,161604,401,1073,335,738,672,66,66,47,200,26,6,160807
402,161604,162409,402,1046,343,703,644,59,59,54,200,26,7,161611
403,162409,163216,403,1069,329,740,666,74,74,50,201,26,4,162413
404,163216,164025,404,1047,337,710,643,67,67,46,201,26,7,163223
405,164025,164836,405,1079,339,740,674,66,66,51,202,26,14,164039
406,164836,165649,406,1066,344,722,660,62,62,55,202,27,1,164837
407,165649,166464,407,1066,344,722,659,63,63,53,203,27,4,165653
408,166464,167281,408,1084,334,750,676,74,74,42,203,27,7,166471
409,167281,168100,409,1081,346,735,672,63,63,52,204,27,28,167309
410,168100,168921,410,1085,350,735,675,60,60,52,204,27,9,168109
411,168921,169744,411,1087,344,743,676,67,67,54,205,27,16,168937
412,169744,170569,412,1083,337,746,671,75,75,48,205,27,7,169751
413,170569,171396,413,1095,348,747,682,65,65,48,206,27,10,170579
414,171396,172225,414,1101,340,761,687,74,74,51,206,27,5,171401
415,172225,173056,415,1097,344,753,682,71,71,44,207,27,18,172243
416,173056,173889,416,1106,351,755,690,65,65,54,207,27,3,173059
417,173889,174724,417,1099,346,753,682,71,71,51,208,27,2,173891
418,174724,175561,418,1110,359,751,692,59,59,55,208,27,13,174737
419,175561,176400,419,1112,342,770,693,77,77,48,209,27,12,175573
420,176400,177241,420,1116,346,770,696,74,74,47,209,27,1,176401
421,177241,178084,421,1119,360,759,698,61,61,56,210,27,16,177257
422,178084,178929,422,1125,345,780,703,77,77,45,210,27,7,178091
423,178929,179776,423,1137,347,790,714,76,76,50,211,27,2,178931
424,179776,180625,424,1111,349,762,687,75,75,49,211,27,3,179779
425,180625,181476,425,1135,369,766,710,56,56,59,212,27,4,180629
426,181476,182329,426,1134,353,781,708,73,73,47,212,27,23,181499
427,182329,183184,427,1137,355,782,710,72,72,51,213,27,4,182333
428,183184,184041,428,1136,355,781,708,73,73,53,213,27,7,183191
429,184041,184900,429,1133,361,772,704,68,68,55,214,27,2,184043
430,184900,185761,430,1158,352,806,728,78,78,48,214,27,1,184901
431,185761,186624,431,1143,358,785,712,73,73,56,215,27,6,185767
432,186624,187489,432,1157,354,803,725,78,78,46,215,27,5,186629
433,187489,188356,433,1157,370,787,724,63,63,55,216,27,18,187507
434,188356,189225,434,1155,364,791,721,70,70,53,216,27,3,188359
435,189225,190096,435,1158,357,801,723,78,78,51,217,28,4,189229
436,190096,190969,436,1160,368,792,724,68,68,52,217,28,1,190097
437,190969,191844,437,1177,363,814,740,74,74,52,218,28,10,190979
438,191844,192721,438,1172,367,805,734,71,71,53,218,28,17,191861
439,192721,193600,439,1181,364,817,742,75,75,50,219,28,16,192737
440,193600,194481,440,1174,372,802,734,68,68,58,219,28,1,193601
441,194481,195364,441,1169,365,804,728,76,76,48,220,28,2,194483
442,195364,196249,442,1192,371,821,750,71,71,53,220,28,25,195389
443,196249,197136,443,1188,375,813,745,68,68,52,221,28,22,196271
444,197136,198025,444,1182,367,815,738,77,77,56,221,28,1,197137
445,198025,198916,445,1208,371,837,763,74,74,52,222,28,6,198031
446,198916,199809,446,1190,374,816,744,72,72,53,222,28,13,198929
447,199809,200704,447,1206,378,828,759,69,69,57,223,28,2,199811
448,200704,201601,448,1199,378,821,751,70,70,51,223,28,9,200713
449,201601,202500,449,1205,372,833,756,77,77,50,224,28,10,201611
450,202500,203401,450,1220,376,844,770,74,74,52,224,28,19,202519
451,203401,204304,451,1199,386,813,748,65,65,55,225,28,16,203417
452,204304,205209,452,1231,377,854,779,75,75,60,225,28,7,204311
453,205209,206116,453,1220,377,843,767,76,76,51,226,28,2,205211
454,206116,207025,454,1219,380,839,765,74,74,56,226,28,7,206123
455,207025,207936,455,1218,377,841,763,78,78,53,227,28,4,207029
456,207936,208849,456,1237,376,861,781,80,80,52,227,28,5,207941
457,208849,209764,457,1233,380,853,776,77,77,51,228,28,28,208877
458,209764,210681,458,1225,376,849,767,82,82,54,228,28,3,209767
459,210681,211600,459,1241,383,858,782,76,76,51,229,28,28,210709
460,211600,212521,460,1239,390,849,779,70,70,53,229,28,19,211619
461,212521,213444,461,1255,389,866,794,72,72,62,230,28,36,212557
462,213444,214369,462,1242,389,853,780,73,73,51,230,28,5,213449
463,214369,215296,463,1253,389,864,790,74,74,58,231,28,4,214373
464,215296,216225,464,1257,391,866,793,73,73,60,231,28,1,215297
465,216225,217156,465,1250,396,854,785,69,69,55,232,29,8,216233
466,217156,218089,466,1262,388,874,796,78,78,56,232,29,1,217157
467,218089,219024,467,1258,388,870,791,79,79,52,233,29,18,218107
468,219024,219961,468,1273,384,889,805,84,84,51,233,29,7,219031
469,219961,220900,469,1280,395,885,811,74,74,57,234,29,10,219971
470,220900,221841,470,1273,393,880,803,77,77,53,234,29,1,220901
471,221841,222784,471,1276,400,876,805,71,71,60,235,29,8,221849
472,222784,223729,472,1285,390,895,813,82,82,51,235,29,3,222787
473,223729,224676,473,1284,398,886,811,75,75,55,236,29,18,223747
474,224676,225625,474,1281,393,888,807,81,81,54,236,29,1,224677
475,225625,226576,475,1288,401,887,813,74,74,55,237,29,4,225629
476,226576,227529,476,1292,400,892,816,76,76,55,237,29,25,226601
477,227529,228484,477,1293,400,893,816,77,77,62,238,29,2,227531
478,228484,229441,478,1310,394,916,832,84,84,56,238,29,25,228509
479,229441,230400,479,1305,388,917,826,91,91,54,239,29,18,229459
480,230400,231361,480,1290,408,882,810,72,72,58,239,29,31,230431
481,231361,232324,481,1327,408,919,846,73,73,53,240,29,6,231367
482,232324,233289,482,1293,409,884,811,73,73,61,240,29,9,232333
483,233289,234256,483,1331,409,922,848,74,74,59,241,29,4,233293
484,234256,235225,484,1302,401,901,818,83,83,55,241,29,3,234259
485,235225,236196,485,1330,417,913,845,68,68,60,242,29,6,235231
486,236196,237169,486,1316,408,908,830,78,78,52,242,29,11,236207
487,237169,238144,487,1338,416,922,851,71,71,62,243,29,4,237173
488,238144,239121,488,1336,406,930,848,82,82,59,243,29,7,238151
489,239121,240100,489,1340,408,932,851,81,81,49,244,29,16,239137
490,240100,241081,490,1330,411,919,840,79,79,56,244,29,1,240101
491,241081,242064,491,1344,406,938,853,85,85,56,245,29,12,241093
492,242064,243049,492,1351,417,934,859,75,75,61,245,29,5,242069
493,243049,244036,493,1350,414,936,857,79,79,59,246,29,24,243073
494,244036,245025,494,1335,409,926,841,85,85,55,246,29,7,244043
495,245025,246016,495,1367,415,952,872,80,80,54,247,29,4,245029
496,246016,247009,496,1344,411,933,848,85,85,55,247,30,1,246017
497,247009,248004,497,1354,420,934,857,77,77,58,248,30,22,247031
498,248004,249001,498,1371,410,961,873,88,88,55,248,30,17,248021
499,249001,250000,499,1370,419,951,871,80,80,61,249,30,16,249017
500,250000,251001,500,1372,429,943,872,71,71,63,249,30,7,250007
501,251001,252004,501,1373,412,961,872,89,89,50,250,30,2,251003
502,252004,253009,502,1371,424,947,869,78,78,58,250,30,9,252013
503,253009,254016,503,1399,422,977,896,81,81,60,251,30,4,253013
504,254016,255025,504,1368,426,942,864,78,78,62,251,30,5,254021
505,255025,256036,505,1395,417,978,890,88,88,58,252,30,18,255043
506,256036,257049,506,1382,436,946,876,70,70,66,252,30,13,256049
507,257049,258064,507,1392,427,965,885,80,80,57,253,30,4,257053
508,258064,259081,508,1413,422,991,905,86,86,54,253,30,3,258067
509,259081,260100,509,1398,429,969,889,80,80,59,254,30,18,259099
510,260100,261121,510,1402,430,972,892,80,80,64,254,30,11,260111
511,261121,262144,511,1407,436,971,896,75,75,60,255,30,6,261127
512,262144,263169,512,1401,433,968,889,79,79,59,255,30,3,262147
513,263169,264196,513,1417,424,993,904,89,89,60,256,30,2,263171
514,264196,265225,514,1420,435,985,906,79,79,57,256,30,15,264211
515,265225,266256,515,1409,430,979,894,85,85,57,257,30,6,265231
516,266256,267289,516,1426,433,993,910,83,83,64,257,30,5,266261
517,267289,268324,517,1426,421,1005,909,96,96,50,258,30,10,267299
518,268324,269361,518,1429,435,994,911,83,83,61,258,30,19,268343
519,269361,270400,519,1433,437,996,914,82,82,57,259,30,16,269377
520,270400,271441,520,1446,436,1010,926,84,84,60,259,30,7,270407
521,271441,272484,521,1438,432,1006,917,89,89,60,260,30,10,271451
522,272484,273529,522,1435,446,989,913,76,76,66,260,30,23,272507
523,273529,274576,523,1457,448,1009,934,75,75,56,261,30,22,273551
524,274576,275625,524,1434,433,1001,910,91,91,57,261,30,3,274579
525,275625,276676,525,1449,437,1012,924,88,88,60,262,30,16,275641
526,276676,277729,526,1462,447,1015,936,79,79,65,262,30,31,276707
527,277729,278784,527,1451,444,1007,924,83,83,61,263,30,12,277741
528,278784,279841,528,1467,448,1019,939,80,80,57,263,31,17,278801
529,279841,280900,529,1464,443,1021,935,86,86,61,264,31,6,279847
530,280900,281961,530,1463,436,1027,933,94,94,56,264,31,9,280909
531,281961,283024,531,1475,448,1027,944,83,83,61,265,31,10,281971
532,283024,284089,532,1478,456,1022,946,76,76,69,265,31,3,283027
533,284089,285156,533,1475,437,1038,942,96,96,57,266,31,4,284093
534,285156,286225,534,1485,457,1028,951,77,77,62,266,31,5,285161
535,286225,287296,535,1483,450,1033,948,85,85,59,267,31,18,286243
536,287296,288369,536,1485,465,1020,949,71,71,65,267,31,1,287297
537,288369,289444,537,1495,444,1051,958,93,93,58,268,31,14,288383
538,289444,290521,538,1491,453,1038,953,85,85,59,268,31,9,289453
539,290521,291600,539,1507,450,1057,968,89,89,60,269,31,6,290527
540,291600,292681,540,1490,458,1032,950,82,82,58,269,31,19,291619
541,292681,293764,541,1515,463,1052,974,78,78,63,270,31,12,292693
542,293764,294849,542,1497,456,1041,955,86,86,64,270,31,3,293767
543,294849,295936,543,1528,461,1067,985,82,82,63,271,31,10,294859
544,295936,297025,544,1494,453,1041,950,91,91,66,271,31,1,295937
545,297025,298116,545,1523,465,1058,978,80,80,63,272,31,24,297049
546,298116,299209,546,1535,465,1070,989,81,81,66,272,31,37,298153
547,299209,300304,547,1518,463,1055,971,84,84,56,273,31,4,299213
548,300304,301401,548,1520,456,1064,972,92,92,63,273,31,13,300317
549,301401,302500,549,1536,468,1068,987,81,81,66,274,31,2,301403
550,302500,303601,550,1539,453,1086,989,97,97,58,274,31,7,302507
551,303601,304704,551,1542,461,1081,991,90,90,61,275,31,12,303613
552,304704,305809,552,1537,456,1081,985,96,96,54,275,31,5,304709
553,305809,306916,553,1538,464,1074,985,89,89,60,276,31,12,305821
554,306916,308025,554,1549,473,1076,995,81,81,71,276,31,3,306919
555,308025,309136,555,1546,467,1079,991,88,88,58,277,31,2,308027
556,309136,310249,556,1556,470,1086,1000,86,86,67,277,31,1,309137
557,310249,311364,557,1560,471,1089,1003,86,86,63,278,31,24,310273
558,311364,312481,558,1570,472,1098,1012,86,86,66,278,31,7,311371
559,312481,313600,559,1554,469,1085,995,90,90,62,279,31,28,312509
560,313600,314721,560,1554,465,1089,994,95,95,59,279,31,3,313603
561,314721,315844,561,1573,477,1096,1012,84,84,66,280,32,2,314723
562,315844,316969,562,1575,467,1108,1013,95,95,60,280,32,7,315851
563,316969,318096,563,1587,474,1113,1024,89,89,63,281,32,22,316991
564,318096,319225,564,1568,466,1102,1004,98,98,57,281,32,7,318103
565,319225,320356,565,1589,467,1122,1024,98,98,62,282,32,12,319237
566,320356,321489,566,1590,478,1112,1024,88,88,64,282,32,21,320377
567,321489,322624,567,1578,476,1102,1011,91,91,62,283,32,20,321509
568,322624,323761,568,1595,485,1110,1027,83,83,64,283,32,3,322627
569,323761,324900,569,1596,476,1120,1027,93,93,58,284,32,6,323767
570,324900,326041,570,1620,474,1146,1050,96,96,63,284,32,1,324901
571,326041,327184,571,1592,487,1105,1021,84,84,66,285,32,16,326057
572,327184,328329,572,1604,474,1130,1032,98,98,63,285,32,9,327193
573,328329,329476,573,1608,486,1122,1035,87,87,67,286,32,2,328331
574,329476,330625,574,1615,482,1133,1041,92,92,63,286,32,13,329489
575,330625,331776,575,1615,482,1133,1040,93,93,62,287,32,16,330641
576,331776,332929,576,1619,490,1129,1043,86,86,64,287,32,1,331777
577,332929,334084,577,1630,484,1146,1053,93,93,63,288,32,4,332933
578,334084,335241,578,1626,485,1141,1048,93,93,63,288,32,9,334093
579,335241,336400,579,1631,493,1138,1052,86,86,65,289,32,8,335249
580,336400,337561,580,1633,483,1150,1053,97,97,67,289,32,3,336403
581,337561,338724,581,1645,486,1159,1064,95,95,62,290,32,22,337583
582,338724,339889,582,1635,500,1135,1053,82,82,64,290,32,7,338731
583,339889,341056,583,1651,492,1159,1068,91,91,64,291,32,18,339907
584,341056,342225,584,1625,492,1133,1041,92,92,67,291,32,1,341057
585,342225,343396,585,1650,492,1158,1065,93,93,67,292,32,8,342233
586,343396,344569,586,1649,496,1153,1063,90,90,58,292,32,15,343411
587,344569,345744,587,1663,495,1168,1076,92,92,70,293,32,18,344587
588,345744,346921,588,1657,493,1164,1069,95,95,65,293,32,5,345749
589,346921,348100,589,1665,493,1172,1076,96,96,67,294,32,12,346933
590,348100,349281,590,1661,503,1158,1071,87,87,64,294,32,49,348149
591,349281,350464,591,1670,495,1175,1079,96,96,63,295,32,10,349291
592,350464,351649,592,1685,499,1186,1093,93,93,66,295,32,39,350503
593,351649,352836,593,1675,495,1180,1082,98,98,61,296,32,4,351653
594,352836,354025,594,1666,501,1165,1072,93,93,70,296,32,1,352837
595,354025,355216,595,1692,492,1200,1097,103,103,60,297,33,6,354031
596,355216,356409,596,1673,511,1162,1077,85,85,66,297,33,45,355261
597,356409,357604,597,1699,511,1188,1102,86,86,68,298,33,32,356441
598,357604,358801,598,1688,499,1189,1090,99,99,60,298,33,7,357611
599,358801,360000,599,1702,509,1193,1103,90,90,70,299,33,10,358811
600,360000,361201,600,1708,522,1186,1108,78,78,75,299,33,7,360007
601,361201,362404,601,1698,496,1202,1097,105,105,57,300,33,10,361211
602,362404,363609,602,1706,509,1197,1104,93,93,67,300,33,3,362407
603,363609,364816,603,1715,510,1205,1112,93,93,68,301,33,2,363611
604,364816,366025,604,1709,509,1200,1105,95,95,64,301,33,13,364829
605,366025,367236,605,1707,502,1205,1102,103,103,61,302,33,4,366029
606,367236,368449,606,1738,513,1225,1132,93,93,68,302,33,7,367243
607,368449,369664,607,1713,527,1186,1106,80,80,78,303,33,4,368453
608,369664,370881,608,1730,518,1212,1122,90,90,67,303,33,9,369673
609,370881,372100,609,1718,521,1197,1109,88,88,73,304,33,2,370883
610,372100,373321,610,1734,511,1223,1124,99,99,61,304,33,7,372107
611,373321,374544,611,1744,521,1223,1133,90,90,71,305,33,6,373327
612,374544,375769,612,1744,503,1241,1132,109,109,59,305,33,13,374557
613,375769,376996,613,1732,517,1215,1119,96,96,67,306,33,4,375773
614,376996,378225,614,1746,526,1220,1132,88,88,72,306,33,15,377011
615,378225,379456,615,1747,517,1230,1132,98,98,60,307,33,4,378229
616,379456,380689,616,1754,522,1232,1138,94,94,69,307,33,3,379459
617,380689,381924,617,1762,524,1238,1145,93,93,68,308,33,18,380707
618,381924,383161,618,1750,522,1228,1132,96,96,68,308,33,13,381937
619,383161,384400,619,1782,520,1262,1163,99,99,69,309,33,10,383171
620,384400,385641,620,1752,521,1231,1132,99,99,67,309,33,3,384403
621,385641,386884,621,1782,527,1255,1161,94,94,67,310,33,16,385657
622,386884,388129,622,1761,535,1226,1139,87,87,75,310,33,3,386887
623,388129,389376,623,1785,527,1258,1162,96,96,67,311,33,4,388133
624,389376,390625,624,1773,519,1254,1149,105,105,62,311,33,5,389381
625,390625,391876,625,1798,527,1271,1173,98,98,67,312,33,22,390647
626,391876,393129,626,1774,516,1258,1148,110,110,65,312,33,3,391879
627,393129,394384,627,1784,526,1258,1157,101,101,65,313,33,8,393137
628,394384,395641,628,1794,530,1264,1166,98,98,67,313,33,9,394393
629,395641,396900,629,1793,541,1252,1164,88,88,77,314,33,16,395657
630,396900,398161,630,1807,530,1277,1177,100,100,70,314,34,19,396919
631,398161,399424,631,1805,531,1274,1174,100,100,73,315,34,10,398171
632,399424,400689,632,1803,535,1268,1171,97,97,67,315,34,9,399433
633,400689,401956,633,1814,547,1267,1181,86,86,69,316,34,14,400703
634,401956,403225,634,1802,536,1266,1168,98,98,68,316,34,1,401957
635,403225,404496,635,1831,536,1295,1196,99,99,70,317,34,16,403241
636,404496,405769,636,1815,543,1272,1179,93,93,72,317,34,1,404497
637,405769,407044,637,1836,550,1286,1199,87,87,70,318,34,12,405781
638,407044,408321,638,1813,533,1280,1175,105,105,67,318,34,3,407047
639,408321,409600,639,1819,538,1281,1180,101,101,69,319,34,16,408337
640,409600,410881,640,1852,538,1314,1212,102,102,66,319,34,9,409609
641,410881,412164,641,1834,536,1298,1193,105,105,75,320,34,18,410899
642,412164,413449,642,1831,553,1278,1189,89,89,70,320,34,7,412171
643,413449,414736,643,1870,540,1330,1227,103,103,70,321,34,12,413461
644,414736,416025,644,1827,539,1288,1183,105,105,66,321,34,1,414737
645,416025,417316,645,1847,554,1293,1202,91,91,73,322,34,46,416071
646,417316,418609,646,1848,542,1306,1202,104,104,69,322,34,1,417317
647,418609,419904,647,1865,542,1323,1218,105,105,68,323,34,22,418631
648,419904,421201,648,1867,548,1319,1219,100,100,71,323,34,17,419921
649,421201,422500,649,1859,554,1305,1210,95,95,73,324,34,6,421207
650,422500,423801,650,1874,544,1330,1224,106,106,69,324,34,37,422537
651,423801,425104,651,1855,548,1307,1204,103,103,74,325,34,2,423803
652,425104,426409,652,1890,559,1331,1238,93,93,71,325,34,3,425107
653,426409,427716,653,1871,556,1315,1218,97,97,67,326,34,12,426421
654,427716,429025,654,1874,556,1318,1220,98,98,70,326,34,1,427717
655,429025,430336,655,1889,547,1342,1234,108,108,70,327,34,18,429043
656,430336,431649,656,1888,552,1336,1232,104,104,63,327,34,7,430343
657,431649,432964,657,1891,546,1345,1234,111,111,67,328,34,8,431657
658,432964,434281,658,1894,553,1341,1236,105,105,71,328,34,15,432979
659,434281,435600,659,1902,547,1355,1243,112,112,69,329,34,12,434293
660,435600,436921,660,1905,561,1344,1245,99,99,77,329,34,19,435619
661,436921,438244,661,1897,569,1328,1236,92,92,77,330,34,36,436957
662,438244,439569,662,1908,565,1343,1246,97,97,75,330,34,9,438253
663,439569,440896,663,1922,555,1367,1259,108,108,63,331,34,4,439573
664,440896,442225,664,1903,560,1343,1239,104,104,68,331,34,7,440903
665,442225,443556,665,1916,553,1363,1251,112,112,64,332,34,4,442229
666,443556,444889,666,1924,554,1370,1258,112,112,65,332,35,5,443561
667,444889,446224,667,1918,576,1342,1251,91,91,79,333,35,4,444893
668,446224,447561,668,1930,573,1357,1262,95,95,74,333,35,3,446227
669,447561,448900,669,1935,575,1360,1266,94,94,80,334,35,8,447569
670,448900,450241,670,1933,561,1372,1263,109,109,67,334,35,7,448907
671,450241,451584,671,1922,562,1360,1251,109,109,71,335,35,16,450257
672,451584,452929,672,1965,576,1389,1293,96,96,80,335,35,17,451601
673,452929,454276,673,1939,576,1363,1266,97,97,76,336,35,24,452953
674,454276,455625,674,1953,568,1385,1279,106,106,73,336,35,1,454277
675,455625,456976,675,1932,575,1357,1257,100,100,71,337,35,2,455627
676,456976,458329,676,1959,575,1384,1283,101,101,68,337,35,3,456979
677,458329,459684,677,1972,572,1400,1295,105,105,80,338,35,4,458333
678,459684,461041,678,1950,582,1368,1272,96,96,81,338,35,7,459691
679,461041,462400,679,1973,588,1385,1294,91,91,78,339,35,10,461051
680,462400,463761,680,1957,575,1382,1277,105,105,73,339,35,1,462401
681,463761,465124,681,1987,562,1425,1306,119,119,63,340,35,2,463763
682,465124,466489,682,1978,585,1393,1296,97,97,68,340,35,9,465133
683,466489,467856,683,1961,580,1381,1278,103,103,74,341,35,28,466517
684,467856,469225,684,1994,573,1421,1310,111,111,69,341,35,11,467867
685,469225,470596,685,1989,574,1415,1304,111,111,66,342,35,4,469229
686,470596,471969,686,1987,574,1413,1301,112,112,72,342,35,1,470597
687,471969,473344,687,1988,589,1399,1301,98,98,72,343,35,28,471997
688,473344,474721,688,2008,577,1431,1320,111,111,74,343,35,7,473351
689,474721,476100,689,1998,570,1428,1309,119,119,70,344,35,16,474737
690,476100,477481,690,2009,596,1413,1319,94,94,79,344,35,1,476101
691,477481,478864,691,2009,579,1430,1318,112,112,67,345,35,16,477497
692,478864,480249,692,1990,587,1403,1298,105,105,77,345,35,7,478871
693,480249,481636,693,2024,587,1437,1331,106,106,73,346,35,38,480287
694,481636,483025,694,2014,583,1431,1320,111,111,68,346,35,3,481639
695,483025,484416,695,2005,590,1415,1310,105,105,68,347,35,6,483031
696,484416,485809,696,2024,611,1413,1328,85,85,83,347,35,1,484417
697,485809,487204,697,2030,588,1442,1333,109,109,74,348,35,10,485819
698,487204,488601,698,2040,586,1454,1342,112,112,76,348,35,7,487211
699,488601,490000,699,2035,587,1448,1336,112,112,68,349,35,2,488603
700,490000,491401,700,2030,592,1438,1330,108,108,80,349,35,1,490001
701,491401,492804,701,2050,597,1453,1349,104,104,75,350,35,16,491417
702,492804,494209,702,2024,596,1428,1322,106,106,69,350,35,35,492839
703,494209,495616,703,2059,585,1474,1356,118,118,70,351,36,4,494213
704,495616,497025,704,2044,600,1444,1340,104,104,78,351,36,1,495617
705,497025,498436,705,2061,599,1462,1356,106,106,77,352,36,16,497041
706,498436,499849,706,2041,591,1450,1335,115,115,65,352,36,3,498439
707,499849,501264,707,2073,591,1482,1366,116,116,76,353,36,4,499853
708,501264,502681,708,2072,614,1458,1364,94,94,79,353,36,7,501271
709,502681,504100,709,2059,606,1453,1350,103,103,76,354,36,6,502687
710,504100,505521,710,2076,593,1483,1366,117,117,76,354,36,3,504103
711,505521,506944,711,2073,603,1470,1362,108,108,76,355,36,2,505523
712,506944,508369,712,2079,608,1471,1367,104,104,75,355,36,19,506963
713,508369,509796,713,2094,607,1487,1381,106,106,78,356,36,4,508373
714,509796,511225,714,2061,604,1457,1347,110,110,70,356,36,1,509797
715,511225,512656,715,2106,614,1492,1391,101,101,81,357,36,12,511237
716,512656,514089,716,2076,600,1476,1360,116,116,66,357,36,1,512657
717,514089,515524,717,2090,618,1472,1373,99,99,78,358,36,4,514093
718,515524,516961,718,2102,599,1503,1384,119,119,70,358,36,15,515539
719,516961,518400,719,2109,601,1508,1390,118,118,70,359,36,12,516973
720,518400,519841,720,2102,610,1492,1382,110,110,73,359,36,11,518411
721,519841,521284,721,2112,612,1500,1391,109,109,81,360,36,22,519863
722,521284,522729,722,2114,605,1509,1392,117,117,74,360,36,15,521299
723,522729,524176,723,2120,619,1501,1397,104,104,84,361,36,8,522737
724,524176,525625,724,2118,611,1507,1394,113,113,74,361,36,13,524189
725,525625,527076,725,2107,606,1501,1382,119,119,69,362,36,16,525641
726,527076,528529,726,2138,621,1517,1412,105,105,77,362,36,5,527081
727,528529,529984,727,2131,619,1512,1404,108,108,77,363,36,30,528559
728,529984,531441,728,2132,617,1515,1404,111,111,78,363,36,3,529987
729,531441,532900,729,2143,618,1525,1414,111,111,77,364,36,16,531457
730,532900,534361,730,2134,620,1514,1404,110,110,77,364,36,7,532907
731,534361,535824,731,2142,630,1512,1411,101,101,79,365,36,6,534367
732,535824,537289,732,2164,607,1557,1432,125,125,73,365,36,25,535849
733,537289,538756,733,2136,631,1505,1403,102,102,81,366,36,18,537307
734,538756,540225,734,2136,629,1507,1402,105,105,83,366,36,7,538763
735,540225,541696,735,2167,624,1543,1432,111,111,76,367,36,8,540233
736,541696,543169,736,2150,622,1528,1414,114,114,77,367,36,3,541699
737,543169,544644,737,2180,629,1551,1443,108,108,77,368,36,18,543187
738,544644,546121,738,2149,629,1520,1411,109,109,77,368,36,7,544651
739,546121,547600,739,2186,632,1554,1447,107,107,82,369,36,16,546137
740,547600,549081,740,2158,626,1532,1418,114,114,79,369,36,1,547601
741,549081,550564,741,2185,628,1557,1444,113,113,77,370,37,8,549089
742,550564,552049,742,2177,625,1552,1435,117,117,71,370,37,13,550577
743,552049,553536,743,2173,635,1538,1430,108,108,87,371,37,4,552053
744,553536,555025,744,2209,629,1580,1465,115,115,76,371,37,7,553543
745,555025,556516,745,2179,644,1535,1434,101,101,83,372,37,4,555029
746,556516,558009,746,2201,629,1572,1455,117,117,76,372,37,3,556519
747,558009,559504,747,2190,640,1550,1443,107,107,80,373,37,8,558017
748,559504,561001,748,2199,619,1580,1451,129,129,72,373,37,7,559511
749,561001,562500,749,2224,650,1574,1475,99,99,85,374,37,18,561019
750,562500,564001,750,2192,638,1554,1442,112,112,79,374,37,1,562501
751,564001,565504,751,2210,633,1577,1459,118,118,74,375,37,12,564013
752,565504,567009,752,2226,643,1583,1474,109,109,78,375,37,3,565507
753,567009,568516,753,2224,643,1581,1471,110,110,84,376,37,2,567011
754,568516,570025,754,2216,639,1577,1462,115,115,76,376,37,7,568523
755,570025,571536,755,2224,636,1588,1469,119,119,82,377,37,4,570029
756,571536,573049,756,2235,632,1603,1479,124,124,76,377,37,5,571541
757,573049,574564,757,2228,648,1580,1471,109,109,78,378,37,52,573101
758,574564,576081,758,2230,644,1586,1472,114,114,81,378,37,33,574597
759,576081,577600,759,2248,640,1608,1489,119,119,77,379,37,8,576089
760,577600,579121,760,2237,646,1591,1477,114,114,74,379,37,1,577601
761,579121,580644,761,2264,650,1614,1503,111,111,86,380,37,12,579133
762,580644,582169,762,2235,640,1595,1473,122,122,81,380,37,19,580663
763,582169,583696,763,2273,647,1626,1510,116,116,77,381,37,4,582173
764,583696,585225,764,2229,651,1578,1465,113,113,82,381,37,1,583697
765,585225,586756,765,2261,647,1614,1496,118,118,75,382,37,26,585251
766,586756,588289,766,2256,633,1623,1490,133,133,78,382,37,13,586769
767,588289,589824,767,2272,660,1612,1505,107,107,79,383,37,4,588293
768,589824,591361,768,2270,662,1608,1502,106,106,85,383,37,5,589829
769,591361,592900,769,2272,654,1618,1503,115,115,76,384,37,16,591377
770,592900,594441,770,2288,651,1637,1518,119,119,74,384,37,3,592903
771,594441,595984,771,2272,650,1622,1501,121,121,78,385,37,8,594449
772,595984,597529,772,2289,657,1632,1517,115,115,83,385,37,25,596009
773,597529,599076,773,2293,659,1634,1520,114,114,82,386,37,10,597539
774,599076,600625,774,2284,659,1625,1510,115,115,82,386,37,11,599087
775,600625,602176,775,2308,658,1650,1533,117,117,78,387,37,6,600631
776,602176,603729,776,2287,661,1626,1511,115,115,82,387,37,3,602179
777,603729,605284,777,2291,653,1638,1514,124,124,77,388,37,2,603731
778,605284,606841,778,2318,666,1652,1540,112,112,87,388,37,25,605309
779,606841,608400,779,2309,659,1650,1530,120,120,82,389,37,6,606847
780,608400,609961,780,2314,656,1658,1534,124,124,68,389,38,1,608401
781,609961,611524,781,2306,670,1636,1525,111,111,87,390,38,18,609979
782,611524,613089,782,2312,664,1648,1530,118,118,82,390,38,7,611531
783,613089,614656,783,2330,666,1664,1547,117,117,86,391,38,8,613097
784,614656,616225,784,2309,660,1649,1525,124,124,73,391,38,1,614657
785,616225,617796,785,2344,654,1690,1559,131,131,80,392,38,4,616229
786,617796,619369,786,2336,676,1660,1550,110,110,79,392,38,5,617801
787,619369,620944,787,2334,670,1664,1547,117,117,81,393,38,4,619373
788,620944,622521,788,2340,674,1666,1552,114,114,84,393,38,3,620947
789,622521,624100,789,2336,672,1664,1547,117,117,81,394,38,8,622529
790,624100,625681,790,2352,671,1681,1562,119,119,86,394,38,19,624119
791,625681,627264,791,2352,681,1671,1561,110,110,77,395,38,16,625697
792,627264,628849,792,2363,681,1682,1571,111,111,88,395,38,5,627269
793,628849,630436,793,2362,682,1680,1569,111,111,87,396,38,12,628861
794,630436,632025,794,2346,672,1674,1552,122,122,81,396,38,15,630451
795,632025,633616,795,2362,675,1687,1567,120,120,86,397,38,4,632029
796,633616,635209,796,2363,675,1688,1567,121,121,75,397,38,7,633623
797,635209,636804,797,2389,673,1716,1592,124,124,83,398,38,40,635249
798,636804,638401,798,2356,685,1671,1558,113,113,86,398,38,5,636809
799,638401,640000,799,2394,692,1702,1595,107,107,81,399,38,22,638423
800,640000,641601,800,2366,682,1684,1566,118,118,89,399,38,7,640007
801,641601,643204,801,2397,687,1710,1596,114,114,86,400,38,22,641623
802,643204,644809,802,2390,677,1713,1588,125,125,85,400,38,9,643213
803,644809,646416,803,2370,681,1689,1567,122,122,83,401,38,28,644837
804,646416,648025,804,2410,681,1729,1606,123,123,79,401,38,5,646421
805,648025,649636,805,2410,683,1727,1605,122,122,81,402,38,4,648029
806,649636,651249,806,2380,691,1689,1574,115,115,87,402,38,3,649639
807,651249,652864,807,2400,683,1717,1593,124,124,80,403,38,2,651251
808,652864,654481,808,2417,689,1728,1609,119,119,77,403,38,7,652871
809,654481,656100,809,2423,690,1733,1614,119,119,86,404,38,10,654491
810,656100,657721,810,2410,688,1722,1600,122,122,85,404,38,13,656113
811,657721,659344,811,2424,694,1730,1613,117,117,85,405,38,22,657743
812,659344,660969,812,2433,681,1752,1621,131,131,82,405,38,9,659353
813,660969,662596,813,2411,697,1714,1598,116,116,86,406,38,4,660973
814,662596,664225,814,2433,689,1744,1619,125,125,82,406,38,21,662617
815,664225,665856,815,2437,688,1749,1622,127,127,83,407,38,18,664243
816,665856,667489,816,2444,700,1744,1628,116,116,87,407,38,1,665857
817,667489,669124,817,2449,702,1747,1632,115,115,88,408,38,12,667501
818,669124,670761,818,2428,695,1733,1610,123,123,82,408,38,3,669127
819,670761,672400,819,2430,691,1739,1611,128,128,88,409,38,2,670763
820,672400,674041,820,2467,701,1766,1647,119,119,85,409,39,39,672439
821,674041,675684,821,2464,697,1767,1643,124,124,85,410,39,16,674057
822,675684,677329,822,2447,702,1745,1625,120,120,75,410,39,29,675713
823,677329,678976,823,2458,702,1756,1635,121,121,87,411,39,4,677333
824,678976,680625,824,2468,689,1779,1644,135,135,82,411,39,13,678989
825,680625,682276,825,2450,705,1745,1625,120,120,87,412,39,8,680633
826,682276,683929,826,2481,704,1777,1655,122,122,83,412,39,1,682277
827,683929,685584,827,2471,706,1765,1644,121,121,86,413,39,4,683933
828,685584,687241,828,2495,703,1792,1667,125,125,87,413,39,7,685591
829,687241,688900,829,2455,702,1753,1626,127,127,76,414,39,36,687277
830,688900,690561,830,2519,708,1811,1689,122,122,87,414,39,7,688907
831,690561,692224,831,2473,713,1760,1642,118,118,85,415,39,22,690583
832,692224,693889,832,2491,701,1790,1659,131,131,87,415,39,15,692239
833,693889,695556,833,2497,711,1786,1664,122,122,85,416,39,54,693943
834,695556,697225,834,2517,706,1811,1683,128,128,82,416,39,5,695561
835,697225,698896,835,2502,720,1782,1667,115,115,90,417,39,34,697259
836,698896,700569,836,2492,716,1776,1656,120,120,94,417,39,3,698899
837,700569,702244,837,2510,715,1795,1673,122,122,85,418,39,2,700571
838,702244,703921,838,2514,709,1805,1676,129,129,83,418,39,13,702257
839,703921,705600,839,2524,706,1818,1685,133,133,84,419,39,22,703943
840,705600,707281,840,2514,712,1802,1674,128,128,79,419,39,13,705613
841,707281,708964,841,2538,713,1825,1697,128,128,86,420,39,12,707293
842,708964,710649,842,2517,711,1806,1675,131,131,88,420,39,15,708979
843,710649,712336,843,2548,717,1831,1705,126,126,82,421,39,14,710663
844,712336,714025,844,2515,721,1794,1671,123,123,84,421,39,3,712339
845,714025,715716,845,2548,724,1824,1703,121,121,89,422,39,4,714029
846,715716,717409,846,2546,724,1822,1700,122,122,89,422,39,11,715727
847,717409,719104,847,2540,732,1808,1693,115,115,97,423,39,4,717413
848,719104,720801,848,2546,721,1825,1698,127,127,85,423,39,15,719119
849,720801,722500,849,2551,714,1837,1702,135,135,79,424,39,28,720829
850,722500,724201,850,2566,720,1846,1716,130,130,84,424,39,9,722509
851,724201,725904,851,2557,727,1830,1706,124,124,87,425,39,10,724211
852,725904,727609,852,2569,723,1846,1717,129,129,86,425,39,5,725909
853,727609,729316,853,2562,728,1834,1709,125,125,89,426,39,4,727613
854,729316,731025,854,2552,729,1823,1698,125,125,90,426,39,13,729329
855,731025,732736,855,2590,727,1863,1735,128,128,87,427,39,8,731033
856,732736,734449,856,2562,729,1833,1706,127,127,85,427,39,13,732749
857,734449,736164,857,2594,722,1872,1737,135,135,80,428,39,22,734471
858,736164,737881,858,2567,734,1833,1709,124,124,87,428,39,17,736181
859,737881,739600,859,2607,729,1878,1748,130,130,89,429,39,6,737887
860,739600,741321,860,2587,740,1847,1727,120,120,90,429,39,1,739601
861,741321,743044,861,2580,737,1843,1719,124,124,84,430,40,16,741337
862,743044,744769,862,2601,746,1855,1739,116,116,94,430,40,3,743047
863,744769,746496,863,2605,744,1861,1742,119,119,86,431,40,22,744791
864,746496,748225,864,2613,740,1873,1749,124,124,89,431,40,1,746497
865,748225,749956,865,2613,734,1879,1748,131,131,85,432,40,24,748249
866,749956,751689,866,2597,738,1859,1731,128,128,93,432,40,15,749971
867,751689,753424,867,2627,741,1886,1760,126,126,88,433,40,2,751691
868,753424,755161,868,2619,729,1890,1751,139,139,80,433,40,3,753427
869,755161,756900,869,2609,749,1860,1740,120,120,89,434,40,10,755171
870,756900,758641,870,2640,747,1893,1770,123,123,93,434,40,19,756919
871,758641,760384,871,2639,735,1904,1768,136,136,84,435,40,30,758671
872,760384,762129,872,2627,735,1892,1755,137,137,82,435,40,27,760411
873,762129,763876,873,2634,749,1885,1761,124,124,85,436,40,58,762187
874,763876,765625,874,2630,735,1895,1756,139,139,91,436,40,3,763879
875,765625,767376,875,2647,744,1903,1772,131,131,92,437,40,24,765649
876,767376,769129,876,2648,745,1903,1772,131,131,84,437,40,5,767381
877,769129,770884,877,2652,745,1907,1775,132,132,87,438,40,18,769147
878,770884,772641,878,2648,751,1897,1770,127,127,92,438,40,13,770897
879,772641,774400,879,2682,747,1935,1803,132,132,87,439,40,8,772649
880,774400,776161,880,2637,759,1878,1757,121,121,90,439,40,27,774427
881,776161,777924,881,2657,750,1907,1776,131,131,88,440,40,12,776173
882,777924,779689,882,2698,751,1947,1816,131,131,87,440,40,53,777977
883,779689,781456,883,2668,749,1919,1785,134,134,88,441,40,4,779693
884,781456,783225,884,2669,757,1912,1785,127,127,91,441,40,25,781481
885,783225,784996,885,2667,752,1915,1782,133,133,91,442,40,2,783227
886,784996,786769,886,2694,756,1938,1808,130,130,89,442,40,7,785003
887,786769,788544,887,2690,750,1940,1803,137,137,90,443,40,34,786803
888,788544,790321,888,2686,764,1922,1798,124,124,93,443,40,5,788549
889,790321,792100,889,2701,755,1946,1812,134,134,87,444,40,6,790327
890,792100,793881,890,2700,755,1945,1810,135,135,88,444,40,1,792101
891,793881,795664,891,2696,757,1939,1805,134,134,91,445,40,8,793889
892,795664,797449,892,2694,756,1938,1802,136,136,86,445,40,3,795667
893,797449,799236,893,2715,767,1948,1822,126,126,94,446,40,24,797473
894,799236,801025,894,2710,748,1962,1816,146,146,81,446,40,23,799259
895,801025,802816,895,2716,773,1943,1821,122,122,92,447,40,12,801037
896,802816,804609,896,2706,770,1936,1810,126,126,94,447,40,13,802829
897,804609,806404,897,2729,753,1976,1832,144,144,87,448,40,2,804611
898,806404,808201,898,2718,783,1935,1820,115,115,99,448,40,43,806447
899,808201,810000,899,2744,763,1981,1845,136,136,93,449,40,10,808211
900,810000,811801,900,2706,763,1943,1806,137,137,81,449,40,13,810013
901,811801,813604,901,2752,771,1981,1851,130,130,93,450,40,18,811819
902,813604,815409,902,2732,775,1957,1830,127,127,94,450,40,9,813613
903,815409,817216,903,2748,765,1983,1845,138,138,87,451,41,2,815411
904,817216,819025,904,2733,784,1949,1829,120,120,100,451,41,21,817237
905,819025,820836,905,2749,761,1988,1844,144,144,83,452,41,4,819029
906,820836,822649,906,2770,769,2001,1864,137,137,84,452,41,1,820837
907,822649,824464,907,2743,768,1975,1836,139,139,86,453,41,18,822667
908,824464,826281,908,2767,768,1999,1859,140,140,94,453,41,13,824477
909,826281,828100,909,2760,772,1988,1851,137,137,89,454,41,2,826283
910,828100,829921,910,2777,786,1991,1867,124,124,94,454,41,1,828101
911,829921,831744,911,2768,771,1997,1857,140,140,87,455,41,28,829949
912,831744,833569,912,2766,772,1994,1854,140,140,87,455,41,7,831751
913,833569,835396,913,2790,792,1998,1877,121,121,94,456,41,24,833593
914,835396,837225,914,2781,779,2002,1867,135,135,89,456,41,3,835399
915,837225,839056,915,2774,783,1991,1859,132,132,96,457,41,32,837257
916,839056,840889,916,2794,790,2004,1878,126,126,94,457,41,15,839071
917,840889,842724,917,2787,777,2010,1870,140,140,90,458,41,18,840907
918,842724,844561,918,2807,778,2029,1889,140,140,93,458,41,5,842729
919,844561,846400,919,2800,796,2004,1881,123,123,96,459,41,40,844601
920,846400,848241,920,2802,785,2017,1882,135,135,94,459,41,1,846401
921,848241,850084,921,2800,783,2017,1879,138,138,87,460,41,10,848251
922,850084,851929,922,2814,787,2027,1892,135,135,88,460,41,9,850093
923,851929,853776,923,2818,798,2020,1895,125,125,100,461,41,24,851953
924,853776,855625,924,2806,792,2014,1882,132,132,95,461,41,17,853793
925,855625,857476,925,2829,780,2049,1904,145,145,86,462,41,16,855641
926,857476,859329,926,2822,795,2027,1896,131,131,89,462,41,37,857513
927,859329,861184,927,2833,785,2048,1906,142,142,86,463,41,32,859361
928,861184,863041,928,2839,786,2053,1911,142,142,90,463,41,7,861191
929,863041,864900,929,2815,800,2015,1886,129,129,96,464,41,6,863047
930,864900,866761,930,2842,789,2053,1912,141,141,91,464,41,1,864901
931,866761,868624,931,2851,788,2063,1920,143,143,88,465,41,16,866777
932,868624,870489,932,2841,789,2052,1909,143,143,93,465,41,15,868639
933,870489,872356,933,2856,803,2053,1923,130,130,94,466,41,2,870491
934,872356,874225,934,2844,809,2035,1910,125,125,94,466,41,13,872369
935,874225,876096,935,2858,787,2071,1923,148,148,92,467,41,4,874229
936,876096,877969,936,2848,804,2044,1912,132,132,92,467,41,1,876097
937,877969,879844,937,2877,793,2084,1940,144,144,89,468,41,28,877997
938,879844,881721,938,2852,794,2058,1914,144,144,84,468,41,15,879859
939,881721,883600,939,2902,807,2095,1963,132,132,94,469,41,8,881729
940,883600,885481,940,2856,808,2048,1916,132,132,99,469,41,13,883613
941,885481,887364,941,2885,801,2084,1944,140,140,93,470,41,6,885487
942,887364,889249,942,2879,800,2079,1937,142,142,90,470,41,13,887377
943,889249,891136,943,2890,813,2077,1947,130,130,93,471,41,12,889261
944,891136,893025,944,2864,803,2061,1920,141,141,93,471,41,15,891151
945,893025,894916,945,2889,806,2083,1944,139,139,92,472,41,4,893029
946,894916,896809,946,2899,807,2092,1953,139,139,95,472,42,1,894917
947,896809,898704,947,2905,805,2100,1958,142,142,94,473,42,28,896837
948,898704,900601,948,2885,823,2062,1937,125,125,98,473,42,13,898717
949,900601,902500,949,2925,814,2111,1976,135,135,90,474,42,6,900607
950,902500,904401,950,2903,821,2082,1953,129,129,99,474,42,1,902501
951,904401,906304,951,2904,807,2097,1953,144,144,90,475,42,40,904441
952,906304,908209,952,2930,800,2130,1978,152,152,89,475,42,9,906313
953,908209,910116,953,2925,797,2128,1972,156,156,87,476,42,4,908213
954,910116,912025,954,2923,819,2104,1969,135,135,96,476,42,5,910121
955,912025,913936,955,2921,834,2087,1966,121,121,104,477,42,6,912031
956,913936,915849,956,2918,821,2097,1962,135,135,95,477,42,7,913943
957,915849,917764,957,2956,815,2141,1999,142,142,97,478,42,2,915851
958,917764,919681,958,2924,817,2107,1966,141,141,93,478,42,3,917767
959,919681,921600,959,2956,820,2136,1997,139,139,92,479,42,10,919691
960,921600,923521,960,2921,816,2105,1961,144,144,92,479,42,1,921601
961,923521,925444,961,2968,807,2161,2007,154,154,90,480,42,18,923539
962,925444,927369,962,2949,824,2125,1987,138,138,101,480,42,3,925447
963,927369,929296,963,2944,826,2118,1981,137,137,98,481,42,4,927373
964,929296,931225,964,2978,827,2151,2014,137,137,100,481,42,7,929303
965,931225,933156,965,2955,827,2128,1990,138,138,91,482,42,12,931237
966,933156,935089,966,2981,819,2162,2015,147,147,92,482,42,1,933157
967,935089,937024,967,2949,831,2118,1982,136,136,100,483,42,4,935093
968,937024,938961,968,2978,833,2145,2010,135,135,98,483,42,7,937031
969,938961,940900,969,2975,830,2145,2006,139,139,95,484,42,2,938963
970,940900,942841,970,2987,824,2163,2017,146,146,92,484,42,3,940903
971,942841,944784,971,2990,823,2167,2019,148,148,89,485,42,6,942847
972,944784,946729,972,2983,843,2140,2011,129,129,103,485,42,19,944803
973,946729,948676,973,2997,837,2160,2024,136,136,99,486,42,4,946733
974,948676,950625,974,2982,833,2149,2008,141,141,88,486,42,31,948707
975,950625,952576,975,3004,832,2172,2029,143,143,95,487,42,8,950633
976,952576,954529,976,3003,836,2167,2027,140,140,102,487,42,7,952583
977,954529,956484,977,2994,839,2155,2017,138,138,93,488,42,10,954539
978,956484,958441,978,3015,846,2169,2037,132,132,105,488,42,19,956503
979,958441,960400,979,3019,838,2181,2040,141,141,94,489,42,18,958459
980,960400,962361,980,3006,832,2174,2026,148,148,101,489,42,19,960419
981,962361,964324,981,3021,833,2188,2040,148,148,94,490,42,2,962363
982,964324,966289,982,3034,843,2191,2052,139,139,94,490,42,9,964333
983,966289,968256,983,3041,842,2199,2058,141,141,102,491,42,4,966293
984,968256,970225,984,3015,841,2174,2031,143,143,99,491,42,7,968263
985,970225,972196,985,3038,831,2207,2053,154,154,87,492,42,6,970231
986,972196,974169,986,3021,850,2171,2035,136,136,103,492,42,1,972197
987,974169,976144,987,3055,837,2218,2068,150,150,92,493,42,8,974177
988,976144,978121,988,3050,856,2194,2062,132,132,97,493,42,3,976147
989,978121,980100,989,3034,855,2179,2045,134,134,102,494,42,28,978149
990,980100,982081,990,3056,848,2208,2066,142,142,96,494,43,7,980107
991,982081,984064,991,3060,851,2209,2069,140,140,104,495,43,6,982087
992,984064,986049,992,3060,849,2211,2068,143,143,90,495,43,19,984083
993,986049,988036,993,3059,853,2206,2066,140,140,101,496,43,4,986053
994,988036,990025,994,3065,851,2214,2071,143,143,96,496,43,15,988051
995,990025,992016,995,3093,847,2246,2098,148,148,99,497,43,12,990037
996,992016,994009,996,3067,864,2203,2071,132,132,99,497,43,5,992021
997,994009,996004,997,3075,849,2226,2078,148,148,96,498,43,4,994013
998,996004,998001,998,3088,847,2241,2090,151,151,98,498,43,7,996011
999,998001,1000000,999,3088,860,2228,2089,139,139,101,499,43,8,998009
1000,1000000,1002001,1000,3078,848,2230,2078,152,152,94,499,43,3,1000003
1001,1002001,1004004,1001,3078,848,2230,2077,153,153,91,500,43,16,1002017
1002,1004004,1006009,1002,3122,864,2258,2120,138,138,103,500,43,23,1004027
1003,1006009,1008016,1003,3085,845,2240,2082,158,158,91,501,43,12,1006021
1004,1008016,1010025,1004,3089,851,2238,2085,153,153,94,501,43,1,1008017
1005,1010025,1012036,1005,3109,867,2242,2104,138,138,99,502,43,8,1010033
1006,1012036,1014049,1006,3117,856,2261,2111,150,150,99,502,43,7,1012043
1007,1014049,1016064,1007,3114,858,2256,2107,149,149,100,503,43,12,1014061
1008,1016064,1018081,1008,3116,867,2249,2108,141,141,105,503,43,5,1016069
1009,1018081,1020100,1009,3111,858,2253,2102,151,151,96,504,43,10,1018091
1010,1020100,1022121,1010,3129,860,2269,2119,150,150,92,504,43,1,1020101
1011,1022121,1024144,1011,3132,869,2263,2121,142,142,97,505,43,2,1022123
1012,1024144,1026169,1012,3131,859,2272,2119,153,153,103,505,43,7,1024151
1013,1026169,1028196,1013,3147,866,2281,2134,147,147,100,506,43,28,1026197
1014,1028196,1030225,1014,3121,866,2255,2107,148,148,93,506,43,5,1028201
1015,1030225,1032256,1015,3153,888,2265,2138,127,127,105,507,43,16,1030241
1016,1032256,1034289,1016,3130,858,2272,2114,158,158,93,507,43,3,1032259
1017,1034289,1036324,1017,3163,869,2294,2146,148,148,97,508,43,20,1034309
1018,1036324,1038361,1018,3137,874,2263,2119,144,144,95,508,43,3,1036327
1019,1038361,1040400,1019,3173,884,2289,2154,135,135,103,509,43,22,1038383
1020,1040400,1042441,1020,3169,865,2304,2149,155,155,96,509,43,7,1040407
1021,1042441,1044484,1021,3164,872,2292,2143,149,149,99,510,43,10,1042451
1022,1044484,1046529,1022,3144,879,2265,2122,143,143,102,510,43,25,1044509
1023,1046529,1048576,1023,3178,878,2300,2155,145,145,97,511,43,28,1046557
1024,1048576,1050625,1024,3187,875,2312,2163,149,149,96,511,43,7,1048583
1025,1050625,1052676,1025,3170,885,2285,2145,140,140,110,512,43,6,1050631
1026,1052676,1054729,1026,3178,878,2300,2152,148,148,96,512,43,17,1052693
1027,1054729,1056784,1027,3178,883,2295,2151,144,144,99,513,43,4,1054733
1028,1056784,1058841,1028,3200,879,2321,2172,149,149,101,513,43,9,1056793
1029,1058841,1060900,1029,3193,888,2305,2164,141,141,107,514,43,20,1058861
1030,1060900,1062961,1030,3190,896,2294,2160,134,134,105,514,43,37,1060937
1031,1062961,1065024,1031,3207,871,2336,2176,160,160,95,515,43,16,1062977
1032,1065024,1067089,1032,3205,888,2317,2173,144,144,95,515,43,13,1065037
1033,1067089,1069156,1033,3209,884,2325,2176,149,149,107,516,43,48,1067137
1034,1069156,1071225,1034,3199,880,2319,2165,154,154,101,516,43,15,1069171
1035,1071225,1073296,1035,3205,890,2315,2170,145,145,101,517,44,2,1071227
1036,1073296,1075369,1036,3228,882,2346,2192,154,154,99,517,44,1,1073297
1037,1075369,1077444,1037,3222,889,2333,2185,148,148,94,518,44,22,1075391
1038,1077444,1079521,1038,3220,891,2329,2182,147,147,97,518,44,5,1077449
1039,1079521,1081600,1039,3229,879,2350,2190,160,160,95,519,44,6,1079527
1040,1081600,1083681,1040,3233,891,2342,2193,149,149,100,519,44,31,1081631
1041,1083681,1085764,1041,3239,898,2341,2198,143,143,108,520,44,8,1083689
1042,1085764,1087849,1042,3227,890,2337,2185,152,152,95,520,44,3,1085767
1043,1087849,1089936,1043,3266,906,2360,2223,137,137,107,521,44,12,1087861
1044,1089936,1092025,1044,3236,885,2351,2192,159,159,102,521,44,5,1089941
1045,1092025,1094116,1045,3242,881,2361,2197,164,164,88,522,44,16,1092041
1046,1094116,1096209,1046,3265,891,2374,2219,155,155,100,522,44,7,1094123
1047,1096209,1098304,1047,3243,900,2343,2196,147,147,100,523,44,10,1096219
1048,1098304,1100401,1048,3287,898,2389,2239,150,150,107,523,44,7,1098311
1049,1100401,1102500,1049,3251,899,2352,2202,150,150,102,524,44,18,1100419
1050,1102500,1104601,1050,3269,900,2369,2219,150,150,104,524,44,23,1102523
1051,1104601,1106704,1051,3283,890,2393,2232,161,161,96,525,44,12,1104613
1052,1106704,1108809,1052,3260,890,2370,2208,162,162,101,525,44,37,1106741
1053,1108809,1110916,1053,3291,909,2382,2238,144,144,105,526,44,8,1108817
1054,1110916,1113025,1054,3267,885,2382,2213,169,169,90,526,44,1,1110917
1055,1113025,1115136,1055,3294,907,2387,2239,148,148,103,527,44,4,1113029
1056,1115136,1117249,1056,3292,911,2381,2236,145,145,97,527,44,53,1115189
1057,1117249,1119364,1057,3288,905,2383,2231,152,152,104,528,44,4,1117253
1058,1119364,1121481,1058,3305,900,2405,2247,158,158,102,528,44,25,1119389
1059,1121481,1123600,1059,3283,926,2357,2224,133,133,107,529,44,28,1121509
1060,1123600,1125721,1060,3318,907,2411,2258,153,153,105,529,44,1,1123601
1061,1125721,1127844,1061,3323,909,2414,2262,152,152,108,530,44,18,1125739
1062,1127844,1129969,1062,3302,903,2399,2240,159,159,92,530,44,5,1127849
1063,1129969,1132096,1063,3328,908,2420,2265,155,155,108,531,44,22,1129991
1064,1132096,1134225,1064,3301,907,2394,2237,157,157,99,531,44,27,1132123
1065,1134225,1136356,1065,3331,911,2420,2266,154,154,105,532,44,14,1134239
1066,1136356,1138489,1066,3326,921,2405,2260,145,145,104,532,44,1,1136357
1067,1138489,1140624,1067,3325,917,2408,2258,150,150,98,533,44,30,1138519
1068,1140624,1142761,1068,3349,920,2429,2281,148,148,103,533,44,13,1140637
1069,1142761,1144900,1069,3338,918,2420,2269,151,151,105,534,44,12,1142773
1070,1144900,1147041,1070,3328,920,2408,2258,150,150,109,534,44,1,1144901
1071,1147041,1149184,1071,3334,923,2411,2263,148,148,106,535,44,2,1147043
1072,1149184,1151329,1072,3357,908,2449,2285,164,164,99,535,44,7,1149191
1073,1151329,1153476,1073,3351,919,2432,2278,154,154,98,536,44,4,1151333
1074,1153476,1155625,1074,3339,928,2411,2265,146,146,105,536,44,7,1153483
1075,1155625,1157776,1075,3374,907,2467,2299,168,168,102,537,44,4,1155629
1076,1157776,1159929,1076,3358,924,2434,2282,152,152,109,537,44,15,1157791
1077,1159929,1162084,1077,3382,915,2467,2305,162,162,103,538,44,38,1159967
1078,1162084,1164241,1078,3351,906,2445,2273,172,172,96,538,44,9,1162093
1079,1164241,1166400,1079,3367,930,2437,2288,149,149,95,539,44,12,1164253
1080,1166400,1168561,1080,3397,923,2474,2317,157,157,101,539,44,1,1166401
1081,1168561,1170724,1081,3382,923,2459,2301,158,158,104,540,45,58,1168619
1082,1170724,1172889,1082,3381,935,2446,2299,147,147,109,540,45,3,1170727
1083,1172889,1175056,1083,3374,929,2445,2291,154,154,108,541,45,4,1172893
1084,1175056,1177225,1084,3396,926,2470,2312,158,158,102,541,45,15,1175071
1085,1177225,1179396,1085,3393,921,2472,2308,164,164,102,542,45,12,1177237
1086,1179396,1181569,1086,3409,919,2490,2323,167,167,102,542,45,7,1179403
1087,1181569,1183744,1087,3385,933,2452,2298,154,154,109,543,45,4,1181573
1088,1183744,1185921,1088,3416,923,2493,2328,165,165,100,543,45,9,1183753
1089,1185921,1188100,1089,3405,932,2473,2316,157,157,102,544,45,8,1185929
1090,1188100,1190281,1090,3402,936,2466,2312,154,154,104,544,45,49,1188149
1091,1190281,1192464,1091,3430,930,2500,2339,161,161,105,545,45,10,1190291
1092,1192464,1194649,1092,3420,939,2481,2328,153,153,104,545,45,5,1192469
1093,1194649,1196836,1093,3435,943,2492,2342,150,150,102,546,45,10,1194659
1094,1196836,1199025,1094,3414,937,2477,2320,157,157,108,546,45,1,1196837
1095,1199025,1201216,1095,3432,937,2495,2337,158,158,100,547,45,14,1199039
1096,1201216,1203409,1096,3434,950,2484,2338,146,146,114,547,45,1,1201217
1097,1203409,1205604,1097,3444,952,2492,2347,145,145,110,548,45,12,1203421
1098,1205604,1207801,1098,3434,943,2491,2336,155,155,108,548,45,5,1205609
1099,1207801,1210000,1099,3462,953,2509,2363,146,146,109,549,45,40,1207841
1100,1210000,1212201,1100,3435,935,2500,2335,165,165,104,549,45,3,1210003
1101,1212201,1214404,1101,3465,936,2529,2364,165,165,99,550,45,20,1212221
1102,1214404,1216609,1102,3464,944,2520,2362,158,158,103,550,45,3,1214407
1103,1216609,1218816,1103,3451,941,2510,2348,162,162,106,551,45,10,1216619
1104,1218816,1221025,1104,3454,949,2505,2350,155,155,113,551,45,5,1218821
1105,1221025,1223236,1105,3487,951,2536,2382,154,154,102,552,45,4,1221029
1106,1223236,1225449,1106,3468,953,2515,2362,153,153,109,552,45,1,1223237
1107,1225449,1227664,1107,3462,950,2512,2355,157,157,107,553,45,10,1225459
1108,1227664,1229881,1108,3495,949,2546,2387,159,159,99,553,45,19,1227683
1109,1229881,1232100,1109,3477,945,2532,2368,164,164,106,554,45,16,1229897
1110,1232100,1234321,1110,3473,972,2501,2363,138,138,122,554,45,71,1232171
1111,1234321,1236544,1111,3516,965,2551,2405,146,146,100,555,45,12,1234333
1112,1236544,1238769,1112,3458,947,2511,2346,165,165,105,555,45,9,1236553
1113,1238769,1240996,1113,3511,956,2555,2398,157,157,105,556,45,2,1238771
1114,1240996,1243225,1114,3500,960,2540,2386,154,154,107,556,45,3,1240999
1115,1243225,1245456,1115,3508,955,2553,2393,160,160,108,557,45,46,1243271
1116,1245456,1247689,1116,3502,947,2555,2386,169,169,98,557,45,23,1245479
1117,1247689,1249924,1117,3523,946,2577,2406,171,171,101,558,45,4,1247693
1118,1249924,1252161,1118,3512,968,2544,2394,150,150,112,558,45,15,1249939
1119,1252161,1254400,1119,3523,967,2556,2404,152,152,110,559,45,16,1252177
1120,1254400,1256641,1120,3500,961,2539,2380,159,159,99,559,45,27,1254427
1121,1256641,1258884,1121,3540,944,2596,2419,177,177,99,560,45,18,1256659
1122,1258884,1261129,1122,3543,964,2579,2421,158,158,112,560,45,5,1258889
1123,1261129,1263376,1123,3532,961,2571,2409,162,162,106,561,45,4,1261133
1124,1263376,1265625,1124,3525,963,2562,2401,161,161,106,561,45,1,1263377
1125,1265625,1267876,1125,3552,960,2592,2427,165,165,102,562,45,14,1265639
1126,1267876,1270129,1126,3544,965,2579,2418,161,161,109,562,45,7,1267883
1127,1270129,1272384,1127,3535,953,2582,2408,174,174,101,563,45,12,1270141
1128,1272384,1274641,1128,3555,975,2580,2427,153,153,111,563,46,25,1272409
1129,1274641,1276900,1129,3549,978,2571,2420,151,151,111,564,46,30,1274671
1130,1276900,1279161,1130,3575,975,2600,2445,155,155,110,564,46,3,1276903
1131,1279161,1281424,1131,3556,972,2584,2425,159,159,109,565,46,2,1279163
1132,1281424,1283689,1132,3556,966,2590,2424,166,166,99,565,46,7,1281431
1133,1283689,1285956,1133,3569,969,2600,2436,164,164,106,566,46,12,1283701
1134,1285956,1288225,1134,3574,961,2613,2440,173,173,103,566,46,13,1285969
1135,1288225,1290496,1135,3582,975,2607,2447,160,160,113,567,46,22,1288247
1136,1290496,1292769,1136,3583,983,2600,2447,153,153,106,567,46,7,1290503
1137,1292769,1295044,1137,3582,986,2596,2445,151,151,118,568,46,14,1292783
1138,1295044,1297321,1138,3594,969,2625,2456,169,169,110,568,46,7,1295051
1139,1297321,1299600,1139,3583,986,2597,2444,153,153,115,569,46,12,1297333
1140,1299600,1301881,1140,3616,975,2641,2476,165,165,98,569,46,1,1299601
1141,1301881,1304164,1141,3577,973,2604,2436,168,168,108,570,46,6,1301887
1142,1304164,1306449,1142,3616,985,2631,2474,157,157,106,570,46,3,1304167
1143,1306449,1308736,1143,3602,985,2617,2459,158,158,114,571,46,2,1306451
1144,1308736,1311025,1144,3615,979,2636,2471,165,165,102,571,46,1,1308737
1145,1311025,1313316,1145,3601,986,2615,2456,159,159,112,572,46,4,1311029
1146,1313316,1315609,1146,3617,988,2629,2471,158,158,107,572,46,1,1313317
1147,1315609,1317904,1147,3640,981,2659,2493,166,166,104,573,46,12,1315621
1148,1317904,1320201,1148,3620,986,2634,2472,162,162,111,573,46,13,1317917
1149,1320201,1322500,1149,3630,978,2652,2481,171,171,107,574,46,10,1320211
1150,1322500,1324801,1150,3637,982,2655,2487,168,168,107,574,46,1,1322501
1151,1324801,1327104,1151,3627,987,2640,2476,164,164,107,575,46,18,1324819
1152,1327104,1329409,1152,3636,998,2638,2484,154,154,114,575,46,7,1327111
1153,1329409,1331716,1153,3660,992,2668,2507,161,161,113,576,46,28,1329437
1154,1331716,1334025,1154,3617,991,2626,2463,163,163,115,576,46,3,1331719
1155,1334025,1336336,1155,3668,998,2670,2513,157,157,116,577,46,32,1334057
1156,1336336,1338649,1156,3632,992,2640,2476,164,164,111,577,46,1,1336337
1157,1338649,1340964,1157,3669,983,2686,2512,174,174,109,578,46,4,1338653
1158,1340964,1343281,1158,3643,992,2651,2485,166,166,101,578,46,17,1340981
1159,1343281,1345600,1159,3675,998,2677,2516,161,161,114,579,46,18,1343299
1160,1345600,1347921,1160,3665,1002,2663,2505,158,158,106,579,46,21,1345621
1161,1347921,1350244,1161,3677,1011,2666,2516,150,150,116,580,46,16,1347937
1162,1350244,1352569,1162,3675,990,2685,2513,172,172,106,580,46,3,1350247
1163,1352569,1354896,1163,3668,1003,2665,2505,160,160,114,581,46,28,1352597
1164,1354896,1357225,1164,3690,986,2704,2526,178,178,105,581,46,5,1354901
1165,1357225,1359556,1165,3681,1010,2671,2516,155,155,110,582,46,108,1357333
1166,1359556,1361889,1166,3700,998,2702,2534,168,168,108,582,46,7,1359563
1167,1361889,1364224,1167,3698,998,2700,2531,169,169,111,583,46,14,1361903
1168,1364224,1366561,1168,3688,1012,2676,2520,156,156,113,583,46,15,1364239
1169,1366561,1368900,1169,3708,997,2711,2539,172,172,108,584,46,16,1366577
1170,1368900,1371241,1170,3710,1001,2709,2540,169,169,114,584,46,7,1368907
1171,1371241,1373584,1171,3710,1013,2697,2539,158,158,110,585,46,18,1371259
1172,1373584,1375929,1172,3707,1007,2700,2535,165,165,114,585,46,7,1373591
1173,1375929,1378276,1173,3727,994,2733,2554,179,179,106,586,46,8,1375937
1174,1378276,1380625,1174,3711,1003,2708,2537,171,171,103,586,46,1,1378277
1175,1380625,1382976,1175,3717,1015,2702,2542,160,160,109,587,46,4,1380629
1176,1382976,1385329,1176,3736,1013,2723,2560,163,163,117,587,47,1,1382977
1177,1385329,1387684,1177,3739,1009,2730,2562,168,168,111,588,47,4,1385333
1178,1387684,1390041,1178,3729,1014,2715,2551,164,164,104,588,47,7,1387691
1179,1390041,1392400,1179,3727,1018,2709,2548,161,161,108,589,47,2,1390043
1180,1392400,1394761,1180,3750,1007,2743,2570,173,173,119,589,47,7,1392407
1181,1394761,1397124,1181,3740,1000,2740,2559,181,181,109,590,47,16,1394777
1182,1397124,1399489,1182,3758,1002,2756,2576,180,180,104,590,47,7,1397131
1183,1399489,1401856,1183,3747,1017,2730,2564,166,166,113,591,47,4,1399493
1184,1401856,1404225,1184,3759,1026,2733,2575,158,158,122,591,47,1,1401857
1185,1404225,1406596,1185,3751,1028,2723,2566,157,157,111,592,47,4,1404229
1186,1406596,1408969,1186,3772,1017,2755,2586,169,169,115,592,47,13,1406609
1187,1408969,1411344,1187,3755,1016,2739,2568,171,171,107,593,47,18,1408987
1188,1411344,1413721,1188,3797,1011,2786,2609,177,177,106,593,47,25,1411369
1189,1413721,1416100,1189,3767,1043,2724,2578,146,146,117,594,47,28,1413749
1190,1416100,1418481,1190,3777,1031,2746,2587,159,159,116,594,47,9,1416109
1191,1418481,1420864,1191,3772,1030,2742,2581,161,161,118,595,47,10,1418491
1192,1420864,1423249,1192,3795,1030,2765,2603,162,162,112,595,47,15,1420879
1193,1423249,1425636,1193,3802,1015,2787,2609,178,178,107,596,47,10,1423259
1194,1425636,1428025,1194,3786,1015,2771,2592,179,179,107,596,47,13,1425649
1195,1428025,1430416,1195,3800,1033,2767,2605,162,162,114,597,47,4,1428029
1196,1430416,1432809,1196,3791,1016,2775,2595,180,180,107,597,47,3,1430419
1197,1432809,1435204,1197,3808,1017,2791,2611,180,180,111,598,47,4,1432813
1198,1435204,1437601,1198,3794,1029,2765,2596,169,169,106,598,47,15,1435219
1199,1437601,1440000,1199,3817,1028,2789,2618,171,171,114,599,47,6,1437607
1200,1440000,1442401,1200,3823,1034,2789,2623,166,166,110,599,47,11,1440011
1201,1442401,1444804,1201,3817,1038,2779,2616,163,163,114,600,47,10,1442411
1202,1444804,1447209,1202,3810,1026,2784,2608,176,176,111,600,47,7,1444811
1203,1447209,1449616,1203,3847,1034,2813,2644,169,169,117,601,47,4,1447213
1204,1449616,1452025,1204,3820,1037,2783,2616,167,167,114,601,47,3,1449619
1205,1452025,1454436,1205,3844,1034,2810,2639,171,171,108,602,47,22,1452047
1206,1454436,1456849,1206,3826,1024,2802,2620,182,182,109,602,47,5,1454441
1207,1456849,1459264,1207,3850,1044,2806,2643,163,163,114,603,47,18,1456867
1208,1459264,1461681,1208,3843,1035,2808,2635,173,173,117,603,47,13,1459277
1209,1461681,1464100,1209,3849,1036,2813,2640,173,173,107,604,47,2,1461683
1210,1464100,1466521,1210,3847,1031,2816,2637,179,179,110,604,47,1,1464101
1211,1466521,1468944,1211,3869,1051,2818,2658,160,160,120,605,47,12,1466533
1212,1468944,1471369,1212,3853,1052,2801,2641,160,160,119,605,47,5,1468949
1213,1471369,1473796,1213,3862,1034,2828,2649,179,179,103,606,47,28,1471397
1214,1473796,1476225,1214,3853,1055,2798,2639,159,159,120,606,47,7,1473803
1215,1476225,1478656,1215,3892,1035,2857,2677,180,180,113,607,47,2,1476227
1216,1478656,1481089,1216,3857,1035,2822,2641,181,181,109,607,47,7,1478663
1217,1481089,1483524,1217,3885,1043,2842,2668,174,174,113,608,47,10,1481099
1218,1483524,1485961,1218,3884,1055,2829,2666,163,163,115,608,47,5,1483529
1219,1485961,1488400,1219,3892,1050,2842,2673,169,169,118,609,47,42,1486003
1220,1488400,1490841,1220,3886,1034,2852,2666,186,186,104,609,47,13,1488413
1221,1490841,1493284,1221,3871,1050,2821,2650,171,171,101,610,47,2,1490843
1222,1493284,1495729,1222,3923,1042,2881,2701,180,180,120,610,47,7,1493291
1223,1495729,1498176,1223,3886,1055,2831,2663,168,168,120,611,47,22,1495751
1224,1498176,1500625,1224,3905,1060,2845,2681,164,164,116,611,47,37,1498213
1225,1500625,1503076,1225,3911,1047,2864,2686,178,178,111,612,48,18,1500643
1226,1503076,1505529,1226,3902,1036,2866,2676,190,190,103,612,48,15,1503091
1227,1505529,1507984,1227,3912,1060,2852,2685,167,167,118,613,48,34,1505563
1228,1507984,1510441,1228,3923,1043,2880,2695,185,185,115,613,48,9,1507993
1229,1510441,1512900,1229,3929,1060,2869,2700,169,169,115,614,48,28,1510469
1230,1512900,1515361,1230,3922,1058,2864,2692,172,172,114,614,48,23,1512923
1231,1515361,1517824,1231,3932,1056,2876,2701,175,175,111,615,48,16,1515377
1232,1517824,1520289,1232,3939,1067,2872,2707,165,165,120,615,48,13,1517837
1233,1520289,1522756,1233,3947,1067,2880,2714,166,166,116,616,48,2,1520291
1234,1522756,1525225,1234,3921,1051,2870,2687,183,183,110,616,48,13,1522769
1235,1525225,1527696,1235,3953,1075,2878,2718,160,160,128,617,48,4,1525229
1236,1527696,1530169,1236,3946,1058,2888,2710,178,178,112,617,48,7,1527703
1237,1530169,1532644,1237,3969,1082,2887,2732,155,155,120,618,48,4,1530173
1238,1532644,1535121,1238,3935,1069,2866,2697,169,169,116,618,48,3,1532647
1239,1535121,1537600,1239,3963,1060,2903,2724,179,179,119,619,48,2,1535123
1240,1537600,1540081,1240,3952,1063,2889,2712,177,177,114,619,48,7,1537607
1241,1540081,1542564,1241,3976,1065,2911,2735,176,176,116,620,48,6,1540087
1242,1542564,1545049,1242,3971,1088,2883,2729,154,154,127,620,48,7,1542571
1243,1545049,1547536,1243,3978,1061,2917,2735,182,182,107,621,48,10,1545059
1244,1547536,1550025,1244,3969,1065,2904,2725,179,179,115,621,48,1,1547537
1245,1550025,1552516,1245,3970,1075,2895,2725,170,170,120,622,48,2,1550027
1246,1552516,1555009,1246,4006,1075,2931,2760,171,171,116,622,48,1,1552517
1247,1555009,1557504,1247,3978,1053,2925,2731,194,194,111,623,48,4,1555013
1248,1557504,1560001,1248,3992,1070,2922,2744,178,178,114,623,48,5,1557509
1249,1560001,1562500,1249,4008,1086,2922,2759,163,163,120,624,48,6,1560007
1250,1562500,1565001,1250,3988,1078,2910,2738,172,172,114,624,48,13,1562513
1251,1565001,1567504,1251,4012,1064,2948,2761,187,187,120,625,48,8,1565009
1252,1567504,1570009,1252,3986,1092,2894,2734,160,160,127,625,48,9,1567513
1253,1570009,1572516,1253,4022,1069,2953,2769,184,184,107,626,48,34,1570043
1254,1572516,1575025,1254,4024,1081,2943,2770,173,173,120,626,48,5,1572521
1255,1575025,1577536,1255,4018,1077,2941,2763,178,178,112,627,48,4,1575029
1256,1577536,1580049,1256,4020,1087,2933,2764,169,169,120,627,48,3,1577539
1257,1580049,1582564,1257,4019,1087,2932,2762,170,170,116,628,48,4,1580053
1258,1582564,1585081,1258,4052,1079,2973,2794,179,179,119,628,48,9,1582573
1259,1585081,1587600,1259,4025,1100,2925,2766,159,159,123,629,48,12,1585093
1260,1587600,1590121,1260,4042,1069,2973,2782,191,191,105,629,48,11,1587611
1261,1590121,1592644,1261,4034,1106,2928,2773,155,155,128,630,48,10,1590131
1262,1592644,1595169,1262,4046,1079,2967,2784,183,183,108,630,48,9,1592653
1263,1595169,1597696,1263,4056,1089,2967,2793,174,174,119,631,48,4,1595173
1264,1597696,1600225,1264,4040,1093,2947,2776,171,171,119,631,48,3,1597699
1265,1600225,1602756,1265,4043,1075,2968,2778,190,190,110,632,48,16,1600241
1266,1602756,1605289,1266,4091,1074,3017,2825,192,192,120,632,48,5,1602761
1267,1605289,1607824,1267,4058,1091,2967,2791,176,176,112,633,48,10,1605299
1268,1607824,1610361,1268,4055,1099,2956,2787,169,169,119,633,48,7,1607831
1269,1610361,1612900,1269,4076,1093,2983,2807,176,176,116,634,48,8,1610369
1270,1612900,1615441,1270,4075,1099,2976,2805,171,171,123,634,48,3,1612903
1271,1615441,1617984,1271,4090,1096,2994,2819,175,175,119,635,48,6,1615447
1272,1617984,1620529,1272,4064,1088,2976,2792,184,184,113,635,48,5,1617989
1273,1620529,1623076,1273,4098,1094,3004,2825,179,179,121,636,48,10,1620539
1274,1623076,1625625,1274,4073,1103,2970,2799,171,171,122,636,48,1,1623077
1275,1625625,1628176,1275,4086,1077,3009,2811,198,198,105,637,49,4,1625629
1276,1628176,1630729,1276,4083,1100,2983,2807,176,176,112,637,49,1,1628177
1277,1630729,1633284,1277,4109,1090,3019,2832,187,187,119,638,49,34,1630763
1278,1633284,1635841,1278,4113,1093,3020,2835,185,185,109,638,49,35,1633319
1279,1635841,1638400,1279,4107,1111,2996,2828,168,168,122,639,49,22,1635863
1280,1638400,1640961,1280,4117,1112,3005,2837,168,168,127,639,49,31,1638431
1281,1640961,1643524,1281,4081,1110,2971,2800,171,171,119,640,49,10,1640971
1282,1643524,1646089,1282,4143,1098,3045,2861,184,184,113,640,49,15,1643539
1283,1646089,1648656,1283,4129,1107,3022,2846,176,176,123,641,49,12,1646101
1284,1648656,1651225,1284,4121,1101,3020,2837,183,183,118,641,49,41,1648697
1285,1651225,1653796,1285,4140,1101,3039,2855,184,184,116,642,49,4,1651229
1286,1653796,1656369,1286,4118,1097,3021,2832,189,189,114,642,49,57,1653853
1287,1656369,1658944,1287,4138,1119,3019,2851,168,168,123,643,49,14,1656383
1288,1658944,1661521,1288,4128,1116,3012,2840,172,172,124,643,49,13,1658957
1289,1661521,1664100,1289,4147,1104,3043,2858,185,185,118,644,49,28,1661549
1290,1664100,1666681,1290,4170,1115,3055,2880,175,175,123,644,49,1,1664101
1291,1666681,1669264,1291,4137,1092,3045,2846,199,199,113,645,49,30,1666711
1292,1669264,1671849,1292,4159,1115,3044,2867,177,177,119,645,49,15,1669279
1293,1671849,1674436,1293,4160,1120,3040,2867,173,173,118,646,49,58,1671907
1294,1674436,1677025,1294,4149,1103,3046,2855,191,191,117,646,49,1,1674437
1295,1677025,1679616,1295,4175,1105,3070,2880,190,190,120,647,49,6,1677031
1296,1679616,1682209,1296,4170,1117,3053,2874,179,179,118,647,49,11,1679627
1297,1682209,1684804,1297,4184,1133,3051,2887,164,164,133,648,49,28,1682237
1298,1684804,1687401,1298,4166,1109,3057,2868,189,189,107,648,49,25,1684829
1299,1687401,1690000,1299,4184,1129,3055,2885,170,170,125,649,49,20,1687421
1300,1690000,1692601,1300,4180,1116,3064,2880,184,184,117,649,49,9,1690009
1301,1692601,1695204,1301,4206,1122,3084,2905,179,179,123,650,49,28,1692629
1302,1695204,1697809,1302,4198,1115,3083,2896,187,187,117,650,49,5,1695209
1303,1697809,1700416,1303,4192,1112,3080,2889,191,191,112,651,49,18,1697827
1304,1700416,1703025,1304,4209,1111,3098,2905,193,193,127,651,49,7,1700423
1305,1703025,1705636,1305,4185,1137,3048,2880,168,168,119,652,49,16,1703041
1306,1705636,1708249,1306,4220,1123,3097,2914,183,183,120,652,49,1,1705637
1307,1708249,1710864,1307,4212,1120,3092,2905,187,187,123,653,49,34,1708283
1308,1710864,1713481,1308,4204,1140,3064,2896,168,168,121,653,49,5,1710869
1309,1713481,1716100,1309,4241,1124,3117,2932,185,185,122,654,49,12,1713493
1310,1716100,1718721,1310,4189,1124,3065,2879,186,186,128,654,49,3,1716103
1311,1718721,1721344,1311,4236,1136,3100,2925,175,175,121,655,49,2,1718723
1312,1721344,1723969,1312,4221,1141,3080,2909,171,171,122,655,49,3,1721347
1313,1723969,1726596,1313,4232,1125,3107,2919,188,188,123,656,49,4,1723973
1314,1726596,1729225,1314,4235,1130,3105,2921,184,184,120,656,49,1,1726597
1315,1729225,1731856,1315,4254,1143,3111,2939,172,172,131,657,49,4,1729229
1316,1731856,1734489,1316,4245,1130,3115,2929,186,186,113,657,49,1,1731857
1317,1734489,1737124,1317,4248,1133,3115,2931,184,184,130,658,49,8,1734497
1318,1737124,1739761,1318,4243,1133,3110,2925,185,185,109,658,49,37,1737161
1319,1739761,1742400,1319,4270,1143,3127,2951,176,176,124,659,49,6,1739767
1320,1742400,1745041,1320,4259,1140,3119,2939,180,180,117,659,49,1,1742401
1321,1745041,1747684,1321,4279,1125,3154,2958,196,196,117,660,49,16,1745057
1322,1747684,1750329,1322,4238,1126,3112,2916,196,196,116,660,49,15,1747699
1323,1750329,1752976,1323,4292,1128,3164,2969,195,195,118,661,49,22,1750351
1324,1752976,1755625,1324,4254,1146,3108,2930,178,178,125,661,49,1,1752977
1325,1755625,1758276,1325,4270,1147,3123,2945,178,178,116,662,49,4,1755629
1326,1758276,1760929,1326,4297,1157,3140,2971,169,169,130,662,50,7,1758283
1327,1760929,1763584,1327,4297,1158,3139,2970,169,169,131,663,50,18,1760947
1328,1763584,1766241,1328,4290,1140,3150,2962,188,188,124,663,50,19,1763603
1329,1766241,1768900,1329,4296,1140,3156,2967,189,189,121,664,50,2,1766243
1330,1768900,1771561,1330,4280,1145,3135,2950,185,185,123,664,50,3,1768903
1331,1771561,1774224,1331,4318,1146,3172,2987,185,185,127,665,50,46,1771607
1332,1774224,1776889,1332,4292,1147,3145,2960,185,185,119,665,50,23,1774247
1333,1776889,1779556,1333,4325,1144,3181,2992,189,189,119,666,50,24,1776913
1334,1779556,1782225,1334,4303,1145,3158,2969,189,189,122,666,50,15,1779571
1335,1782225,1784896,1335,4332,1148,3184,2997,187,187,121,667,50,14,1782239
1336,1784896,1787569,1336,4298,1148,3150,2962,188,188,126,667,50,7,1784903
1337,1787569,1790244,1337,4329,1168,3161,2992,169,169,129,668,50,4,1787573
1338,1790244,1792921,1338,4330,1143,3187,2992,195,195,109,668,50,19,1790263
1339,1792921,1795600,1339,4326,1148,3178,2987,191,191,123,669,50,6,1792927
1340,1795600,1798281,1340,4341,1157,3184,3001,183,183,123,669,50,1,1795601
1341,1798281,1800964,1341,4323,1140,3183,2982,201,201,123,670,50,8,1798289
1342,1800964,1803649,1342,4365,1162,3203,3023,180,180,119,670,50,9,1800973
1343,1803649,1806336,1343,4338,1158,3180,2995,185,185,116,671,50,18,1803667
1344,1806336,1809025,1344,4344,1156,3188,3000,188,188,124,671,50,5,1806341
1345,1809025,1811716,1345,4358,1152,3206,3013,193,193,120,672,50,4,1809029
1346,1811716,1814409,1346,4357,1164,3193,3011,182,182,128,672,50,7,1811723
1347,1814409,1817104,1347,4359,1158,3201,3012,189,189,117,673,50,4,1814413
1348,1817104,1819801,1348,4377,1175,3202,3029,173,173,132,673,50,27,1817131
1349,1819801,1822500,1349,4356,1161,3195,3007,188,188,115,674,50,18,1819819
1350,1822500,1825201,1350,4394,1147,3247,3044,203,203,118,674,50,1,1822501
1351,1825201,1827904,1351,4359,1158,3201,3008,193,193,121,675,50,6,1825207
1352,1827904,1830609,1352,4372,1159,3213,3020,193,193,128,675,50,25,1827929
1353,1830609,1833316,1353,4394,1167,3227,3041,186,186,121,676,50,4,1830613
1354,1833316,1836025,1354,4375,1167,3208,3021,187,187,118,676,50,1,1833317
1355,1836025,1838736,1355,4401,1186,3215,3046,169,169,128,677,50,6,1836031
1356,1838736,1841449,1356,4384,1172,3212,3028,184,184,130,677,50,5,1838741
1357,1841449,1844164,1357,4416,1160,3256,3059,197,197,112,678,50,24,1841473
1358,1844164,1846881,1358,4399,1168,3231,3041,190,190,124,678,50,15,1844179
1359,1846881,1849600,1359,4393,1167,3226,3034,192,192,124,679,50,22,1846903
1360,1849600,1852321,1360,4437,1168,3269,3077,192,192,123,679,50,9,1849609
1361,1852321,1855044,1361,4382,1169,3213,3021,192,192,122,680,50,6,1852327
1362,1855044,1857769,1362,4435,1169,3266,3073,193,193,132,680,50,49,1855093
1363,1857769,1860496,1363,4414,1174,3240,3051,189,189,112,681,50,4,1857773
1364,1860496,1863225,1364,4415,1179,3236,3051,185,185,130,681,50,7,1860503
1365,1863225,1865956,1365,4408,1161,3247,3043,204,204,121,682,50,4,1863229
1366,1865956,1868689,1366,4431,1167,3264,3065,199,199,120,682,50,1,1865957
1367,1868689,1871424,1367,4453,1189,3264,3086,178,178,123,683,50,4,1868693
1368,1871424,1874161,1368,4428,1182,3246,3060,186,186,124,683,50,13,1871437
1369,1874161,1876900,1369,4453,1175,3278,3084,194,194,125,684,50,16,1874177
1370,1876900,1879641,1370,4438,1180,3258,3068,190,190,122,684,50,49,1876949
1371,1879641,1882384,1371,4456,1174,3282,3085,197,197,126,685,50,2,1879643
1372,1882384,1885129,1372,4453,1194,3259,3081,178,178,125,685,50,19,1882403
1373,1885129,1887876,1373,4467,1176,3291,3094,197,197,125,686,50,22,1885151
1374,1887876,1890625,1374,4443,1176,3267,3069,198,198,121,686,50,1,1887877
1375,1890625,1893376,1375,4494,1182,3312,3119,193,193,124,687,50,6,1890631
1376,1893376,1896129,1376,4450,1191,3259,3074,185,185,130,687,50,1,1893377
1377,1896129,1898884,1377,4472,1183,3289,3095,194,194,120,688,50,4,1896133
1378,1898884,1901641,1378,4461,1203,3258,3083,175,175,139,688,51,3,1898887
1379,1901641,1904400,1379,4501,1194,3307,3122,185,185,130,689,51,10,1901651
1380,1904400,1907161,1380,4471,1192,3279,3091,188,188,123,689,51,7,1904407
1381,1907161,1909924,1381,4493,1179,3314,3112,202,202,120,690,51,28,1907189
1382,1909924,1912689,1382,4498,1183,3315,3116,199,199,121,690,51,3,1909927
1383,1912689,1915456,1383,4483,1191,3292,3100,192,192,121,691,51,4,1912693
1384,1915456,1918225,1384,4526,1181,3345,3142,203,203,125,691,51,13,1915469
1385,1918225,1920996,1385,4486,1203,3283,3101,182,182,132,692,51,12,1918237
1386,1920996,1923769,1386,4514,1200,3314,3128,186,186,131,692,51,17,1921013
1387,1923769,1926544,1387,4495,1188,3307,3108,199,199,119,693,51,12,1923781
1388,1926544,1929321,1388,4525,1186,3339,3137,202,202,119,693,51,25,1926569
1389,1929321,1932100,1389,4524,1193,3331,3135,196,196,132,694,51,8,1929329
1390,1932100,1934881,1390,4544,1205,3339,3154,185,185,131,694,51,7,1932107
1391,1934881,1937664,1391,4518,1206,3312,3127,185,185,134,695,51,6,1934887
1392,1937664,1940449,1392,4508,1192,3316,3116,200,200,118,695,51,35,1937699
1393,1940449,1943236,1393,4553,1201,3352,3160,192,192,127,696,51,4,1940453
1394,1943236,1946025,1394,4519,1190,3329,3125,204,204,124,696,51,1,1943237
1395,1946025,1948816,1395,4535,1196,3339,3140,199,199,123,697,51,4,1946029
1396,1948816,1951609,1396,4544,1220,3324,3148,176,176,133,697,51,31,1948847
1397,1951609,1954404,1397,4542,1196,3346,3145,201,201,130,698,51,18,1951627
1398,1954404,1957201,1398,4580,1207,3373,3182,191,191,125,698,51,7,1954411
1399,1957201,1960000,1399,4539,1216,3323,3140,183,183,128,699,51,42,1957243
1400,1960000,1962801,1400,4566,1204,3362,3166,196,196,129,699,51,9,1960009
1401,1962801,1965604,1401,4567,1213,3354,3166,188,188,124,700,51,8,1962809
1402,1965604,1968409,1402,4569,1210,3359,3167,192,192,129,700,51,15,1965619
1403,1968409,1971216,1403,4554,1226,3328,3151,177,177,138,701,51,18,1968427
1404,1971216,1974025,1404,4577,1216,3361,3173,188,188,123,701,51,25,1971241
1405,1974025,1976836,1405,4589,1221,3368,3184,184,184,132,702,51,4,1974029
1406,1976836,1979649,1406,4569,1208,3361,3163,198,198,126,702,51,1,1976837
1407,1979649,1982464,1407,4585,1211,3374,3178,196,196,125,703,51,34,1979683
1408,1982464,1985281,1408,4601,1208,3393,3193,200,200,126,703,51,3,1982467
1409,1985281,1988100,1409,4586,1218,3368,3177,191,191,128,704,51,6,1985287
1410,1988100,1990921,1410,4594,1218,3376,3184,192,192,129,704,51,1,1988101
1411,1990921,1993744,1411,4602,1207,3395,3191,204,204,123,705,51,6,1990927
1412,1993744,1996569,1412,4602,1216,3386,3190,196,196,122,705,51,13,1993757
1413,1996569,1999396,1413,4630,1206,3424,3217,207,207,127,706,51,4,1996573
1414,1999396,2002225,1414,4600,1228,3372,3186,186,186,133,706,51,27,1999423
1415,2002225,2005056,1415,4635,1213,3422,3220,202,202,125,707,51,4,2002229
1416,2005056,2007889,1416,4612,1213,3399,3196,203,203,121,707,51,1,2005057
1417,2007889,2010724,1417,4612,1216,3396,3195,201,201,126,708,51,10,2007899
1418,2010724,2013561,1418,4628,1228,3400,3210,190,190,129,708,51,3,2010727
1419,2013561,2016400,1419,4632,1210,3422,3213,209,209,125,709,51,28,2013589
1420,2016400,2019241,1420,4628,1226,3402,3208,194,194,133,709,51,1,2016401
1421,2019241,2022084,1421,4651,1221,3430,3230,200,200,124,710,51,16,2019257
1422,2022084,2024929,1422,4639,1235,3404,3217,187,187,129,710,51,17,2022101
1423,2024929,2027776,1423,4630,1228,3402,3207,195,195,124,711,51,4,2024933
1424,2027776,2030625,1424,4660,1223,3437,3236,201,201,131,711,51,7,2027783
1425,2030625,2033476,1425,4644,1218,3426,3219,207,207,126,712,51,2,2030627
1426,2033476,2036329,1426,4634,1233,3401,3208,193,193,126,712,51,21,2033497
1427,2036329,2039184,1427,4691,1238,3453,3264,189,189,139,713,51,10,2036339
1428,2039184,2042041,1428,4664,1236,3428,3236,192,192,128,713,51,13,2039197
1429,2042041,2044900,1429,4672,1228,3444,3243,201,201,124,714,51,18,2042059
1430,2044900,2047761,1430,4653,1236,3417,3223,194,194,138,714,51,1,2044901
1431,2047761,2050624,1431,4688,1240,3448,3257,191,191,125,715,52,20,2047781
1432,2050624,2053489,1432,4701,1244,3457,3269,188,188,133,715,52,15,2050639
1433,2053489,2056356,1433,4669,1241,3428,3236,192,192,132,716,52,18,2053507
1434,2056356,2059225,1434,4660,1225,3435,3226,209,209,122,716,52,1,2056357
1435,2059225,2062096,1435,4700,1237,3463,3265,198,198,129,717,52,6,2059231
1436,2062096,2064969,1436,4698,1226,3472,3262,210,210,128,717,52,33,2062129
1437,2064969,2067844,1437,4697,1248,3449,3260,189,189,134,718,52,2,2064971
1438,2067844,2070721,1438,4731,1234,3497,3293,204,204,121,718,52,7,2067851
1439,2070721,2073600,1439,4697,1246,3451,3258,193,193,127,719,52,16,2070737
1440,2073600,2076481,1440,4708,1247,3461,3268,193,193,130,719,52,1,2073601
1441,2076481,2079364,1441,4706,1245,3461,3265,196,196,130,720,52,58,2076539
1442,2079364,2082249,1442,4705,1252,3453,3263,190,190,140,720,52,37,2079401
1443,2082249,2085136,1443,4728,1248,3480,3285,195,195,132,721,52,4,2082253
1444,2085136,2088025,1444,4748,1237,3511,3304,207,207,122,721,52,7,2085143
1445,2088025,2090916,1445,4713,1246,3467,3268,199,199,130,722,52,36,2088061
1446,2090916,2093809,1446,4738,1245,3493,3292,201,201,133,722,52,7,2090923
1447,2093809,2096704,1447,4739,1264,3475,3292,183,183,132,723,52,4,2093813
1448,2096704,2099601,1448,4726,1247,3479,3278,201,201,131,723,52,9,2096713
1449,2099601,2102500,1449,4744,1243,3501,3295,206,206,125,724,52,10,2099611
1450,2102500,2105401,1450,4722,1249,3473,3272,201,201,133,724,52,19,2102519
1451,2105401,2108304,1451,4783,1249,3534,3332,202,202,128,725,52,6,2105407
1452,2108304,2111209,1452,4753,1250,3503,3301,202,202,127,725,52,13,2108317
1453,2111209,2114116,1453,4761,1259,3502,3308,194,194,131,726,52,22,2111231
1454,2114116,2117025,1454,4738,1245,3493,3284,209,209,123,726,52,25,2114141
1455,2117025,2119936,1455,4786,1264,3522,3331,191,191,142,727,52,14,2117039
1456,2119936,2122849,1456,4762,1257,3505,3306,199,199,130,727,52,1,2119937
1457,2122849,2125764,1457,4776,1263,3513,3319,194,194,132,728,52,4,2122853
1458,2125764,2128681,1458,4782,1248,3534,3324,210,210,126,728,52,7,2125771
1459,2128681,2131600,1459,4771,1260,3511,3312,199,199,135,729,52,16,2128697
1460,2131600,2134521,1460,4794,1263,3531,3334,197,197,138,729,52,1,2131601
1461,2134521,2137444,1461,4807,1254,3553,3346,207,207,121,730,52,8,2134529
1462,2137444,2140369,1462,4774,1265,3509,3312,197,197,134,730,52,7,2137451
1463,2140369,2143296,1463,4803,1260,3543,3340,203,203,131,731,52,18,2140387
1464,2143296,2146225,1464,4808,1254,3554,3344,210,210,123,731,52,17,2143313
1465,2146225,2149156,1465,4793,1264,3529,3328,201,201,127,732,52,6,2146231
1466,2149156,2152089,1466,4790,1276,3514,3324,190,190,130,732,52,15,2149171
1467,2152089,2155024,1467,4818,1260,3558,3351,207,207,128,733,52,4,2152093
1468,2155024,2157961,1468,4821,1252,3569,3353,216,216,133,733,52,33,2155057
1469,2157961,2160900,1469,4850,1264,3586,3381,205,205,133,734,52,28,2157989
1470,2160900,2163841,1470,4800,1264,3536,3330,206,206,127,734,52,13,2160913
1471,2163841,2166784,1471,4830,1286,3544,3359,185,185,140,735,52,10,2163851
1472,2166784,2169729,1472,4823,1268,3555,3351,204,204,128,735,52,13,2166797
1473,2169729,2172676,1473,4861,1272,3589,3388,201,201,128,736,52,20,2169749
1474,2172676,2175625,1474,4818,1276,3542,3344,198,198,135,736,52,3,2172679
1475,2175625,2178576,1475,4839,1260,3579,3364,215,215,122,737,52,4,2175629
1476,2178576,2181529,1476,4869,1280,3589,3393,196,196,129,737,52,5,2178581
1477,2181529,2184484,1477,4843,1282,3561,3366,195,195,133,738,52,10,2181539
1478,2184484,2187441,1478,4838,1277,3561,3360,201,201,138,738,52,7,2184491
1479,2187441,2190400,1479,4859,1269,3590,3380,210,210,137,739,52,16,2187457
1480,2190400,2193361,1480,4864,1278,3586,3384,202,202,128,739,52,3,2190403
1481,2193361,2196324,1481,4874,1281,3593,3393,200,200,131,740,52,10,2193371
1482,2196324,2199289,1482,4873,1291,3582,3391,191,191,138,740,52,7,2196331
1483,2199289,2202256,1483,4857,1291,3566,3374,192,192,130,741,52,10,2199299
1484,2202256,2205225,1484,4865,1272,3593,3381,212,212,136,741,52,13,2202269
1485,2205225,2208196,1485,4872,1277,3595,3387,208,208,132,742,53,8,2205233
1486,2208196,2211169,1486,4895,1269,3626,3409,217,217,126,742,53,7,2208203
1487,2211169,2214144,1487,4905,1300,3605,3418,187,187,135,743,53,10,2211179
1488,2214144,2217121,1488,4869,1286,3583,3381,202,202,134,743,53,17,2214161
1489,2217121,2220100,1489,4909,1299,3610,3420,190,190,132,744,53,22,2217143
1490,2220100,2223081,1490,4887,1292,3595,3397,198,198,140,744,53,51,2220151
1491,2223081,2226064,1491,4880,1285,3595,3389,206,206,134,745,53,20,2223101
1492,2226064,2229049,1492,4938,1273,3665,3446,219,219,132,745,53,25,2226089
1493,2229049,2232036,1493,4914,1292,3622,3421,201,201,134,746,53,34,2229083
1494,2232036,2235025,1494,4902,1288,3614,3408,206,206,134,746,53,1,2232037
1495,2235025,2238016,1495,4915,1289,3626,3420,206,206,128,747,53,6,2235031
1496,2238016,2241009,1496,4921,1294,3627,3425,202,202,136,747,53,7,2238023
1497,2241009,2244004,1497,4925,1297,3628,3428,200,200,142,748,53,2,2241011
1498,2244004,2247001,1498,4938,1293,3645,3440,205,205,139,748,53,87,2244091
1499,2247001,2250000,1499,4934,1291,3643,3435,208,208,132,749,53,18,2247019
1500,2250000,2253001,1500,4944,1313,3631,3444,187,187,136,749,53,13,2250013
1501,2253001,2256004,1501,4920,1284,3636,3419,217,217,124,750,53,22,2253023
1502,2256004,2259009,1502,4970,1279,3691,3468,223,223,131,750,53,9,2256013
1503,2259009,2262016,1503,4940,1298,3642,3437,205,205,123,751,53,20,2259029
1504,2262016,2265025,1504,4937,1292,3645,3433,212,212,135,751,53,1,2262017
1505,2265025,2268036,1505,4951,1299,3652,3446,206,206,138,752,53,24,2265049
1506,2268036,2271049,1506,4969,1289,3680,3463,217,217,128,752,53,7,2268043
1507,2271049,2274064,1507,4958,1288,3670,3451,219,219,134,753,53,4,2271053
1508,2274064,2277081,1508,4959,1306,3653,3451,202,202,130,753,53,25,2274089
1509,2277081,2280100,1509,4992,1306,3686,3483,203,203,139,754,53,2,2277083
1510,2280100,2283121,1510,4972,1318,3654,3462,192,192,133,754,53,7,2280107
1511,2283121,2286144,1511,4997,1314,3683,3486,197,197,141,755,53,16,2283137
1512,2286144,2289169,1512,4963,1304,3659,3451,208,208,134,755,53,5,2286149
1513,2289169,2292196,1513,4996,1305,3691,3483,208,208,134,756,53,10,2289179
1514,2292196,2295225,1514,4986,1310,3676,3472,204,204,142,756,53,25,2292221
1515,2295225,2298256,1515,4986,1304,3682,3471,211,211,127,757,53,8,2295233
1516,2298256,2301289,1516,4984,1298,3686,3468,218,218,127,757,53,37,2298293
1517,2301289,2304324,1517,5030,1312,3718,3513,205,205,144,758,53,4,2301293
1518,2304324,2307361,1518,4997,1327,3670,3479,191,191,137,758,53,19,2304343
1519,2307361,2310400,1519,5009,1300,3709,3490,219,219,127,759,53,6,2307367
1520,2310400,2313441,1520,4990,1319,3671,3470,201,201,140,759,53,21,2310421
1521,2313441,2316484,1521,5028,1318,3710,3507,203,203,140,760,53,20,2313461
1522,2316484,2319529,1522,5038,1318,3720,3516,204,204,133,760,53,3,2316487
1523,2319529,2322576,1523,5005,1326,3679,3482,197,197,144,761,53,4,2319533
1524,2322576,2325625,1524,5025,1328,3697,3501,196,196,142,761,53,1,2322577
1525,2325625,2328676,1525,5049,1302,3747,3524,223,223,128,762,53,4,2325629
1526,2328676,2331729,1526,5039,1334,3705,3513,192,192,145,762,53,15,2328691
1527,2331729,2334784,1527,5025,1310,3715,3498,217,217,125,763,53,4,2331733
1528,2334784,2337841,1528,5041,1319,3722,3513,209,209,142,763,53,9,2334793
1529,2337841,2340900,1529,5071,1323,3748,3542,206,206,142,764,53,10,2337851
1530,2340900,2343961,1530,5031,1321,3710,3501,209,209,139,764,53,11,2340911
1531,2343961,2347024,1531,5063,1341,3722,3532,190,190,135,765,53,6,2343967
1532,2347024,2350089,1532,5050,1323,3727,3518,209,209,137,765,53,7,2347031
1533,2350089,2353156,1533,5069,1325,3744,3536,208,208,132,766,53,4,2350093
1534,2353156,2356225,1534,5061,1328,3733,3527,206,206,140,766,53,3,2353159
1535,2356225,2359296,1535,5067,1316,3751,3532,219,219,133,767,53,34,2356259
1536,2359296,2362369,1536,5085,1327,3758,3549,209,209,139,767,53,7,2359303
1537,2362369,2365444,1537,5075,1317,3758,3538,220,220,126,768,53,42,2362411
1538,2365444,2368521,1538,5066,1326,3740,3528,212,212,136,768,53,13,2365457
1539,2368521,2371600,1539,5091,1342,3749,3552,197,197,132,769,53,2,2368523
1540,2371600,2374681,1540,5097,1327,3770,3557,213,213,137,769,54,9,2371609
1541,2374681,2377764,1541,5092,1336,3756,3551,205,205,143,770,54,18,2374699
1542,2377764,2380849,1542,5099,1333,3766,3557,209,209,130,770,54,5,2377769
1543,2380849,2383936,1543,5101,1324,3777,3558,219,219,134,771,54,4,2380853
1544,2383936,2387025,1544,5091,1337,3754,3547,207,207,132,771,54,7,2383943
1545,2387025,2390116,1545,5125,1318,3807,3580,227,227,143,772,54,14,2387039
1546,2390116,2393209,1546,5082,1342,3740,3536,204,204,141,772,54,1,2390117
1547,2393209,2396304,1547,5128,1354,3774,3581,193,193,144,773,54,24,2393233
1548,2396304,2399401,1548,5128,1317,3811,3580,231,231,127,773,54,5,2396309
1549,2399401,2402500,1549,5118,1349,3769,3569,200,200,140,774,54,6,2399407
1550,2402500,2405601,1550,5110,1332,3778,3560,218,218,137,774,54,1,2402501
1551,2405601,2408704,1551,5152,1353,3799,3601,198,198,144,775,54,20,2405621
1552,2408704,2411809,1552,5109,1347,3762,3557,205,205,137,775,54,19,2408723
1553,2411809,2414916,1553,5158,1335,3823,3605,218,218,127,776,54,12,2411821
1554,2414916,2418025,1554,5129,1332,3797,3575,222,222,131,776,54,5,2414921
1555,2418025,2421136,1555,5172,1348,3824,3617,207,207,143,777,54,12,2418037
1556,2421136,2424249,1556,5122,1343,3779,3566,213,213,137,777,54,1,2421137
1557,2424249,2427364,1557,5166,1347,3819,3609,210,210,136,778,54,10,2424259
1558,2427364,2430481,1558,5161,1354,3807,3603,204,204,138,778,54,7,2427371
1559,2430481,2433600,1559,5165,1352,3813,3606,207,207,144,779,54,6,2430487
1560,2433600,2436721,1560,5161,1343,3818,3601,217,217,135,779,54,31,2433631
1561,2436721,2439844,1561,5146,1368,3778,3585,193,193,153,780,54,18,2436739
1562,2439844,2442969,1562,5204,1340,3864,3642,222,222,132,780,54,37,2439881
1563,2442969,2446096,1563,5162,1340,3822,3599,223,223,136,781,54,2,2442971
1564,2446096,2449225,1564,5183,1356,3827,3619,208,208,144,781,54,1,2446097
1565,2449225,2452356,1565,5185,1350,3835,3620,215,215,136,782,54,6,2449231
1566,2452356,2455489,1566,5181,1349,3832,3615,217,217,141,782,54,1,2452357
1567,2455489,2458624,1567,5213,1352,3861,3646,215,215,135,783,54,10,2455499
1568,2458624,2461761,1568,5184,1348,3836,3616,220,220,135,783,54,9,2458633
1569,2461761,2464900,1569,5212,1351,3861,3643,218,218,137,784,54,8,2461769
1570,2464900,2468041,1570,5203,1366,3837,3633,204,204,145,784,54,1,2464901
1571,2468041,2471184,1571,5212,1361,3851,3641,210,210,140,785,54,6,2468047
1572,2471184,2474329,1572,5206,1366,3840,3634,206,206,146,785,54,17,2471201
1573,2474329,2477476,1573,5241,1359,3882,3668,214,214,134,786,54,54,2474383
1574,2477476,2480625,1574,5177,1364,3813,3603,210,210,142,786,54,45,2477521
1575,2480625,2483776,1575,5226,1367,3859,3651,208,208,140,787,54,38,2480663
1576,2483776,2486929,1576,5222,1353,3869,3646,223,223,133,787,54,1,2483777
1577,2486929,2490084,1577,5215,1361,3854,3638,216,216,137,788,54,22,2486951
1578,2490084,2493241,1578,5226,1374,3852,3648,204,204,151,788,54,7,2490091
1579,2493241,2496400,1579,5247,1363,3884,3668,216,216,142,789,54,18,2493259
1580,2496400,2499561,1580,5261,1364,3897,3681,216,216,138,789,54,1,2496401
1581,2499561,2502724,1581,5220,1358,3862,3639,223,223,128,790,54,16,2499577
1582,2502724,2505889,1582,5264,1365,3899,3682,217,217,138,790,54,9,2502733
1583,2505889,2509056,1583,5237,1376,3861,3654,207,207,145,791,54,12,2505901
1584,2509056,2512225,1584,5283,1364,3919,3699,220,220,140,791,54,5,2509061
1585,2512225,2515396,1585,5249,1364,3885,3664,221,221,139,792,54,4,2512229
1586,2515396,2518569,1586,5247,1386,3861,3661,200,200,145,792,54,1,2515397
1587,2518569,2521744,1587,5280,1376,3904,3693,211,211,143,793,54,8,2518577
1588,2521744,2524921,1588,5274,1351,3923,3686,237,237,131,793,54,3,2521747
1589,2524921,2528100,1589,5288,1378,3910,3699,211,211,136,794,54,6,2524927
1590,2528100,2531281,1590,5259,1357,3902,3669,233,233,127,794,54,29,2528129
1591,2531281,2534464,1591,5308,1385,3923,3717,206,206,139,795,54,12,2531293
1592,2534464,2537649,1592,5280,1386,3894,3688,206,206,150,795,54,7,2534471
1593,2537649,2540836,1593,5285,1374,3911,3692,219,219,145,796,54,4,2537653
1594,2540836,2544025,1594,5290,1388,3902,3696,206,206,140,796,54,13,2540849
1595,2544025,2547216,1595,5297,1378,3919,3702,217,217,140,797,54,4,2544029
1596,2547216,2550409,1596,5320,1380,3940,3724,216,216,137,797,55,31,2547247
1597,2550409,2553604,1597,5283,1378,3905,3686,219,219,137,798,55,28,2550437
1598,2553604,2556801,1598,5299,1383,3916,3701,215,215,143,798,55,7,2553611
1599,2556801,2560000,1599,5324,1386,3938,3725,213,213,146,799,55,2,2556803
1600,2560000,2563201,1600,5319,1375,3944,3719,225,225,135,799,55,21,2560021
1601,2563201,2566404,1601,5311,1393,3918,3710,208,208,139,800,55,6,2563207
1602,2566404,2569609,1602,5328,1380,3948,3726,222,222,141,800,55,7,2566411
1603,2569609,2572816,1603,5334,1376,3958,3731,227,227,137,801,55,40,2569649
1604,2572816,2576025,1604,5343,1388,3955,3739,216,216,145,801,55,43,2572859
1605,2576025,2579236,1605,5317,1375,3942,3712,230,230,131,802,55,8,2576033
1606,2579236,2582449,1606,5362,1375,3987,3756,231,231,139,802,55,13,2579249
1607,2582449,2585664,1607,5343,1390,3953,3736,217,217,137,803,55,42,2582491
1608,2585664,2588881,1608,5340,1394,3946,3732,214,214,142,803,55,43,2585707
1609,2588881,2592100,1609,5349,1394,3955,3740,215,215,137,804,55,12,2588893
1610,2592100,2595321,1610,5364,1388,3976,3754,222,222,139,804,55,3,2592103
1611,2595321,2598544,1611,5373,1394,3979,3762,217,217,143,805,55,2,2595323
1612,2598544,2601769,1612,5354,1399,3955,3742,213,213,149,805,55,9,2598553
1613,2601769,2604996,1613,5373,1400,3973,3760,213,213,143,806,55,4,2601773
1614,2604996,2608225,1614,5367,1404,3963,3753,210,210,145,806,55,1,2604997
1615,2608225,2611456,1615,5372,1401,3971,3757,214,214,142,807,55,12,2608237
1616,2611456,2614689,1616,5373,1385,3988,3757,231,231,140,807,55,1,2611457
1617,2614689,2617924,1617,5355,1389,3966,3738,228,228,137,808,55,2,2614691
1618,2617924,2621161,1618,5420,1413,4007,3802,205,205,148,808,55,33,2617957
1619,2621161,2624400,1619,5374,1395,3979,3755,224,224,136,809,55,6,2621167
1620,2624400,2627641,1620,5415,1411,4004,3795,209,209,133,809,55,11,2624411
1621,2627641,2630884,1621,5383,1397,3986,3762,224,224,147,810,55,16,2627657
1622,2630884,2634129,1622,5415,1386,4029,3793,236,236,139,810,55,7,2630891
1623,2634129,2637376,1623,5396,1412,3984,3773,211,211,153,811,55,2,2634131
1624,2637376,2640625,1624,5385,1417,3968,3761,207,207,139,811,55,3,2637379
1625,2640625,2643876,1625,5441,1394,4047,3816,231,231,132,812,55,18,2640643
1626,2643876,2647129,1626,5426,1400,4026,3800,226,226,144,812,55,13,2643889
1627,2647129,2650384,1627,5418,1403,4015,3791,224,224,144,813,55,4,2647133
1628,2650384,2653641,1628,5398,1411,3987,3770,217,217,145,813,55,3,2650387
1629,2653641,2656900,1629,5461,1396,4065,3832,233,233,134,814,55,40,2653681
1630,2656900,2660161,1630,5420,1402,4018,3790,228,228,139,814,55,9,2656909
1631,2660161,2663424,1631,5445,1427,4018,3814,204,204,148,815,55,12,2660173
1632,2663424,2666689,1632,5419,1397,4022,3787,235,235,134,815,55,5,2663429
1633,2666689,2669956,1633,5466,1424,4042,3833,209,209,156,816,55,4,2666693
1634,2669956,2673225,1634,5436,1433,4003,3802,201,201,143,816,55,3,2669959
1635,2673225,2676496,1635,5456,1402,4054,3821,233,233,141,817,55,2,2673227
1636,2676496,2679769,1636,5440,1416,4024,3804,220,220,148,817,55,27,2676523
1637,2679769,2683044,1637,5466,1424,4042,3829,213,213,146,818,55,4,2679773
1638,2683044,2686321,1638,5475,1409,4066,3837,229,229,145,818,55,5,2683049
1639,2686321,2689600,1639,5454,1415,4039,3815,224,224,129,819,55,16,2686337
1640,2689600,2692881,1640,5493,1414,4079,3853,226,226,142,819,55,1,2689601
1641,2692881,2696164,1641,5468,1414,4054,3827,227,227,141,820,55,10,2692891
1642,2696164,2699449,1642,5499,1418,4081,3857,224,224,144,820,55,3,2696167
1643,2699449,2702736,1643,5462,1427,4035,3819,216,216,141,821,55,4,2699453
1644,2702736,2706025,1644,5481,1415,4066,3837,229,229,144,821,55,1,2702737
1645,2706025,2709316,1645,5499,1416,4083,3854,229,229,145,822,55,4,2706029
1646,2709316,2712609,1646,5474,1425,4049,3828,221,221,143,822,55,3,2709319
1647,2712609,2715904,1647,5509,1423,4086,3862,224,224,141,823,55,4,2712613
1648,2715904,2719201,1648,5506,1407,4099,3858,241,241,135,823,55,9,2715913
1649,2719201,2722500,1649,5495,1445,4050,3846,204,204,156,824,55,6,2719207
1650,2722500,2725801,1650,5513,1434,4079,3863,216,216,135,824,55,7,2722507
1651,2725801,2729104,1651,5523,1436,4087,3872,215,215,151,825,55,16,2725817
1652,2729104,2732409,1652,5500,1425,4075,3848,227,227,145,825,55,3,2729107
1653,2732409,2735716,1653,5513,1444,4069,3860,209,209,147,826,56,28,2732437
1654,2735716,2739025,1654,5550,1444,4106,3896,210,210,143,826,56,1,2735717
1655,2739025,2742336,1655,5516,1417,4099,3861,238,238,135,827,56,6,2739031
1656,2742336,2745649,1656,5544,1432,4112,3888,224,224,143,827,56,7,2742343
1657,2745649,2748964,1657,5527,1436,4091,3870,221,221,137,828,56,12,2745661
1658,2748964,2752281,1658,5531,1435,4096,3873,223,223,150,828,56,7,2748971
1659,2752281,2755600,1659,5553,1450,4103,3894,209,209,150,829,56,26,2752307
1660,2755600,2758921,1660,5542,1436,4106,3882,224,224,151,829,56,1,2755601
1661,2758921,2762244,1661,5544,1423,4121,3883,238,238,137,830,56,16,2758937
1662,2762244,2765569,1662,5573,1438,4135,3911,224,224,138,830,56,7,2762251
1663,2765569,2768896,1663,5544,1435,4109,3881,228,228,152,831,56,10,2765579
1664,2768896,2772225,1664,5567,1440,4127,3903,224,224,149,831,56,1,2768897
1665,2772225,2775556,1665,5544,1443,4101,3879,222,222,140,832,56,2,2772227
1666,2775556,2778889,1666,5602,1447,4155,3936,219,219,144,832,56,3,2775559
1667,2778889,2782224,1667,5563,1441,4122,3896,226,226,153,833,56,12,2778901
1668,2782224,2785561,1668,5578,1444,4134,3910,224,224,144,833,56,55,2782279
1669,2785561,2788900,1669,5578,1450,4128,3909,219,219,140,834,56,16,2785577
1670,2788900,2792241,1670,5594,1448,4146,3924,222,222,142,834,56,27,2788927
1671,2792241,2795584,1671,5595,1443,4152,3924,228,228,147,835,56,8,2792249
1672,2795584,2798929,1672,5576,1456,4120,3904,216,216,157,835,56,9,2795593
1673,2798929,2802276,1673,5629,1439,4190,3956,234,234,141,836,56,4,2798933
1674,2802276,2805625,1674,5593,1435,4158,3919,239,239,142,836,56,1,2802277
1675,2805625,2808976,1675,5598,1451,4147,3923,224,224,143,837,56,6,2805631
1676,2808976,2812329,1676,5608,1430,4178,3932,246,246,133,837,56,1,2808977
1677,2812329,2815684,1677,5610,1447,4163,3933,230,230,152,838,56,2,2812331
1678,2815684,2819041,1678,5621,1449,4172,3943,229,229,146,838,56,7,2815691
1679,2819041,2822400,1679,5618,1443,4175,3939,236,236,143,839,56,10,2819051
1680,2822400,2825761,1680,5621,1452,4169,3941,228,228,141,839,56,11,2822411
1681,2825761,2829124,1681,5649,1475,4174,3968,206,206,160,840,56,12,2825773
1682,2829124,2832489,1682,5611,1448,4163,3929,234,234,143,840,56,9,2829133
1683,2832489,2835856,1683,5645,1435,4210,3962,248,248,139,841,56,2,2832491
1684,2835856,2839225,1684,5612,1449,4163,3928,235,235,142,841,56,1,2835857
1685,2839225,2842596,1685,5666,1464,4202,3981,221,221,155,842,56,46,2839271
1686,2842596,2845969,1686,5641,1465,4176,3955,221,221,149,842,56,1,2842597
1687,2845969,2849344,1687,5649,1453,4196,3962,234,234,150,843,56,10,2845979
1688,2849344,2852721,1688,5643,1465,4178,3955,223,223,145,843,56,7,2849351
1689,2852721,2856100,1689,5675,1456,4219,3986,233,233,144,844,56,22,2852743
1690,2856100,2859481,1690,5659,1477,4182,3969,213,213,154,844,56,7,2856107
1691,2859481,2862864,1691,5677,1466,4211,3986,225,225,152,845,56,10,2859491
1692,2862864,2866249,1692,5675,1456,4219,3983,236,236,135,845,56,19,2862883
1693,2866249,2869636,1693,5675,1474,4201,3982,219,219,153,846,56,12,2866261
1694,2869636,2873025,1694,5659,1470,4189,3965,224,224,149,846,56,13,2869649
1695,2873025,2876416,1695,5685,1475,4210,3990,220,220,150,847,56,4,2873029
1696,2876416,2879809,1696,5692,1474,4218,3996,222,222,146,847,56,27,2876443
1697,2879809,2883204,1697,5693,1463,4230,3996,234,234,144,848,56,10,2879819
1698,2883204,2886601,1698,5706,1470,4236,4008,228,228,143,848,56,25,2883229
1699,2886601,2890000,1699,5698,1471,4227,3999,228,228,150,849,56,6,2886607
1700,2890000,2893401,1700,5695,1475,4220,3995,225,225,149,849,56,1,2890001
1701,2893401,2896804,1701,5684,1477,4207,3983,224,224,143,850,56,8,2893409
1702,2896804,2900209,1702,5732,1472,4260,4030,230,230,142,850,56,9,2896813
1703,2900209,2903616,1703,5708,1480,4228,4005,223,223,148,851,56,28,2900237
1704,2903616,2907025,1704,5720,1472,4248,4016,232,232,153,851,56,7,2903623
1705,2907025,2910436,1705,5726,1468,4258,4021,237,237,144,852,56,4,2907029
1706,2910436,2913849,1706,5690,1485,4205,3984,221,221,155,852,56,13,2910449
1707,2913849,2917264,1707,5748,1483,4265,4041,224,224,151,853,56,14,2913863
1708,2917264,2920681,1708,5740,1464,4276,4032,244,244,146,853,56,25,2917289
1709,2920681,2924100,1709,5729,1486,4243,4020,223,223,142,854,56,10,2920691
1710,2924100,2927521,1710,5745,1484,4261,4035,226,226,154,854,56,11,2924111
1711,2927521,2930944,1711,5746,1475,4271,4035,236,236,145,855,57,10,2927531
1712,2930944,2934369,1712,5760,1497,4263,4048,215,215,163,855,57,3,2930947
1713,2934369,2937796,1713,5739,1467,4272,4026,246,246,138,856,57,32,2934401
1714,2937796,2941225,1714,5747,1489,4258,4033,225,225,149,856,57,21,2937817
1715,2941225,2944656,1715,5774,1498,4276,4059,217,217,163,857,57,6,2941231
1716,2944656,2948089,1716,5766,1495,4271,4050,221,221,152,857,57,1,2944657
1717,2948089,2951524,1717,5750,1476,4274,4033,241,241,141,858,57,30,2948119
1718,2951524,2954961,1718,5772,1491,4281,4054,227,227,149,858,57,13,2951537
1719,2954961,2958400,1719,5777,1503,4274,4058,216,216,156,859,57,16,2954977
1720,2958400,2961841,1720,5783,1485,4298,4063,235,235,149,859,57,13,2958413
1721,2961841,2965284,1721,5779,1481,4298,4058,240,240,147,860,57,10,2961851
1722,2965284,2968729,1722,5812,1485,4327,4090,237,237,151,860,57,5,2965289
1723,2968729,2972176,1723,5789,1497,4292,4066,226,226,157,861,57,4,2968733
1724,2972176,2975625,1724,5774,1492,4282,4050,232,232,145,861,57,7,2972183
1725,2975625,2979076,1725,5793,1501,4292,4068,224,224,152,862,57,14,2975639
1726,2979076,2982529,1726,5809,1485,4324,4083,241,241,152,862,57,15,2979091
1727,2982529,2985984,1727,5811,1482,4329,4084,245,245,142,863,57,28,2982557
1728,2985984,2989441,1728,5782,1505,4277,4054,223,223,144,863,57,7,2985991
1729,2989441,2992900,1729,5842,1502,4340,4113,227,227,153,864,57,6,2989447
1730,2992900,2996361,1730,5789,1497,4292,4059,233,233,145,864,57,3,2992903
1731,2996361,2999824,1731,5846,1493,4353,4115,238,238,153,865,57,16,2996377
1732,2999824,3003289,1732,5814,1494,4320,4082,238,238,147,865,57,3,2999827
1733,3003289,3006756,1733,5836,1506,4330,4103,227,227,151,866,57,18,3003307
1734,3006756,3010225,1734,5830,1500,4330,4096,234,234,154,866,57,5,3006761
1735,3010225,3013696,1735,5833,1493,4340,4098,242,242,144,867,57,54,3010279
1736,3013696,3017169,1736,5848,1517,4331,4112,219,219,157,867,57,1,3013697
1737,3017169,3020644,1737,5846,1507,4339,4109,230,230,156,868,57,2,3017171
1738,3020644,3024121,1738,5842,1512,4330,4104,226,226,142,868,57,7,3020651
1739,3024121,3027600,1739,5842,1497,4345,4103,242,242,154,869,57,16,3024137
1740,3027600,3031081,1740,5864,1514,4350,4124,226,226,154,869,57,17,3027617
1741,3031081,3034564,1741,5884,1507,4377,4143,234,234,148,870,57,22,3031103
1742,3034564,3038049,1742,5839,1518,4321,4097,224,224,158,870,57,9,3034573
1743,3038049,3041536,1743,5857,1517,4340,4114,226,226,151,871,57,22,3038071
1744,3041536,3045025,1744,5877,1501,4376,4133,243,243,153,871,57,15,3041551
1745,3045025,3048516,1745,5878,1519,4359,4133,226,226,159,872,57,16,3045041
1746,3048516,3052009,1746,5905,1520,4385,4159,226,226,153,872,57,7,3048523
1747,3052009,3055504,1747,5862,1510,4352,4115,237,237,148,873,57,24,3052033
1748,3055504,3059001,1748,5893,1518,4375,4145,230,230,155,873,57,9,3055513
1749,3059001,3062500,1749,5894,1509,4385,4145,240,240,150,874,57,2,3059003
1750,3062500,3066001,1750,5880,1535,4345,4130,215,215,157,874,57,9,3062509
1751,3066001,3069504,1751,5906,1513,4393,4155,238,238,151,875,57,16,3066017
1752,3069504,3073009,1752,5929,1508,4421,4177,244,244,143,875,57,25,3069529
1753,3073009,3076516,1753,5903,1501,4402,4150,252,252,142,876,57,4,3073013
1754,3076516,3080025,1754,5887,1521,4366,4133,233,233,157,876,57,13,3076529
1755,3080025,3083536,1755,5896,1518,4378,4141,237,237,147,877,57,4,3080029
1756,3083536,3087049,1756,5921,1526,4395,4165,230,230,148,877,57,1,3083537
1757,3087049,3090564,1757,5920,1500,4420,4163,257,257,149,878,57,4,3087053
1758,3090564,3094081,1758,5930,1516,4414,4172,242,242,153,878,57,23,3090587
1759,3094081,3097600,1759,5908,1533,4375,4149,226,226,153,879,57,18,3094099
1760,3097600,3101121,1760,5967,1556,4411,4207,204,204,161,879,57,31,3097631
1761,3101121,3104644,1761,5931,1509,4422,4170,252,252,144,880,57,20,3101141
1762,3104644,3108169,1762,5937,1523,4414,4175,239,239,153,880,57,25,3104669
1763,3108169,3111696,1763,5959,1520,4439,4196,243,243,145,881,57,4,3108173
1764,3111696,3115225,1764,5933,1536,4397,4169,228,228,156,881,57,25,3111721
1765,3115225,3118756,1765,5984,1510,4474,4219,255,255,144,882,57,12,3115237
1766,3118756,3122289,1766,5922,1535,4387,4156,231,231,150,882,57,1,3118757
1767,3122289,3125824,1767,5971,1536,4435,4204,231,231,154,883,57,10,3122299
1768,3125824,3129361,1768,5960,1532,4428,4192,236,236,159,883,57,7,3125831
1769,3129361,3132900,1769,5968,1528,4440,4199,241,241,150,884,57,22,3129383
1770,3132900,3136441,1770,5963,1533,4430,4193,237,237,141,884,58,7,3132907
1771,3136441,3139984,1771,5998,1538,4460,4227,233,233,141,885,58,6,3136447
1772,3139984,3143529,1772,5953,1544,4409,4181,228,228,156,885,58,7,3139991
1773,3143529,3147076,1773,5998,1541,4457,4225,232,232,159,886,58,4,3143533
1774,3147076,3150625,1774,5968,1531,4437,4194,243,243,148,886,58,1,3147077
1775,3150625,3154176,1775,6009,1524,4485,4234,251,251,149,887,58,18,3150643
1776,3154176,3157729,1776,5971,1531,4440,4195,245,245,152,887,58,11,3154187
1777,3157729,3161284,1777,6034,1558,4476,4257,219,219,160,888,58,22,3157751
1778,3161284,3164841,1778,6004,1545,4459,4226,233,233,156,888,58,9,3161293
1779,3164841,3168400,1779,5990,1526,4464,4211,253,253,141,889,58,10,3164851
1780,3168400,3171961,1780,6022,1540,4482,4242,240,240,156,889,58,49,3168449
1781,3171961,3175524,1781,5996,1545,4451,4215,236,236,157,890,58,6,3171967
1782,3175524,3179089,1782,6041,1544,4497,4259,238,238,151,890,58,7,3175531
1783,3179089,3182656,1783,6039,1550,4489,4256,233,233,153,891,58,18,3179107
1784,3182656,3186225,1784,5983,1539,4444,4199,245,245,153,891,58,1,3182657
1785,3186225,3189796,1785,6032,1536,4496,4247,249,249,152,892,58,4,3186229
1786,3189796,3193369,1786,6018,1547,4471,4232,239,239,161,892,58,3,3189799
1787,3193369,3196944,1787,6064,1545,4519,4277,242,242,146,893,58,12,3193381
1788,3196944,3200521,1788,6026,1536,4490,4238,252,252,152,893,58,7,3196951
1789,3200521,3204100,1789,6052,1539,4513,4263,250,250,151,894,58,22,3200543
1790,3204100,3207681,1790,6042,1555,4487,4252,235,235,151,894,58,1,3204101
1791,3207681,3211264,1791,6061,1545,4516,4270,246,246,149,895,58,8,3207689
1792,3211264,3214849,1792,6049,1553,4496,4257,239,239,159,895,58,15,3211279
1793,3214849,3218436,1793,6073,1544,4529,4280,249,249,148,896,58,18,3214867
1794,3218436,3222025,1794,6077,1560,4517,4283,234,234,153,896,58,1,3218437
1795,3222025,3225616,1795,6050,1554,4496,4255,241,241,154,897,58,6,3222031
1796,3225616,3229209,1796,6082,1552,4530,4286,244,244,155,897,58,31,3225647
1797,3229209,3232804,1797,6083,1559,4524,4286,238,238,157,898,58,22,3229231
1798,3232804,3236401,1798,6062,1550,4512,4264,248,248,140,898,58,9,3232813
1799,3236401,3240000,1799,6084,1548,4536,4285,251,251,148,899,58,6,3236407
1800,3240000,3243601,1800,6101,1577,4524,4301,223,223,161,899,58,19,3240019
1801,3243601,3247204,1801,6087,1558,4529,4286,243,243,159,900,58,12,3243613
1802,3247204,3250809,1802,6115,1561,4554,4313,241,241,151,900,58,3,3247207
1803,3250809,3254416,1803,6103,1570,4533,4300,233,233,159,901,58,2,3250811
1804,3254416,3258025,1804,6088,1567,4521,4284,237,237,147,901,58,7,3254423
1805,3258025,3261636,1805,6114,1548,4566,4309,257,257,158,902,58,4,3258029
1806,3261636,3265249,1806,6110,1573,4537,4304,233,233,147,902,58,5,3261641
1807,3265249,3268864,1807,6108,1557,4551,4301,250,250,158,903,58,82,3265331
1808,3268864,3272481,1808,6133,1577,4556,4325,231,231,161,903,58,7,3268871
1809,3272481,3276100,1809,6136,1563,4573,4327,246,246,150,904,58,10,3272491
1810,3276100,3279721,1810,6110,1563,4547,4300,247,247,153,904,58,3,3276103
1811,3279721,3283344,1811,6150,1576,4574,4339,235,235,159,905,58,16,3279737
1812,3283344,3286969,1812,6132,1571,4561,4320,241,241,156,905,58,5,3283349
1813,3286969,3290596,1813,6129,1562,4567,4316,251,251,149,906,58,22,3286991
1814,3290596,3294225,1814,6135,1583,4552,4321,231,231,158,906,58,45,3290641
1815,3294225,3297856,1815,6146,1569,4577,4331,246,246,152,907,58,8,3294233
1816,3297856,3301489,1816,6160,1596,4564,4344,220,220,168,907,58,1,3297857
1817,3301489,3305124,1817,6118,1575,4543,4301,242,242,154,908,58,10,3301499
1818,3305124,3308761,1818,6172,1572,4600,4354,246,246,150,908,58,23,3305147
1819,3308761,3312400,1819,6181,1564,4617,4362,255,255,156,909,58,16,3308777
1820,3312400,3316041,1820,6172,1582,4590,4352,238,238,149,909,58,51,3312451
1821,3316041,3319684,1821,6167,1582,4585,4346,239,239,158,910,58,16,3316057
1822,3319684,3323329,1822,6160,1578,4582,4338,244,244,152,910,58,19,3319703
1823,3323329,3326976,1823,6185,1576,4609,4362,247,247,147,911,58,70,3323399
1824,3326976,3330625,1824,6175,1583,4592,4351,241,241,163,911,58,1,3326977
1825,3330625,3334276,1825,6213,1591,4622,4388,234,234,158,912,58,16,3330641
1826,3334276,3337929,1826,6166,1590,4576,4340,236,236,169,912,58,21,3334297
1827,3337929,3341584,1827,6182,1570,4612,4355,257,257,149,913,58,2,3337931
1828,3341584,3345241,1828,6198,1587,4611,4370,241,241,155,913,58,15,3341599
1829,3345241,3348900,1829,6195,1589,4606,4366,240,240,167,914,58,6,3345247
1830,3348900,3352561,1830,6214,1593,4621,4384,237,237,159,914,59,13,3348913
1831,3352561,3356224,1831,6216,1594,4622,4385,237,237,148,915,59,10,3352571
1832,3356224,3359889,1832,6200,1613,4587,4368,219,219,169,915,59,13,3356237
1833,3359889,3363556,1833,6228,1602,4626,4395,231,231,162,916,59,10,3359899
1834,3363556,3367225,1834,6223,1562,4661,4389,272,272,142,916,59,15,3363571
1835,3367225,3370896,1835,6234,1582,4652,4399,253,253,149,917,59,28,3367253
1836,3370896,3374569,1836,6208,1602,4606,4372,234,234,163,917,59,11,3370907
1837,3374569,3378244,1837,6217,1579,4638,4380,258,258,146,918,59,30,3374599
1838,3378244,3381921,1838,6268,1602,4666,4430,236,236,166,918,59,9,3378253
1839,3381921,3385600,1839,6214,1591,4623,4375,248,248,155,919,59,2,3381923
1840,3385600,3389281,1840,6264,1590,4674,4424,250,250,153,919,59,9,3385609
1841,3389281,3392964,1841,6246,1604,4642,4405,237,237,157,920,59,18,3389299
1842,3392964,3396649,1842,6260,1589,4671,4418,253,253,144,920,59,29,3392993
1843,3396649,3400336,1843,6257,1598,4659,4414,245,245,161,921,59,12,3396661
1844,3400336,3404025,1844,6227,1586,4641,4383,258,258,157,921,59,25,3400361
1845,3404025,3407716,1845,6290,1605,4685,4445,240,240,151,922,59,8,3404033
1846,3407716,3411409,1846,6255,1587,4668,4409,259,259,155,922,59,27,3407743
1847,3411409,3415104,1847,6274,1597,4677,4427,250,250,158,923,59,24,3411433
1848,3415104,3418801,1848,6259,1608,4651,4411,240,240,164,923,59,19,3415123
1849,3418801,3422500,1849,6308,1607,4701,4459,242,242,159,924,59,28,3418829
1850,3422500,3426201,1850,6273,1602,4671,4423,248,248,158,924,59,1,3422501
1851,3426201,3429904,1851,6287,1601,4686,4436,250,250,157,925,59,16,3426217
1852,3429904,3433609,1852,6292,1601,4691,4440,251,251,152,925,59,57,3429961
1853,3433609,3437316,1853,6298,1601,4697,4445,252,252,153,926,59,4,3433613
1854,3437316,3441025,1854,6291,1604,4687,4437,250,250,158,926,59,5,3437321
1855,3441025,3444736,1855,6304,1598,4706,4449,257,257,162,927,59,16,3441041
1856,3444736,3448449,1856,6311,1620,4691,4455,236,236,155,927,59,3,3444739
1857,3448449,3452164,1857,6303,1602,4701,4446,255,255,160,928,59,4,3448453
1858,3452164,3455881,1858,6329,1615,4714,4471,243,243,159,928,59,15,3452179
1859,3455881,3459600,1859,6299,1620,4679,4440,239,239,160,929,59,6,3455887
1860,3459600,3463321,1860,6336,1624,4712,4476,236,236,172,929,59,1,3459601
1861,3463321,3467044,1861,6321,1620,4701,4460,241,241,161,930,59,12,3463333
1862,3467044,3470769,1862,6313,1615,4698,4451,247,247,160,930,59,9,3467053
1863,3470769,3474496,1863,6343,1615,4728,4480,248,248,163,931,59,52,3470821
1864,3474496,3478225,1864,6346,1637,4709,4482,227,227,163,931,59,7,3474503
1865,3478225,3481956,1865,6351,1623,4728,4486,242,242,159,932,59,4,3478229
1866,3481956,3485689,1866,6324,1635,4689,4458,231,231,161,932,59,11,3481967
1867,3485689,3489424,1867,6360,1628,4732,4493,239,239,168,933,59,12,3485701
1868,3489424,3493161,1868,6341,1611,4730,4473,257,257,159,933,59,33,3489457
1869,3493161,3496900,1869,6371,1624,4747,4502,245,245,163,934,59,2,3493163
1870,3496900,3500641,1870,6350,1632,4718,4480,238,238,162,934,59,1,3496901
1871,3500641,3504384,1871,6375,1618,4757,4504,253,253,155,935,59,30,3500671
1872,3504384,3508129,1872,6359,1632,4727,4487,240,240,160,935,59,23,3504407
1873,3508129,3511876,1873,6383,1623,4760,4510,250,250,162,936,59,10,3508139
1874,3511876,3515625,1874,6377,1616,4761,4503,258,258,166,936,59,15,3511891
1875,3515625,3519376,1875,6373,1643,4730,4498,232,232,153,937,59,14,3515639
1876,3519376,3523129,1876,6391,1630,4761,4515,246,246,158,937,59,1,3519377
1877,3523129,3526884,1877,6405,1649,4756,4528,228,228,168,938,59,12,3523141
1878,3526884,3530641,1878,6378,1634,4744,4500,244,244,164,938,59,25,3526909
1879,3530641,3534400,1879,6394,1619,4775,4515,260,260,156,939,59,6,3530647
1880,3534400,3538161,1880,6395,1629,4766,4515,251,251,159,939,59,7,3534407
1881,3538161,3541924,1881,6411,1646,4765,4530,235,235,164,940,59,26,3538187
1882,3541924,3545689,1882,6418,1639,4779,4536,243,243,161,940,59,15,3541939
1883,3545689,3549456,1883,6405,1628,4777,4522,255,255,159,941,59,4,3545693
1884,3549456,3553225,1884,6398,1642,4756,4514,242,242,158,941,59,1,3549457
1885,3553225,3556996,1885,6426,1628,4798,4541,257,257,158,942,59,4,3553229
1886,3556996,3560769,1886,6416,1635,4781,4530,251,251,167,942,59,3,3556999
1887,3560769,3564544,1887,6417,1643,4774,4530,244,244,160,943,59,10,3560779
1888,3564544,3568321,1888,6428,1621,4807,4540,267,267,156,943,59,7,3564551
1889,3568321,3572100,1889,6453,1639,4814,4564,250,250,164,944,59,16,3568337
1890,3572100,3575881,1890,6429,1656,4773,4539,234,234,162,944,59,13,3572113
1891,3575881,3579664,1891,6437,1645,4792,4546,246,246,163,945,60,12,3575893
1892,3579664,3583449,1892,6455,1640,4815,4563,252,252,158,945,60,15,3579679
1893,3583449,3587236,1893,6461,1636,4825,4568,257,257,167,946,60,80,3583529
1894,3587236,3591025,1894,6453,1640,4813,4559,254,254,156,946,60,1,3587237
1895,3591025,3594816,1895,6449,1657,4792,4554,238,238,164,947,60,22,3591047
1896,3594816,3598609,1896,6473,1632,4841,4577,264,264,154,947,60,5,3594821
1897,3598609,3602404,1897,6461,1641,4820,4564,256,256,164,948,60,4,3598613
1898,3602404,3606201,1898,6479,1645,4834,4581,253,253,161,948,60,33,3602437
1899,3606201,3610000,1899,6432,1625,4807,4533,274,274,151,949,60,8,3606209
1900,3610000,3613801,1900,6513,1639,4874,4613,261,261,149,949,60,3,3610003
1901,3613801,3617604,1901,6500,1645,4855,4599,256,256,166,950,60,6,3613807
1902,3617604,3621409,1902,6479,1653,4826,4577,249,249,159,950,60,5,3617609
1903,3621409,3625216,1903,6489,1631,4858,4586,272,272,153,951,60,52,3621461
1904,3625216,3629025,1904,6468,1657,4811,4564,247,247,168,951,60,13,3625229
1905,3629025,3632836,1905,6535,1644,4891,4630,261,261,156,952,60,2,3629027
1906,3632836,3636649,1906,6483,1661,4822,4577,245,245,169,952,60,43,3632879
1907,3636649,3640464,1907,6521,1664,4857,4614,243,243,162,953,60,18,3636667
1908,3640464,3644281,1908,6485,1656,4829,4577,252,252,160,953,60,7,3640471
1909,3644281,3648100,1909,6540,1665,4875,4631,244,244,166,954,60,16,3644297
1910,3648100,3651921,1910,6499,1683,4816,4589,227,227,170,954,60,1,3648101
1911,3651921,3655744,1911,6501,1661,4840,4590,250,250,170,955,60,8,3651929
1912,3655744,3659569,1912,6543,1646,4897,4631,266,266,154,955,60,3,3655747
1913,3659569,3663396,1913,6549,1666,4883,4636,247,247,157,956,60,18,3659587
1914,3663396,3667225,1914,6513,1659,4854,4599,255,255,154,956,60,23,3663419
1915,3667225,3671056,1915,6543,1662,4881,4628,253,253,161,957,60,6,3667231
1916,3671056,3674889,1916,6528,1657,4871,4612,259,259,165,957,60,13,3671069
1917,3674889,3678724,1917,6552,1642,4910,4635,275,275,158,958,60,8,3674897
1918,3678724,3682561,1918,6556,1669,4887,4638,249,249,160,958,60,19,3678743
1919,3682561,3686400,1919,6522,1669,4853,4603,250,250,170,959,60,10,3682571
1920,3686400,3690241,1920,6598,1668,4930,4678,252,252,167,959,60,1,3686401
1921,3690241,3694084,1921,6538,1666,4872,4617,255,255,164,960,60,10,3690251
1922,3694084,3697929,1922,6578,1652,4926,4656,270,270,152,960,60,7,3694091
1923,3697929,3701776,1923,6561,1662,4899,4638,261,261,159,961,60,4,3697933
1924,3701776,3705625,1924,6574,1667,4907,4650,257,257,148,961,60,3,3701779
1925,3705625,3709476,1925,6553,1676,4877,4628,249,249,163,962,60,4,3705629
1926,3709476,3713329,1926,6586,1674,4912,4660,252,252,170,962,60,11,3709487
1927,3713329,3717184,1927,6592,1676,4916,4665,251,251,165,963,60,58,3713387
1928,3717184,3721041,1928,6565,1665,4900,4637,263,263,158,963,60,25,3717209
1929,3721041,3724900,1929,6619,1672,4947,4690,257,257,165,964,60,8,3721049
1930,3724900,3728761,1930,6584,1659,4925,4654,271,271,149,964,60,7,3724907
1931,3728761,3732624,1931,6606,1660,4946,4675,271,271,157,965,60,18,3728779
1932,3732624,3736489,1932,6620,1679,4941,4688,253,253,167,965,60,5,3732629
1933,3736489,3740356,1933,6579,1685,4894,4646,248,248,164,966,60,12,3736501
1934,3740356,3744225,1934,6609,1687,4922,4675,247,247,171,966,60,15,3740371
1935,3744225,3748096,1935,6630,1693,4937,4695,242,242,173,967,60,2,3744227
1936,3748096,3751969,1936,6612,1658,4954,4676,278,278,146,967,60,3,3748099
1937,3751969,3755844,1937,6616,1680,4936,4679,257,257,158,968,60,40,3752009
1938,3755844,3759721,1938,6623,1688,4935,4685,250,250,167,968,60,5,3755849
1939,3759721,3763600,1939,6648,1711,4937,4709,228,228,180,969,60,6,3759727
1940,3763600,3767481,1940,6627,1683,4944,4687,257,257,159,969,60,1,3763601
1941,3767481,3771364,1941,6631,1689,4942,4690,252,252,157,970,60,2,3767483
1942,3771364,3775249,1942,6642,1688,4954,4700,254,254,173,970,60,13,3771377
1943,3775249,3779136,1943,6663,1685,4978,4720,258,258,170,971,60,48,3775297
1944,3779136,3783025,1944,6659,1684,4975,4715,260,260,157,971,60,23,3779159
1945,3783025,3786916,1945,6646,1680,4966,4701,265,265,164,972,60,16,3783041
1946,3786916,3790809,1946,6645,1703,4942,4699,243,243,163,972,60,3,3786919
1947,3790809,3794704,1947,6676,1705,4971,4729,242,242,169,973,60,80,3790889
1948,3794704,3798601,1948,6656,1677,4979,4708,271,271,159,973,60,7,3794711
1949,3798601,3802500,1949,6692,1693,4999,4743,256,256,164,974,60,28,3798629
1950,3802500,3806401,1950,6652,1684,4968,4702,266,266,160,974,60,11,3802511
1951,3806401,3810304,1951,6701,1699,5002,4750,252,252,172,975,60,22,3806423
1952,3810304,3814209,1952,6653,1696,4957,4701,256,256,166,975,60,15,3810319
1953,3814209,3818116,1953,6695,1671,5024,4742,282,282,159,976,61,2,3814211
1954,3818116,3822025,1954,6684,1691,4993,4730,263,263,168,976,61,7,3818123
1955,3822025,3825936,1955,6684,1687,4997,4729,268,268,159,977,61,4,3822029
1956,3825936,3829849,1956,6713,1705,5008,4757,251,251,161,977,61,11,3825947
1957,3829849,3833764,1957,6689,1702,4987,4732,255,255,164,978,61,4,3829853
1958,3833764,3837681,1958,6719,1706,5013,4761,252,252,164,978,61,13,3833777
1959,3837681,3841600,1959,6688,1694,4994,4729,265,265,167,979,61,8,3837689
1960,3841600,3845521,1960,6723,1696,5027,4763,264,264,161,979,61,3,3841603
1961,3845521,3849444,1961,6722,1697,5025,4761,264,264,163,980,61,16,3845537
1962,3849444,3853369,1962,6711,1718,4993,4749,244,244,183,980,61,23,3849467
1963,3853369,3857296,1963,6751,1704,5047,4788,259,259,161,981,61,10,3853379
1964,3857296,3861225,1964,6711,1704,5007,4747,260,260,170,981,61,1,3857297
1965,3861225,3865156,1965,6719,1704,5015,4754,261,261,165,982,61,8,3861233
1966,3865156,3869089,1966,6753,1711,5042,4787,255,255,156,982,61,1,3865157
1967,3869089,3873024,1967,6732,1723,5009,4765,244,244,175,983,61,12,3869101
1968,3873024,3876961,1968,6756,1709,5047,4788,259,259,160,983,61,17,3873041
1969,3876961,3880900,1969,6733,1707,5026,4764,262,262,160,984,61,12,3876973
1970,3880900,3884841,1970,6764,1717,5047,4794,253,253,169,984,61,1,3880901
1971,3884841,3888784,1971,6740,1705,5035,4769,266,266,160,985,61,2,3884843
1972,3888784,3892729,1972,6786,1706,5080,4814,266,266,160,985,61,39,3888823
1973,3892729,3896676,1973,6766,1693,5073,4793,280,280,163,986,61,12,3892741
1974,3896676,3900625,1974,6747,1725,5022,4773,249,249,171,986,61,1,3896677
1975,3900625,3904576,1975,6782,1729,5053,4807,246,246,176,987,61,24,3900649
1976,3904576,3908529,1976,6781,1705,5076,4805,271,271,166,987,61,15,3904591
1977,3908529,3912484,1977,6767,1712,5055,4790,265,265,161,988,61,8,3908537
1978,3912484,3916441,1978,6790,1717,5073,4812,261,261,167,988,61,3,3912487
1979,3916441,3920400,1979,6782,1719,5063,4803,260,260,171,989,61,12,3916453
1980,3920400,3924361,1980,6799,1717,5082,4819,263,263,171,989,61,1,3920401
1981,3924361,3928324,1981,6804,1715,5089,4823,266,266,165,990,61,48,3924409
1982,3928324,3932289,1982,6781,1715,5066,4799,267,267,161,990,61,37,3928361
1983,3932289,3936256,1983,6828,1730,5098,4845,253,253,171,991,61,14,3932303
1984,3936256,3940225,1984,6782,1722,5060,4798,262,262,164,991,61,15,3936271
1985,3940225,3944196,1985,6833,1714,5119,4848,271,271,164,992,61,6,3940231
1986,3944196,3948169,1986,6804,1723,5081,4818,263,263,164,992,61,23,3944219
1987,3948169,3952144,1987,6857,1714,5143,4870,273,273,169,993,61,4,3948173
1988,3952144,3956121,1988,6778,1741,5037,4790,247,247,174,993,61,19,3952163
1989,3956121,3960100,1989,6859,1733,5126,4870,256,256,168,994,61,22,3956143
1990,3960100,3964081,1990,6791,1742,5049,4801,248,248,170,994,61,1,3960101
1991,3964081,3968064,1991,6872,1737,5135,4881,254,254,170,995,61,6,3964087
1992,3968064,3972049,1992,6834,1725,5109,4842,267,267,156,995,61,7,3968071
1993,3972049,3976036,1993,6833,1727,5106,4840,266,266,171,996,61,22,3972071
1994,3976036,3980025,1994,6836,1726,5110,4842,268,268,173,996,61,7,3976043
1995,3980025,3984016,1995,6840,1741,5099,4845,254,254,172,997,61,2,3980027
1996,3984016,3988009,1996,6847,1746,5101,4851,250,250,175,997,61,15,3984031
1997,3988009,3992004,1997,6874,1746,5128,4877,251,251,183,998,61,12,3988021
1998,3992004,3996001,1998,6837,1727,5110,4839,271,271,153,998,61,7,3992011
1999,3996001,4000000,1999,6886,1751,5135,4887,248,248,180,999,61,6,3996007
2000,4000000,4004001,2000,6864,1733,5131,4864,267,267,161,999,61,37,4000037
2001,4004001,4008004,2001,6860,1734,5126,4859,267,267,170,1000,61,8,4004009
2002,4008004,4012009,2002,6881,1737,5144,4879,265,265,158,1000,61,9,4008013
2003,4012009,4016016,2003,6891,1739,5152,4888,264,264,168,1001,61,4,4012013
2004,4016016,4020025,2004,6908,1747,5161,4904,257,257,182,1001,61,5,4016021
2005,4020025,4024036,2005,6877,1731,5146,4872,274,274,162,1002,61,6,4020031
2006,4024036,4028049,2006,6905,1742,5163,4899,264,264,166,1002,61,1,4024037
2007,4028049,4032064,2007,6891,1742,5149,4884,265,265,169,1003,61,20,4028069
2008,4032064,4036081,2008,6882,1733,5149,4874,275,275,161,1003,61,7,4032071
2009,4036081,4040100,2009,6923,1736,5187,4914,273,273,162,1004,61,10,4036091
2010,4040100,4044121,2010,6902,1737,5165,4892,273,273,164,1004,61,19,4040119
2011,4044121,4048144,2011,6934,1735,5199,4923,276,276,162,1005,61,58,4044179
2012,4048144,4052169,2012,6908,1751,5157,4896,261,261,169,1005,61,27,4048171
2013,4052169,4056196,2013,6920,1757,5163,4907,256,256,175,1006,61,4,4052173
2014,4056196,4060225,2014,6929,1749,5180,4915,265,265,173,1006,61,13,4056209
2015,4060225,4064256,2015,6888,1748,5140,4873,267,267,167,1007,61,12,4060237
2016,4064256,4068289,2016,6972,1760,5212,4956,256,256,170,1007,62,43,4064299
2017,4068289,4072324,2017,6926,1756,5170,4909,261,261,171,1008,62,12,4068301
2018,4072324,4076361,2018,6958,1741,5217,4940,277,277,164,1008,62,13,4072337
2019,4076361,4080400,2019,6939,1743,5196,4920,276,276,165,1009,62,2,4076363
2020,4080400,4084441,2020,6938,1765,5173,4918,255,255,172,1009,62,3,4080403
2021,4084441,4088484,2021,6965,1743,5222,4944,278,278,165,1010,62,76,4084517
2022,4088484,4092529,2022,6958,1763,5195,4936,259,259,167,1010,62,37,4088521
2023,4092529,4096576,2023,6970,1752,5218,4947,271,271,158,1011,62,18,4092547
2024,4096576,4100625,2024,6946,1760,5186,4922,264,264,178,1011,62,3,4096579
2025,4100625,4104676,2025,6972,1769,5203,4947,256,256,171,1012,62,2,4100627
2026,4104676,4108729,2026,6936,1751,5185,4910,275,275,164,1012,62,1,4104677
2027,4108729,4112784,2027,7001,1753,5248,4974,274,274,163,1013,62,28,4108757
2028,4112784,4116841,2028,6995,1770,5225,4967,258,258,175,1013,62,23,4112807
2029,4116841,4120900,2029,6995,1782,5213,4966,247,247,178,1014,62,16,4116857
2030,4120900,4124961,2030,6963,1764,5199,4933,266,266,166,1014,62,3,4120903
2031,4124961,4129024,2031,6994,1763,5231,4963,268,268,162,1015,62,10,4124971
2032,4129024,4133089,2032,7008,1783,5225,4976,249,249,184,1015,62,7,4129031
2033,4133089,4137156,2033,7014,1777,5237,4981,256,256,179,1016,62,24,4133113
2034,4137156,4141225,2034,6991,1766,5225,4957,268,268,162,1016,62,1,4137157
2035,4141225,4145296,2035,7011,1764,5247,4976,271,271,174,1017,62,18,4141243
2036,4145296,4149369,2036,7003,1774,5229,4967,262,262,177,1017,62,3,4145299
2037,4149369,4153444,2037,7023,1765,5258,4986,272,272,166,1018,62,4,4149373
2038,4153444,4157521,2038,7014,1761,5253,4976,277,277,168,1018,62,3,4153447
2039,4157521,4161600,2039,7010,1768,5242,4971,271,271,166,1019,62,42,4157563
2040,4161600,4165681,2040,7032,1751,5281,4992,289,289,163,1019,62,7,4161607
2041,4165681,4169764,2041,7040,1780,5260,4999,261,261,176,1020,62,18,4165699
2042,4169764,4173849,2042,7031,1784,5247,4989,258,258,175,1020,62,7,4169771
2043,4173849,4177936,2043,7052,1785,5267,5009,258,258,182,1021,62,4,4173853
2044,4177936,4182025,2044,7051,1769,5282,5007,275,275,169,1021,62,3,4177939
2045,4182025,4186116,2045,7041,1758,5283,4996,287,287,158,1022,62,12,4182037
2046,4186116,4190209,2046,7030,1771,5259,4984,275,275,164,1022,62,7,4186123
2047,4190209,4194304,2047,7075,1785,5290,5028,262,262,173,1023,62,22,4190231
2048,4194304,4198401,2048,7066,1783,5283,5018,265,265,175,1023,62,15,4194319
2049,4198401,4202500,2049,7051,1772,5279,5002,277,277,168,1024,62,8,4198409
2050,4202500,4206601,2050,7078,1773,5305,5028,277,277,157,1024,62,1,4202501
2051,4206601,4210704,2051,7067,1784,5283,5016,267,267,178,1025,62,10,4206611
2052,4210704,4214809,2052,7077,1788,5289,5025,264,264,179,1025,62,5,4210709
2053,4214809,4218916,2053,7081,1787,5294,5028,266,266,169,1026,62,42,4214851
2054,4218916,4223025,2054,7086,1780,5306,5032,274,274,159,1026,62,1,4218917
2055,4223025,4227136,2055,7100,1787,5313,5045,268,268,168,1027,62,2,4223027
2056,4227136,4231249,2056,7075,1797,5278,5019,259,259,183,1027,62,1,4227137
2057,4231249,4235364,2057,7073,1786,5287,5016,271,271,165,1028,62,12,4231261
2058,4235364,4239481,2058,7142,1808,5334,5084,250,250,179,1028,62,13,4235377
2059,4239481,4243600,2059,7094,1774,5320,5035,285,285,170,1029,62,10,4239491
2060,4243600,4247721,2060,7094,1804,5290,5034,256,256,180,1029,62,7,4243607
2061,4247721,4251844,2061,7100,1777,5323,5039,284,284,161,1030,62,8,4247729
2062,4251844,4255969,2062,7153,1787,5366,5091,275,275,179,1030,62,3,4251847
2063,4255969,4260096,2063,7094,1797,5297,5031,266,266,185,1031,62,18,4255987
2064,4260096,4264225,2064,7116,1790,5326,5052,274,274,167,1031,62,1,4260097
2065,4264225,4268356,2065,7148,1804,5344,5083,261,261,175,1032,62,12,4264237
2066,4268356,4272489,2066,7104,1797,5307,5038,269,269,172,1032,62,45,4268401
2067,4272489,4276624,2067,7152,1801,5351,5085,266,266,175,1033,62,8,4272497
2068,4276624,4280761,2068,7119,1796,5323,5051,272,272,171,1033,62,3,4276627
2069,4280761,4284900,2069,7144,1812,5332,5075,257,257,172,1034,62,6,4280767
2070,4284900,4289041,2070,7161,1808,5353,5091,262,262,176,1034,62,19,4284919
2071,4289041,4293184,2071,7157,1796,5361,5086,275,275,172,1035,62,12,4289053
2072,4293184,4297329,2072,7146,1813,5333,5074,259,259,185,1035,62,3,4293187
2073,4297329,4301476,2073,7153,1792,5361,5080,281,281,171,1036,62,32,4297361
2074,4301476,4305625,2074,7189,1800,5389,5115,274,274,172,1036,62,1,4301477
2075,4305625,4309776,2075,7147,1803,5344,5072,272,272,181,1037,62,4,4305629
2076,4309776,4313929,2076,7187,1794,5393,5111,282,282,169,1037,62,11,4309787
2077,4313929,4318084,2077,7159,1814,5345,5082,263,263,173,1038,62,48,4313977
2078,4318084,4322241,2078,7161,1816,5345,5083,262,262,171,1038,62,3,4318087
2079,4322241,4326400,2079,7178,1814,5364,5099,265,265,173,1039,62,2,4322243
2080,4326400,4330561,2080,7176,1798,5378,5096,282,282,176,1039,63,1,4326401
2081,4330561,4334724,2081,7199,1815,5384,5118,266,266,176,1040,63,6,4330567
2082,4334724,4338889,2082,7185,1805,5380,5103,277,277,168,1040,63,7,4334731
2083,4338889,4343056,2083,7212,1812,5400,5129,271,271,172,1041,63,24,4338913
2084,4343056,4347225,2084,7209,1823,5386,5125,261,261,175,1041,63,1,4343057
2085,4347225,4351396,2085,7208,1813,5395,5123,272,272,175,1042,63,2,4347227
2086,4351396,4355569,2086,7182,1814,5368,5096,272,272,163,1042,63,1,4351397
2087,4355569,4359744,2087,7239,1824,5415,5152,263,263,173,1043,63,4,4355573
2088,4359744,4363921,2088,7218,1812,5406,5130,276,276,169,1043,63,5,4359749
2089,4363921,4368100,2089,7202,1827,5375,5113,262,262,177,1044,63,6,4363927
2090,4368100,4372281,2090,7241,1807,5434,5151,283,283,175,1044,63,7,4368107
2091,4372281,4376464,2091,7241,1809,5432,5150,282,282,168,1045,63,8,4372289
2092,4376464,4380649,2092,7219,1816,5403,5127,276,276,172,1045,63,3,4376467
2093,4380649,4384836,2093,7229,1817,5412,5136,276,276,165,1046,63,34,4380683
2094,4384836,4389025,2094,7241,1831,5410,5147,263,263,179,1046,63,1,4384837
2095,4389025,4393216,2095,7250,1815,5435,5155,280,280,173,1047,63,4,4389029
2096,4393216,4397409,2096,7257,1829,5428,5161,267,267,182,1047,63,1,4393217
2097,4397409,4401604,2097,7227,1836,5391,5130,261,261,168,1048,63,22,4397431
2098,4401604,4405801,2098,7279,1814,5465,5181,284,284,173,1048,63,37,4401641
2099,4405801,4410000,2099,7266,1842,5424,5167,257,257,176,1049,63,28,4405829
2100,4410000,4414201,2100,7265,1806,5459,5165,294,294,159,1049,63,19,4410019
2101,4414201,4418404,2101,7266,1827,5439,5165,274,274,184,1050,63,16,4414217
2102,4418404,4422609,2102,7263,1814,5449,5161,288,288,161,1050,63,13,4418417
2103,4422609,4426816,2103,7292,1824,5468,5189,279,279,175,1051,63,8,4422617
2104,4426816,4431025,2104,7280,1813,5467,5176,291,291,171,1051,63,27,4426843
2105,4431025,4435236,2105,7283,1842,5441,5178,263,263,175,1052,63,4,4431029
2106,4435236,4439449,2106,7305,1813,5492,5199,293,293,168,1052,63,1,4435237
2107,4439449,4443664,2107,7282,1813,5469,5175,294,294,174,1053,63,4,4439453
2108,4443664,4447881,2108,7287,1837,5450,5179,271,271,169,1053,63,25,4443689
2109,4447881,4452100,2109,7303,1830,5473,5194,279,279,165,1054,63,8,4447889
2110,4452100,4456321,2110,7315,1838,5477,5205,272,272,176,1054,63,31,4452131
2111,4456321,4460544,2111,7295,1826,5469,5184,285,285,160,1055,63,6,4456327
2112,4460544,4464769,2112,7310,1841,5469,5198,271,271,171,1055,63,5,4460549
2113,4464769,4468996,2113,7331,1829,5502,5218,284,284,178,1056,63,12,4464781
2114,4468996,4473225,2114,7313,1844,5469,5199,270,270,182,1056,63,31,4469027
2115,4473225,4477456,2115,7317,1832,5485,5202,283,283,171,1057,63,16,4473241
2116,4477456,4481689,2116,7347,1838,5509,5231,278,278,177,1057,63,1,4477457
2117,4481689,4485924,2117,7316,1830,5486,5199,287,287,166,1058,63,18,4481707
2118,4485924,4490161,2118,7355,1831,5524,5237,287,287,164,1058,63,7,4485931
2119,4490161,4494400,2119,7325,1851,5474,5206,268,268,170,1059,63,18,4490179
2120,4494400,4498641,2120,7325,1845,5480,5205,275,275,176,1059,63,1,4494401
2121,4498641,4502884,2121,7362,1847,5515,5241,274,274,179,1060,63,10,4498651
2122,4502884,4507129,2122,7362,1833,5529,5240,289,289,171,1060,63,3,4502887
2123,4507129,4511376,2123,7360,1857,5503,5237,266,266,184,1061,63,4,4507133
2124,4511376,4515625,2124,7341,1861,5480,5217,263,263,177,1061,63,7,4511383
2125,4515625,4519876,2125,7378,1850,5528,5253,275,275,180,1062,63,4,4515629
2126,4519876,4524129,2126,7357,1855,5502,5231,271,271,187,1062,63,1,4519877
2127,4524129,4528384,2127,7376,1850,5526,5249,277,277,174,1063,63,10,4524139
2128,4528384,4532641,2128,7370,1857,5513,5242,271,271,172,1063,63,15,4528399
2129,4532641,4536900,2129,7393,1856,5537,5264,273,273,186,1064,63,12,4532653
2130,4536900,4541161,2130,7389,1851,5538,5259,279,279,173,1064,63,13,4536913
2131,4541161,4545424,2131,7391,1860,5531,5260,271,271,173,1065,63,22,4541183
2132,4545424,4549689,2132,7376,1861,5515,5244,271,271,176,1065,63,9,4545433
2133,4549689,4553956,2133,7409,1838,5571,5276,295,295,170,1066,63,2,4549691
2134,4553956,4558225,2134,7384,1857,5527,5250,277,277,185,1066,63,7,4553963
2135,4558225,4562496,2135,7411,1866,5545,5276,269,269,188,1067,63,18,4558243
2136,4562496,4566769,2136,7407,1842,5565,5271,294,294,171,1067,63,1,4562497
2137,4566769,4571044,2137,7409,1851,5558,5272,286,286,170,1068,63,12,4566781
2138,4571044,4575321,2138,7412,1869,5543,5274,269,269,183,1068,63,9,4571053
2139,4575321,4579600,2139,7423,1856,5567,5284,283,283,175,1069,63,2,4575323
2140,4579600,4583881,2140,7420,1857,5563,5280,283,283,172,1069,63,9,4579609
2141,4583881,4588164,2141,7454,1868,5586,5313,273,273,172,1070,63,18,4583899
2142,4588164,4592449,2142,7417,1860,5557,5275,282,282,176,1070,63,29,4588193
2143,4592449,4596736,2143,7428,1851,5577,5285,292,292,170,1071,63,4,4592453
2144,4596736,4601025,2144,7427,1880,5547,5283,264,264,180,1071,63,97,4596833
2145,4601025,4605316,2145,7448,1867,5581,5303,278,278,187,1072,64,4,4601029
2146,4605316,4609609,2146,7433,1850,5583,5287,296,296,165,1072,64,7,4605323
2147,4609609,4613904,2147,7475,1865,5610,5328,282,282,176,1073,64,12,4609621
2148,4613904,4618201,2148,7425,1884,5541,5277,264,264,179,1073,64,7,4613911
2149,4618201,4622500,2149,7468,1869,5599,5319,280,280,184,1074,64,12,4618213
2150,4622500,4626801,2150,7459,1855,5604,5309,295,295,171,1074,64,9,4622509
2151,4626801,4631104,2151,7461,1877,5584,5310,274,274,175,1075,64,26,4626827
2152,4631104,4635409,2152,7493,1877,5616,5341,275,275,186,1075,64,7,4631111
2153,4635409,4639716,2153,7465,1874,5591,5312,279,279,182,1076,64,28,4635437
2154,4639716,4644025,2154,7485,1876,5609,5331,278,278,171,1076,64,1,4639717
2155,4644025,4648336,2155,7491,1869,5622,5336,286,286,174,1077,64,28,4644053
2156,4648336,4652649,2156,7490,1889,5601,5334,267,267,189,1077,64,13,4648349
2157,4652649,4656964,2157,7476,1895,5581,5319,262,262,179,1078,64,28,4652677
2158,4656964,4661281,2158,7483,1874,5609,5325,284,284,182,1078,64,9,4656973
2159,4661281,4665600,2159,7539,1874,5665,5380,285,285,181,1079,64,10,4661291
2160,4665600,4669921,2160,7470,1871,5599,5310,289,289,177,1079,64,53,4665653
2161,4669921,4674244,2161,7517,1878,5639,5356,283,283,180,1080,64,28,4669949
2162,4674244,4678569,2162,7507,1881,5626,5345,281,281,183,1080,64,7,4674251
2163,4678569,4682896,2163,7528,1866,5662,5365,297,297,167,1081,64,62,4678631
2164,4682896,4687225,2164,7532,1862,5670,5368,302,302,163,1081,64,7,4682903
2165,4687225,4691556,2165,7502,1899,5603,5337,266,266,188,1082,64,4,4687229
2166,4691556,4695889,2166,7539,1883,5656,5373,283,283,174,1082,64,11,4691567
2167,4695889,4700224,2167,7536,1878,5658,5369,289,289,177,1083,64,24,4695913
2168,4700224,4704561,2168,7532,1880,5652,5364,288,288,171,1083,64,7,4700231
2169,4704561,4708900,2169,7536,1896,5640,5367,273,273,181,1084,64,16,4704577
2170,4708900,4713241,2170,7542,1894,5648,5372,276,276,180,1084,64,19,4708919
2171,4713241,4717584,2171,7554,1880,5674,5383,291,291,171,1085,64,10,4713251
2172,4717584,4721929,2172,7550,1885,5665,5378,287,287,181,1085,64,5,4717589
2173,4721929,4726276,2173,7558,1895,5663,5385,278,278,177,1086,64,4,4721933
2174,4726276,4730625,2174,7550,1901,5649,5376,273,273,178,1086,64,1,4726277
2175,4730625,4734976,2175,7545,1868,5677,5370,307,307,177,1087,64,22,4730647
2176,4734976,4739329,2176,7583,1890,5693,5407,286,286,182,1087,64,3,4734979
2177,4739329,4743684,2177,7554,1904,5650,5377,273,273,192,1088,64,34,4739363
2178,4743684,4748041,2178,7605,1896,5709,5427,282,282,194,1088,64,7,4743691
2179,4748041,4752400,2179,7554,1905,5649,5375,274,274,181,1089,64,6,4748047
2180,4752400,4756761,2180,7586,1904,5682,5406,276,276,184,1089,64,9,4752409
2181,4756761,4761124,2181,7588,1891,5697,5407,290,290,172,1090,64,8,4756769
2182,4761124,4765489,2182,7595,1902,5693,5413,280,280,181,1090,64,13,4761137
2183,4765489,4769856,2183,7602,1899,5703,5419,284,284,181,1091,64,10,4765499
2184,4769856,4774225,2184,7578,1919,5659,5394,265,265,181,1091,64,11,4769867
2185,4774225,4778596,2185,7619,1891,5728,5434,294,294,179,1092,64,24,4774249
2186,4778596,4782969,2186,7618,1898,5720,5432,288,288,181,1092,64,7,4778603
2187,4782969,4787344,2187,7595,1910,5685,5408,277,277,182,1093,64,2,4782971
2188,4787344,4791721,2188,7625,1918,5707,5437,270,270,189,1093,64,3,4787347
2189,4791721,4796100,2189,7593,1902,5691,5404,287,287,174,1094,64,16,4791737
2190,4796100,4800481,2190,7652,1903,5749,5462,287,287,179,1094,64,11,4796111
2191,4800481,4804864,2191,7611,1888,5723,5420,303,303,173,1095,64,6,4800487
2192,4804864,4809249,2192,7622,1916,5706,5430,276,276,178,1095,64,3,4804867
2193,4809249,4813636,2193,7643,1909,5734,5450,284,284,178,1096,64,2,4809251
2194,4813636,4818025,2194,7641,1909,5732,5447,285,285,183,1096,64,3,4813639
2195,4818025,4822416,2195,7643,1901,5742,5448,294,294,175,1097,64,18,4818043
2196,4822416,4826809,2196,7642,1933,5709,5446,263,263,192,1097,64,5,4822421
2197,4826809,4831204,2197,7643,1917,5726,5446,280,280,181,1098,64,4,4826813
2198,4831204,4835601,2198,7686,1902,5784,5488,296,296,172,1098,64,33,4831237
2199,4835601,4840000,2199,7631,1890,5741,5432,309,309,172,1099,64,16,4835617
2200,4840000,4844401,2200,7671,1928,5743,5471,272,272,190,1099,64,27,4840027
2201,4844401,4848804,2201,7666,1917,5749,5465,284,284,180,1100,64,16,4844417
2202,4848804,4853209,2202,7695,1905,5790,5493,297,297,183,1100,64,35,4848839
2203,4853209,4857616,2203,7678,1930,5748,5475,273,273,185,1101,64,34,4853243
2204,4857616,4862025,2204,7624,1913,5711,5420,291,291,176,1101,64,21,4857637
2205,4862025,4866436,2205,7688,1917,5771,5483,288,288,173,1102,64,2,4862027
2206,4866436,4870849,2206,7672,1912,5760,5466,294,294,168,1102,64,7,4866443
2207,4870849,4875264,2207,7734,1919,5815,5527,288,288,184,1103,64,12,4870861
2208,4875264,4879681,2208,7655,1934,5721,5447,274,274,188,1103,64,7,4875271
2209,4879681,4884100,2209,7717,1913,5804,5508,296,296,184,1104,64,6,4879687
2210,4884100,4888521,2210,7695,1916,5779,5485,294,294,185,1104,64,1,4884101
2211,4888521,4892944,2211,7706,1911,5795,5495,300,300,174,1105,65,2,4888523
2212,4892944,4897369,2212,7713,1911,5802,5501,301,301,158,1105,65,33,4892977
2213,4897369,4901796,2213,7706,1900,5806,5493,313,313,179,1106,65,10,4897379
2214,4901796,4906225,2214,7720,1948,5772,5506,266,266,194,1106,65,5,4901801
2215,4906225,4910656,2215,7737,1922,5815,5522,293,293,169,1107,65,4,4906229
2216,4910656,4915089,2216,7723,1931,5792,5507,285,285,179,1107,65,7,4910663
2217,4915089,4919524,2217,7725,1939,5786,5508,278,278,195,1108,65,4,4915093
2218,4919524,4923961,2218,7719,1920,5799,5501,298,298,179,1108,65,3,4919527
2219,4923961,4928400,2219,7778,1935,5843,5559,284,284,176,1109,65,6,4923967
2220,4928400,4932841,2220,7733,1927,5806,5513,293,293,183,1109,65,61,4928461
2221,4932841,4937284,2221,7719,1938,5781,5498,283,283,179,1110,65,12,4932853
2222,4937284,4941729,2222,7761,1934,5827,5539,288,288,183,1110,65,3,4937287
2223,4941729,4946176,2223,7766,1922,5844,5543,301,301,180,1111,65,2,4941731
2224,4946176,4950625,2224,7745,1939,5806,5521,285,285,181,1111,65,1,4946177
2225,4950625,4955076,2225,7750,1936,5814,5525,289,289,173,1112,65,4,4950629
2226,4955076,4959529,2226,7781,1942,5839,5555,284,284,184,1112,65,5,4955081
2227,4959529,4963984,2227,7797,1924,5873,5570,303,303,185,1113,65,4,4959533
2228,4963984,4968441,2228,7752,1925,5827,5524,303,303,176,1113,65,25,4964009
2229,4968441,4972900,2229,7776,1949,5827,5547,280,280,184,1114,65,32,4968473
2230,4972900,4977361,2230,7774,1936,5838,5544,294,294,178,1114,65,9,4972909
2231,4977361,4981824,2231,7788,1937,5851,5557,294,294,173,1115,65,6,4977367
2232,4981824,4986289,2232,7793,1934,5859,5561,298,298,180,1115,65,37,4981861
2233,4986289,4990756,2233,7803,1931,5872,5570,302,302,182,1116,65,10,4986299
2234,4990756,4995225,2234,7793,1952,5841,5559,282,282,185,1116,65,3,4990759
2235,4995225,4999696,2235,7776,1951,5825,5541,284,284,188,1117,65,2,4995227
2236,4999696,5004169,2236,7828,1943,5885,5592,293,293,181,1117,65,7,4999703
2237,5004169,5008644,2237,7788,1957,5831,5551,280,280,175,1118,65,24,5004193
2238,5008644,5013121,2238,7829,1955,5874,5591,283,283,189,1118,65,13,5008657
2239,5013121,5017600,2239,7830,1952,5878,5591,287,287,190,1119,65,12,5013133
2240,5017600,5022081,2240,7802,1944,5858,5562,296,296,187,1119,65,3,5017603
2241,5022081,5026564,2241,7851,1950,5901,5610,291,291,181,1120,65,16,5022097
2242,5026564,5031049,2242,7795,1949,5846,5553,293,293,176,1120,65,25,5026589
2243,5031049,5035536,2243,7875,1953,5922,5632,290,290,188,1121,65,22,5031071
2244,5035536,5040025,2244,7796,1962,5834,5552,282,282,184,1121,65,7,5035543
2245,5040025,5044516,2245,7873,1953,5920,5628,292,292,184,1122,65,6,5040031
2246,5044516,5049009,2246,7836,1967,5869,5590,279,279,191,1122,65,15,5044531
2247,5049009,5053504,2247,7839,1958,5881,5592,289,289,185,1123,65,38,5049047
2248,5053504,5058001,2248,7865,1940,5925,5617,308,308,169,1123,65,3,5053507
2249,5058001,5062500,2249,7855,1963,5892,5606,286,286,195,1124,65,12,5058013
2250,5062500,5067001,2250,7860,1963,5897,5610,287,287,181,1124,65,29,5062529
2251,5067001,5071504,2251,7879,1953,5926,5628,298,298,181,1125,65,46,5067047
2252,5071504,5076009,2252,7855,1968,5887,5603,284,284,187,1125,65,7,5071511
2253,5076009,5080516,2253,7901,1959,5942,5648,294,294,193,1126,65,8,5076017
2254,5080516,5085025,2254,7854,1955,5899,5600,299,299,188,1126,65,13,5080529
2255,5085025,5089536,2255,7879,1965,5914,5624,290,290,183,1127,65,24,5085049
2256,5089536,5094049,2256,7894,1955,5939,5638,301,301,179,1127,65,5,5089541
2257,5094049,5098564,2257,7899,1970,5929,5642,287,287,191,1128,65,10,5094059
2258,5098564,5103081,2258,7881,1977,5904,5623,281,281,191,1128,65,3,5098567
2259,5103081,5107600,2259,7906,1979,5927,5647,280,280,187,1129,65,2,5103083
2260,5107600,5112121,2260,7910,1959,5951,5650,301,301,184,1129,65,1,5107601
2261,5112121,5116644,2261,7892,1976,5916,5631,285,285,182,1130,65,6,5112127
2262,5116644,5121169,2262,7884,1976,5908,5622,286,286,192,1130,65,23,5116667
2263,5121169,5125696,2263,7932,1950,5982,5669,313,313,172,1131,65,4,5121173
2264,5125696,5130225,2264,7908,1980,5928,5644,284,284,193,1131,65,3,5125699
2265,5130225,5134756,2265,7946,1958,5988,5681,307,307,178,1132,65,28,5130253
2266,5134756,5139289,2266,7901,1979,5922,5635,287,287,185,1132,65,1,5134757
2267,5139289,5143824,2267,7937,1964,5973,5670,303,303,180,1133,65,12,5139301
2268,5143824,5148361,2268,7952,1982,5970,5684,286,286,191,1133,65,13,5143837
2269,5148361,5152900,2269,7928,1973,5955,5659,296,296,189,1134,65,10,5148371
2270,5152900,5157441,2270,7945,1988,5957,5675,282,282,185,1134,65,9,5152909
2271,5157441,5161984,2271,7942,1969,5973,5671,302,302,190,1135,65,16,5157457
2272,5161984,5166529,2272,7981,1983,5998,5709,289,289,195,1135,65,9,5161993
2273,5166529,5171076,2273,7926,1981,5945,5653,292,292,185,1136,65,12,5166541
2274,5171076,5175625,2274,7950,1976,5974,5676,298,298,181,1136,65,11,5171087
2275,5175625,5180176,2275,7981,1996,5985,5706,279,279,181,1137,65,12,5175637
2276,5180176,5184729,2276,7944,1988,5956,5668,288,288,196,1137,65,37,5180213
2277,5184729,5189284,2277,7968,1985,5983,5691,292,292,190,1138,65,4,5184733
2278,5189284,5193841,2278,7966,1986,5980,5688,292,292,185,1138,66,7,5189291
2279,5193841,5198400,2279,7961,1983,5978,5682,296,296,186,1139,66,6,5193847
2280,5198400,5202961,2280,7997,1975,6022,5717,305,305,187,1139,66,23,5198423
2281,5202961,5207524,2281,7971,1968,6003,5690,313,313,171,1140,66,10,5202971
2282,5207524,5212089,2282,8017,2003,6014,5735,279,279,191,1140,66,25,5207549
2283,5212089,5216656,2283,7994,1978,6016,5711,305,305,178,1141,66,2,5212091
2284,5216656,5221225,2284,7991,1984,6007,5707,300,300,191,1141,66,7,5216663
2285,5221225,5225796,2285,8003,1989,6014,5718,296,296,178,1142,66,6,5221231
2286,5225796,5230369,2286,8000,1994,6006,5714,292,292,185,1142,66,1,5225797
2287,5230369,5234944,2287,8023,1992,6031,5736,295,295,191,1143,66,18,5230387
2288,5234944,5239521,2288,8003,1988,6015,5715,300,300,188,1143,66,43,5234987
2289,5239521,5244100,2289,8038,1984,6054,5749,305,305,184,1144,66,2,5239523
2290,5244100,5248681,2290,8010,1989,6021,5720,301,301,199,1144,66,3,5244103
2291,5248681,5253264,2291,8028,1979,6049,5737,312,312,178,1145,66,6,5248687
2292,5253264,5257849,2292,8026,2015,6011,5734,277,277,189,1145,66,13,5253277
2293,5257849,5262436,2293,8030,1997,6033,5737,296,296,184,1146,66,28,5257877
2294,5262436,5267025,2294,8029,1994,6035,5735,300,300,184,1146,66,1,5262437
2295,5267025,5271616,2295,8031,1994,6037,5736,301,301,181,1147,66,14,5267039
2296,5271616,5276209,2296,8076,1999,6077,5780,297,297,186,1147,66,3,5271619
2297,5276209,5280804,2297,8050,2001,6049,5753,296,296,184,1148,66,24,5276233
2298,5280804,5285401,2298,8028,2021,6007,5730,277,277,204,1148,66,5,5280809
2299,5285401,5290000,2299,8072,2000,6072,5773,299,299,180,1149,66,16,5285417
2300,5290000,5294601,2300,8039,1988,6051,5739,312,312,182,1149,66,7,5290007
2301,5294601,5299204,2301,8102,2007,6095,5801,294,294,181,1150,66,2,5294603
2302,5299204,5303809,2302,8009,1999,6010,5707,303,303,185,1150,66,9,5299213
2303,5303809,5308416,2303,8107,2002,6105,5804,301,301,192,1151,66,10,5303819
2304,5308416,5313025,2304,8064,2022,6042,5760,282,282,197,1151,66,1,5308417
2305,5313025,5317636,2305,8105,2005,6100,5800,300,300,192,1152,66,16,5313041
2306,5317636,5322249,2306,8070,2017,6053,5764,289,289,185,1152,66,3,5317639
2307,5322249,5326864,2307,8090,2005,6085,5783,302,302,191,1153,66,4,5322253
2308,5326864,5331481,2308,8114,2006,6108,5806,302,302,192,1153,66,25,5326889
2309,5331481,5336100,2309,8098,2004,6094,5789,305,305,190,1154,66,12,5331493
2310,5336100,5340721,2310,8076,2012,6064,5766,298,298,175,1154,66,1,5336101
2311,5340721,5345344,2311,8111,2012,6099,5800,299,299,199,1155,66,22,5340743
2312,5345344,5349969,2312,8120,2018,6102,5808,294,294,191,1155,66,15,5345359
2313,5349969,5354596,2313,8131,2018,6113,5818,295,295,178,1156,66,14,5349983
2314,5354596,5359225,2314,8095,2015,6080,5781,299,299,190,1156,66,1,5354597
2315,5359225,5363856,2315,8114,2011,6103,5799,304,304,187,1157,66,6,5359231
2316,5363856,5368489,2316,8128,2018,6110,5812,298,298,191,1157,66,5,5363861
2317,5368489,5373124,2317,8140,2037,6103,5823,280,280,201,1158,66,52,5368541
2318,5373124,5377761,2318,8146,1997,6149,5828,321,321,180,1158,66,3,5373127
2319,5377761,5382400,2319,8146,2012,6134,5827,307,307,195,1159,66,8,5377769
2320,5382400,5387041,2320,8155,2023,6132,5835,297,297,184,1159,66,1,5382401
2321,5387041,5391684,2321,8122,2016,6106,5801,305,305,189,1160,66,18,5387059
2322,5391684,5396329,2322,8153,2037,6116,5831,285,285,185,1160,66,5,5391689
2323,5396329,5400976,2323,8158,2019,6139,5835,304,304,192,1161,66,12,5396341
2324,5400976,5405625,2324,8141,2038,6103,5817,286,286,204,1161,66,3,5400979
2325,5405625,5410276,2325,8185,2029,6156,5860,296,296,181,1162,66,16,5405641
2326,5410276,5414929,2326,8157,2016,6141,5831,310,310,191,1162,66,1,5410277
2327,5414929,5419584,2327,8173,2038,6135,5846,289,289,193,1163,66,22,5414951
2328,5419584,5424241,2328,8170,2013,6157,5842,315,315,188,1163,66,13,5419597
2329,5424241,5428900,2329,8167,2024,6143,5838,305,305,178,1164,66,16,5424257
2330,5428900,5433561,2330,8197,2035,6162,5867,295,295,192,1164,66,1,5428901
2331,5433561,5438224,2331,8153,2025,6128,5822,306,306,189,1165,66,8,5433569
2332,5438224,5442889,2332,8214,2040,6174,5882,292,292,190,1165,66,3,5438227
2333,5442889,5447556,2333,8183,2035,6148,5850,298,298,188,1166,66,4,5442893
2334,5447556,5452225,2334,8207,2014,6193,5873,320,320,189,1166,66,23,5447579
2335,5452225,5456896,2335,8206,2042,6164,5871,293,293,181,1167,66,6,5452231
2336,5456896,5461569,2336,8171,2026,6145,5835,310,310,181,1167,66,1,5456897
2337,5461569,5466244,2337,8221,2034,6187,5884,303,303,187,1168,66,44,5461613
2338,5466244,5470921,2338,8230,2054,6176,5892,284,284,197,1168,66,13,5466257
2339,5470921,5475600,2339,8232,2035,6197,5893,304,304,196,1169,66,22,5470943
2340,5475600,5480281,2340,8197,2049,6148,5857,291,291,199,1169,66,37,5475637
2341,5480281,5484964,2341,8224,2035,6189,5883,306,306,191,1170,66,6,5480287
2342,5484964,5489649,2342,8253,2043,6210,5911,299,299,189,1170,66,15,5484979
2343,5489649,5494336,2343,8231,2040,6191,5888,303,303,189,1171,66,34,5489683
2344,5494336,5499025,2344,8219,2041,6178,5875,303,303,184,1171,66,3,5494339
2345,5499025,5503716,2345,8267,2039,6228,5922,306,306,197,1172,66,6,5499031
2346,5503716,5508409,2346,8228,2036,6192,5882,310,310,196,1172,67,5,5503721
2347,5508409,5513104,2347,8248,2065,6183,5901,282,282,186,1173,67,60,5508469
2348,5513104,5517801,2348,8237,2036,6201,5889,312,312,185,1173,67,3,5513107
2349,5517801,5522500,2349,8274,2061,6213,5925,288,288,190,1174,67,22,5517823
2350,5522500,5527201,2350,8282,2062,6220,5932,288,288,201,1174,67,19,5522519
2351,5527201,5531904,2351,8240,2055,6185,5889,296,296,198,1175,67,12,5527213
2352,5531904,5536609,2352,8274,2020,6254,5922,332,332,166,1175,67,23,5531927
2353,5536609,5541316,2353,8277,2054,6223,5924,299,299,192,1176,67,4,5536613
2354,5541316,5546025,2354,8284,2070,6214,5930,284,284,194,1176,67,1,5541317
2355,5546025,5550736,2355,8266,2054,6212,5911,301,301,188,1177,67,2,5546027
2356,5550736,5555449,2356,8313,2064,6249,5957,292,292,194,1177,67,3,5550739
2357,5555449,5560164,2357,8272,2050,6222,5915,307,307,198,1178,67,12,5555461
2358,5560164,5564881,2358,8301,2060,6241,5943,298,298,193,1178,67,5,5560169
2359,5564881,5569600,2359,8305,2037,6268,5946,322,322,175,1179,67,6,5564887
2360,5569600,5574321,2360,8293,2049,6244,5933,311,311,186,1179,67,1,5569601
2361,5574321,5579044,2361,8325,2087,6238,5964,274,274,204,1180,67,22,5574343
2362,5579044,5583769,2362,8290,2044,6246,5928,318,318,190,1180,67,9,5579053
2363,5583769,5588496,2363,8318,2053,6265,5955,310,310,192,1181,67,22,5583791
2364,5588496,5593225,2364,8324,2069,6255,5960,295,295,193,1181,67,5,5588501
2365,5593225,5597956,2365,8323,2058,6265,5958,307,307,189,1182,67,4,5593229
2366,5597956,5602689,2366,8335,2059,6276,5969,307,307,191,1182,67,3,5597959
2367,5602689,5607424,2367,8320,2075,6245,5953,292,292,190,1183,67,4,5602693
2368,5607424,5612161,2368,8359,2049,6310,5991,319,319,196,1183,67,15,5607439
2369,5612161,5616900,2369,8315,2073,6242,5946,296,296,203,1184,67,16,5612177
2370,5616900,5621641,2370,8342,2073,6269,5972,297,297,190,1184,67,7,5616907
2371,5621641,5626384,2371,8352,2070,6282,5981,301,301,183,1185,67,12,5621653
2372,5626384,5631129,2372,8340,2059,6281,5968,313,313,193,1185,67,7,5626391
2373,5631129,5635876,2373,8367,2059,6308,5994,314,314,188,1186,67,40,5631169
2374,5635876,5640625,2374,8338,2083,6255,5964,291,291,191,1186,67,45,5635921
2375,5640625,5645376,2375,8377,2075,6302,6002,300,300,196,1187,67,4,5640629
2376,5645376,5650129,2376,8386,2080,6306,6010,296,296,203,1187,67,7,5645383
2377,5650129,5654884,2377,8338,2070,6268,5961,307,307,187,1188,67,4,5650133
2378,5654884,5659641,2378,8384,2079,6305,6006,299,299,199,1188,67,27,5654911
2379,5659641,5664400,2379,8380,2068,6312,6001,311,311,181,1189,67,10,5659651
2380,5664400,5669161,2380,8379,2090,6289,5999,290,290,198,1189,67,1,5664401
2381,5669161,5673924,2381,8410,2070,6340,6029,311,311,188,1190,67,28,5669189
2382,5673924,5678689,2382,8364,2078,6286,5982,304,304,193,1190,67,5,5673929
2383,5678689,5683456,2383,8407,2087,6320,6024,296,296,199,1191,67,24,5678713
2384,5683456,5688225,2384,8395,2073,6322,6011,311,311,196,1191,67,7,5683463
2385,5688225,5692996,2385,8425,2065,6360,6040,320,320,187,1192,67,22,5688247
2386,5692996,5697769,2386,8356,2070,6286,5970,316,316,187,1192,67,25,5693021
2387,5697769,5702544,2387,8423,2067,6356,6036,320,320,187,1193,67,24,5697793
2388,5702544,5707321,2388,8412,2084,6328,6024,304,304,183,1193,67,19,5702563
2389,5707321,5712100,2389,8432,2094,6338,6043,295,295,204,1194,67,36,5707357
2390,5712100,5716881,2390,8429,2064,6365,6039,326,326,187,1194,67,21,5712121
2391,5716881,5721664,2391,8426,2076,6350,6035,315,315,191,1195,67,16,5716897
2392,5721664,5726449,2392,8426,2090,6336,6034,302,302,193,1195,67,25,5721689
2393,5726449,5731236,2393,8433,2087,6346,6040,306,306,196,1196,67,10,5726459
2394,5731236,5736025,2394,8452,2093,6359,6058,301,301,199,1196,67,23,5731259
2395,5736025,5740816,2395,8442,2088,6354,6047,307,307,188,1197,67,42,5736067
2396,5740816,5745609,2396,8440,2087,6353,6044,309,309,210,1197,67,13,5740829
2397,5745609,5750404,2397,8440,2083,6357,6043,314,314,192,1198,67,20,5745629
2398,5750404,5755201,2398,8481,2083,6398,6083,315,315,192,1198,67,37,5750441
2399,5755201,5760000,2399,8448,2104,6344,6049,295,295,197,1199,67,6,5755207
2400,5760000,5764801,2400,8474,2098,6376,6074,302,302,199,1199,67,11,5760011
2401,5764801,5769604,2401,8464,2109,6355,6063,292,292,201,1200,67,16,5764817
2402,5769604,5774409,2402,8468,2083,6385,6066,319,319,194,1200,67,45,5769649
2403,5774409,5779216,2403,8478,2109,6369,6075,294,294,198,1201,67,2,5774411
2404,5779216,5784025,2404,8459,2102,6357,6055,302,302,200,1201,67,1,5779217
2405,5784025,5788836,2405,8499,2100,6399,6094,305,305,202,1202,67,22,5784047
2406,5788836,5793649,2406,8493,2091,6402,6087,315,315,189,1202,67,1,5788837
2407,5793649,5798464,2407,8501,2100,6401,6094,307,307,191,1203,67,4,5793653
2408,5798464,5803281,2408,8469,2111,6358,6061,297,297,200,1203,67,3,5798467
2409,5803281,5808100,2409,8511,2081,6430,6102,328,328,192,1204,67,2,5803283
2410,5808100,5812921,2410,8514,2102,6412,6104,308,308,193,1204,67,7,5808107
2411,5812921,5817744,2411,8470,2105,6365,6059,306,306,205,1205,67,6,5812927
2412,5817744,5822569,2412,8549,2102,6447,6137,310,310,193,1205,67,7,5817751
2413,5822569,5827396,2413,8521,2119,6402,6108,294,294,205,1206,67,4,5822573
2414,5827396,5832225,2414,8483,2095,6388,6069,319,319,186,1206,67,3,5827399
2415,5832225,5837056,2415,8506,2114,6392,6091,301,301,195,1207,68,32,5832257
2416,5837056,5841889,2416,8545,2109,6436,6129,307,307,195,1207,68,7,5837063
2417,5841889,5846724,2417,8530,2099,6431,6113,318,318,189,1208,68,18,5841907
2418,5846724,5851561,2418,8527,2098,6429,6109,320,320,187,1208,68,23,5846747
2419,5851561,5856400,2419,8541,2110,6431,6122,309,309,204,1209,68,28,5851589
2420,5856400,5861241,2420,8549,2115,6434,6129,305,305,197,1209,68,1,5856401
2421,5861241,5866084,2421,8556,2120,6436,6135,301,301,188,1210,68,8,5861249
2422,5866084,5870929,2422,8546,2115,6431,6124,307,307,199,1210,68,13,5866097
2423,5870929,5875776,2423,8540,2111,6429,6117,312,312,207,1211,68,10,5870939
2424,5875776,5880625,2424,8569,2115,6454,6145,309,309,196,1211,68,5,5875781
2425,5880625,5885476,2425,8568,2082,6486,6143,343,343,180,1212,68,4,5880629
2426,5885476,5890329,2426,8566,2116,6450,6140,310,310,197,1212,68,7,5885483
2427,5890329,5895184,2427,8577,2106,6471,6150,321,321,192,1213,68,8,5890337
2428,5895184,5900041,2428,8587,2122,6465,6159,306,306,201,1213,68,19,5895203
2429,5900041,5904900,2429,8592,2117,6475,6163,312,312,193,1214,68,6,5900047
2430,5904900,5909761,2430,8564,2113,6451,6134,317,317,191,1214,68,1,5904901
2431,5909761,5914624,2431,8588,2097,6491,6157,334,334,186,1215,68,6,5909767
2432,5914624,5919489,2432,8608,2116,6492,6176,316,316,199,1215,68,3,5914627
2433,5919489,5924356,2433,8570,2110,6460,6137,323,323,195,1216,68,2,5919491
2434,5924356,5929225,2434,8606,2124,6482,6172,310,310,184,1216,68,27,5924383
2435,5929225,5934096,2435,8597,2115,6482,6162,320,320,193,1217,68,58,5929283
2436,5934096,5938969,2436,8625,2122,6503,6189,314,314,197,1217,68,11,5934107
2437,5938969,5943844,2437,8609,2120,6489,6172,317,317,190,1218,68,24,5938993
2438,5943844,5948721,2438,8626,2126,6500,6188,312,312,202,1218,68,7,5943851
2439,5948721,5953600,2439,8635,2140,6495,6196,299,299,192,1219,68,32,5948753
2440,5953600,5958481,2440,8593,2130,6463,6153,310,310,202,1219,68,3,5953603
2441,5958481,5963364,2441,8645,2127,6518,6204,314,314,194,1220,68,18,5958499
2442,5963364,5968249,2442,8625,2128,6497,6183,314,314,197,1220,68,17,5963381
2443,5968249,5973136,2443,8652,2150,6502,6209,293,293,199,1221,68,4,5968253
2444,5973136,5978025,2444,8620,2130,6490,6176,314,314,205,1221,68,3,5973139
2445,5978025,5982916,2445,8653,2141,6512,6208,304,304,194,1222,68,22,5978047
2446,5982916,5987809,2446,8660,2109,6551,6214,337,337,178,1222,68,15,5982931
2447,5987809,5992704,2447,8649,2141,6508,6202,306,306,208,1223,68,10,5987819
2448,5992704,5997601,2448,8649,2158,6491,6201,290,290,207,1223,68,13,5992717
2449,5997601,6002500,2449,8682,2126,6556,6233,323,323,191,1224,68,10,5997611
2450,6002500,6007401,2450,8658,2129,6529,6208,321,321,195,1224,68,9,6002509
2451,6007401,6012304,2451,8656,2123,6533,6205,328,328,197,1225,68,2,6007403
2452,6012304,6017209,2452,8696,2138,6558,6244,314,314,197,1225,68,9,6012313
2453,6017209,6022116,2453,8670,2144,6526,6217,309,309,198,1226,68,4,6017213
2454,6022116,6027025,2454,8679,2115,6564,6225,339,339,190,1226,68,1,6022117
2455,6027025,6031936,2455,8696,2135,6561,6241,320,320,197,1227,68,12,6027037
2456,6031936,6036849,2456,8665,2188,6477,6209,268,268,211,1227,68,1,6031937
2457,6036849,6041764,2457,8685,2135,6550,6228,322,322,202,1228,68,8,6036857
2458,6041764,6046681,2458,8694,2150,6544,6236,308,308,191,1228,68,45,6041809
2459,6046681,6051600,2459,8691,2140,6551,6232,319,319,195,1229,68,16,6046697
2460,6051600,6056521,2460,8713,2137,6576,6253,323,323,193,1229,68,1,6051601
2461,6056521,6061444,2461,8731,2150,6581,6270,311,311,205,1230,68,22,6056543
2462,6061444,6066369,2462,8702,2160,6542,6240,302,302,210,1230,68,15,6061459
2463,6066369,6071296,2463,8731,2150,6581,6268,313,313,194,1231,68,14,6066383
2464,6071296,6076225,2464,8675,2138,6537,6211,326,326,195,1231,68,1,6071297
2465,6076225,6081156,2465,8763,2152,6611,6298,313,313,203,1232,68,4,6076229
2466,6081156,6086089,2466,8715,2177,6538,6249,289,289,202,1232,68,25,6081181
2467,6086089,6091024,2467,8731,2131,6600,6264,336,336,188,1233,68,28,6086117
2468,6091024,6095961,2468,8753,2157,6596,6285,311,311,206,1233,68,3,6091027
2469,6095961,6100900,2469,8760,2141,6619,6291,328,328,197,1234,68,16,6095977
2470,6100900,6105841,2470,8721,2147,6574,6251,323,323,189,1234,68,1,6100901
2471,6105841,6110784,2471,8742,2155,6587,6271,316,316,203,1235,68,36,6105877
2472,6110784,6115729,2472,8776,2155,6621,6304,317,317,193,1235,68,5,6110789
2473,6115729,6120676,2473,8767,2160,6607,6294,313,313,192,1236,68,12,6115741
2474,6120676,6125625,2474,8738,2164,6574,6264,310,310,198,1236,68,13,6120689
2475,6125625,6130576,2475,8732,2153,6579,6257,322,322,192,1237,68,28,6125653
2476,6130576,6135529,2476,8777,2166,6611,6301,310,310,202,1237,68,27,6130603
2477,6135529,6140484,2477,8801,2152,6649,6324,325,325,186,1238,68,4,6135533
2478,6140484,6145441,2478,8782,2171,6611,6304,307,307,203,1238,68,37,6140521
2479,6145441,6150400,2479,8784,2150,6634,6305,329,329,194,1239,68,16,6145457
2480,6150400,6155361,2480,8778,2162,6616,6298,318,318,202,1239,68,9,6150409
2481,6155361,6160324,2481,8777,2166,6611,6296,315,315,191,1240,68,56,6155417
2482,6160324,6165289,2482,8795,2163,6632,6313,319,319,208,1240,68,7,6160331
2483,6165289,6170256,2483,8794,2151,6643,6311,332,332,195,1241,68,18,6165307
2484,6170256,6175225,2484,8794,2173,6621,6310,311,311,197,1241,68,61,6170317
2485,6175225,6180196,2485,8827,2166,6661,6342,319,319,204,1242,69,4,6175229
2486,6180196,6185169,2486,8824,2189,6635,6338,297,297,214,1242,69,3,6180199
2487,6185169,6190144,2487,8815,2168,6647,6328,319,319,195,1243,69,2,6185171
2488,6190144,6195121,2488,8803,2177,6626,6315,311,311,199,1243,69,3,6190147
2489,6195121,6200100,2489,8799,2156,6643,6310,333,333,195,1244,69,22,6195143
2490,6200100,6205081,2490,8849,2168,6681,6359,322,322,196,1244,69,7,6200107
2491,6205081,6210064,2491,8843,2171,6672,6352,320,320,198,1245,69,10,6205091
2492,6210064,6215049,2492,8847,2191,6656,6355,301,301,209,1245,69,3,6210067
2493,6215049,6220036,2493,8803,2194,6609,6310,299,299,218,1246,69,2,6215051
2494,6220036,6225025,2494,8856,2163,6693,6362,331,331,184,1246,69,7,6220043
2495,6225025,6230016,2495,8848,2175,6673,6353,320,320,194,1247,69,4,6225029
2496,6230016,6235009,2496,8856,2175,6681,6360,321,321,211,1247,69,1,6230017
2497,6235009,6240004,2497,8865,2185,6680,6368,312,312,197,1248,69,4,6235013
2498,6240004,6245001,2498,8832,2181,6651,6334,317,317,211,1248,69,3,6240007
2499,6245001,6250000,2499,8869,2180,6689,6370,319,319,202,1249,69,10,6245011
2500,6250000,6255001,2500,8864,2172,6692,6364,328,328,188,1249,69,9,6250009
2501,6255001,6260004,2501,8864,2179,6685,6363,322,322,197,1250,69,12,6255013
2502,6260004,6265009,2502,8905,2169,6736,6403,333,333,192,1250,69,13,6260017
2503,6265009,6270016,2503,8861,2187,6674,6358,316,316,199,1251,69,10,6265019
2504,6270016,6275025,2504,8899,2183,6716,6395,321,321,207,1251,69,7,6270023
2505,6275025,6280036,2505,8867,2188,6679,6362,317,317,204,1252,69,28,6275053
2506,6280036,6285049,2506,8881,2163,6718,6375,343,343,192,1252,69,3,6280039
2507,6285049,6290064,2507,8911,2186,6725,6404,321,321,200,1253,69,28,6285077
2508,6290064,6295081,2508,8909,2187,6722,6401,321,321,195,1253,69,13,6290077
2509,6295081,6300100,2509,8895,2167,6728,6386,342,342,182,1254,69,6,6295087
2510,6300100,6305121,2510,8906,2174,6732,6396,336,336,199,1254,69,3,6300103
2511,6305121,6310144,2511,8930,2199,6731,6419,312,312,201,1255,69,8,6305129
2512,6310144,6315169,2512,8895,2208,6687,6383,304,304,209,1255,69,7,6310151
2513,6315169,6320196,2513,8921,2177,6744,6408,336,336,188,1256,69,22,6315191
2514,6320196,6325225,2514,8919,2190,6729,6405,324,324,201,1256,69,23,6320219
2515,6325225,6330256,2515,8918,2183,6735,6403,332,332,200,1257,69,4,6325229
2516,6330256,6335289,2516,8947,2205,6742,6431,311,311,206,1257,69,1,6330257
2517,6335289,6340324,2517,8954,2200,6754,6437,317,317,199,1258,69,8,6335297
2518,6340324,6345361,2518,8919,2193,6726,6401,325,325,199,1258,69,19,6340343
2519,6345361,6350400,2519,8948,2201,6747,6429,318,318,204,1259,69,16,6345377
2520,6350400,6355441,2520,8929,2207,6722,6409,313,313,204,1259,69,11,6350411
2521,6355441,6360484,2521,8988,2193,6795,6467,328,328,199,1260,69,16,6355457
2522,6360484,6365529,2522,8921,2208,6713,6399,314,314,205,1260,69,19,6360503
2523,6365529,6370576,2523,9001,2208,6793,6478,315,315,206,1261,69,14,6365543
2524,6370576,6375625,2524,8943,2216,6727,6419,308,308,199,1261,69,7,6370583
2525,6375625,6380676,2525,8983,2213,6770,6458,312,312,209,1262,69,6,6375631
2526,6380676,6385729,2526,8961,2211,6750,6435,315,315,193,1262,69,5,6380681
2527,6385729,6390784,2527,8972,2215,6757,6445,312,312,210,1263,69,4,6385733
2528,6390784,6395841,2528,8992,2203,6789,6464,325,325,200,1263,69,15,6390799
2529,6395841,6400900,2529,8996,2207,6789,6467,322,322,199,1264,69,20,6395861
2530,6400900,6405961,2530,8970,2198,6772,6440,332,332,181,1264,69,21,6400921
2531,6405961,6411024,2531,8983,2207,6776,6452,324,324,210,1265,69,18,6405979
2532,6411024,6416089,2532,9015,2225,6790,6483,307,307,214,1265,69,25,6411049
2533,6416089,6421156,2533,9013,2202,6811,6480,331,331,196,1266,69,28,6416117
2534,6421156,6426225,2534,8984,2208,6776,6450,326,326,208,1266,69,1,6421157
2535,6426225,6431296,2535,9006,2221,6785,6471,314,314,204,1267,69,2,6426227
2536,6431296,6436369,2536,9020,2219,6801,6484,317,317,213,1267,69,1,6431297
2537,6436369,6441444,2537,9017,2220,6797,6480,317,317,204,1268,69,10,6436379
2538,6441444,6446521,2538,9005,2213,6792,6467,325,325,200,1268,69,23,6441467
2539,6446521,6451600,2539,9036,2210,6826,6497,329,329,194,1269,69,12,6446533
2540,6451600,6456681,2540,9052,2207,6845,6512,333,333,201,1269,69,9,6451609
2541,6456681,6461764,2541,8995,2221,6774,6454,320,320,210,1270,69,10,6456691
2542,6461764,6466849,2542,9025,2213,6812,6483,329,329,197,1270,69,9,6461773
2543,6466849,6471936,2543,9065,2230,6835,6522,313,313,208,1271,69,4,6466853
2544,6471936,6477025,2544,9038,2224,6814,6494,320,320,205,1271,69,17,6471953
2545,6477025,6482116,2545,9060,2221,6839,6515,324,324,199,1272,69,24,6477049
2546,6482116,6487209,2546,9039,2223,6816,6493,323,323,204,1272,69,7,6482123
2547,6487209,6492304,2547,9064,2221,6843,6517,326,326,201,1273,69,14,6487223
2548,6492304,6497401,2548,9069,2225,6844,6521,323,323,208,1273,69,19,6492323
2549,6497401,6502500,2549,9058,2213,6845,6509,336,336,191,1274,69,40,6497441
2550,6502500,6507601,2550,9085,2229,6856,6535,321,321,212,1274,69,1,6502501
2551,6507601,6512704,2551,9073,2218,6855,6522,333,333,210,1275,69,18,6507619
2552,6512704,6517809,2552,9072,2225,6847,6520,327,327,203,1275,69,7,6512711
2553,6517809,6522916,2553,9076,2236,6840,6523,317,317,206,1276,69,22,6517831
2554,6522916,6528025,2554,9072,2238,6834,6518,316,316,203,1276,69,15,6522931
2555,6528025,6533136,2555,9103,2213,6890,6548,342,342,194,1277,69,6,6528031
2556,6533136,6538249,2556,9077,2237,6840,6521,319,319,208,1277,70,7,6533143
2557,6538249,6543364,2557,9124,2231,6893,6567,326,326,206,1278,70,18,6538267
2558,6543364,6548481,2558,9107,2226,6881,6549,332,332,204,1278,70,3,6543367
2559,6548481,6553600,2559,9124,2238,6886,6565,321,321,207,1279,70,8,6548489
2560,6553600,6558721,2560,9086,2241,6845,6526,319,319,199,1279,70,21,6553621
2561,6558721,6563844,2561,9101,2217,6884,6540,344,344,205,1280,70,12,6558733
2562,6563844,6568969,2562,9143,2238,6905,6581,324,324,194,1280,70,13,6563857
2563,6568969,6574096,2563,9116,2236,6880,6553,327,327,207,1281,70,4,6568973
2564,6574096,6579225,2564,9107,2242,6865,6543,322,322,206,1281,70,13,6574109
2565,6579225,6584356,2565,9134,2211,6923,6569,354,354,193,1282,70,2,6579227
2566,6584356,6589489,2566,9130,2239,6891,6564,327,327,202,1282,70,3,6584359
2567,6589489,6594624,2567,9163,2248,6915,6596,319,319,210,1283,70,4,6589493
2568,6594624,6599761,2568,9095,2242,6853,6527,326,326,204,1283,70,35,6594659
2569,6599761,6604900,2569,9183,2240,6943,6614,329,329,208,1284,70,18,6599779
2570,6604900,6610041,2570,9144,2243,6901,6574,327,327,199,1284,70,1,6604901
2571,6610041,6615184,2571,9146,2225,6921,6575,346,346,199,1285,70,8,6610049
2572,6615184,6620329,2572,9167,2239,6928,6595,333,333,200,1285,70,15,6615199
2573,6620329,6625476,2573,9158,2261,6897,6585,312,312,200,1286,70,22,6620351
2574,6625476,6630625,2574,9195,2245,6950,6621,329,329,208,1286,70,5,6625481
2575,6630625,6635776,2575,9156,2260,6896,6581,315,315,218,1287,70,16,6630641
2576,6635776,6640929,2576,9154,2246,6908,6578,330,330,202,1287,70,1,6635777
2577,6640929,6646084,2577,9188,2244,6944,6611,333,333,216,1288,70,10,6640939
2578,6646084,6651241,2578,9190,2265,6925,6612,313,313,216,1288,70,69,6646153
2579,6651241,6656400,2579,9188,2255,6933,6609,324,324,203,1289,70,10,6651251
2580,6656400,6661561,2580,9198,2259,6939,6618,321,321,201,1289,70,37,6656437
2581,6661561,6666724,2581,9210,2252,6958,6629,329,329,200,1290,70,22,6661583
2582,6666724,6671889,2582,9182,2252,6930,6600,330,330,203,1290,70,25,6666749
2583,6671889,6677056,2583,9199,2257,6942,6616,326,326,206,1291,70,2,6671891
2584,6677056,6682225,2584,9215,2253,6962,6631,331,331,201,1291,70,15,6677071
2585,6682225,6687396,2585,9186,2273,6913,6601,312,312,211,1292,70,6,6682231
2586,6687396,6692569,2586,9231,2247,6984,6645,339,339,207,1292,70,31,6687427
2587,6692569,6697744,2587,9198,2253,6945,6611,334,334,196,1293,70,4,6692573
2588,6697744,6702921,2588,9249,2257,6992,6661,331,331,203,1293,70,7,6697751
2589,6702921,6708100,2589,9219,2252,6967,6630,337,337,203,1294,70,2,6702923
2590,6708100,6713281,2590,9234,2257,6977,6644,333,333,204,1294,70,13,6708113
2591,6713281,6718464,2591,9239,2253,6986,6648,338,338,197,1295,70,40,6713321
2592,6718464,6723649,2592,9253,2254,6999,6661,338,338,206,1295,70,5,6718469
2593,6723649,6728836,2593,9231,2265,6966,6638,328,328,200,1296,70,18,6723667
2594,6728836,6734025,2594,9236,2264,6972,6642,330,330,204,1296,70,1,6728837
2595,6734025,6739216,2595,9272,2268,7004,6677,327,327,208,1297,70,4,6734029
2596,6739216,6744409,2596,9254,2269,6985,6658,327,327,204,1297,70,15,6739231
2597,6744409,6749604,2597,9260,2258,7002,6663,339,339,209,1298,70,22,6744431
2598,6749604,6754801,2598,9266,2264,7002,6668,334,334,206,1298,70,17,6749621
2599,6754801,6760000,2599,9283,2250,7033,6684,349,349,203,1299,70,16,6754817
2600,6760000,6765201,2600,9243,2277,6966,6643,323,323,200,1299,70,1,6760001
2601,6765201,6770404,2601,9311,2279,7032,6710,322,322,205,1300,70,10,6765211
2602,6770404,6775609,2602,9236,2276,6960,6634,326,326,214,1300,70,15,6770419
2603,6775609,6780816,2603,9324,2275,7049,6721,328,328,222,1301,70,18,6775627
2604,6780816,6786025,2604,9254,2276,6978,6650,328,328,195,1301,70,1,6780817
2605,6786025,6791236,2605,9313,2291,7022,6708,314,314,221,1302,70,12,6786037
2606,6791236,6796449,2606,9294,2287,7007,6688,319,319,211,1302,70,51,6791287
2607,6796449,6801664,2607,9294,2265,7029,6687,342,342,208,1303,70,4,6796453
2608,6801664,6806881,2608,9309,2265,7044,6701,343,343,203,1303,70,39,6801703
2609,6806881,6812100,2609,9314,2269,7045,6705,340,340,210,1304,70,12,6806893
2610,6812100,6817321,2610,9332,2283,7049,6722,327,327,201,1304,70,61,6812161
2611,6817321,6822544,2611,9303,2269,7034,6692,342,342,199,1305,70,10,6817331
2612,6822544,6827769,2612,9299,2283,7016,6687,329,329,222,1305,70,37,6822581
2613,6827769,6832996,2613,9340,2279,7061,6727,334,334,197,1306,70,28,6827797
2614,6832996,6838225,2614,9313,2281,7032,6699,333,333,213,1306,70,15,6833011
2615,6838225,6843456,2615,9370,2282,7088,6755,333,333,209,1307,70,16,6838241
2616,6843456,6848689,2616,9309,2287,7022,6693,329,329,209,1307,70,5,6843461
2617,6848689,6853924,2617,9369,2284,7085,6752,333,333,202,1308,70,12,6848701
2618,6853924,6859161,2618,9332,2272,7060,6714,346,346,193,1308,70,13,6853937
2619,6859161,6864400,2619,9334,2263,7071,6715,356,356,196,1309,70,8,6859169
2620,6864400,6869641,2620,9367,2283,7084,6747,337,337,203,1309,70,27,6864427
2621,6869641,6874884,2621,9390,2292,7098,6769,329,329,216,1310,70,6,6869647
2622,6874884,6880129,2622,9344,2292,7052,6722,330,330,202,1310,70,25,6874909
2623,6880129,6885376,2623,9374,2274,7100,6751,349,349,192,1311,70,12,6880141
2624,6885376,6890625,2624,9345,2294,7051,6721,330,330,221,1311,70,1,6885377
2625,6890625,6895876,2625,9361,2283,7078,6736,342,342,209,1312,70,8,6890633
2626,6895876,6901129,2626,9398,2300,7098,6772,326,326,216,1312,70,25,6895901
2627,6901129,6906384,2627,9383,2302,7081,6756,325,325,218,1313,70,34,6901163
2628,6906384,6911641,2628,9362,2291,7071,6734,337,337,201,1313,71,17,6906401
2629,6911641,6916900,2629,9407,2307,7100,6778,322,322,217,1314,71,6,6911647
2630,6916900,6922161,2630,9416,2282,7134,6786,348,348,201,1314,71,19,6916919
2631,6922161,6927424,2631,9359,2309,7050,6728,322,322,206,1315,71,2,6922163
2632,6927424,6932689,2632,9449,2302,7147,6817,330,330,210,1315,71,37,6927461
2633,6932689,6937956,2633,9382,2281,7101,6749,352,352,208,1316,71,4,6932693
2634,6937956,6943225,2634,9408,2297,7111,6774,337,337,205,1316,71,5,6937961
2635,6943225,6948496,2635,9414,2292,7122,6779,343,343,213,1317,71,16,6943241
2636,6948496,6953769,2636,9429,2279,7150,6793,357,357,192,1317,71,21,6948517
2637,6953769,6959044,2637,9429,2323,7106,6792,314,314,221,1318,71,4,6953773
2638,6959044,6964321,2638,9399,2295,7104,6761,343,343,216,1318,71,39,6959083
2639,6964321,6969600,2639,9452,2306,7146,6813,333,333,208,1319,71,22,6964343
2640,6969600,6974881,2640,9430,2297,7133,6790,343,343,200,1319,71,7,6969607
2641,6974881,6980164,2641,9448,2316,7132,6807,325,325,226,1320,71,6,6974887
2642,6980164,6985449,2642,9428,2314,7114,6786,328,328,216,1320,71,3,6980167
2643,6985449,6990736,2643,9459,2303,7156,6816,340,340,203,1321,71,32,6985481
2644,6990736,6996025,2644,9464,2307,7157,6820,337,337,209,1321,71,13,6990749
2645,6996025,7001316,2645,9415,2314,7101,6770,331,331,214,1322,71,12,6996037
2646,7001316,7006609,2646,9485,2316,7169,6839,330,330,204,1322,71,1,7001317
2647,7006609,7011904,2647,9475,2316,7159,6828,331,331,210,1323,71,12,7006621
2648,7011904,7017201,2648,9472,2313,7159,6824,335,335,211,1323,71,9,7011913
2649,7017201,7022500,2649,9455,2304,7151,6806,345,345,213,1324,71,2,7017203
2650,7022500,7027801,2650,9482,2313,7169,6832,337,337,205,1324,71,7,7022507
2651,7027801,7033104,2651,9473,2296,7177,6822,355,355,202,1325,71,6,7027807
2652,7033104,7038409,2652,9529,2303,7226,6877,349,349,219,1325,71,7,7033111
2653,7038409,7043716,2653,9459,2308,7151,6806,345,345,203,1326,71,10,7038419
2654,7043716,7049025,2654,9469,2307,7162,6815,347,347,216,1326,71,1,7043717
2655,7049025,7054336,2655,9483,2321,7162,6828,334,334,204,1327,71,14,7049039
2656,7054336,7059649,2656,9532,2315,7217,6876,341,341,209,1327,71,25,7054361
2657,7059649,7064964,2657,9488,2344,7144,6831,313,313,216,1328,71,34,7059683
2658,7064964,7070281,2658,9522,2333,7189,6864,325,325,213,1328,71,7,7064971
2659,7070281,7075600,2659,9536,2313,7223,6877,346,346,206,1329,71,10,7070291
2660,7075600,7080921,2660,9503,2317,7186,6843,343,343,206,1329,71,3,7075603
2661,7080921,7086244,2661,9518,2323,7195,6857,338,338,212,1330,71,2,7080923
2662,7086244,7091569,2662,9501,2307,7194,6839,355,355,199,1330,71,7,7086251
2663,7091569,7096896,2663,9550,2340,7210,6887,323,323,220,1331,71,18,7091587
2664,7096896,7102225,2664,9551,2310,7241,6887,354,354,205,1331,71,1,7096897
2665,7102225,7107556,2665,9531,2317,7214,6866,348,348,207,1332,71,4,7102229
2666,7107556,7112889,2666,9541,2333,7208,6875,333,333,216,1332,71,1,7107557
2667,7112889,7118224,2667,9525,2327,7198,6858,340,340,208,1333,71,20,7112909
2668,7118224,7123561,2668,9575,2339,7236,6907,329,329,212,1333,71,7,7118231
2669,7123561,7128900,2669,9534,2354,7180,6865,315,315,213,1334,71,18,7123579
2670,7128900,7134241,2670,9560,2340,7220,6890,330,330,215,1334,71,7,7128907
2671,7134241,7139584,2671,9584,2343,7241,6913,328,328,221,1335,71,10,7134251
2672,7139584,7144929,2672,9561,2324,7237,6889,348,348,201,1335,71,19,7139603
2673,7144929,7150276,2673,9575,2333,7242,6902,340,340,205,1336,71,38,7144967
2674,7150276,7155625,2674,9552,2336,7216,6878,338,338,215,1336,71,3,7150279
2675,7155625,7160976,2675,9580,2334,7246,6905,341,341,206,1337,71,24,7155649
2676,7160976,7166329,2676,9583,2341,7242,6907,335,335,215,1337,71,1,7160977
2677,7166329,7171684,2677,9580,2324,7256,6903,353,353,207,1338,71,10,7166339
2678,7171684,7177041,2678,9604,2368,7236,6926,310,310,227,1338,71,7,7171691
2679,7177041,7182400,2679,9571,2331,7240,6892,348,348,203,1339,71,20,7177061
2680,7182400,7187761,2680,9621,2349,7272,6941,331,331,209,1339,71,33,7182433
2681,7187761,7193124,2681,9615,2332,7283,6934,349,349,208,1340,71,6,7187767
2682,7193124,7198489,2682,9594,2350,7244,6912,332,332,217,1340,71,25,7193149
2683,7198489,7203856,2683,9613,2333,7280,6930,350,350,205,1341,71,34,7198523
2684,7203856,7209225,2684,9593,2353,7240,6909,331,331,219,1341,71,1,7203857
2685,7209225,7214596,2685,9627,2340,7287,6942,345,345,198,1342,71,4,7209229
2686,7214596,7219969,2686,9624,2352,7272,6938,334,334,209,1342,71,15,7214611
2687,7219969,7225344,2687,9643,2340,7303,6956,347,347,223,1343,71,4,7219973
2688,7225344,7230721,2688,9636,2361,7275,6948,327,327,219,1343,71,5,7225349
2689,7230721,7236100,2689,9630,2348,7282,6941,341,341,208,1344,71,10,7230731
2690,7236100,7241481,2690,9632,2341,7291,6942,349,349,223,1344,71,21,7236121
2691,7241481,7246864,2691,9641,2349,7292,6950,342,342,203,1345,71,10,7241491
2692,7246864,7252249,2692,9671,2344,7327,6979,348,348,208,1345,71,3,7246867
2693,7252249,7257636,2693,9633,2359,7274,6940,334,334,212,1346,71,4,7252253
2694,7257636,7263025,2694,9630,2351,7279,6936,343,343,214,1346,71,23,7257659
2695,7263025,7268416,2695,9685,2345,7340,6990,350,350,206,1347,71,6,7263031
2696,7268416,7273809,2696,9641,2354,7287,6945,342,342,211,1347,71,7,7268423
2697,7273809,7279204,2697,9686,2352,7334,6989,345,345,204,1348,71,2,7273811
2698,7279204,7284601,2698,9663,2360,7303,6965,338,338,212,1348,71,7,7279211
2699,7284601,7290000,2699,9679,2350,7329,6980,349,349,215,1349,71,16,7284617
2700,7290000,7295401,2700,9666,2357,7309,6966,343,343,207,1349,71,1,7290001
2701,7295401,7300804,2701,9720,2364,7356,7019,337,337,209,1350,72,60,7295461
2702,7300804,7306209,2702,9651,2361,7290,6949,341,341,214,1350,72,15,7300819
2703,7306209,7311616,2703,9687,2369,7318,6984,334,334,215,1351,72,4,7306213
2704,7311616,7317025,2704,9724,2352,7372,7020,352,352,204,1351,72,43,7311659
2705,7317025,7322436,2705,9693,2366,7327,6988,339,339,199,1352,72,4,7317029
2706,7322436,7327849,2706,9710,2364,7346,7004,342,342,215,1352,72,1,7322437
2707,7327849,7333264,2707,9708,2369,7339,7001,338,338,223,1353,72,12,7327861
2708,7333264,7338681,2708,9688,2373,7315,6980,335,335,218,1353,72,15,7333279
2709,7338681,7344100,2709,9739,2383,7356,7030,326,326,228,1354,72,8,7338689
2710,7344100,7349521,2710,9691,2360,7331,6981,350,350,204,1354,72,21,7344121
2711,7349521,7354944,2711,9736,2364,7372,7025,347,347,221,1355,72,6,7349527
2712,7354944,7360369,2712,9747,2370,7377,7035,342,342,216,1355,72,29,7354973
2713,7360369,7365796,2713,9725,2369,7356,7012,344,344,200,1356,72,42,7360411
2714,7365796,7371225,2714,9734,2366,7368,7020,348,348,224,1356,72,7,7365803
2715,7371225,7376656,2715,9770,2357,7413,7055,358,358,213,1357,72,2,7371227
2716,7376656,7382089,2716,9701,2373,7328,6985,343,343,215,1357,72,3,7376659
2717,7382089,7387524,2717,9764,2384,7380,7047,333,333,216,1358,72,4,7382093
2718,7387524,7392961,2718,9754,2384,7370,7036,334,334,215,1358,72,19,7387543
2719,7392961,7398400,2719,9766,2377,7389,7047,342,342,214,1359,72,6,7392967
2720,7398400,7403841,2720,9759,2375,7384,7039,345,345,209,1359,72,3,7398403
2721,7403841,7409284,2721,9771,2394,7377,7050,327,327,223,1360,72,2,7403843
2722,7409284,7414729,2722,9772,2368,7404,7050,354,354,208,1360,72,7,7409291
2723,7414729,7420176,2723,9779,2374,7405,7056,349,349,213,1361,72,10,7414739
2724,7420176,7425625,2724,9756,2381,7375,7032,343,343,212,1361,72,5,7420181
2725,7425625,7431076,2725,9786,2378,7408,7061,347,347,216,1362,72,6,7425631
2726,7431076,7436529,2726,9807,2371,7436,7081,355,355,218,1362,72,13,7431089
2727,7436529,7441984,2727,9775,2389,7386,7048,338,338,215,1363,72,58,7436587
2728,7441984,7447441,2728,9803,2372,7431,7075,356,356,205,1363,72,13,7441997
2729,7447441,7452900,2729,9793,2375,7418,7064,354,354,219,1364,72,18,7447459
2730,7452900,7458361,2730,9809,2400,7409,7079,330,330,220,1364,72,1,7452901
2731,7458361,7463824,2731,9816,2397,7419,7085,334,334,220,1365,72,18,7458379
2732,7463824,7469289,2732,9788,2400,7388,7056,332,332,216,1365,72,19,7463843
2733,7469289,7474756,2733,9838,2392,7446,7105,341,341,216,1366,72,14,7469303
2734,7474756,7480225,2734,9822,2367,7455,7088,367,367,202,1366,72,3,7474759
2735,7480225,7485696,2735,9822,2393,7429,7087,342,342,218,1367,72,4,7480229
2736,7485696,7491169,2736,9814,2395,7419,7078,341,341,209,1367,72,1,7485697
2737,7491169,7496644,2737,9841,2413,7428,7104,324,324,216,1368,72,30,7491199
2738,7496644,7502121,2738,9830,2389,7441,7092,349,349,205,1368,72,7,7496651
2739,7502121,7507600,2739,9847,2395,7452,7108,344,344,217,1369,72,8,7502129
2740,7507600,7513081,2740,9836,2407,7429,7096,333,333,218,1369,72,13,7507613
2741,7513081,7518564,2741,9873,2374,7499,7132,367,367,213,1370,72,42,7513123
2742,7518564,7524049,2742,9832,2413,7419,7090,329,329,221,1370,72,7,7518571
2743,7524049,7529536,2743,9870,2414,7456,7127,329,329,221,1371,72,22,7524071
2744,7529536,7535025,2744,9840,2383,7457,7096,361,361,221,1371,72,37,7529573
2745,7535025,7540516,2745,9852,2399,7453,7107,346,346,218,1372,72,2,7535027
2746,7540516,7546009,2746,9893,2388,7505,7147,358,358,208,1372,72,1,7540517
2747,7546009,7551504,2747,9851,2387,7464,7104,360,360,211,1373,72,22,7546031
2748,7551504,7557001,2748,9888,2401,7487,7140,347,347,210,1373,72,13,7551517
2749,7557001,7562500,2749,9861,2399,7462,7112,350,350,211,1374,72,18,7557019
2750,7562500,7568001,2750,9921,2427,7494,7171,323,323,234,1374,72,19,7562519
2751,7568001,7573504,2751,9873,2399,7474,7122,352,352,208,1375,72,20,7568021
2752,7573504,7579009,2752,9906,2414,7492,7154,338,338,224,1375,72,3,7573507
2753,7579009,7584516,2753,9892,2412,7480,7139,341,341,222,1376,72,18,7579027
2754,7584516,7590025,2754,9894,2398,7496,7140,356,356,213,1376,72,1,7584517
2755,7590025,7595536,2755,9887,2398,7489,7132,357,357,208,1377,72,6,7590031
2756,7595536,7601049,2756,9912,2402,7510,7156,354,354,223,1377,72,21,7595557
2757,7601049,7606564,2757,9908,2392,7516,7151,365,365,203,1378,72,2,7601051
2758,7606564,7612081,2758,9937,2403,7534,7179,355,355,211,1378,72,15,7606579
2759,7612081,7617600,2759,9917,2421,7496,7158,338,338,238,1379,72,10,7612091
2760,7617600,7623121,2760,9914,2438,7476,7154,322,322,227,1379,72,1,7617601
2761,7623121,7628644,2761,9945,2371,7574,7184,390,390,196,1380,72,6,7623127
2762,7628644,7634169,2762,9946,2428,7518,7184,334,334,218,1380,72,13,7628657
2763,7634169,7639696,2763,9939,2422,7517,7176,341,341,214,1381,72,20,7634189
2764,7639696,7645225,2764,9938,2420,7518,7174,344,344,226,1381,72,3,7639699
2765,7645225,7650756,2765,9917,2403,7514,7152,362,362,209,1382,72,12,7645237
2766,7650756,7656289,2766,9961,2418,7543,7195,348,348,222,1382,72,1,7650757
2767,7656289,7661824,2767,9966,2415,7551,7199,352,352,214,1383,72,12,7656301
2768,7661824,7667361,2768,9949,2423,7526,7181,345,345,222,1383,72,3,7661827
2769,7667361,7672900,2769,9976,2411,7565,7207,358,358,218,1384,72,16,7667377
2770,7672900,7678441,2770,9972,2428,7544,7202,342,342,218,1384,72,1,7672901
2771,7678441,7683984,2771,9976,2424,7552,7205,347,347,218,1385,72,12,7678453
2772,7683984,7689529,2772,9978,2416,7562,7206,356,356,217,1385,72,5,7683989
2773,7689529,7695076,2773,9944,2416,7528,7171,357,357,214,1386,72,4,7689533
2774,7695076,7700625,2774,9972,2416,7556,7198,358,358,216,1386,72,21,7695097
2775,7700625,7706176,2775,10027,2437,7590,7252,338,338,222,1387,73,4,7700629
2776,7706176,7711729,2776,9963,2426,7537,7187,350,350,208,1387,73,1,7706177
2777,7711729,7717284,2777,10008,2422,7586,7231,355,355,211,1388,73,4,7711733
2778,7717284,7722841,2778,9992,2417,7575,7214,361,361,213,1388,73,29,7717313
2779,7722841,7728400,2779,10029,2437,7592,7250,342,342,224,1389,73,10,7722851
2780,7728400,7733961,2780,9972,2442,7530,7192,338,338,216,1389,73,1,7728401
2781,7733961,7739524,2781,10010,2438,7572,7229,343,343,219,1390,73,22,7733983
2782,7739524,7745089,2782,10045,2431,7614,7263,351,351,221,1390,73,7,7739531
2783,7745089,7750656,2783,10018,2447,7571,7235,336,336,227,1391,73,30,7745119
2784,7750656,7756225,2784,10024,2425,7599,7240,359,359,226,1391,73,5,7750661
2785,7756225,7761796,2785,10005,2439,7566,7220,346,346,207,1392,73,16,7756241
2786,7761796,7767369,2786,10030,2440,7590,7244,346,346,219,1392,73,3,7761799
2787,7767369,7772944,2787,10058,2438,7620,7271,349,349,226,1393,73,32,7767401
2788,7772944,7778521,2788,10057,2436,7621,7269,352,352,222,1393,73,7,7772951
2789,7778521,7784100,2789,10025,2428,7597,7236,361,361,217,1394,73,18,7778539
2790,7784100,7789681,2790,10060,2466,7594,7270,324,324,228,1394,73,59,7784159
2791,7789681,7795264,2791,10046,2442,7604,7255,349,349,224,1395,73,6,7789687
2792,7795264,7800849,2792,10042,2436,7606,7250,356,356,208,1395,73,9,7795273
2793,7800849,7806436,2793,10083,2429,7654,7290,364,364,210,1396,73,2,7800851
2794,7806436,7812025,2794,10065,2446,7619,7271,348,348,218,1396,73,1,7806437
2795,7812025,7817616,2795,10049,2427,7622,7254,368,368,198,1397,73,12,7812037
2796,7817616,7823209,2796,10087,2449,7638,7291,347,347,218,1397,73,23,7817639
2797,7823209,7828804,2797,10035,2458,7577,7238,339,339,224,1398,73,10,7823219
2798,7828804,7834401,2798,10119,2454,7665,7321,344,344,228,1398,73,37,7828841
2799,7834401,7840000,2799,10089,2426,7663,7290,373,373,210,1399,73,26,7834427
2800,7840000,7845601,2800,10092,2429,7663,7292,371,371,215,1399,73,13,7840013
2801,7845601,7851204,2801,10095,2450,7645,7294,351,351,212,1400,73,10,7845611
2802,7851204,7856809,2802,10098,2449,7649,7296,353,353,216,1400,73,23,7851227
2803,7856809,7862416,2803,10090,2443,7647,7287,360,360,224,1401,73,10,7856819
2804,7862416,7868025,2804,10100,2461,7639,7296,343,343,225,1401,73,1,7862417
2805,7868025,7873636,2805,10096,2439,7657,7291,366,366,212,1402,73,2,7868027
2806,7873636,7879249,2806,10122,2449,7673,7316,357,357,226,1402,73,15,7873651
2807,7879249,7884864,2807,10104,2443,7661,7297,364,364,208,1403,73,4,7879253
2808,7884864,7890481,2808,10163,2453,7710,7355,355,355,222,1403,73,5,7884869
2809,7890481,7896100,2809,10075,2455,7620,7266,354,354,217,1404,73,22,7890503
2810,7896100,7901721,2810,10156,2467,7689,7346,343,343,224,1404,73,39,7896139
2811,7901721,7907344,2811,10153,2463,7690,7342,348,348,222,1405,73,20,7901741
2812,7907344,7912969,2812,10112,2450,7662,7300,362,362,207,1405,73,7,7907351
2813,7912969,7918596,2813,10168,2461,7707,7355,352,352,226,1406,73,22,7912991
2814,7918596,7924225,2814,10114,2456,7658,7300,358,358,218,1406,73,17,7918613
2815,7924225,7929856,2815,10189,2465,7724,7374,350,350,219,1407,73,4,7924229
2816,7929856,7935489,2816,10144,2459,7685,7328,357,357,222,1407,73,7,7929863
2817,7935489,7941124,2817,10147,2467,7680,7330,350,350,228,1408,73,2,7935491
2818,7941124,7946761,2818,10160,2448,7712,7342,370,370,208,1408,73,15,7941139
2819,7946761,7952400,2819,10212,2472,7740,7393,347,347,221,1409,73,16,7946777
2820,7952400,7958041,2820,10130,2478,7652,7310,342,342,219,1409,73,7,7952407
2821,7958041,7963684,2821,10180,2459,7721,7359,362,362,216,1410,73,6,7958047
2822,7963684,7969329,2822,10175,2484,7691,7353,338,338,222,1410,73,9,7963693
2823,7969329,7974976,2823,10211,2460,7751,7388,363,363,215,1411,73,2,7969331
2824,7974976,7980625,2824,10173,2459,7714,7349,365,365,219,1411,73,1,7974977
2825,7980625,7986276,2825,10223,2460,7763,7398,365,365,218,1412,73,4,7980629
2826,7986276,7991929,2826,10164,2480,7684,7338,346,346,224,1412,73,41,7986317
2827,7991929,7997584,2827,10215,2470,7745,7388,357,357,213,1413,73,10,7991939
2828,7997584,8003241,2828,10182,2483,7699,7354,345,345,221,1413,73,37,7997621
2829,8003241,8008900,2829,10219,2466,7753,7390,363,363,213,1414,73,10,8003251
2830,8008900,8014561,2830,10243,2485,7758,7413,345,345,225,1414,73,7,8008907
2831,8014561,8020224,2831,10200,2489,7711,7369,342,342,227,1415,73,18,8014579
2832,8020224,8025889,2832,10225,2460,7765,7393,372,372,222,1415,73,13,8020237
2833,8025889,8031556,2833,10239,2494,7745,7406,339,339,221,1416,73,4,8025893
2834,8031556,8037225,2834,10186,2482,7704,7352,352,352,225,1416,73,1,8031557
2835,8037225,8042896,2835,10231,2474,7757,7396,361,361,212,1417,73,4,8037229
2836,8042896,8048569,2836,10227,2481,7746,7391,355,355,221,1417,73,1,8042897
2837,8048569,8054244,2837,10247,2477,7770,7410,360,360,219,1418,73,12,8048581
2838,8054244,8059921,2838,10250,2466,7784,7412,372,372,213,1418,73,17,8054261
2839,8059921,8065600,2839,10254,2474,7780,7415,365,365,223,1419,73,16,8059937
2840,8065600,8071281,2840,10243,2480,7763,7403,360,360,221,1419,73,13,8065613
2841,8071281,8076964,2841,10272,2500,7772,7431,341,341,231,1420,73,26,8071307
2842,8076964,8082649,2842,10280,2497,7783,7438,345,345,226,1420,73,9,8076973
2843,8082649,8088336,2843,10251,2486,7765,7408,357,357,226,1421,73,4,8082653
2844,8088336,8094025,2844,10274,2500,7774,7430,344,344,228,1421,73,13,8088349
2845,8094025,8099716,2845,10273,2496,7777,7428,349,349,216,1422,73,18,8094043
2846,8099716,8105409,2846,10283,2501,7782,7437,345,345,239,1422,73,7,8099723
2847,8105409,8111104,2847,10278,2484,7794,7431,363,363,207,1423,73,14,8105423
2848,8111104,8116801,2848,10258,2486,7772,7410,362,362,215,1423,73,19,8111123
2849,8116801,8122500,2849,10349,2489,7860,7500,360,360,224,1424,73,12,8116813
2850,8122500,8128201,2850,10290,2457,7833,7440,393,393,211,1424,74,1,8122501
2851,8128201,8133904,2851,10251,2514,7737,7400,337,337,230,1425,74,12,8128213
2852,8133904,8139609,2852,10319,2507,7812,7467,345,345,226,1425,74,9,8133913
2853,8139609,8145316,2853,10294,2499,7795,7441,354,354,227,1426,74,2,8139611
2854,8145316,8151025,2854,10337,2496,7841,7483,358,358,227,1426,74,7,8145323
2855,8151025,8156736,2855,10298,2484,7814,7443,371,371,206,1427,74,18,8151043
2856,8156736,8162449,2856,10314,2495,7819,7458,361,361,224,1427,74,13,8156749
2857,8162449,8168164,2857,10341,2491,7850,7484,366,366,213,1428,74,18,8162467
2858,8168164,8173881,2858,10319,2510,7809,7461,348,348,241,1428,74,15,8168179
2859,8173881,8179600,2859,10358,2501,7857,7499,358,358,219,1429,74,22,8173903
2860,8179600,8185321,2860,10305,2480,7825,7445,380,380,215,1429,74,7,8179607
2861,8185321,8191044,2861,10376,2506,7870,7515,355,355,227,1430,74,48,8185369
2862,8191044,8196769,2862,10331,2509,7822,7469,353,353,226,1430,74,5,8191049
2863,8196769,8202496,2863,10360,2503,7857,7497,360,360,218,1431,74,10,8196779
2864,8202496,8208225,2864,10355,2491,7864,7491,373,373,220,1431,74,1,8202497
2865,8208225,8213956,2865,10335,2500,7835,7470,365,365,220,1432,74,26,8208251
2866,8213956,8219689,2866,10387,2508,7879,7521,358,358,219,1432,74,13,8213969
2867,8219689,8225424,2867,10363,2519,7844,7496,348,348,229,1433,74,22,8219711
2868,8225424,8231161,2868,10379,2505,7874,7511,363,363,230,1433,74,5,8225429
2869,8231161,8236900,2869,10372,2495,7877,7503,374,374,213,1434,74,16,8231177
2870,8236900,8242641,2870,10348,2501,7847,7478,369,369,217,1434,74,19,8236919
2871,8242641,8248384,2871,10401,2512,7889,7530,359,359,221,1435,74,26,8242667
2872,8248384,8254129,2872,10372,2518,7854,7500,354,354,224,1435,74,7,8248391
2873,8254129,8259876,2873,10414,2516,7898,7541,357,357,225,1436,74,10,8254139
2874,8259876,8265625,2874,10365,2531,7834,7491,343,343,230,1436,74,11,8259887
2875,8265625,8271376,2875,10399,2511,7888,7524,364,364,219,1437,74,4,8265629
2876,8271376,8277129,2876,10393,2511,7882,7517,365,365,221,1437,74,1,8271377
2877,8277129,8282884,2877,10404,2510,7894,7527,367,367,228,1438,74,20,8277149
2878,8282884,8288641,2878,10423,2510,7913,7545,368,368,219,1438,74,3,8282887
2879,8288641,8294400,2879,10427,2529,7898,7548,350,350,232,1439,74,6,8288647
2880,8294400,8300161,2880,10411,2523,7888,7531,357,357,228,1439,74,11,8294411
2881,8300161,8305924,2881,10425,2508,7917,7544,373,373,217,1440,74,6,8300167
2882,8305924,8311689,2882,10398,2521,7877,7516,361,361,221,1440,74,7,8305931
2883,8311689,8317456,2883,10454,2522,7932,7571,361,361,218,1441,74,8,8311697
2884,8317456,8323225,2884,10437,2517,7920,7553,367,367,228,1441,74,1,8317457
2885,8323225,8328996,2885,10419,2524,7895,7534,361,361,222,1442,74,4,8323229
2886,8328996,8334769,2886,10489,2537,7952,7603,349,349,221,1442,74,41,8329037
2887,8334769,8340544,2887,10414,2524,7890,7527,363,363,223,1443,74,4,8334773
2888,8340544,8346321,2888,10463,2513,7950,7575,375,375,206,1443,74,49,8340593
2889,8346321,8352100,2889,10427,2506,7921,7538,383,383,228,1444,74,20,8346341
2890,8352100,8357881,2890,10478,2537,7941,7588,353,353,222,1444,74,1,8352101
2891,8357881,8363664,2891,10461,2548,7913,7570,343,343,231,1445,74,22,8357903
2892,8363664,8369449,2892,10483,2523,7960,7591,369,369,229,1445,74,5,8363669
2893,8369449,8375236,2893,10472,2542,7930,7579,351,351,227,1446,74,12,8369461
2894,8375236,8381025,2894,10469,2523,7946,7575,371,371,216,1446,74,15,8375251
2895,8381025,8386816,2895,10486,2524,7962,7591,371,371,225,1447,74,22,8381047
2896,8386816,8392609,2896,10480,2534,7946,7584,362,362,228,1447,74,1,8386817
2897,8392609,8398404,2897,10491,2538,7953,7594,359,359,224,1448,74,10,8392619
2898,8398404,8404201,2898,10494,2540,7954,7596,358,358,233,1448,74,5,8398409
2899,8404201,8410000,2899,10504,2542,7962,7605,357,357,220,1449,74,18,8404219
2900,8410000,8415801,2900,10501,2517,7984,7601,383,383,208,1449,74,1,8410001
2901,8415801,8421604,2901,10480,2550,7930,7579,351,351,237,1450,74,8,8415809
2902,8421604,8427409,2902,10552,2546,8006,7650,356,356,224,1450,74,15,8421619
2903,8427409,8433216,2903,10487,2536,7951,7584,367,367,222,1451,74,4,8427413
2904,8433216,8439025,2904,10532,2548,7984,7628,356,356,237,1451,74,17,8433233
2905,8439025,8444836,2905,10528,2563,7965,7623,342,342,231,1452,74,18,8439043
2906,8444836,8450649,2906,10508,2548,7960,7602,358,358,231,1452,74,15,8444851
2907,8450649,8456464,2907,10521,2535,7986,7614,372,372,212,1453,74,4,8450653
2908,8456464,8462281,2908,10528,2535,7993,7620,373,373,217,1453,74,3,8456467
2909,8462281,8468100,2909,10547,2566,7981,7638,343,343,235,1454,74,10,8462291
2910,8468100,8473921,2910,10560,2536,8024,7650,374,374,223,1454,74,23,8468123
2911,8473921,8479744,2911,10533,2547,7986,7622,364,364,229,1455,74,30,8473951
2912,8479744,8485569,2912,10556,2524,8032,7644,388,388,214,1455,74,3,8479747
2913,8485569,8491396,2913,10544,2550,7994,7631,363,363,231,1456,74,10,8485579
2914,8491396,8497225,2914,10567,2543,8024,7653,371,371,231,1456,74,13,8491409
2915,8497225,8503056,2915,10560,2556,8004,7645,359,359,225,1457,74,18,8497243
2916,8503056,8508889,2916,10540,2546,7994,7624,370,370,220,1457,74,1,8503057
2917,8508889,8514724,2917,10625,2540,8085,7708,377,377,219,1458,74,4,8508893
2918,8514724,8520561,2918,10522,2554,7968,7604,364,364,222,1458,74,19,8514743
2919,8520561,8526400,2919,10622,2536,8086,7703,383,383,223,1459,74,10,8520571
2920,8526400,8532241,2920,10555,2563,7992,7635,357,357,232,1459,74,3,8526403
2921,8532241,8538084,2921,10593,2550,8043,7672,371,371,224,1460,74,6,8532247
2922,8538084,8543929,2922,10608,2544,8064,7686,378,378,219,1460,74,23,8538107
2923,8543929,8549776,2923,10607,2575,8032,7684,348,348,227,1461,74,28,8543957
2924,8549776,8555625,2924,10565,2532,8033,7641,392,392,223,1461,74,1,8549777
2925,8555625,8561476,2925,10578,2569,8009,7653,356,356,228,1462,74,4,8555629
2926,8561476,8567329,2926,10630,2576,8054,7704,350,350,238,1462,75,1,8561477
2927,8567329,8573184,2927,10608,2544,8064,7681,383,383,221,1463,75,12,8567341
2928,8573184,8579041,2928,10621,2535,8086,7693,393,393,218,1463,75,5,8573189
2929,8579041,8584900,2929,10602,2563,8039,7673,366,366,218,1464,75,30,8579071
2930,8584900,8590761,2930,10643,2566,8077,7713,364,364,226,1464,75,9,8584909
2931,8590761,8596624,2931,10640,2569,8071,7709,362,362,228,1465,75,22,8590783
2932,8596624,8602489,2932,10616,2562,8054,7684,370,370,225,1465,75,7,8596631
2933,8602489,8608356,2933,10637,2567,8070,7704,366,366,228,1466,75,18,8602507
2934,8608356,8614225,2934,10650,2551,8099,7716,383,383,231,1466,75,1,8608357
2935,8614225,8620096,2935,10646,2571,8075,7711,364,364,218,1467,75,6,8614231
2936,8620096,8625969,2936,10667,2570,8097,7731,366,366,233,1467,75,13,8620109
2937,8625969,8631844,2937,10624,2580,8044,7687,357,357,224,1468,75,4,8625973
2938,8631844,8637721,2938,10664,2558,8106,7726,380,380,224,1468,75,7,8631851
2939,8637721,8643600,2939,10669,2573,8096,7730,366,366,231,1469,75,28,8637749
2940,8643600,8649481,2940,10677,2588,8089,7737,352,352,239,1469,75,19,8643619
2941,8649481,8655364,2941,10653,2552,8101,7712,389,389,220,1470,75,10,8649491
2942,8655364,8661249,2942,10688,2560,8128,7746,382,382,225,1470,75,7,8655371
2943,8661249,8667136,2943,10684,2590,8094,7741,353,353,228,1471,75,2,8661251
2944,8667136,8673025,2944,10666,2563,8103,7722,381,381,220,1471,75,1,8667137
2945,8673025,8678916,2945,10674,2601,8073,7729,344,344,242,1472,75,4,8673029
2946,8678916,8684809,2946,10711,2574,8137,7765,372,372,227,1472,75,11,8678927
2947,8684809,8690704,2947,10675,2572,8103,7728,375,375,226,1473,75,12,8684821
2948,8690704,8696601,2948,10722,2576,8146,7774,372,372,226,1473,75,9,8690713
2949,8696601,8702500,2949,10687,2573,8114,7738,376,376,222,1474,75,2,8696603
2950,8702500,8708401,2950,10699,2581,8118,7749,369,369,237,1474,75,3,8702503
2951,8708401,8714304,2951,10743,2573,8170,7792,378,378,225,1475,75,10,8708411
2952,8714304,8720209,2952,10694,2577,8117,7742,375,375,219,1475,75,7,8714311
2953,8720209,8726116,2953,10746,2578,8168,7793,375,375,236,1476,75,18,8720227
2954,8726116,8732025,2954,10700,2578,8122,7746,376,376,220,1476,75,25,8726141
2955,8732025,8737936,2955,10736,2595,8141,7781,360,360,237,1477,75,2,8732027
2956,8737936,8743849,2956,10725,2583,8142,7769,373,373,231,1477,75,7,8737943
2957,8743849,8749764,2957,10757,2603,8154,7800,354,354,230,1478,75,4,8743853
2958,8749764,8755681,2958,10720,2595,8125,7762,363,363,235,1478,75,7,8749771
2959,8755681,8761600,2959,10758,2566,8192,7799,393,393,226,1479,75,18,8755699
2960,8761600,8767521,2960,10733,2586,8147,7773,374,374,218,1479,75,1,8761601
2961,8767521,8773444,2961,10745,2581,8164,7784,380,380,223,1480,75,16,8767537
2962,8773444,8779369,2962,10778,2604,8174,7816,358,358,239,1480,75,25,8773469
2963,8779369,8785296,2963,10765,2560,8205,7802,403,403,223,1481,75,22,8779391
2964,8785296,8791225,2964,10735,2609,8126,7771,355,355,237,1481,75,1,8785297
2965,8791225,8797156,2965,10809,2597,8212,7844,368,368,225,1482,75,4,8791229
2966,8797156,8803089,2966,10742,2603,8139,7776,363,363,226,1482,75,13,8797169
2967,8803089,8809024,2967,10762,2602,8160,7795,365,365,237,1483,75,8,8803097
2968,8809024,8814961,2968,10803,2588,8215,7835,380,380,224,1483,75,13,8809037
2969,8814961,8820900,2969,10796,2614,8182,7827,355,355,239,1484,75,22,8814983
2970,8820900,8826841,2970,10798,2579,8219,7828,391,391,215,1484,75,7,8820907
2971,8826841,8832784,2971,10769,2604,8165,7798,367,367,221,1485,75,22,8826863
2972,8832784,8838729,2972,10809,2619,8190,7837,353,353,235,1485,75,9,8832793
2973,8838729,8844676,2973,10835,2609,8226,7862,364,364,233,1486,75,4,8838733
2974,8844676,8850625,2974,10764,2591,8173,7790,383,383,223,1486,75,1,8844677
2975,8850625,8856576,2975,10817,2606,8211,7842,369,369,229,1487,75,16,8850641
2976,8856576,8862529,2976,10809,2613,8196,7833,363,363,223,1487,75,17,8856593
2977,8862529,8868484,2977,10864,2623,8241,7887,354,354,248,1488,75,12,8862541
2978,8868484,8874441,2978,10779,2590,8189,7801,388,388,221,1488,75,37,8868521
2979,8874441,8880400,2979,10814,2609,8205,7835,370,370,233,1489,75,20,8874461
2980,8880400,8886361,2980,10853,2618,8235,7873,362,362,233,1489,75,13,8880413
2981,8886361,8892324,2981,10839,2609,8230,7858,372,372,231,1490,75,18,8886379
2982,8892324,8898289,2982,10841,2595,8246,7859,387,387,226,1490,75,13,8892337
2983,8898289,8904256,2983,10839,2633,8206,7856,350,350,252,1491,75,12,8898301
2984,8904256,8910225,2984,10847,2602,8245,7863,382,382,214,1491,75,7,8904263
2985,8910225,8916196,2985,10856,2604,8252,7871,381,381,232,1492,75,8,8910233
2986,8916196,8922169,2986,10850,2614,8236,7864,372,372,227,1492,75,1,8916197
2987,8922169,8928144,2987,10862,2591,8271,7875,396,396,228,1493,75,18,8922187
2988,8928144,8934121,2988,10883,2620,8263,7895,368,368,240,1493,75,5,8928149
2989,8934121,8940100,2989,10858,2605,8253,7869,384,384,227,1494,75,6,8934127
2990,8940100,8946081,2990,10875,2625,8250,7885,365,365,237,1494,75,9,8940109
2991,8946081,8952064,2991,10881,2613,8268,7890,378,378,242,1495,75,2,8946083
2992,8952064,8958049,2992,10874,2625,8249,7882,367,367,228,1495,75,3,8952067
2993,8958049,8964036,2993,10892,2636,8256,7899,357,357,228,1496,75,18,8958067
2994,8964036,8970025,2994,10870,2625,8245,7876,369,369,231,1496,75,43,8964079
2995,8970025,8976016,2995,10913,2625,8288,7918,370,370,236,1497,75,12,8970037
2996,8976016,8982009,2996,10867,2617,8250,7871,379,379,227,1497,75,13,8976029
2997,8982009,8988004,2997,10928,2603,8325,7931,394,394,224,1498,75,4,8982013
2998,8988004,8994001,2998,10900,2618,8282,7902,380,380,227,1498,75,9,8988013
2999,8994001,9000000,2999,10909,2618,8291,7910,381,381,223,1499,75,16,8994017
3000,9000000,9006001,3000,10919,2660,8259,7919,340,340,247,1499,75,11,9000011
3001,9006001,9012004,3001,10921,2639,8282,7920,362,362,243,1500,75,12,9006013
3002,9012004,9018009,3002,10902,2636,8266,7900,366,366,235,1500,75,3,9012007
3003,9018009,9024016,3003,10920,2613,8307,7917,390,390,218,1501,76,2,9018011
3004,9024016,9030025,3004,10942,2647,8295,7938,357,357,241,1501,76,33,9024049
3005,9030025,9036036,3005,10927,2631,8296,7922,374,374,238,1502,76,6,9030031
3006,9036036,9042049,3006,10943,2631,8312,7937,375,375,224,1502,76,11,9036047
3007,9042049,9048064,3007,10937,2612,8325,7930,395,395,224,1503,76,4,9042053
3008,9048064,9054081,3008,10962,2661,8301,7954,347,347,244,1503,76,13,9048077
3009,9054081,9060100,3009,10933,2636,8297,7924,373,373,220,1504,76,10,9054091
3010,9060100,9066121,3010,10956,2639,8317,7946,371,371,231,1504,76,9,9060109
3011,9066121,9072144,3011,10983,2623,8360,7972,388,388,234,1505,76,10,9066131
3012,9072144,9078169,3012,10935,2641,8294,7923,371,371,234,1505,76,47,9072191
3013,9078169,9084196,3013,10992,2628,8364,7979,385,385,224,1506,76,48,9078217
3014,9084196,9090225,3014,10947,2626,8321,7933,388,388,229,1506,76,15,9084211
3015,9090225,9096256,3015,10983,2642,8341,7968,373,373,233,1507,76,4,9090229
3016,9096256,9102289,3016,10972,2637,8335,7956,379,379,244,1507,76,1,9096257
3017,9102289,9108324,3017,10971,2643,8328,7954,374,374,232,1508,76,18,9102307
3018,9108324,9114361,3018,10992,2656,8336,7974,362,362,244,1508,76,7,9108331
3019,9114361,9120400,3019,11006,2644,8362,7987,375,375,225,1509,76,16,9114377
3020,9120400,9126441,3020,11014,2655,8359,7994,365,365,245,1509,76,3,9120403
3021,9126441,9132484,3021,10979,2649,8330,7958,372,372,240,1510,76,32,9126473
3022,9132484,9138529,3022,11019,2626,8393,7997,396,396,226,1510,76,7,9132491
3023,9138529,9144576,3023,11003,2631,8372,7980,392,392,220,1511,76,4,9138533
3024,9144576,9150625,3024,11029,2656,8373,8005,368,368,238,1511,76,5,9144581
3025,9150625,9156676,3025,10997,2655,8342,7972,370,370,229,1512,76,12,9150637
3026,9156676,9162729,3026,11013,2658,8355,7987,368,368,239,1512,76,1,9156677
3027,9162729,9168784,3027,11028,2645,8383,8001,382,382,236,1513,76,8,9162737
3028,9168784,9174841,3028,11066,2653,8413,8038,375,375,229,1513,76,9,9168793
3029,9174841,9180900,3029,11015,2639,8376,7986,390,390,230,1514,76,22,9174863
3030,9180900,9186961,3030,11012,2649,8363,7982,381,381,232,1514,76,17,9180917
3031,9186961,9193024,3031,11062,2648,8414,8031,383,383,226,1515,76,10,9186971
3032,9193024,9199089,3032,11028,2642,8386,7996,390,390,223,1515,76,3,9193027
3033,9199089,9205156,3033,11082,2675,8407,8049,358,358,242,1516,76,4,9199093
3034,9205156,9211225,3034,11029,2654,8375,7995,380,380,231,1516,76,31,9205187
3035,9211225,9217296,3035,11081,2650,8431,8046,385,385,236,1517,76,6,9211231
3036,9217296,9223369,3036,11067,2641,8426,8031,395,395,232,1517,76,7,9217303
3037,9223369,9229444,3037,11069,2647,8422,8032,390,390,220,1518,76,4,9223373
3038,9229444,9235521,3038,11049,2663,8386,8011,375,375,235,1518,76,13,9229457
3039,9235521,9241600,3039,11088,2655,8433,8049,384,384,239,1519,76,8,9235529
3040,9241600,9247681,3040,11100,2673,8427,8060,367,367,234,1519,76,43,9241643
3041,9247681,9253764,3041,11073,2639,8434,8032,402,402,227,1520,76,6,9247687
3042,9253764,9259849,3042,11095,2660,8435,8053,382,382,230,1520,76,25,9253789
3043,9259849,9265936,3043,11096,2681,8415,8053,362,362,249,1521,76,4,9259853
3044,9265936,9272025,3044,11074,2654,8420,8030,390,390,231,1521,76,7,9265943
3045,9272025,9278116,3045,11090,2675,8415,8045,370,370,228,1522,76,8,9272033
3046,9278116,9284209,3046,11081,2662,8419,8035,384,384,230,1522,76,1,9278117
3047,9284209,9290304,3047,11157,2675,8482,8110,372,372,241,1523,76,28,9284237
3048,9290304,9296401,3048,11117,2667,8450,8069,381,381,231,1523,76,25,9290329
3049,9296401,9302500,3049,11093,2648,8445,8044,401,401,240,1524,76,6,9296407
3050,9302500,9308601,3050,11102,2687,8415,8052,363,363,248,1524,76,21,9302521
3051,9308601,9314704,3051,11159,2662,8497,8108,389,389,235,1525,76,2,9308603
3052,9314704,9320809,3052,11114,2684,8430,8062,368,368,233,1525,76,3,9314707
3053,9320809,9326916,3053,11142,2672,8470,8089,381,381,229,1526,76,24,9320833
3054,9326916,9333025,3054,11129,2679,8450,8075,375,375,238,1526,76,1,9326917
3055,9333025,9339136,3055,11145,2664,8481,8090,391,391,229,1527,76,4,9333029
3056,9339136,9345249,3056,11148,2685,8463,8092,371,371,238,1527,76,3,9339139
3057,9345249,9351364,3057,11129,2653,8476,8072,404,404,232,1528,76,20,9345269
3058,9351364,9357481,3058,11148,2681,8467,8090,377,377,227,1528,76,15,9351379
3059,9357481,9363600,3059,11187,2667,8520,8128,392,392,227,1529,76,52,9357533
3060,9363600,9369721,3060,11167,2681,8486,8107,379,379,239,1529,76,31,9363631
3061,9369721,9375844,3061,11143,2683,8460,8082,378,378,236,1530,76,6,9369727
3062,9375844,9381969,3062,11196,2701,8495,8134,361,361,253,1530,76,27,9375871
3063,9381969,9388096,3063,11161,2674,8487,8098,389,389,240,1531,76,28,9381997
3064,9388096,9394225,3064,11170,2688,8482,8106,376,376,243,1531,76,7,9388103
3065,9394225,9400356,3065,11192,2680,8512,8127,385,385,233,1532,76,16,9394241
3066,9400356,9406489,3066,11220,2685,8535,8154,381,381,245,1532,76,5,9400361
3067,9406489,9412624,3067,11167,2692,8475,8100,375,375,235,1533,76,22,9406511
3068,9412624,9418761,3068,11178,2689,8489,8110,379,379,237,1533,76,7,9412631
3069,9418761,9424900,3069,11229,2685,8544,8160,384,384,236,1534,76,16,9418777
3070,9424900,9431041,3070,11182,2700,8482,8112,370,370,240,1534,76,7,9424907
3071,9431041,9437184,3071,11227,2697,8530,8156,374,374,241,1535,76,28,9431069
3072,9437184,9443329,3072,11199,2684,8515,8127,388,388,217,1535,76,5,9437189
3073,9443329,9449476,3073,11228,2687,8541,8155,386,386,235,1536,76,4,9443333
3074,9449476,9455625,3074,11189,2701,8488,8115,373,373,246,1536,76,1,9449477
3075,9455625,9461776,3075,11252,2703,8549,8177,372,372,242,1537,76,56,9455681
3076,9461776,9467929,3076,11209,2703,8506,8133,373,373,234,1537,76,3,9461779
3077,9467929,9474084,3077,11249,2673,8576,8172,404,404,235,1538,76,22,9467951
3078,9474084,9480241,3078,11226,2703,8523,8148,375,375,236,1538,76,23,9474107
3079,9480241,9486400,3079,11237,2702,8535,8158,377,377,240,1539,76,16,9480257
3080,9486400,9492561,3080,11239,2694,8545,8159,386,386,230,1539,76,9,9486409
3081,9492561,9498724,3081,11255,2700,8555,8174,381,381,246,1540,77,2,9492563
3082,9498724,9504889,3082,11258,2689,8569,8176,393,393,230,1540,77,15,9498739
3083,9504889,9511056,3083,11252,2687,8565,8169,396,396,240,1541,77,10,9504899
3084,9511056,9517225,3084,11281,2711,8570,8197,373,373,233,1541,77,11,9511067
3085,9517225,9523396,3085,11268,2700,8568,8183,385,385,223,1542,77,12,9517237
3086,9523396,9529569,3086,11255,2720,8535,8169,366,366,245,1542,77,3,9523399
3087,9529569,9535744,3087,11265,2682,8583,8178,405,405,242,1543,77,4,9529573
3088,9535744,9541921,3088,11305,2705,8600,8217,383,383,242,1543,77,9,9535753
3089,9541921,9548100,3089,11267,2704,8563,8178,385,385,233,1544,77,6,9541927
3090,9548100,9554281,3090,11282,2712,8570,8192,378,378,240,1544,77,11,9548111
3091,9554281,9560464,3091,11297,2694,8603,8206,397,397,225,1545,77,28,9554309
3092,9560464,9566649,3092,11305,2732,8573,8213,360,360,259,1545,77,19,9560483
3093,9566649,9572836,3093,11307,2698,8609,8214,395,395,228,1546,77,2,9566651
3094,9572836,9579025,3094,11279,2703,8576,8185,391,391,243,1546,77,1,9572837
3095,9579025,9585216,3095,11317,2679,8638,8222,416,416,221,1547,77,18,9579043
3096,9585216,9591409,3096,11313,2703,8610,8217,393,393,235,1547,77,23,9585239
3097,9591409,9597604,3097,11336,2708,8628,8239,389,389,232,1548,77,10,9591419
3098,9597604,9603801,3098,11307,2726,8581,8209,372,372,244,1548,77,9,9597613
3099,9603801,9610000,3099,11314,2716,8598,8215,383,383,223,1549,77,8,9603809
3100,9610000,9616201,3100,11362,2714,8648,8262,386,386,232,1549,77,33,9610033
3101,9616201,9622404,3101,11314,2725,8589,8213,376,376,251,1550,77,6,9616207
3102,9622404,9628609,3102,11349,2705,8644,8247,397,397,233,1550,77,17,9622421
3103,9628609,9634816,3103,11345,2726,8619,8242,377,377,232,1551,77,30,9628639
3104,9634816,9641025,3104,11341,2719,8622,8237,385,385,241,1551,77,3,9634819
3105,9641025,9647236,3105,11335,2704,8631,8230,401,401,219,1552,77,4,9641029
3106,9647236,9653449,3106,11356,2719,8637,8250,387,387,238,1552,77,1,9647237
3107,9653449,9659664,3107,11342,2724,8618,8235,383,383,235,1553,77,4,9653453
3108,9659664,9665881,3108,11398,2719,8679,8290,389,389,246,1553,77,47,9659711
3109,9665881,9672100,3109,11333,2709,8624,8224,400,400,245,1554,77,10,9665891
3110,9672100,9678321,3110,11391,2731,8660,8281,379,379,238,1554,77,1,9672101
3111,9678321,9684544,3111,11321,2721,8600,8210,390,390,232,1555,77,2,9678323
3112,9684544,9690769,3112,11419,2720,8699,8307,392,392,239,1555,77,13,9684557
3113,9690769,9696996,3113,11390,2734,8656,8277,379,379,242,1556,77,4,9690773
3114,9696996,9703225,3114,11379,2752,8627,8265,362,362,248,1556,77,7,9697003
3115,9703225,9709456,3115,11391,2717,8674,8276,398,398,230,1557,77,6,9703231
3116,9709456,9715689,3116,11376,2735,8641,8260,381,381,245,1557,77,21,9709477
3117,9715689,9721924,3117,11417,2736,8681,8300,381,381,242,1558,77,8,9715697
3118,9721924,9728161,3118,11407,2726,8681,8289,392,392,223,1558,77,3,9721927
3119,9728161,9734400,3119,11386,2716,8670,8267,403,403,239,1559,77,6,9728167
3120,9734400,9740641,3120,11430,2728,8702,8310,392,392,235,1559,77,11,9734411
3121,9740641,9746884,3121,11425,2725,8700,8304,396,396,239,1560,77,10,9740651
3122,9746884,9753129,3122,11431,2739,8692,8309,383,383,238,1560,77,13,9746897
3123,9753129,9759376,3123,11402,2743,8659,8279,380,380,235,1561,77,22,9753151
3124,9759376,9765625,3124,11426,2741,8685,8302,383,383,237,1561,77,25,9759401
3125,9765625,9771876,3125,11439,2747,8692,8314,378,378,246,1562,77,4,9765629
3126,9771876,9778129,3126,11446,2738,8708,8320,388,388,231,1562,77,17,9771893
3127,9778129,9784384,3127,11440,2749,8691,8313,378,378,235,1563,77,30,9778159
3128,9784384,9790641,3128,11419,2731,8688,8291,397,397,255,1563,77,33,9784417
3129,9790641,9796900,3129,11476,2742,8734,8347,387,387,236,1564,77,26,9790667
3130,9796900,9803161,3130,11460,2729,8731,8330,401,401,230,1564,77,33,9796933
3131,9803161,9809424,3131,11468,2736,8732,8337,395,395,236,1565,77,12,9803173
3132,9809424,9815689,3132,11425,2752,8673,8293,380,380,236,1565,77,23,9809447
3133,9815689,9821956,3133,11524,2720,8804,8391,413,413,236,1566,77,24,9815713
3134,9821956,9828225,3134,11415,2758,8657,8281,376,376,239,1566,77,1,9821957
3135,9828225,9834496,3135,11473,2745,8728,8338,390,390,244,1567,77,14,9828239
3136,9834496,9840769,3136,11423,2748,8675,8287,388,388,241,1567,77,1,9834497
3137,9840769,9847044,3137,11555,2766,8789,8418,371,371,240,1568,77,12,9840781
3138,9847044,9853321,3138,11468,2763,8705,8330,375,375,239,1568,77,7,9847051
3139,9853321,9859600,3139,11508,2746,8762,8369,393,393,235,1569,77,46,9853367
3140,9859600,9865881,3140,11455,2741,8714,8315,399,399,238,1569,77,1,9859601
3141,9865881,9872164,3141,11513,2761,8752,8372,380,380,248,1570,77,22,9865903
3142,9872164,9878449,3142,11505,2756,8749,8363,386,386,248,1570,77,7,9872171
3143,9878449,9884736,3143,11505,2756,8749,8362,387,387,242,1571,77,18,9878467
3144,9884736,9891025,3144,11513,2756,8757,8369,388,388,237,1571,77,5,9884741
3145,9891025,9897316,3145,11524,2739,8785,8379,406,406,227,1572,77,4,9891029
3146,9897316,9903609,3146,11531,2769,8762,8385,377,377,241,1572,77,3,9897319
3147,9903609,9909904,3147,11492,2762,8730,8345,385,385,245,1573,77,14,9903623
3148,9909904,9916201,3148,11538,2763,8775,8390,385,385,244,1573,77,13,9909917
3149,9916201,9922500,3149,11548,2764,8784,8399,385,385,250,1574,77,10,9916211
3150,9922500,9928801,3150,11519,2770,8749,8369,380,380,241,1574,77,29,9922529
3151,9928801,9935104,3151,11584,2737,8847,8433,414,414,229,1575,77,12,9928813
3152,9935104,9941409,3152,11502,2763,8739,8350,389,389,242,1575,77,7,9935111
3153,9941409,9947716,3153,11565,2771,8794,8412,382,382,251,1576,77,22,9941431
3154,9947716,9954025,3154,11555,2766,8789,8401,388,388,241,1576,77,3,9947719
3155,9954025,9960336,3155,11564,2769,8795,8409,386,386,238,1577,77,4,9954029
3156,9960336,9966649,3156,11562,2764,8798,8406,392,392,238,1577,77,1,9960337
3157,9966649,9972964,3157,11567,2780,8787,8410,377,377,249,1578,77,18,9966667
3158,9972964,9979281,3158,11570,2758,8812,8412,400,400,243,1578,77,9,9972973
3159,9979281,9985600,3159,11559,2778,8781,8400,381,381,243,1579,77,2,9979283
3160,9985600,9991921,3160,11571,2792,8779,8411,368,368,256,1579,78,1,9985601
3161,9991921,9998244,3161,11570,2762,8808,8409,399,399,245,1580,78,18,9991939
3162,9998244,10004569,3162,11607,2778,8829,8445,384,384,237,1580,78,5,9998249
3163,10004569,10010896,3163,11602,2770,8832,8439,393,393,238,1581,78,4,10004573
3164,10010896,10017225,3164,11571,2773,8798,8407,391,391,249,1581,78,45,10010941
3165,10017225,10023556,3165,11598,2756,8842,8433,409,409,237,1582,78,4,10017229
3166,10023556,10029889,3166,11636,2776,8860,8470,390,390,249,1582,78,37,10023593
3167,10029889,10036224,3167,11584,2770,8814,8417,397,397,234,1583,78,24,10029913
3168,10036224,10042561,3168,11612,2776,8836,8444,392,392,238,1583,78,7,10036231
3169,10042561,10048900,3169,11612,2761,8851,8443,408,408,232,1584,78,18,10042579
3170,10048900,10055241,3170,11629,2767,8862,8459,403,403,236,1584,78,43,10048943
3171,10055241,10061584,3171,11655,2778,8877,8484,393,393,247,1585,78,22,10055263
3172,10061584,10067929,3172,11586,2781,8805,8414,391,391,247,1585,78,3,10061587
3173,10067929,10074276,3173,11631,2790,8841,8458,383,383,238,1586,78,28,10067957
3174,10074276,10080625,3174,11633,2769,8864,8459,405,405,240,1586,78,1,10074277
3175,10080625,10086976,3175,11684,2774,8910,8509,401,401,235,1587,78,16,10080641
3176,10086976,10093329,3176,11604,2792,8812,8428,384,384,253,1587,78,27,10087003
3177,10093329,10099684,3177,11673,2781,8892,8496,396,396,241,1588,78,2,10093331
3178,10099684,10106041,3178,11650,2801,8849,8472,377,377,252,1588,78,15,10099699
3179,10106041,10112400,3179,11641,2771,8870,8462,408,408,230,1589,78,36,10106077
3180,10112400,10118761,3180,11674,2784,8890,8494,396,396,257,1589,78,7,10112407
3181,10118761,10125124,3181,11677,2782,8895,8496,399,399,233,1590,78,70,10118831
3182,10125124,10131489,3182,11665,2790,8875,8483,392,392,247,1590,78,7,10125131
3183,10131489,10137856,3183,11682,2794,8888,8499,389,389,245,1591,78,2,10131491
3184,10137856,10144225,3184,11648,2760,8888,8464,424,424,229,1591,78,1,10137857
3185,10144225,10150596,3185,11695,2796,8899,8510,389,389,239,1592,78,6,10144231
3186,10150596,10156969,3186,11691,2801,8890,8505,385,385,254,1592,78,7,10150603
3187,10156969,10163344,3187,11684,2792,8892,8497,395,395,238,1593,78,54,10157023
3188,10163344,10169721,3188,11695,2803,8892,8507,385,385,242,1593,78,9,10163353
3189,10169721,10176100,3189,11719,2792,8927,8530,397,397,258,1594,78,22,10169743
3190,10176100,10182481,3190,11701,2804,8897,8511,386,386,249,1594,78,9,10176109
3191,10182481,10188864,3191,11687,2800,8887,8496,391,391,245,1595,78,12,10182493
3192,10188864,10195249,3192,11725,2823,8902,8533,369,369,250,1595,78,13,10188877
3193,10195249,10201636,3193,11723,2796,8927,8530,397,397,242,1596,78,22,10195271
3194,10201636,10208025,3194,11709,2792,8917,8515,402,402,246,1596,78,7,10201643
3195,10208025,10214416,3195,11725,2811,8914,8530,384,384,246,1597,78,2,10208027
3196,10214416,10220809,3196,11715,2818,8897,8519,378,378,246,1597,78,1,10214417
3197,10220809,10227204,3197,11740,2780,8960,8543,417,417,239,1598,78,18,10220827
3198,10227204,10233601,3198,11734,2793,8941,8536,405,405,240,1598,78,5,10227209
3199,10233601,10240000,3199,11733,2800,8933,8534,399,399,238,1599,78,16,10233617
3200,10240000,10246401,3200,11760,2818,8942,8560,382,382,242,1599,78,33,10240033
3201,10246401,10252804,3201,11735,2804,8931,8534,397,397,244,1600,78,2,10246403
3202,10252804,10259209,3202,11782,2801,8981,8580,401,401,242,1600,78,13,10252817
3203,10259209,10265616,3203,11721,2795,8926,8518,408,408,248,1601,78,28,10259237
3204,10265616,10272025,3204,11790,2795,8995,8586,409,409,227,1601,78,1,10265617
3205,10272025,10278436,3205,11741,2798,8943,8536,407,407,234,1602,78,18,10272043
3206,10278436,10284849,3206,11800,2820,8980,8594,386,386,265,1602,78,25,10278461
3207,10284849,10291264,3207,11752,2809,8943,8545,398,398,252,1603,78,28,10284877
3208,10291264,10297681,3208,11787,2815,8972,8579,393,393,246,1603,78,13,10291277
3209,10297681,10304100,3209,11810,2830,8980,8601,379,379,248,1604,78,6,10297687
3210,10304100,10310521,3210,11747,2805,8942,8537,405,405,242,1604,78,11,10304111
3211,10310521,10316944,3211,11842,2831,9011,8631,380,380,239,1605,78,60,10310581
3212,10316944,10323369,3212,11755,2804,8951,8543,408,408,237,1605,78,43,10316987
3213,10323369,10329796,3213,11792,2808,8984,8579,405,405,238,1606,78,2,10323371
3214,10329796,10336225,3214,11800,2814,8986,8586,400,400,235,1606,78,1,10329797
3215,10336225,10342656,3215,11809,2797,9012,8594,418,418,242,1607,78,16,10336241
3216,10342656,10349089,3216,11835,2846,8989,8619,370,370,256,1607,78,31,10342687
3217,10349089,10355524,3217,11811,2822,8989,8594,395,395,245,1608,78,24,10349113
3218,10355524,10361961,3218,11798,2806,8992,8580,412,412,237,1608,78,13,10355537
3219,10361961,10368400,3219,11822,2829,8993,8603,390,390,251,1609,78,46,10362007
3220,10368400,10374841,3220,11837,2813,9024,8617,407,407,240,1609,78,1,10368401
3221,10374841,10381284,3221,11846,2835,9011,8625,386,386,247,1610,78,12,10374853
3222,10381284,10387729,3222,11802,2809,8993,8580,413,413,231,1610,78,7,10381291
3223,10387729,10394176,3223,11865,2823,9042,8642,400,400,244,1611,78,10,10387739
3224,10394176,10400625,3224,11840,2812,9028,8616,412,412,244,1611,78,51,10394227
3225,10400625,10407076,3225,11852,2828,9024,8627,397,397,243,1612,78,14,10400639
3226,10407076,10413529,3226,11849,2824,9025,8623,402,402,240,1612,78,21,10407097
3227,10413529,10419984,3227,11857,2817,9040,8630,410,410,243,1613,78,12,10413541
3228,10419984,10426441,3228,11880,2836,9044,8652,392,392,249,1613,78,7,10419991
3229,10426441,10432900,3229,11835,2817,9018,8606,412,412,247,1614,78,22,10426463
3230,10432900,10439361,3230,11888,2837,9051,8658,393,393,256,1614,78,7,10432907
3231,10439361,10445824,3231,11874,2823,9051,8643,408,408,242,1615,78,8,10439369
3232,10445824,10452289,3232,11864,2846,9018,8632,386,386,254,1615,78,25,10445849
3233,10452289,10458756,3233,11922,2819,9103,8689,414,414,252,1616,78,24,10452313
3234,10458756,10465225,3234,11860,2838,9022,8626,396,396,235,1616,78,47,10458803
3235,10465225,10471696,3235,11883,2819,9064,8648,416,416,236,1617,78,24,10465249
3236,10471696,10478169,3236,11902,2833,9069,8666,403,403,237,1617,78,13,10471709
3237,10478169,10484644,3237,11909,2842,9067,8672,395,395,248,1618,78,34,10478203
3238,10484644,10491121,3238,11895,2820,9075,8657,418,418,240,1618,78,7,10484651
3239,10491121,10497600,3239,11897,2843,9054,8658,396,396,253,1619,78,12,10491133
3240,10497600,10504081,3240,11944,2836,9108,8704,404,404,237,1619,79,1,10497601
3241,10504081,10510564,3241,11891,2837,9054,8650,404,404,242,1620,79,16,10504097
3242,10510564,10517049,3242,11930,2837,9093,8688,405,405,239,1620,79,15,10510579
3243,10517049,10523536,3243,11921,2855,9066,8678,388,388,250,1621,79,14,10517063
3244,10523536,10530025,3244,11934,2859,9075,8690,385,385,250,1621,79,31,10523567
3245,10530025,10536516,3245,11929,2840,9089,8684,405,405,264,1622,79,16,10530041
3246,10536516,10543009,3246,11934,2846,9088,8688,400,400,248,1622,79,1,10536517
3247,10543009,10549504,3247,11931,2824,9107,8684,423,423,235,1623,79,24,10543033
3248,10549504,10556001,3248,11965,2847,9118,8717,401,401,250,1623,79,3,10549507
3249,10556001,10562500,3249,11948,2847,9101,8699,402,402,249,1624,79,2,10556003
3250,10562500,10569001,3250,11945,2834,9111,8695,416,416,239,1624,79,7,10562507
3251,10569001,10575504,3251,11947,2867,9080,8696,384,384,253,1625,79,6,10569007
3252,10575504,10582009,3252,11972,2852,9120,8720,400,400,248,1625,79,25,10575529
3253,10582009,10588516,3253,11970,2851,9119,8717,402,402,238,1626,79,34,10582043
3254,10588516,10595025,3254,11934,2842,9092,8680,412,412,240,1626,79,1,10588517
3255,10595025,10601536,3255,11969,2864,9105,8714,391,391,244,1627,79,16,10595041
3256,10601536,10608049,3256,11998,2860,9138,8742,396,396,253,1627,79,7,10601543
3257,10608049,10614564,3257,11992,2856,9136,8735,401,401,254,1628,79,30,10608079
3258,10614564,10621081,3258,11960,2861,9099,8702,397,397,248,1628,79,23,10614587
3259,10621081,10627600,3259,11998,2839,9159,8739,420,420,238,1629,79,16,10621097
3260,10627600,10634121,3260,12028,2862,9166,8768,398,398,248,1629,79,19,10627619
3261,10634121,10640644,3261,11980,2859,9121,8719,402,402,238,1630,79,2,10634123
3262,10640644,10647169,3262,12018,2849,9169,8756,413,413,241,1630,79,3,10640647
3263,10647169,10653696,3263,11981,2863,9118,8718,400,400,244,1631,79,12,10647181
3264,10653696,10660225,3264,12063,2859,9204,8799,405,405,253,1631,79,23,10653719
3265,10660225,10666756,3265,11980,2865,9115,8715,400,400,242,1632,79,4,10660229
3266,10666756,10673289,3266,12012,2837,9175,8746,429,429,225,1632,79,1,10666757
3267,10673289,10679824,3267,12028,2854,9174,8761,413,413,248,1633,79,4,10673293
3268,10679824,10686361,3268,12007,2861,9146,8739,407,407,248,1633,79,7,10679831
3269,10686361,10692900,3269,12051,2865,9186,8782,404,404,245,1634,79,30,10686391
3270,10692900,10699441,3270,12043,2865,9178,8773,405,405,248,1634,79,11,10692911
3271,10699441,10705984,3271,12062,2856,9206,8791,415,415,232,1635,79,18,10699459
3272,10705984,10712529,3272,12029,2863,9166,8757,409,409,248,1635,79,9,10705993
3273,10712529,10719076,3273,12038,2849,9189,8765,424,424,241,1636,79,14,10712543
3274,10719076,10725625,3274,12085,2884,9201,8811,390,390,250,1636,79,1,10719077
3275,10725625,10732176,3275,12064,2872,9192,8789,403,403,266,1637,79,4,10725629
3276,10732176,10738729,3276,12046,2880,9166,8770,396,396,250,1637,79,17,10732193
3277,10738729,10745284,3277,12070,2870,9200,8793,407,407,240,1638,79,22,10738751
3278,10745284,10751841,3278,12047,2869,9178,8769,409,409,255,1638,79,7,10745291
3279,10751841,10758400,3279,12117,2884,9233,8838,395,395,264,1639,79,2,10751843
3280,10758400,10764961,3280,12040,2883,9157,8760,397,397,245,1639,79,1,10758401
3281,10764961,10771524,3281,12108,2894,9214,8827,387,387,261,1640,79,12,10764973
3282,10771524,10778089,3282,12116,2874,9242,8834,408,408,255,1640,79,23,10771547
3283,10778089,10784656,3283,12074,2877,9197,8791,406,406,246,1641,79,4,10778093
3284,10784656,10791225,3284,12075,2896,9179,8791,388,388,269,1641,79,15,10784671
3285,10791225,10797796,3285,12066,2881,9185,8781,404,404,240,1642,79,2,10791227
3286,10797796,10804369,3286,12159,2868,9291,8873,418,418,241,1642,79,15,10797811
3287,10804369,10810944,3287,12106,2884,9222,8819,403,403,253,1643,79,4,10804373
3288,10810944,10817521,3288,12084,2874,9210,8796,414,414,248,1643,79,7,10810951
3289,10817521,10824100,3289,12127,2900,9227,8838,389,389,254,1644,79,10,10817531
3290,10824100,10830681,3290,12105,2893,9212,8815,397,397,253,1644,79,1,10824101
3291,10830681,10837264,3291,12152,2870,9282,8861,421,421,232,1645,79,10,10830691
3292,10837264,10843849,3292,12079,2862,9217,8787,430,430,227,1645,79,19,10837283
3293,10843849,10850436,3293,12178,2882,9296,8885,411,411,249,1646,79,22,10843871
3294,10850436,10857025,3294,12137,2896,9241,8843,398,398,246,1646,79,11,10850447
3295,10857025,10863616,3295,12171,2886,9285,8876,409,409,263,1647,79,4,10857029
3296,10863616,10870209,3296,12102,2878,9224,8806,418,418,246,1647,79,7,10863623
3297,10870209,10876804,3297,12125,2902,9223,8828,395,395,255,1648,79,4,10870213
3298,10876804,10883401,3298,12192,2911,9281,8894,387,387,249,1648,79,19,10876823
3299,10883401,10890000,3299,12167,2889,9278,8868,410,410,251,1649,79,18,10883419
3300,10890000,10896601,3300,12132,2900,9232,8832,400,400,244,1649,79,23,10890023
3301,10896601,10903204,3301,12186,2870,9316,8885,431,431,239,1650,79,6,10896607
3302,10903204,10909809,3302,12159,2899,9260,8857,403,403,257,1650,79,25,10903229
3303,10909809,10916416,3303,12188,2909,9279,8885,394,394,259,1651,79,8,10909817
3304,10916416,10923025,3304,12171,2880,9291,8867,424,424,244,1651,79,1,10916417
3305,10923025,10929636,3305,12197,2886,9311,8892,419,419,246,1652,79,54,10923079
3306,10929636,10936249,3306,12182,2912,9270,8876,394,394,259,1652,79,1,10929637
3307,10936249,10942864,3307,12212,2892,9320,8905,415,415,238,1653,79,10,10936259
3308,10942864,10949481,3308,12198,2878,9320,8890,430,430,244,1653,79,9,10942873
3309,10949481,10956100,3309,12182,2910,9272,8873,399,399,254,1654,79,2,10949483
3310,10956100,10962721,3310,12209,2893,9316,8899,417,417,252,1654,79,31,10956131
3311,10962721,10969344,3311,12204,2898,9306,8893,413,413,244,1655,79,6,10962727
3312,10969344,10975969,3312,12245,2925,9320,8933,387,387,255,1655,79,29,10969373
3313,10975969,10982596,3313,12233,2897,9336,8920,416,416,249,1656,79,12,10975981
3314,10982596,10989225,3314,12152,2915,9237,8838,399,399,249,1656,79,1,10982597
3315,10989225,10995856,3315,12262,2899,9363,8947,416,416,254,1657,79,4,10989229
3316,10995856,11002489,3316,12189,2906,9283,8873,410,410,259,1657,79,15,10995871
3317,11002489,11009124,3317,12263,2920,9343,8946,397,397,254,1658,79,10,11002499
3318,11009124,11015761,3318,12230,2921,9309,8912,397,397,243,1658,79,13,11009137
3319,11015761,11022400,3319,12239,2912,9327,8920,407,407,251,1659,79,16,11015777
3320,11022400,11029041,3320,12255,2917,9338,8935,403,403,255,1659,79,37,11022437
3321,11029041,11035684,3321,12208,2912,9296,8887,409,409,245,1660,80,2,11029043
3322,11035684,11042329,3322,12304,2911,9393,8982,411,411,257,1660,80,13,11035697
3323,11042329,11048976,3323,12245,2902,9343,8922,421,421,250,1661,80,18,11042347
3324,11048976,11055625,3324,12268,2907,9361,8944,417,417,248,1661,80,25,11049001
3325,11055625,11062276,3325,12246,2902,9344,8921,423,423,248,1662,80,22,11055647
3326,11062276,11068929,3326,12280,2917,9363,8954,409,409,253,1662,80,1,11062277
3327,11068929,11075584,3327,12276,2912,9364,8949,415,415,247,1663,80,14,11068943
3328,11075584,11082241,3328,12282,2907,9375,8954,421,421,245,1663,80,25,11075609
3329,11082241,11088900,3329,12282,2935,9347,8953,394,394,255,1664,80,16,11082257
3330,11088900,11095561,3330,12299,2905,9394,8969,425,425,240,1664,80,7,11088907
3331,11095561,11102224,3331,12292,2907,9385,8961,424,424,247,1665,80,10,11095571
3332,11102224,11108889,3332,12282,2928,9354,8950,404,404,250,1665,80,3,11102227
3333,11108889,11115556,3333,12309,2906,9403,8976,427,427,240,1666,80,8,11108897
3334,11115556,11122225,3334,12285,2938,9347,8951,396,396,262,1666,80,1,11115557
3335,11122225,11128896,3335,12333,2953,9380,8998,382,382,253,1667,80,4,11122229
3336,11128896,11135569,3336,12321,2934,9387,8985,402,402,253,1667,80,7,11128903
3337,11135569,11142244,3337,12315,2931,9384,8978,406,406,262,1668,80,18,11135587
3338,11142244,11148921,3338,12294,2904,9390,8956,434,434,246,1668,80,3,11142247
3339,11148921,11155600,3339,12319,2930,9389,8980,409,409,252,1669,80,26,11148947
3340,11155600,11162281,3340,12333,2925,9408,8993,415,415,248,1669,80,1,11155601
3341,11162281,11168964,3341,12340,2923,9417,8999,418,418,246,1670,80,6,11162287
3342,11168964,11175649,3342,12354,2922,9432,9012,420,420,249,1670,80,35,11168999
3343,11175649,11182336,3343,12338,2921,9417,8995,422,422,249,1671,80,4,11175653
3344,11182336,11189025,3344,12353,2938,9415,9009,406,406,258,1671,80,7,11182343
3345,11189025,11195716,3345,12335,2923,9412,8990,422,422,249,1672,80,2,11189027
3346,11195716,11202409,3346,12360,2931,9429,9014,415,415,242,1672,80,43,11195759
3347,11202409,11209104,3347,12358,2944,9414,9011,403,403,252,1673,80,22,11202431
3348,11209104,11215801,3348,12348,2945,9403,9000,403,403,271,1673,80,19,11209123
3349,11215801,11222500,3349,12409,2928,9481,9060,421,421,250,1674,80,10,11215811
3350,11222500,11229201,3350,12350,2950,9400,9000,400,400,250,1674,80,1,11222501
3351,11229201,11235904,3351,12380,2943,9437,9029,408,408,237,1675,80,16,11229217
3352,11235904,11242609,3352,12364,2936,9428,9012,416,416,258,1675,80,3,11235907
3353,11242609,11249316,3353,12424,2933,9491,9071,420,420,256,1676,80,10,11242619
3354,11249316,11256025,3354,12368,2926,9442,9014,428,428,252,1676,80,5,11249321
3355,11256025,11262736,3355,12387,2953,9434,9032,402,402,259,1677,80,16,11256041
3356,11262736,11269449,3356,12398,2956,9442,9042,400,400,262,1677,80,1,11262737
3357,11269449,11276164,3357,12413,2941,9472,9056,416,416,247,1678,80,8,11269457
3358,11276164,11282881,3358,12386,2962,9424,9028,396,396,262,1678,80,19,11276183
3359,11282881,11289600,3359,12432,2945,9487,9073,414,414,248,1679,80,12,11282893
3360,11289600,11296321,3360,12429,2925,9504,9069,435,435,246,1679,80,1,11289601
3361,11296321,11303044,3361,12403,2975,9428,9042,386,386,269,1680,80,10,11296331
3362,11303044,11309769,3362,12418,2954,9464,9056,408,408,256,1680,80,13,11303057
3363,11309769,11316496,3363,12391,2938,9453,9028,425,425,243,1681,80,4,11309773
3364,11316496,11323225,3364,12477,2948,9529,9113,416,416,256,1681,80,25,11316521
3365,11323225,11329956,3365,12405,2934,9471,9040,431,431,249,1682,80,6,11323231
3366,11329956,11336689,3366,12465,2966,9499,9099,400,400,258,1682,80,23,11329979
3367,11336689,11343424,3367,12418,2968,9450,9051,399,399,255,1683,80,4,11336693
3368,11343424,11350161,3368,12476,2942,9534,9108,426,426,246,1683,80,45,11343469
3369,11350161,11356900,3369,12443,2957,9486,9074,412,412,264,1684,80,16,11350177
3370,11356900,11363641,3370,12467,2961,9506,9097,409,409,247,1684,80,3,11356903
3371,11363641,11370384,3371,12457,2962,9495,9086,409,409,254,1685,80,22,11363663
3372,11370384,11377129,3372,12468,2953,9515,9096,419,419,243,1685,80,5,11370389
3373,11377129,11383876,3373,12501,2966,9535,9128,407,407,258,1686,80,22,11377151
3374,11383876,11390625,3374,12417,2978,9439,9043,396,396,254,1686,80,1,11383877
3375,11390625,11397376,3375,12492,2937,9555,9117,438,438,244,1687,80,16,11390641
3376,11397376,11404129,3376,12488,2959,9529,9112,417,417,254,1687,80,7,11397383
3377,11404129,11410884,3377,12473,2970,9503,9096,407,407,269,1688,80,10,11404139
3378,11410884,11417641,3378,12506,2966,9540,9128,412,412,259,1688,80,25,11410909
3379,11417641,11424400,3379,12477,2949,9528,9098,430,430,242,1689,80,60,11417701
3380,11424400,11431161,3380,12511,2975,9536,9131,405,405,253,1689,80,33,11424433
3381,11431161,11437924,3381,12499,2985,9514,9118,396,396,268,1690,80,16,11431177
3382,11437924,11444689,3382,12474,2951,9523,9092,431,431,245,1690,80,7,11437931
3383,11444689,11451456,3383,12538,2981,9557,9155,402,402,267,1691,80,28,11444717
3384,11451456,11458225,3384,12518,2941,9577,9134,443,443,250,1691,80,11,11451467
3385,11458225,11464996,3385,12503,2961,9542,9118,424,424,250,1692,80,6,11458231
3386,11464996,11471769,3386,12521,2961,9560,9135,425,425,252,1692,80,27,11465023
3387,11471769,11478544,3387,12527,2965,9562,9140,422,422,252,1693,80,2,11471771
3388,11478544,11485321,3388,12546,2991,9555,9158,397,397,259,1693,80,15,11478559
3389,11485321,11492100,3389,12547,2970,9577,9158,419,419,253,1694,80,18,11485339
3390,11492100,11498881,3390,12534,2972,9562,9144,418,418,249,1694,80,1,11492101
3391,11498881,11505664,3391,12567,2963,9604,9176,428,428,260,1695,80,28,11498909
3392,11505664,11512449,3392,12526,2996,9530,9134,396,396,246,1695,80,3,11505667
3393,11512449,11519236,3393,12565,2983,9582,9172,410,410,257,1696,80,32,11512481
3394,11519236,11526025,3394,12519,2965,9554,9125,429,429,249,1696,80,3,11519239
3395,11526025,11532816,3395,12592,2961,9631,9197,434,434,256,1697,80,16,11526041
3396,11532816,11539609,3396,12525,2980,9545,9129,416,416,251,1697,80,7,11532823
3397,11539609,11546404,3397,12593,2957,9636,9196,440,440,260,1698,80,4,11539613
3398,11546404,11553201,3398,12582,2978,9604,9184,420,420,264,1698,80,7,11546411
3399,11553201,11560000,3399,12560,2990,9570,9161,409,409,256,1699,80,46,11553247
3400,11560000,11566801,3400,12581,2973,9608,9181,427,427,246,1699,80,19,11560019
3401,11566801,11573604,3401,12588,2988,9600,9187,413,413,256,1700,80,10,11566811
3402,11573604,11580409,3402,12603,2987,9616,9201,415,415,247,1700,80,17,11573621
3403,11580409,11587216,3403,12580,2978,9602,9177,425,425,256,1701,81,10,11580419
3404,11587216,11594025,3404,12601,2989,9612,9197,415,415,261,1701,81,13,11587229
3405,11594025,11600836,3405,12598,2998,9600,9193,407,407,257,1702,81,14,11594039
3406,11600836,11607649,3406,12611,2966,9645,9205,440,440,239,1702,81,3,11600839
3407,11607649,11614464,3407,12608,2964,9644,9201,443,443,258,1703,81,4,11607653
3408,11614464,11621281,3408,12620,2966,9654,9212,442,442,246,1703,81,5,11614469
3409,11621281,11628100,3409,12638,2982,9656,9229,427,427,250,1704,81,22,11621303
3410,11628100,11634921,3410,12616,3011,9605,9206,399,399,272,1704,81,21,11628121
3411,11634921,11641744,3411,12636,3028,9608,9225,383,383,269,1705,81,46,11634967
3412,11641744,11648569,3412,12605,2976,9629,9193,436,436,247,1705,81,13,11641757
3413,11648569,11655396,3413,12652,2979,9673,9239,434,434,250,1706,81,28,11648597
3414,11655396,11662225,3414,12646,2992,9654,9232,422,422,244,1706,81,13,11655409
3415,11662225,11669056,3415,12654,3002,9652,9239,413,413,260,1707,81,4,11662229
3416,11669056,11675889,3416,12640,3001,9639,9224,415,415,268,1707,81,13,11669069
3417,11675889,11682724,3417,12645,3016,9629,9228,401,401,264,1708,81,8,11675897
3418,11682724,11689561,3418,12678,2996,9682,9260,422,422,256,1708,81,27,11682751
3419,11689561,11696400,3419,12659,2992,9667,9240,427,427,256,1709,81,10,11689571
3420,11696400,11703241,3420,12663,2976,9687,9243,444,444,238,1709,81,13,11696413
3421,11703241,11710084,3421,12672,3022,9650,9251,399,399,260,1710,81,6,11703247
3422,11710084,11716929,3422,12699,3005,9694,9277,417,417,263,1710,81,19,11710103
3423,11716929,11723776,3423,12644,3000,9644,9221,423,423,266,1711,81,4,11716933
3424,11723776,11730625,3424,12697,3011,9686,9273,413,413,266,1711,81,67,11723843
3425,11730625,11737476,3425,12670,2990,9680,9245,435,435,242,1712,81,12,11730637
3426,11737476,11744329,3426,12718,3019,9699,9292,407,407,271,1712,81,7,11737483
3427,11744329,11751184,3427,12683,2991,9692,9256,436,436,253,1713,81,10,11744339
3428,11751184,11758041,3428,12689,3016,9673,9261,412,412,262,1713,81,9,11751193
3429,11758041,11764900,3429,12727,3014,9713,9298,415,415,261,1714,81,32,11758073
3430,11764900,11771761,3430,12677,3018,9659,9247,412,412,262,1714,81,67,11764967
3431,11771761,11778624,3431,12756,3033,9723,9325,398,398,260,1715,81,22,11771783
3432,11778624,11785489,3432,12674,2969,9705,9242,463,463,232,1715,81,5,11778629
3433,11785489,11792356,3433,12737,3008,9729,9304,425,425,263,1716,81,4,11785493
3434,11792356,11799225,3434,12712,3013,9699,9278,421,421,260,1716,81,37,11792393
3435,11799225,11806096,3435,12739,2998,9741,9304,437,437,255,1717,81,32,11799257
3436,11806096,11812969,3436,12749,3032,9717,9313,404,404,272,1717,81,1,11806097
3437,11812969,11819844,3437,12723,3004,9719,9286,433,433,248,1718,81,12,11812981
3438,11819844,11826721,3438,12755,3020,9735,9317,418,418,267,1718,81,43,11819887
3439,11826721,11833600,3439,12748,3021,9727,9309,418,418,245,1719,81,12,11826733
3440,11833600,11840481,3440,12742,3029,9713,9302,411,411,259,1719,81,9,11833609
3441,11840481,11847364,3441,12750,3043,9707,9309,398,398,269,1720,81,8,11840489
3442,11847364,11854249,3442,12769,3022,9747,9327,420,420,268,1720,81,9,11847373
3443,11854249,11861136,3443,12766,3005,9761,9323,438,438,250,1721,81,12,11854261
3444,11861136,11868025,3444,12746,3006,9740,9302,438,438,246,1721,81,5,11861141
3445,11868025,11874916,3445,12789,3035,9754,9344,410,410,260,1722,81,12,11868037
3446,11874916,11881809,3446,12742,2996,9746,9296,450,450,243,1722,81,1,11874917
3447,11881809,11888704,3447,12813,3034,9779,9366,413,413,267,1723,81,2,11881811
3448,11888704,11895601,3448,12773,3037,9736,9325,411,411,266,1723,81,15,11888719
3449,11895601,11902500,3449,12780,3018,9762,9331,431,431,257,1724,81,6,11895607
3450,11902500,11909401,3450,12756,3031,9725,9306,419,419,260,1724,81,7,11902507
3451,11909401,11916304,3451,12864,3028,9836,9413,423,423,253,1725,81,10,11909411
3452,11916304,11923209,3452,12764,3024,9740,9312,428,428,254,1725,81,9,11916313
3453,11923209,11930116,3453,12811,2996,9815,9358,457,457,244,1726,81,2,11923211
3454,11930116,11937025,3454,12822,3056,9766,9368,398,398,271,1726,81,13,11930129
3455,11937025,11943936,3455,12820,3025,9795,9365,430,430,255,1727,81,16,11937041
3456,11943936,11950849,3456,12809,3023,9786,9353,433,433,256,1727,81,5,11943941
3457,11950849,11957764,3457,12817,3019,9798,9360,438,438,251,1728,81,4,11950853
3458,11957764,11964681,3458,12836,3026,9810,9378,432,432,265,1728,81,15,11957779
3459,11964681,11971600,3459,12811,3055,9756,9352,404,404,261,1729,81,32,11964713
3460,11971600,11978521,3460,12878,3035,9843,9418,425,425,254,1729,81,7,11971607
3461,11978521,11985444,3461,12814,3020,9794,9353,441,441,254,1730,81,18,11978539
3462,11985444,11992369,3462,12864,3046,9818,9402,416,416,270,1730,81,7,11985451
3463,11992369,11999296,3463,12830,3044,9786,9367,419,419,247,1731,81,4,11992373
3464,11999296,12006225,3464,12818,3052,9766,9354,412,412,262,1731,81,7,11999303
3465,12006225,12013156,3465,12848,3039,9809,9383,426,426,253,1732,81,4,12006229
3466,12013156,12020089,3466,12849,3025,9824,9383,441,441,249,1732,81,33,12013189
3467,12020089,12027024,3467,12875,3065,9810,9408,402,402,263,1733,81,30,12020119
3468,12027024,12033961,3468,12883,3049,9834,9415,419,419,268,1733,81,25,12027049
3469,12033961,12040900,3469,12876,3035,9841,9407,434,434,258,1734,81,10,12033971
3470,12040900,12047841,3470,12868,3045,9823,9398,425,425,263,1734,81,7,12040907
3471,12047841,12054784,3471,12860,3048,9812,9389,423,423,261,1735,81,10,12047851
3472,12054784,12061729,3472,12905,3020,9885,9433,452,452,237,1735,81,9,12054793
3473,12061729,12068676,3473,12906,3059,9847,9433,414,414,272,1736,81,18,12061747
3474,12068676,12075625,3474,12874,3045,9829,9400,429,429,239,1736,81,1,12068677
3475,12075625,12082576,3475,12874,3056,9818,9399,419,419,266,1737,81,6,12075631
3476,12082576,12089529,3476,12911,3057,9854,9435,419,419,262,1737,81,51,12082627
3477,12089529,12096484,3477,12930,3072,9858,9453,405,405,275,1738,81,22,12089551
3478,12096484,12103441,3478,12886,3057,9829,9408,421,421,251,1738,81,39,12096523
3479,12103441,12110400,3479,12932,3041,9891,9453,438,438,264,1739,81,6,12103447
3480,12110400,12117361,3480,12919,3043,9876,9439,437,437,252,1739,81,1,12110401
3481,12117361,12124324,3481,12902,3056,9846,9421,425,425,260,1740,81,6,12117367
3482,12124324,12131289,3482,12928,3072,9856,9446,410,410,269,1740,81,3,12124327
3483,12131289,12138256,3483,12924,3044,9880,9441,439,439,257,1741,81,4,12131293
3484,12138256,12145225,3484,12952,3037,9915,9468,447,447,256,1741,81,7,12138263
3485,12145225,12152196,3485,12944,3059,9885,9459,426,426,261,1742,81,16,12145241
3486,12152196,12159169,3486,12937,3062,9875,9451,424,424,256,1742,82,13,12152209
3487,12159169,12166144,3487,12956,3071,9885,9469,416,416,258,1743,82,12,12159181
3488,12166144,12173121,3488,12916,3057,9859,9428,431,431,262,1743,82,15,12166159
3489,12173121,12180100,3489,12986,3077,9909,9497,412,412,262,1744,82,22,12173143
3490,12180100,12187081,3490,12945,3046,9899,9455,444,444,263,1744,82,1,12180101
3491,12187081,12194064,3491,12981,3077,9904,9490,414,414,257,1745,82,36,12187117
3492,12194064,12201049,3492,12978,3070,9908,9486,422,422,267,1745,82,25,12194089
3493,12201049,12208036,3493,12974,3069,9905,9481,424,424,257,1746,82,12,12201061
3494,12208036,12215025,3494,12948,3045,9903,9454,449,449,248,1746,82,25,12208061
3495,12215025,12222016,3495,12992,3070,9922,9497,425,425,268,1747,82,8,12215033
3496,12222016,12229009,3496,13004,3059,9945,9508,437,437,259,1747,82,31,12222047
3497,12229009,12236004,3497,12962,3055,9907,9465,442,442,260,1748,82,4,12229013
3498,12236004,12243001,3498,13009,3082,9927,9511,416,416,268,1748,82,43,12236047
3499,12243001,12250000,3499,13019,3080,9939,9520,419,419,262,1749,82,18,12243019
3500,12250000,12257001,3500,12979,3083,9896,9479,417,417,274,1749,82,9,12250009
3501,12257001,12264004,3501,13014,3064,9950,9513,437,437,256,1750,82,8,12257009
3502,12264004,12271009,3502,13045,3075,9970,9543,427,427,255,1750,82,7,12264011
3503,12271009,12278016,3503,12990,3062,9928,9487,441,441,257,1751,82,10,12271019
3504,12278016,12285025,3504,13015,3089,9926,9511,415,415,270,1751,82,1,12278017
3505,12285025,12292036,3505,13044,3066,9978,9539,439,439,255,1752,82,12,12285037
3506,12292036,12299049,3506,13009,3072,9937,9503,434,434,267,1752,82,31,12292067
3507,12299049,12306064,3507,13035,3068,9967,9528,439,439,266,1753,82,20,12299069
3508,12306064,12313081,3508,13027,3046,9981,9519,462,462,247,1753,82,73,12306137
3509,12313081,12320100,3509,13031,3080,9951,9522,429,429,258,1754,82,16,12313097
3510,12320100,12327121,3510,13084,3091,9993,9574,419,419,270,1754,82,17,12320117
3511,12327121,12334144,3511,13069,3089,9980,9558,422,422,254,1755,82,6,12327127
3512,12334144,12341169,3512,12997,3100,9897,9485,412,412,264,1755,82,7,12334151
3513,12341169,12348196,3513,13106,3092,10014,9593,421,421,283,1756,82,2,12341171
3514,12348196,12355225,3514,13027,3075,9952,9513,439,439,252,1756,82,13,12348209
3515,12355225,12362256,3515,13089,3069,10020,9574,446,446,252,1757,82,28,12355253
3516,12362256,12369289,3516,13069,3030,10039,9553,486,486,236,1757,82,1,12362257
3517,12369289,12376324,3517,13050,3113,9937,9533,404,404,273,1758,82,28,12369317
3518,12376324,12383361,3518,13103,3075,10028,9585,443,443,260,1758,82,13,12376337
3519,12383361,12390400,3519,13066,3110,9956,9547,409,409,272,1759,82,8,12383369
3520,12390400,12397441,3520,13080,3076,10004,9560,444,444,265,1759,82,1,12390401
3521,12397441,12404484,3521,13110,3088,10022,9589,433,433,254,1760,82,12,12397453
3522,12404484,12411529,3522,13103,3067,10036,9581,455,455,250,1760,82,47,12404531
3523,12411529,12418576,3523,13086,3099,9987,9563,424,424,277,1761,82,28,12411557
3524,12418576,12425625,3524,13075,3092,9983,9551,432,432,260,1761,82,3,12418579
3525,12425625,12432676,3525,13143,3102,10041,9618,423,423,260,1762,82,4,12425629
3526,12432676,12439729,3526,13080,3099,9981,9554,427,427,267,1762,82,7,12432683
3527,12439729,12446784,3527,13139,3085,10054,9612,442,442,267,1763,82,22,12439751
3528,12446784,12453841,3528,13115,3097,10018,9587,431,431,272,1763,82,5,12446789
3529,12453841,12460900,3529,13129,3098,10031,9600,431,431,251,1764,82,10,12453851
3530,12460900,12467961,3530,13131,3108,10023,9601,422,422,262,1764,82,1,12460901
3531,12467961,12475024,3531,13117,3097,10020,9586,434,434,263,1765,82,8,12467969
3532,12475024,12482089,3532,13140,3095,10045,9608,437,437,255,1765,82,3,12475027
3533,12482089,12489156,3533,13191,3099,10092,9658,434,434,271,1766,82,22,12482111
3534,12489156,12496225,3534,13099,3122,9977,9565,412,412,275,1766,82,1,12489157
3535,12496225,12503296,3535,13171,3128,10043,9636,407,407,263,1767,82,4,12496229
3536,12503296,12510369,3536,13105,3099,10006,9569,437,437,275,1767,82,1,12503297
3537,12510369,12517444,3537,13187,3089,10098,9650,448,448,264,1768,82,4,12510373
3538,12517444,12524521,3538,13169,3080,10089,9631,458,458,247,1768,82,37,12517481
3539,12524521,12531600,3539,13166,3111,10055,9627,428,428,280,1769,82,18,12524539
3540,12531600,12538681,3540,13190,3143,10047,9650,397,397,266,1769,82,37,12531637
3541,12538681,12545764,3541,13143,3099,10044,9602,442,442,259,1770,82,42,12538723
3542,12545764,12552849,3542,13214,3109,10105,9672,433,433,271,1770,82,9,12545773
3543,12552849,12559936,3543,13179,3117,10062,9636,426,426,272,1771,82,28,12552877
3544,12559936,12567025,3544,13175,3122,10053,9631,422,422,272,1771,82,13,12559949
3545,12567025,12574116,3545,13201,3120,10081,9656,425,425,264,1772,82,48,12567073
3546,12574116,12581209,3546,13209,3102,10107,9663,444,444,263,1772,82,25,12574141
3547,12581209,12588304,3547,13203,3108,10095,9656,439,439,262,1773,82,18,12581227
3548,12588304,12595401,3548,13197,3115,10082,9649,433,433,259,1773,82,3,12588307
3549,12595401,12602500,3549,13231,3113,10118,9682,436,436,263,1774,82,2,12595403
3550,12602500,12609601,3550,13207,3102,10105,9657,448,448,252,1774,82,3,12602503
3551,12609601,12616704,3551,13213,3120,10093,9662,431,431,275,1775,82,6,12609607
3552,12616704,12623809,3552,13204,3117,10087,9652,435,435,272,1775,82,29,12616733
3553,12623809,12630916,3553,13234,3103,10131,9681,450,450,263,1776,82,4,12623813
3554,12630916,12638025,3554,13221,3123,10098,9667,431,431,272,1776,82,25,12630941
3555,12638025,12645136,3555,13222,3129,10093,9667,426,426,266,1777,82,2,12638027
3556,12645136,12652249,3556,13232,3114,10118,9676,442,442,267,1777,82,27,12645163
3557,12652249,12659364,3557,13245,3136,10109,9688,421,421,263,1778,82,4,12652253
3558,12659364,12666481,3558,13289,3135,10154,9731,423,423,287,1778,82,25,12659389
3559,12666481,12673600,3559,13223,3130,10093,9664,429,429,255,1779,82,22,12666503
3560,12673600,12680721,3560,13236,3095,10141,9676,465,465,256,1779,82,7,12673607
3561,12680721,12687844,3561,13270,3136,10134,9709,425,425,276,1780,82,16,12680737
3562,12687844,12694969,3562,13307,3132,10175,9745,430,430,265,1780,82,3,12687847
3563,12694969,12702096,3563,13262,3117,10145,9699,446,446,256,1781,82,18,12694987
3564,12702096,12709225,3564,13249,3143,10106,9685,421,421,269,1781,82,7,12702103
3565,12709225,12716356,3565,13286,3107,10179,9721,458,458,264,1782,82,12,12709237
3566,12716356,12723489,3566,13309,3112,10197,9743,454,454,260,1782,82,3,12716359
3567,12723489,12730624,3567,13232,3142,10090,9665,425,425,264,1783,82,20,12723509
3568,12730624,12737761,3568,13289,3112,10177,9721,456,456,256,1783,82,7,12730631
3569,12737761,12744900,3569,13327,3121,10206,9758,448,448,268,1784,82,12,12737773
3570,12744900,12752041,3570,13300,3142,10158,9730,428,428,270,1784,83,29,12744929
3571,12752041,12759184,3571,13315,3132,10183,9744,439,439,273,1785,83,12,12752053
3572,12759184,12766329,3572,13268,3127,10141,9696,445,445,261,1785,83,25,12759209
3573,12766329,12773476,3573,13341,3132,10209,9768,441,441,262,1786,83,4,12766333
3574,12773476,12780625,3574,13283,3131,10152,9709,443,443,250,1786,83,37,12773513
3575,12780625,12787776,3575,13328,3148,10180,9753,427,427,275,1787,83,4,12780629
3576,12787776,12794929,3576,13321,3138,10183,9745,438,438,255,1787,83,5,12787781
3577,12794929,12802084,3577,13305,3135,10170,9728,442,442,254,1788,83,12,12794941
3578,12802084,12809241,3578,13355,3146,10209,9777,432,432,282,1788,83,7,12802091
3579,12809241,12816400,3579,13320,3142,10178,9741,437,437,270,1789,83,40,12809281
3580,12816400,12823561,3580,13380,3146,10234,9800,434,434,265,1789,83,9,12816409
3581,12823561,12830724,3581,13313,3128,10185,9732,453,453,256,1790,83,46,12823607
3582,12830724,12837889,3582,13396,3145,10251,9814,437,437,271,1790,83,5,12830729
3583,12837889,12845056,3583,13332,3153,10179,9749,430,430,262,1791,83,4,12837893
3584,12845056,12852225,3584,13364,3131,10233,9780,453,453,261,1791,83,13,12845069
3585,12852225,12859396,3585,13350,3151,10199,9765,434,434,270,1792,83,8,12852233
3586,12859396,12866569,3586,13369,3136,10233,9783,450,450,260,1792,83,15,12859411
3587,12866569,12873744,3587,13362,3141,10221,9775,446,446,249,1793,83,4,12866573
3588,12873744,12880921,3588,13392,3168,10224,9804,420,420,276,1793,83,37,12873781
3589,12880921,12888100,3589,13384,3173,10211,9795,416,416,277,1794,83,6,12880927
3590,12888100,12895281,3590,13350,3136,10214,9760,454,454,259,1794,83,21,12888121
3591,12895281,12902464,3591,13381,3175,10206,9790,416,416,284,1795,83,2,12895283
3592,12902464,12909649,3592,13404,3160,10244,9812,432,432,270,1795,83,25,12902489
3593,12909649,12916836,3593,13393,3165,10228,9800,428,428,263,1796,83,4,12909653
3594,12916836,12924025,3594,13402,3147,10255,9808,447,447,271,1796,83,7,12916843
3595,12924025,12931216,3595,13396,3165,10231,9801,430,430,261,1797,83,6,12924031
3596,12931216,12938409,3596,13415,3160,10255,9819,436,436,272,1797,83,7,12931223
3597,12938409,12945604,3597,13409,3172,10237,9812,425,425,262,1798,83,52,12938461
3598,12945604,12952801,3598,13429,3149,10280,9831,449,449,263,1798,83,3,12945607
3599,12952801,12960000,3599,13408,3163,10245,9809,436,436,266,1799,83,16,12952817
3600,12960000,12967201,3600,13424,3164,10260,9824,436,436,278,1799,83,19,12960019
3601,12967201,12974404,3601,13427,3165,10262,9826,436,436,261,1800,83,18,12967219
3602,12974404,12981609,3602,13441,3179,10262,9839,423,423,278,1800,83,7,12974411
3603,12981609,12988816,3603,13457,3180,10277,9854,423,423,259,1801,83,2,12981611
3604,12988816,12996025,3604,13423,3147,10276,9819,457,457,268,1801,83,3,12988819
3605,12996025,13003236,3605,13434,3152,10282,9829,453,453,262,1802,83,18,12996043
3606,13003236,13010449,3606,13421,3164,10257,9815,442,442,265,1802,83,11,13003247
3607,13010449,13017664,3607,13508,3161,10347,9901,446,446,274,1803,83,28,13010477
3608,13017664,13024881,3608,13449,3157,10292,9841,451,451,267,1803,83,7,13017671
3609,13024881,13032100,3609,13464,3190,10274,9855,419,419,259,1804,83,8,13024889
3610,13032100,13039321,3610,13453,3169,10284,9843,441,441,270,1804,83,33,13032133
3611,13039321,13046544,3611,13485,3179,10306,9874,432,432,276,1805,83,10,13039331
3612,13046544,13053769,3612,13486,3158,10328,9874,454,454,267,1805,83,37,13046581
3613,13053769,13060996,3613,13468,3197,10271,9855,416,416,286,1806,83,22,13053791
3614,13060996,13068225,3614,13484,3189,10295,9870,425,425,283,1806,83,7,13061003
3615,13068225,13075456,3615,13506,3171,10335,9891,444,444,270,1807,83,2,13068227
3616,13075456,13082689,3616,13478,3183,10295,9862,433,433,264,1807,83,31,13075487
3617,13082689,13089924,3617,13513,3181,10332,9896,436,436,275,1808,83,22,13082711
3618,13089924,13097161,3618,13465,3196,10269,9847,422,422,272,1808,83,17,13089941
3619,13097161,13104400,3619,13527,3172,10355,9908,447,447,255,1809,83,16,13097177
3620,13104400,13111641,3620,13520,3169,10351,9900,451,451,275,1809,83,37,13104437
3621,13111641,13118884,3621,13503,3201,10302,9882,420,420,284,1810,83,2,13111643
3622,13118884,13126129,3622,13542,3171,10371,9920,451,451,256,1810,83,3,13118887
3623,13126129,13133376,3623,13493,3173,10320,9870,450,450,282,1811,83,18,13126147
3624,13133376,13140625,3624,13548,3174,10374,9924,450,450,263,1811,83,1,13133377
3625,13140625,13147876,3625,13526,3187,10339,9901,438,438,279,1812,83,24,13140649
3626,13147876,13155129,3626,13518,3196,10322,9892,430,430,273,1812,83,73,13147949
3627,13155129,13162384,3627,13537,3188,10349,9910,439,439,265,1813,83,4,13155133
3628,13162384,13169641,3628,13544,3196,10348,9916,432,432,272,1813,83,9,13162393
3629,13169641,13176900,3629,13559,3174,10385,9930,455,455,261,1814,83,16,13169657
3630,13176900,13184161,3630,13523,3186,10337,9893,444,444,269,1814,83,29,13176929
3631,13184161,13191424,3631,13577,3179,10398,9946,452,452,270,1815,83,16,13184177
3632,13191424,13198689,3632,13559,3181,10378,9927,451,451,275,1815,83,25,13191449
3633,13198689,13205956,3633,13578,3184,10394,9945,449,449,261,1816,83,8,13198697
3634,13205956,13213225,3634,13567,3197,10370,9933,437,437,265,1816,83,25,13205981
3635,13213225,13220496,3635,13556,3191,10365,9921,444,444,252,1817,83,4,13213229
3636,13220496,13227769,3636,13572,3190,10382,9936,446,446,273,1817,83,25,13220521
3637,13227769,13235044,3637,13581,3193,10388,9944,444,444,264,1818,83,42,13227811
3638,13235044,13242321,3638,13605,3199,10406,9967,439,439,271,1818,83,19,13235063
3639,13242321,13249600,3639,13573,3190,10383,9934,449,449,274,1819,83,8,13242329
3640,13249600,13256881,3640,13605,3208,10397,9965,432,432,272,1819,83,9,13249609
3641,13256881,13264164,3641,13601,3212,10389,9960,429,429,282,1820,83,16,13256897
3642,13264164,13271449,3642,13637,3190,10447,9995,452,452,265,1820,83,7,13264171
3643,13271449,13278736,3643,13579,3193,10386,9936,450,450,277,1821,83,10,13271459
3644,13278736,13286025,3644,13628,3192,10436,9984,452,452,266,1821,83,1,13278737
3645,13286025,13293316,3645,13598,3228,10370,9953,417,417,277,1822,83,4,13286029
3646,13293316,13300609,3646,13614,3187,10427,9968,459,459,261,1822,83,25,13293341
3647,13300609,13307904,3647,13622,3195,10427,9975,452,452,256,1823,83,10,13300619
3648,13307904,13315201,3648,13621,3196,10425,9973,452,452,270,1823,83,23,13307927
3649,13315201,13322500,3649,13672,3194,10478,10023,455,455,263,1824,83,22,13315223
3650,13322500,13329801,3650,13602,3231,10371,9952,419,419,276,1824,83,1,13322501
3651,13329801,13337104,3651,13674,3189,10485,10023,462,462,277,1825,83,2,13329803
3652,13337104,13344409,3652,13629,3212,10417,9977,440,440,276,1825,83,9,13337113
3653,13344409,13351716,3653,13652,3214,10438,9999,439,439,282,1826,83,18,13344427
3654,13351716,13359025,3654,13653,3201,10452,9999,453,453,269,1826,83,17,13351733
3655,13359025,13366336,3655,13659,3200,10459,10004,455,455,268,1827,84,4,13359029
3656,13366336,13373649,3656,13650,3217,10433,9994,439,439,278,1827,84,51,13366387
3657,13373649,13380964,3657,13679,3197,10482,10022,460,460,274,1828,84,2,13373651
3658,13380964,13388281,3658,13670,3219,10451,10012,439,439,263,1828,84,3,13380967
3659,13388281,13395600,3659,13670,3218,10452,10011,441,441,287,1829,84,40,13388321
3660,13395600,13402921,3660,13673,3204,10469,10013,456,456,266,1829,84,1,13395601
3661,13402921,13410244,3661,13690,3233,10457,10029,428,428,266,1830,84,16,13402937
3662,13410244,13417569,3662,13666,3218,10448,10004,444,444,279,1830,84,3,13410247
3663,13417569,13424896,3663,13723,3220,10503,10060,443,443,266,1831,84,2,13417571
3664,13424896,13432225,3664,13684,3222,10462,10020,442,442,261,1831,84,3,13424899
3665,13432225,13439556,3665,13702,3196,10506,10037,469,469,274,1832,84,4,13432229
3666,13439556,13446889,3666,13684,3253,10431,10018,413,413,287,1832,84,77,13439633
3667,13446889,13454224,3667,13713,3225,10488,10046,442,442,274,1833,84,10,13446899
3668,13454224,13461561,3668,13726,3212,10514,10058,456,456,264,1833,84,13,13454237
3669,13461561,13468900,3669,13726,3238,10488,10057,431,431,273,1834,84,26,13461587
3670,13468900,13476241,3670,13722,3231,10491,10052,439,439,276,1834,84,1,13468901
3671,13476241,13483584,3671,13697,3220,10477,10026,451,451,275,1835,84,6,13476247
3672,13483584,13490929,3672,13755,3234,10521,10083,438,438,273,1835,84,23,13483607
3673,13490929,13498276,3673,13740,3215,10525,10067,458,458,271,1836,84,18,13490947
3674,13498276,13505625,3674,13719,3226,10493,10045,448,448,271,1836,84,3,13498279
3675,13505625,13512976,3675,13752,3241,10511,10077,434,434,276,1837,84,16,13505641
3676,13512976,13520329,3676,13736,3219,10517,10060,457,457,256,1837,84,3,13512979
3677,13520329,13527684,3677,13757,3237,10520,10080,440,440,269,1838,84,4,13520333
3678,13527684,13535041,3678,13753,3231,10522,10075,447,447,270,1838,84,7,13527691
3679,13535041,13542400,3679,13754,3232,10522,10075,447,447,276,1839,84,16,13535057
3680,13542400,13549761,3680,13787,3245,10542,10107,435,435,269,1839,84,13,13542413
3681,13549761,13557124,3681,13760,3234,10526,10079,447,447,280,1840,84,8,13549769
3682,13557124,13564489,3682,13797,3228,10569,10115,454,454,262,1840,84,25,13557149
3683,13564489,13571856,3683,13725,3231,10494,10042,452,452,280,1841,84,28,13564517
3684,13571856,13579225,3684,13785,3238,10547,10101,446,446,267,1841,84,11,13571867
3685,13579225,13586596,3685,13806,3237,10569,10121,448,448,282,1842,84,24,13579249
3686,13586596,13593969,3686,13784,3227,10557,10098,459,459,279,1842,84,1,13586597
3687,13593969,13601344,3687,13771,3247,10524,10084,440,440,269,1843,84,2,13593971
3688,13601344,13608721,3688,13796,3211,10585,10108,477,477,257,1843,84,19,13601363
3689,13608721,13616100,3689,13838,3236,10602,10149,453,453,272,1844,84,18,13608739
3690,13616100,13623481,3690,13800,3248,10552,10110,442,442,264,1844,84,7,13616107
3691,13623481,13630864,3691,13792,3241,10551,10101,450,450,281,1845,84,22,13623503
3692,13630864,13638249,3692,13832,3238,10594,10140,454,454,279,1845,84,3,13630867
3693,13638249,13645636,3693,13824,3244,10580,10131,449,449,273,1846,84,4,13638253
3694,13645636,13653025,3694,13825,3250,10575,10131,444,444,265,1846,84,55,13645691
3695,13653025,13660416,3695,13808,3226,10582,10113,469,469,269,1847,84,24,13653049
3696,13660416,13667809,3696,13845,3244,10601,10149,452,452,259,1847,84,25,13660441
3697,13667809,13675204,3697,13852,3236,10616,10155,461,461,260,1848,84,18,13667827
3698,13675204,13682601,3698,13808,3249,10559,10110,449,449,279,1848,84,13,13675217
3699,13682601,13690000,3699,13848,3237,10611,10149,462,462,265,1849,84,20,13682621
3700,13690000,13697401,3700,13872,3263,10609,10172,437,437,269,1849,84,31,13690031
3701,13697401,13704804,3701,13854,3250,10604,10153,451,451,285,1850,84,28,13697429
3702,13704804,13712209,3702,13855,3257,10598,10153,445,445,269,1850,84,25,13704829
3703,13712209,13719616,3703,13850,3241,10609,10147,462,462,272,1851,84,10,13712219
3704,13719616,13727025,3704,13865,3262,10603,10161,442,442,276,1851,84,15,13719631
3705,13727025,13734436,3705,13876,3257,10619,10171,448,448,277,1852,84,14,13727039
3706,13734436,13741849,3706,13835,3261,10574,10129,445,445,274,1852,84,7,13734443
3707,13741849,13749264,3707,13901,3255,10646,10194,452,452,275,1853,84,10,13741859
3708,13749264,13756681,3708,13858,3226,10632,10150,482,482,253,1853,84,19,13749283
3709,13756681,13764100,3709,13919,3289,10630,10210,420,420,285,1854,84,16,13756697
3710,13764100,13771521,3710,13872,3261,10611,10162,449,449,266,1854,84,9,13764109
3711,13771521,13778944,3711,13941,3276,10665,10230,435,435,273,1855,84,32,13771553
3712,13778944,13786369,3712,13864,3232,10632,10152,480,480,250,1855,84,7,13778951
3713,13786369,13793796,3713,13935,3237,10698,10222,476,476,280,1856,84,10,13786379
3714,13793796,13801225,3714,13892,3284,10608,10178,430,430,291,1856,84,7,13793803
3715,13801225,13808656,3715,13905,3258,10647,10190,457,457,273,1857,84,36,13801261
3716,13808656,13816089,3716,13918,3264,10654,10202,452,452,263,1857,84,1,13808657
3717,13816089,13823524,3717,13888,3261,10627,10171,456,456,286,1858,84,74,13816163
3718,13823524,13830961,3718,13940,3267,10673,10222,451,451,258,1858,84,7,13823531
3719,13830961,13838400,3719,13930,3289,10641,10211,430,430,293,1859,84,22,13830983
3720,13838400,13845841,3720,13952,3240,10712,10232,480,480,263,1859,84,13,13838413
3721,13845841,13853284,3721,13921,3254,10667,10200,467,467,272,1860,84,16,13845857
3722,13853284,13860729,3722,13950,3276,10674,10228,446,446,273,1860,84,9,13853293
3723,13860729,13868176,3723,13959,3280,10679,10236,443,443,281,1861,84,2,13860731
3724,13868176,13875625,3724,13933,3255,10678,10209,469,469,265,1861,84,13,13868189
3725,13875625,13883076,3725,13958,3271,10687,10233,454,454,269,1862,84,12,13875637
3726,13883076,13890529,3726,13981,3262,10719,10255,464,464,268,1862,84,43,13883119
3727,13890529,13897984,3727,13952,3270,10682,10225,457,457,276,1863,84,24,13890553
3728,13897984,13905441,3728,13979,3258,10721,10251,470,470,268,1863,84,13,13897997
3729,13905441,13912900,3729,13945,3272,10673,10216,457,457,275,1864,84,20,13905461
3730,13912900,13920361,3730,13985,3264,10721,10255,466,466,280,1864,84,1,13912901
3731,13920361,13927824,3731,14006,3283,10723,10275,448,448,273,1865,84,6,13920367
3732,13927824,13935289,3732,13970,3286,10684,10238,446,446,279,1865,84,17,13927841
3733,13935289,13942756,3733,13980,3282,10698,10247,451,451,275,1866,84,4,13935293
3734,13942756,13950225,3734,13964,3286,10678,10230,448,448,277,1866,84,1,13942757
3735,13950225,13957696,3735,14024,3302,10722,10289,433,433,281,1867,84,4,13950229
3736,13957696,13965169,3736,13994,3288,10706,10258,448,448,282,1867,84,7,13957703
3737,13965169,13972644,3737,13995,3286,10709,10258,451,451,277,1868,84,10,13965179
3738,13972644,13980121,3738,14039,3298,10741,10301,440,440,279,1868,84,25,13972669
3739,13980121,13987600,3739,13980,3285,10695,10241,454,454,272,1869,84,28,13980149
3740,13987600,13995081,3740,14050,3312,10738,10310,428,428,281,1869,84,13,13987613
3741,13995081,14002564,3741,14007,3281,10726,10266,460,460,276,1870,85,8,13995089
3742,14002564,14010049,3742,14007,3281,10726,10265,461,461,272,1870,85,15,14002579
3743,14010049,14017536,3743,14060,3303,10757,10317,440,440,282,1871,85,22,14010071
3744,14017536,14025025,3744,14030,3279,10751,10286,465,465,285,1871,85,5,14017541
3745,14025025,14032516,3745,14078,3275,10803,10333,470,470,278,1872,85,22,14025047
3746,14032516,14040009,3746,13973,3308,10665,10227,438,438,283,1872,85,1,14032517
3747,14040009,14047504,3747,14085,3289,10796,10338,458,458,277,1873,85,14,14040023
3748,14047504,14055001,3748,14030,3303,10727,10282,445,445,280,1873,85,15,14047519
3749,14055001,14062500,3749,14083,3287,10796,10334,462,462,279,1874,85,6,14055007
3750,14062500,14070001,3750,14033,3318,10715,10283,432,432,279,1874,85,7,14062507
3751,14070001,14077504,3751,14080,3282,10798,10329,469,469,267,1875,85,18,14070019
3752,14077504,14085009,3752,14072,3272,10800,10320,480,480,274,1875,85,3,14077507
3753,14085009,14092516,3753,14091,3302,10789,10338,451,451,281,1876,85,4,14085013
3754,14092516,14100025,3754,14076,3305,10771,10322,449,449,280,1876,85,1,14092517
3755,14100025,14107536,3755,14061,3300,10761,10306,455,455,274,1877,85,16,14100041
3756,14107536,14115049,3756,14082,3276,10806,10326,480,480,250,1877,85,1,14107537
3757,14115049,14122564,3757,14119,3306,10813,10362,451,451,293,1878,85,18,14115067
3758,14122564,14130081,3758,14053,3293,10760,10295,465,465,270,1878,85,15,14122579
3759,14130081,14137600,3759,14098,3310,10788,10339,449,449,288,1879,85,16,14130097
3760,14137600,14145121,3760,14147,3296,10851,10387,464,464,274,1879,85,21,14137621
3761,14145121,14152644,3761,14096,3313,10783,10335,448,448,278,1880,85,60,14145181
3762,14152644,14160169,3762,14125,3301,10824,10363,461,461,280,1880,85,7,14152651
3763,14160169,14167696,3763,14097,3313,10784,10334,450,450,278,1881,85,22,14160191
3764,14167696,14175225,3764,14143,3308,10835,10379,456,456,287,1881,85,1,14167697
3765,14175225,14182756,3765,14093,3319,10774,10328,446,446,275,1882,85,8,14175233
3766,14182756,14190289,3766,14116,3314,10802,10350,452,452,279,1882,85,15,14182771
3767,14190289,14197824,3767,14163,3330,10833,10396,437,437,274,1883,85,10,14190299
3768,14197824,14205361,3768,14138,3319,10819,10370,449,449,285,1883,85,13,14197837
3769,14205361,14212900,3769,14153,3306,10847,10384,463,463,275,1884,85,16,14205377
3770,14212900,14220441,3770,14131,3299,10832,10361,471,471,273,1884,85,3,14212903
3771,14220441,14227984,3771,14157,3324,10833,10386,447,447,269,1885,85,92,14220533
3772,14227984,14235529,3772,14165,3306,10859,10393,466,466,282,1885,85,7,14227991
3773,14235529,14243076,3773,14133,3311,10822,10360,462,462,277,1886,85,10,14235539
3774,14243076,14250625,3774,14189,3312,10877,10415,462,462,261,1886,85,1,14243077
3775,14250625,14258176,3775,14148,3314,10834,10373,461,461,296,1887,85,22,14250647
3776,14258176,14265729,3776,14197,3310,10887,10421,466,466,272,1887,85,1,14258177
3777,14265729,14273284,3777,14143,3334,10809,10366,443,443,265,1888,85,2,14265731
3778,14273284,14280841,3778,14194,3292,10902,10416,486,486,274,1888,85,9,14273293
3779,14280841,14288400,3779,14191,3317,10874,10412,462,462,283,1889,85,42,14280883
3780,14288400,14295961,3780,14180,3328,10852,10400,452,452,284,1889,85,41,14288441
3781,14295961,14303524,3781,14213,3333,10880,10432,448,448,282,1890,85,12,14295973
3782,14303524,14311089,3782,14189,3319,10870,10407,463,463,279,1890,85,9,14303533
3783,14311089,14318656,3783,14179,3303,10876,10396,480,480,273,1891,85,8,14311097
3784,14318656,14326225,3784,14239,3353,10886,10455,431,431,293,1891,85,1,14318657
3785,14326225,14333796,3785,14176,3313,10863,10391,472,472,279,1892,85,6,14326231
3786,14333796,14341369,3786,14251,3323,10928,10465,463,463,277,1892,85,25,14333821
3787,14341369,14348944,3787,14218,3333,10885,10431,454,454,275,1893,85,4,14341373
3788,14348944,14356521,3788,14199,3280,10919,10411,508,508,260,1893,85,7,14348951
3789,14356521,14364100,3789,14246,3330,10916,10457,459,459,275,1894,85,2,14356523
3790,14364100,14371681,3790,14196,3338,10858,10406,452,452,285,1894,85,1,14364101
3791,14371681,14379264,3791,14273,3320,10953,10482,471,471,270,1895,85,10,14371691
3792,14379264,14386849,3792,14249,3314,10935,10457,478,478,277,1895,85,19,14379283
3793,14386849,14394436,3793,14267,3327,10940,10474,466,466,277,1896,85,24,14386873
3794,14394436,14402025,3794,14208,3330,10878,10414,464,464,280,1896,85,1,14394437
3795,14402025,14409616,3795,14235,3346,10889,10440,449,449,294,1897,85,2,14402027
3796,14409616,14417209,3796,14258,3336,10922,10462,460,460,274,1897,85,27,14409643
3797,14417209,14424804,3797,14250,3344,10906,10453,453,453,296,1898,85,4,14417213
3798,14424804,14432401,3798,14285,3335,10950,10487,463,463,273,1898,85,7,14424811
3799,14432401,14440000,3799,14261,3348,10913,10462,451,451,287,1899,85,12,14432413
3800,14440000,14447601,3800,14270,3337,10933,10470,463,463,269,1899,85,1,14440001
3801,14447601,14455204,3801,14287,3339,10948,10486,462,462,265,1900,85,16,14447617
3802,14455204,14462809,3802,14277,3331,10946,10475,471,471,287,1900,85,7,14455211
3803,14462809,14470416,3803,14298,3359,10939,10495,444,444,282,1901,85,4,14462813
3804,14470416,14478025,3804,14266,3341,10925,10462,463,463,282,1901,85,13,14470429
3805,14478025,14485636,3805,14354,3330,11024,10549,475,475,269,1902,85,4,14478029
3806,14485636,14493249,3806,14254,3350,10904,10448,456,456,288,1902,85,1,14485637
3807,14493249,14500864,3807,14297,3366,10931,10490,441,441,301,1903,85,2,14493251
3808,14500864,14508481,3808,14304,3351,10953,10496,457,457,277,1903,85,3,14500867
3809,14508481,14516100,3809,14350,3351,10999,10541,458,458,287,1904,85,22,14508503
3810,14516100,14523721,3810,14293,3351,10942,10483,459,459,277,1904,85,7,14516107
3811,14523721,14531344,3811,14321,3336,10985,10510,475,475,267,1905,85,16,14523737
3812,14531344,14538969,3812,14338,3353,10985,10526,459,459,285,1905,85,7,14531351
3813,14538969,14546596,3813,14307,3347,10960,10494,466,466,276,1906,85,20,14538989
3814,14546596,14554225,3814,14311,3359,10952,10497,455,455,280,1906,85,21,14546617
3815,14554225,14561856,3815,14359,3345,11014,10544,470,470,261,1907,85,12,14554237
3816,14561856,14569489,3816,14336,3360,10976,10520,456,456,280,1907,85,7,14561863
3817,14569489,14577124,3817,14368,3342,11026,10551,475,475,279,1908,85,12,14569501
3818,14577124,14584761,3818,14331,3336,10995,10513,482,482,288,1908,85,3,14577127
3819,14584761,14592400,3819,14356,3362,10994,10537,457,457,280,1909,85,2,14584763
3820,14592400,14600041,3820,14377,3348,11029,10557,472,472,276,1909,85,7,14592407
3821,14600041,14607684,3821,14361,3367,10994,10540,454,454,275,1910,85,10,14600051
3822,14607684,14615329,3822,14372,3376,10996,10550,446,446,284,1910,85,5,14607689
3823,14615329,14622976,3823,14367,3377,10990,10544,446,446,288,1911,85,18,14615347
3824,14622976,14630625,3824,14361,3360,11001,10537,464,464,286,1911,85,21,14622997
3825,14630625,14638276,3825,14393,3364,11029,10568,461,461,280,1912,85,8,14630633
3826,14638276,14645929,3826,14332,3366,10966,10506,460,460,275,1912,85,1,14638277
3827,14645929,14653584,3827,14418,3369,11049,10591,458,458,284,1913,85,82,14646011
3828,14653584,14661241,3828,14374,3375,10999,10546,453,453,266,1913,86,5,14653589
3829,14661241,14668900,3829,14440,3352,11088,10611,477,477,275,1914,86,12,14661253
3830,14668900,14676561,3830,14364,3365,10999,10534,465,465,277,1914,86,33,14668933
3831,14676561,14684224,3831,14412,3337,11075,10581,494,494,266,1915,86,22,14676583
3832,14684224,14691889,3832,14413,3379,11034,10581,453,453,291,1915,86,7,14684231
3833,14691889,14699556,3833,14429,3385,11044,10596,448,448,292,1916,86,42,14691931
3834,14699556,14707225,3834,14433,3363,11070,10599,471,471,285,1916,86,5,14699561
3835,14707225,14714896,3835,14410,3368,11042,10575,467,467,279,1917,86,4,14707229
3836,14714896,14722569,3836,14410,3373,11037,10574,463,463,283,1917,86,27,14714923
3837,14722569,14730244,3837,14433,3361,11072,10596,476,476,271,1918,86,4,14722573
3838,14730244,14737921,3838,14429,3375,11054,10591,463,463,286,1918,86,7,14730251
3839,14737921,14745600,3839,14445,3378,11067,10606,461,461,284,1919,86,16,14737937
3840,14745600,14753281,3840,14465,3371,11094,10625,469,469,287,1919,86,17,14745617
3841,14753281,14760964,3841,14438,3370,11068,10597,471,471,266,1920,86,6,14753287
3842,14760964,14768649,3842,14441,3374,11067,10599,468,468,286,1920,86,9,14760973
3843,14768649,14776336,3843,14478,3344,11134,10635,499,499,265,1921,86,4,14768653
3844,14776336,14784025,3844,14437,3388,11049,10593,456,456,286,1921,86,3,14776339
3845,14784025,14791716,3845,14434,3370,11064,10589,475,475,289,1922,86,6,14784031
3846,14791716,14799409,3846,14487,3396,11091,10641,450,450,294,1922,86,13,14791729
3847,14799409,14807104,3847,14516,3366,11150,10669,481,481,269,1923,86,42,14799451
3848,14807104,14814801,3848,14456,3398,11058,10608,450,450,298,1923,86,9,14807113
3849,14814801,14822500,3849,14495,3385,11110,10646,464,464,282,1924,86,8,14814809
3850,14822500,14830201,3850,14483,3381,11102,10633,469,469,275,1924,86,1,14822501
3851,14830201,14837904,3851,14506,3385,11121,10655,466,466,277,1925,86,18,14830219
3852,14837904,14845609,3852,14482,3350,11132,10630,502,502,271,1925,86,5,14837909
3853,14845609,14853316,3853,14497,3419,11078,10644,434,434,296,1926,86,4,14845613
3854,14853316,14861025,3854,14539,3384,11155,10685,470,470,283,1926,86,7,14853323
3855,14861025,14868736,3855,14497,3396,11101,10642,459,459,288,1927,86,4,14861029
3856,14868736,14876449,3856,14487,3385,11102,10631,471,471,290,1927,86,3,14868739
3857,14876449,14884164,3857,14523,3413,11110,10666,444,444,294,1928,86,4,14876453
3858,14884164,14891881,3858,14546,3387,11159,10688,471,471,277,1928,86,7,14884171
3859,14891881,14899600,3859,14479,3389,11090,10620,470,470,272,1929,86,28,14891909
3860,14899600,14907321,3860,14549,3407,11142,10689,453,453,292,1929,86,3,14899603
3861,14907321,14915044,3861,14502,3395,11107,10641,466,466,282,1930,86,2,14907323
3862,14915044,14922769,3862,14542,3393,11149,10680,469,469,277,1930,86,49,14915093
3863,14922769,14930496,3863,14563,3405,11158,10700,458,458,290,1931,86,4,14922773
3864,14930496,14938225,3864,14538,3403,11135,10674,461,461,276,1931,86,11,14930507
3865,14938225,14945956,3865,14567,3380,11187,10702,485,485,273,1932,86,42,14938267
3866,14945956,14953689,3866,14542,3372,11170,10676,494,494,290,1932,86,13,14945969
3867,14953689,14961424,3867,14578,3440,11138,10711,427,427,293,1933,86,10,14953699
3868,14961424,14969161,3868,14543,3414,11129,10675,454,454,287,1933,86,43,14961467
3869,14969161,14976900,3869,14573,3401,11172,10704,468,468,291,1934,86,6,14969167
3870,14976900,14984641,3870,14559,3406,11153,10689,464,464,283,1934,86,1,14976901
3871,14984641,14992384,3871,14583,3397,11186,10712,474,474,286,1935,86,6,14984647
3872,14992384,15000129,3872,14616,3406,11210,10744,466,466,286,1935,86,25,14992409
3873,15000129,15007876,3873,14558,3401,11157,10685,472,472,279,1936,86,2,15000131
3874,15007876,15015625,3874,14584,3421,11163,10710,453,453,282,1936,86,25,15007901
3875,15015625,15023376,3875,14593,3395,11198,10718,480,480,292,1937,86,22,15015647
3876,15023376,15031129,3876,14607,3392,11215,10731,484,484,288,1937,86,13,15023389
3877,15031129,15038884,3877,14601,3415,11186,10724,462,462,287,1938,86,22,15031151
3878,15038884,15046641,3878,14598,3402,11196,10720,476,476,280,1938,86,9,15038893
3879,15046641,15054400,3879,14598,3403,11195,10719,476,476,275,1939,86,2,15046643
3880,15054400,15062161,3880,14644,3422,11222,10764,458,458,286,1939,86,19,15054419
3881,15062161,15069924,3881,14605,3407,11198,10724,474,474,281,1940,86,6,15062167
3882,15069924,15077689,3882,14614,3417,11197,10732,465,465,283,1940,86,7,15069931
3883,15077689,15085456,3883,14690,3427,11263,10807,456,456,299,1941,86,12,15077701
3884,15085456,15093225,3884,14574,3404,11170,10690,480,480,283,1941,86,1,15085457
3885,15093225,15100996,3885,14653,3411,11242,10768,474,474,274,1942,86,8,15093233
3886,15100996,15108769,3886,14598,3431,11167,10712,455,455,285,1942,86,31,15101027
3887,15108769,15116544,3887,14666,3412,11254,10779,475,475,285,1943,86,22,15108791
3888,15116544,15124321,3888,14644,3417,11227,10756,471,471,289,1943,86,7,15116551
3889,15124321,15132100,3889,14657,3425,11232,10768,464,464,284,1944,86,6,15124327
3890,15132100,15139881,3890,14671,3413,11258,10781,477,477,278,1944,86,1,15132101
3891,15139881,15147664,3891,14656,3434,11222,10765,457,457,284,1945,86,40,15139921
3892,15147664,15155449,3892,14675,3426,11249,10783,466,466,292,1945,86,3,15147667
3893,15155449,15163236,3893,14639,3409,11230,10746,484,484,288,1946,86,12,15155461
3894,15163236,15171025,3894,14706,3392,11314,10812,502,502,269,1946,86,1,15163237
3895,15171025,15178816,3895,14673,3437,11236,10778,458,458,298,1947,86,52,15171077
3896,15178816,15186609,3896,14671,3443,11228,10775,453,453,299,1947,86,15,15178831
3897,15186609,15194404,3897,14690,3434,11256,10793,463,463,294,1948,86,14,15186623
3898,15194404,15202201,3898,14690,3444,11246,10792,454,454,286,1948,86,15,15194419
3899,15202201,15210000,3899,14693,3423,11270,10794,476,476,292,1949,86,10,15202211
3900,15210000,15217801,3900,14687,3426,11261,10787,474,474,278,1949,86,1,15210001
3901,15217801,15225604,3901,14729,3440,11289,10828,461,461,272,1950,86,18,15217819
3902,15225604,15233409,3902,14707,3412,11295,10805,490,490,281,1950,86,3,15225607
3903,15233409,15241216,3903,14728,3432,11296,10825,471,471,284,1951,86,14,15233423
3904,15241216,15249025,3904,14702,3421,11281,10798,483,483,281,1951,86,7,15241223
3905,15249025,15256836,3905,14712,3434,11278,10807,471,471,287,1952,86,4,15249029
3906,15256836,15264649,3906,14749,3420,11329,10843,486,486,287,1952,86,13,15256849
3907,15264649,15272464,3907,14703,3430,11273,10796,477,477,284,1953,86,10,15264659
3908,15272464,15280281,3908,14726,3430,11296,10818,478,478,279,1953,86,7,15272471
3909,15280281,15288100,3909,14794,3436,11358,10885,473,473,287,1954,86,8,15280289
3910,15288100,15295921,3910,14709,3442,11267,10799,468,468,284,1954,86,1,15288101
3911,15295921,15303744,3911,14763,3435,11328,10852,476,476,291,1955,86,18,15295939
3912,15303744,15311569,3912,14718,3451,11267,10806,461,461,290,1955,86,5,15303749
3913,15311569,15319396,3913,14800,3422,11378,10887,491,491,263,1956,86,10,15311579
3914,15319396,15327225,3914,14733,3446,11287,10819,468,468,286,1956,86,3,15319399
3915,15327225,15335056,3915,14736,3459,11277,10821,456,456,274,1957,86,2,15327227
3916,15335056,15342889,3916,14775,3440,11335,10859,476,476,288,1957,87,3,15335059
3917,15342889,15350724,3917,14754,3436,11318,10837,481,481,297,1958,87,4,15342893
3918,15350724,15358561,3918,14813,3437,11376,10895,481,481,291,1958,87,23,15350747
3919,15358561,15366400,3919,14786,3444,11342,10867,475,475,276,1959,87,30,15358591
3920,15366400,15374241,3920,14782,3465,11317,10862,455,455,298,1959,87,57,15366457
3921,15374241,15382084,3921,14781,3469,11312,10860,452,452,287,1960,87,56,15374297
3922,15382084,15389929,3922,14825,3447,11378,10903,475,475,297,1960,87,7,15382091
3923,15389929,15397776,3923,14795,3464,11331,10872,459,459,290,1961,87,10,15389939
3924,15397776,15405625,3924,14769,3461,11308,10845,463,463,296,1961,87,1,15397777
3925,15405625,15413476,3925,14852,3458,11394,10927,467,467,293,1962,87,34,15405659
3926,15413476,15421329,3926,14778,3436,11342,10852,490,490,279,1962,87,31,15413507
3927,15421329,15429184,3927,14777,3470,11307,10850,457,457,296,1963,87,4,15421333
3928,15429184,15437041,3928,14831,3466,11365,10903,462,462,287,1963,87,3,15429187
3929,15437041,15444900,3929,14850,3449,11401,10921,480,480,283,1964,87,12,15437053
3930,15444900,15452761,3930,14805,3471,11334,10875,459,459,294,1964,87,31,15444931
3931,15452761,15460624,3931,14842,3446,11396,10911,485,485,275,1965,87,10,15452771
3932,15460624,15468489,3932,14834,3455,11379,10902,477,477,286,1965,87,7,15460631
3933,15468489,15476356,3933,14837,3451,11386,10904,482,482,283,1966,87,40,15468529
3934,15476356,15484225,3934,14851,3471,11380,10917,463,463,299,1966,87,33,15476389
3935,15484225,15492096,3935,14851,3453,11398,10916,482,482,280,1967,87,18,15484243
3936,15492096,15499969,3936,14864,3456,11408,10928,480,480,269,1967,87,5,15492101
3937,15499969,15507844,3937,14818,3447,11371,10881,490,490,278,1968,87,18,15499987
3938,15507844,15515721,3938,14901,3447,11454,10963,491,491,288,1968,87,39,15507883
3939,15515721,15523600,3939,14833,3459,11374,10894,480,480,271,1969,87,20,15515741
3940,15523600,15531481,3940,14915,3464,11451,10975,476,476,305,1969,87,19,15523619
3941,15531481,15539364,3941,14830,3450,11380,10889,491,491,288,1970,87,6,15531487
3942,15539364,15547249,3942,14903,3475,11428,10961,467,467,284,1970,87,35,15539399
3943,15547249,15555136,3943,14874,3460,11414,10931,483,483,278,1971,87,12,15547261
3944,15555136,15563025,3944,14893,3447,11446,10949,497,497,280,1971,87,3,15555139
3945,15563025,15570916,3945,14884,3469,11415,10939,476,476,294,1972,87,4,15563029
3946,15570916,15578809,3946,14917,3477,11440,10971,469,469,284,1972,87,1,15570917
3947,15578809,15586704,3947,14893,3476,11417,10946,471,471,291,1973,87,10,15578819
3948,15586704,15594601,3948,14929,3444,11485,10981,504,504,278,1973,87,19,15586723
3949,15594601,15602500,3949,14857,3486,11371,10908,463,463,300,1974,87,16,15594617
3950,15602500,15610401,3950,14950,3464,11486,11000,486,486,293,1974,87,13,15602513
3951,15610401,15618304,3951,14921,3469,11452,10970,482,482,264,1975,87,16,15610417
3952,15618304,15626209,3952,14914,3491,11423,10962,461,461,291,1975,87,3,15618307
3953,15626209,15634116,3953,14930,3462,11468,10977,491,491,288,1976,87,40,15626249
3954,15634116,15642025,3954,14931,3483,11448,10977,471,471,293,1976,87,23,15634139
3955,15642025,15649936,3955,14933,3481,11452,10978,474,474,283,1977,87,6,15642031
3956,15649936,15657849,3956,14943,3472,11471,10987,484,484,293,1977,87,15,15649951
3957,15657849,15665764,3957,14921,3465,11456,10964,492,492,282,1978,87,8,15657857
3958,15665764,15673681,3958,14955,3483,11472,10997,475,475,308,1978,87,9,15665773
3959,15673681,15681600,3959,14961,3487,11474,11002,472,472,293,1979,87,22,15673703
3960,15681600,15689521,3960,14940,3483,11457,10980,477,477,294,1979,87,23,15681623
3961,15689521,15697444,3961,15001,3491,11510,11040,470,470,302,1980,87,12,15689533
3962,15697444,15705369,3962,14933,3479,11454,10971,483,483,283,1980,87,9,15697453
3963,15705369,15713296,3963,15009,3477,11532,11046,486,486,292,1981,87,14,15705383
3964,15713296,15721225,3964,14956,3487,11469,10992,477,477,283,1981,87,7,15713303
3965,15721225,15729156,3965,14980,3503,11477,11015,462,462,295,1982,87,16,15721241
3966,15729156,15737089,3966,14995,3485,11510,11029,481,481,277,1982,87,1,15729157
3967,15737089,15745024,3967,15012,3481,11531,11045,486,486,282,1983,87,12,15737101
3968,15745024,15752961,3968,14899,3494,11405,10931,474,474,296,1983,87,3,15745027
3969,15752961,15760900,3969,15048,3491,11557,11079,478,478,293,1984,87,2,15752963
3970,15760900,15768841,3970,14992,3485,11507,11022,485,485,288,1984,87,7,15760907
3971,15768841,15776784,3971,15022,3508,11514,11051,463,463,305,1985,87,72,15768913
3972,15776784,15784729,3972,14973,3485,11488,11001,487,487,284,1985,87,25,15776809
3973,15784729,15792676,3973,15038,3516,11522,11065,457,457,296,1986,87,22,15784751
3974,15792676,15800625,3974,14982,3500,11482,11008,474,474,292,1986,87,25,15792701
3975,15800625,15808576,3975,15019,3492,11527,11044,483,483,281,1987,87,14,15800639
3976,15808576,15816529,3976,15050,3501,11549,11074,475,475,295,1987,87,25,15808601
3977,15816529,15824484,3977,15001,3500,11501,11024,477,477,296,1988,87,4,15816533
3978,15824484,15832441,3978,15042,3489,11553,11064,489,489,292,1988,87,7,15824491
3979,15832441,15840400,3979,15045,3492,11553,11066,487,487,278,1989,87,6,15832447
3980,15840400,15848361,3980,15040,3494,11546,11060,486,486,295,1989,87,49,15840449
3981,15848361,15856324,3981,15046,3469,11577,11065,512,512,269,1990,87,16,15848377
3982,15856324,15864289,3982,15058,3491,11567,11076,491,491,280,1990,87,43,15856367
3983,15864289,15872256,3983,15051,3505,11546,11068,478,478,280,1991,87,4,15864293
3984,15872256,15880225,3984,15077,3488,11589,11093,496,496,287,1991,87,1,15872257
3985,15880225,15888196,3985,15024,3506,11518,11039,479,479,305,1992,87,22,15880247
3986,15888196,15896169,3986,15078,3528,11550,11092,458,458,292,1992,87,7,15888203
3987,15896169,15904144,3987,15103,3502,11601,11116,485,485,292,1993,87,2,15896171
3988,15904144,15912121,3988,15062,3514,11548,11074,474,474,296,1993,87,9,15904153
3989,15912121,15920100,3989,15091,3511,11580,11102,478,478,289,1994,87,10,15912131
3990,15920100,15928081,3990,15072,3488,11584,11082,502,502,279,1994,87,23,15920123
3991,15928081,15936064,3991,15106,3501,11605,11115,490,490,285,1995,87,10,15928091
3992,15936064,15944049,3992,15091,3526,11565,11099,466,466,301,1995,87,39,15936103
3993,15944049,15952036,3993,15072,3525,11547,11079,468,468,297,1996,87,4,15944053
3994,15952036,15960025,3994,15132,3514,11618,11138,480,480,290,1996,87,1,15952037
3995,15960025,15968016,3995,15103,3500,11603,11108,495,495,283,1997,87,22,15960047
3996,15968016,15976009,3996,15124,3513,11611,11128,483,483,301,1997,87,5,15968021
3997,15976009,15984004,3997,15069,3522,11547,11072,475,475,288,1998,87,18,15976027
3998,15984004,15992001,3998,15147,3511,11636,11149,487,487,281,1998,87,15,15984019
3999,15992001,16000000,3999,15124,3509,11615,11125,490,490,286,1999,87,16,15992017
4000,16000000,16008001,4000,15107,3535,11572,11107,465,465,291,1999,87,57,16000057
4001,16008001,16016004,4001,15141,3528,11613,11140,473,473,297,2000,87,10,16008011
4002,16016004,16024009,4002,15144,3511,11633,11142,491,491,279,2000,87,5,16016009
4003,16024009,16032016,4003,15176,3507,11669,11173,496,496,285,2001,87,18,16024027
4004,16032016,16040025,4004,15103,3540,11563,11099,464,464,287,2001,87,3,16032019
4005,16040025,16048036,4005,15122,3524,11598,11117,481,481,284,2002,88,28,16040053
4006,16048036,16056049,4006,15179,3548,11631,11173,458,458,321,2002,88,1,16048037
4007,16056049,16064064,4007,15174,3533,11641,11167,474,474,296,2003,88,18,16056067
4008,16064064,16072081,4008,15133,3500,11633,11125,508,508,274,2003,88,7,16064071
4009,16072081,16080100,4009,15147,3508,11639,11138,501,501,279,2004,88,12,16072093
4010,16080100,16088121,4010,15195,3538,11657,11185,472,472,296,2004,88,39,16080139
4011,16088121,16096144,4011,15207,3540,11667,11196,471,471,299,2005,88,10,16088131
4012,16096144,16104169,4012,15146,3522,11624,11134,490,490,298,2005,88,43,16096187
4013,16104169,16112196,4013,15195,3541,11654,11182,472,472,298,2006,88,28,16104197
4014,16112196,16120225,4014,15195,3530,11665,11181,484,484,289,2006,88,7,16112203
4015,16120225,16128256,4015,15216,3521,11695,11201,494,494,300,2007,88,4,16120229
4016,16128256,16136289,4016,15172,3540,11632,11156,476,476,284,2007,88,61,16128317
4017,16136289,16144324,4017,15162,3514,11648,11145,503,503,277,2008,88,8,16136297
4018,16144324,16152361,4018,15235,3552,11683,11217,466,466,312,2008,88,3,16144327
4019,16152361,16160400,4019,15220,3549,11671,11201,470,470,290,2009,88,18,16152379
4020,16160400,16168441,4020,15199,3541,11658,11179,479,479,297,2009,88,47,16160447
4021,16168441,16176484,4021,15231,3545,11686,11210,476,476,296,2010,88,6,16168447
4022,16176484,16184529,4022,15220,3543,11677,11198,479,479,302,2010,88,3,16176487
4023,16184529,16192576,4023,15237,3536,11701,11214,487,487,289,2011,88,4,16184533
4024,16192576,16200625,4024,15194,3533,11661,11170,491,491,283,2011,88,1,16192577
4025,16200625,16208676,4025,15248,3521,11727,11223,504,504,284,2012,88,4,16200629
4026,16208676,16216729,4026,15246,3530,11716,11220,496,496,290,2012,88,1,16208677
4027,16216729,16224784,4027,15236,3546,11690,11209,481,481,296,2013,88,12,16216741
4028,16224784,16232841,4028,15230,3549,11681,11202,479,479,288,2013,88,13,16224797
4029,16232841,16240900,4029,15273,3526,11747,11244,503,503,290,2014,88,28,16232869
4030,16240900,16248961,4030,15257,3553,11704,11227,477,477,292,2014,88,7,16240907
4031,16248961,16257024,4031,15241,3547,11694,11210,484,484,290,2015,88,16,16248977
4032,16257024,16265089,4032,15293,3538,11755,11261,494,494,297,2015,88,5,16257029
4033,16265089,16273156,4033,15256,3538,11718,11223,495,495,284,2016,88,24,16265113
4034,16273156,16281225,4034,15269,3564,11705,11235,470,470,305,2016,88,1,16273157
4035,16281225,16289296,4035,15285,3544,11741,11250,491,491,296,2017,88,22,16281247
4036,16289296,16297369,4036,15286,3540,11746,11250,496,496,288,2017,88,13,16289309
4037,16297369,16305444,4037,15267,3544,11723,11230,493,493,291,2018,88,30,16297399
4038,16305444,16313521,4038,15296,3553,11743,11258,485,485,295,2018,88,5,16305449
4039,16313521,16321600,4039,15273,3576,11697,11234,463,463,295,2019,88,6,16313527
4040,16321600,16329681,4040,15325,3570,11755,11285,470,470,312,2019,88,19,16321619
4041,16329681,16337764,4041,15307,3560,11747,11266,481,481,301,2020,88,8,16329689
4042,16337764,16345849,4042,15307,3571,11736,11265,471,471,302,2020,88,3,16337767
4043,16345849,16353936,4043,15313,3546,11767,11270,497,497,284,2021,88,4,16345853
4044,16353936,16362025,4044,15312,3577,11735,11268,467,467,280,2021,88,23,16353959
4045,16362025,16370116,4045,15337,3554,11783,11292,491,491,293,2022,88,18,16362043
4046,16370116,16378209,4046,15294,3557,11737,11248,489,489,293,2022,88,1,16370117
4047,16378209,16386304,4047,15365,3557,11808,11318,490,490,289,2023,88,28,16378237
4048,16386304,16394401,4048,15303,3561,11742,11255,487,487,292,2023,88,15,16386319
4049,16394401,16402500,4049,15335,3557,11778,11286,492,492,295,2024,88,18,16394419
4050,16402500,16410601,4050,15353,3573,11780,11303,477,477,310,2024,88,13,16402513
4051,16410601,16418704,4051,15366,3559,11807,11315,492,492,297,2025,88,28,16410629
4052,16418704,16426809,4052,15349,3536,11813,11297,516,516,283,2025,88,3,16418707
4053,16426809,16434916,4053,15355,3564,11791,11302,489,489,297,2026,88,22,16426831
4054,16434916,16443025,4054,15343,3571,11772,11289,483,483,287,2026,88,43,16434959
4055,16443025,16451136,4055,15350,3582,11768,11295,473,473,301,2027,88,16,16443041
4056,16451136,16459249,4056,15370,3581,11789,11314,475,475,294,2027,88,1,16451137
4057,16459249,16467364,4057,15391,3556,11835,11334,501,501,275,2028,88,22,16459271
4058,16467364,16475481,4058,15375,3567,11808,11317,491,491,298,2028,88,33,16467397
4059,16475481,16483600,4059,15387,3568,11819,11328,491,491,298,2029,88,10,16475491
4060,16483600,16491721,4060,15350,3552,11798,11290,508,508,283,2029,88,9,16483609
4061,16491721,16499844,4061,15426,3566,11860,11365,495,495,285,2030,88,10,16491731
4062,16499844,16507969,4062,15395,3574,11821,11333,488,488,290,2030,88,5,16499849
4063,16507969,16516096,4063,15393,3581,11812,11330,482,482,301,2031,88,22,16507991
4064,16516096,16524225,4064,15381,3572,11809,11317,492,492,294,2031,88,3,16516099
4065,16524225,16532356,4065,15415,3601,11814,11350,464,464,303,2032,88,22,16524247
4066,16532356,16540489,4066,15427,3565,11862,11361,501,501,295,2032,88,7,16532363
4067,16540489,16548624,4067,15413,3603,11810,11346,464,464,302,2033,88,4,16540493
4068,16548624,16556761,4068,15391,3587,11804,11323,481,481,304,2033,88,49,16548673
4069,16556761,16564900,4069,15442,3580,11862,11373,489,489,300,2034,88,16,16556777
4070,16564900,16573041,4070,15433,3588,11845,11363,482,482,299,2034,88,1,16564901
4071,16573041,16581184,4071,15422,3582,11840,11351,489,489,292,2035,88,8,16573049
4072,16581184,16589329,4072,15416,3566,11850,11344,506,506,280,2035,88,13,16581197
4073,16589329,16597476,4073,15485,3571,11914,11412,502,502,294,2036,88,12,16589341
4074,16597476,16605625,4074,15433,3577,11856,11359,497,497,303,2036,88,5,16597481
4075,16605625,16613776,4075,15436,3578,11858,11361,497,497,290,2037,88,4,16605629
4076,16613776,16621929,4076,15459,3571,11888,11383,505,505,289,2037,88,15,16613791
4077,16621929,16630084,4077,15459,3618,11841,11382,459,459,319,2038,88,20,16621949
4078,16630084,16638241,4078,15494,3578,11916,11416,500,500,296,2038,88,3,16630087
4079,16638241,16646400,4079,15414,3581,11833,11335,498,498,298,2039,88,6,16638247
4080,16646400,16654561,4080,15476,3578,11898,11396,502,502,272,2039,88,1,16646401
4081,16654561,16662724,4081,15473,3595,11878,11392,486,486,301,2040,88,6,16654567
4082,16662724,16670889,4082,15512,3589,11923,11430,493,493,290,2040,88,15,16662739
4083,16670889,16679056,4083,15486,3593,11893,11403,490,490,286,2041,88,50,16670939
4084,16679056,16687225,4084,15473,3594,11879,11389,490,490,299,2041,88,21,16679077
4085,16687225,16695396,4085,15482,3587,11895,11397,498,498,297,2042,88,22,16687247
4086,16695396,16703569,4086,15496,3617,11879,11410,469,469,294,2042,88,1,16695397
4087,16703569,16711744,4087,15518,3592,11926,11431,495,495,296,2043,88,10,16703579
4088,16711744,16719921,4088,15476,3596,11880,11388,492,492,296,2043,88,25,16711769
4089,16719921,16728100,4089,15517,3594,11923,11428,495,495,291,2044,88,26,16719947
4090,16728100,16736281,4090,15544,3584,11960,11454,506,506,298,2044,88,9,16728109
4091,16736281,16744464,4091,15496,3589,11907,11405,502,502,293,2045,88,16,16736297
4092,16744464,16752649,4092,15513,3615,11898,11421,477,477,289,2045,88,13,16744477
4093,16752649,16760836,4093,15562,3587,11975,11469,506,506,284,2046,88,4,16752653
4094,16760836,16769025,4094,15485,3608,11877,11391,486,486,301,2046,88,3,16760839
4095,16769025,16777216,4095,15518,3595,11923,11423,500,500,287,2047,89,8,16769033
4096,16777216,16785409,4096,15521,3605,11916,11425,491,491,299,2047,89,43,16777259
4097,16785409,16793604,4097,15539,3587,11952,11442,510,510,291,2048,89,4,16785413
4098,16793604,16801801,4098,15563,3594,11969,11465,504,504,291,2048,89,65,16793669
4099,16801801,16810000,4099,15536,3621,11915,11437,478,478,288,2049,89,18,16801819
4100,16810000,16818201,4100,15590,3586,12004,11490,514,514,288,2049,89,7,16810007
4101,16818201,16826404,4101,15544,3611,11933,11443,490,490,305,2050,89,8,16818209
4102,16826404,16834609,4102,15551,3626,11925,11449,476,476,294,2050,89,13,16826417
4103,16834609,16842816,4103,15593,3606,11987,11490,497,497,296,2051,89,10,16834619
4104,16842816,16851025,4104,15556,3621,11935,11452,483,483,299,2051,89,5,16842821
4105,16851025,16859236,4105,15599,3625,11974,11494,480,480,299,2052,89,22,16851047
4106,16859236,16867449,4106,15555,3604,11951,11449,502,502,293,2052,89,3,16859239
4107,16867449,16875664,4107,15644,3602,12042,11537,505,505,294,2053,89,8,16867457
4108,16875664,16883881,4108,15562,3629,11933,11454,479,479,305,2053,89,9,16875673
4109,16883881,16892100,4109,15584,3626,11958,11475,483,483,307,2054,89,16,16883897
4110,16892100,16900321,4110,15587,3611,11976,11477,499,499,290,2054,89,19,16892119
4111,16900321,16908544,4111,15614,3602,12012,11503,509,509,295,2055,89,16,16900337
4112,16908544,16916769,4112,15624,3626,11998,11512,486,486,311,2055,89,25,16908569
4113,16916769,16924996,4113,15594,3625,11969,11481,488,488,301,2056,89,8,16916777
4114,16924996,16933225,4114,15637,3616,12021,11523,498,498,288,2056,89,1,16924997
4115,16933225,16941456,4115,15638,3621,12017,11523,494,494,303,2057,89,18,16933243
4116,16941456,16949689,4116,15587,3605,11982,11471,511,511,293,2057,89,17,16941473
4117,16949689,16957924,4117,15631,3588,12043,11514,529,529,277,2058,89,18,16949707
4118,16957924,16966161,4118,15659,3620,12039,11541,498,498,298,2058,89,25,16957949
4119,16966161,16974400,4119,15665,3625,12040,11546,494,494,301,2059,89,2,16966163
4120,16974400,16982641,4120,15603,3611,11992,11483,509,509,289,2059,89,1,16974401
4121,16982641,16990884,4121,15663,3639,12024,11542,482,482,306,2060,89,40,16982681
4122,16990884,16999129,4122,15663,3613,12050,11541,509,509,300,2060,89,5,16990889
4123,16999129,17007376,4123,15655,3626,12029,11532,497,497,293,2061,89,52,16999181
4124,17007376,17015625,4124,15611,3618,11993,11487,506,506,295,2061,89,1,17007377
4125,17015625,17023876,4125,15680,3626,12054,11555,499,499,297,2062,89,14,17015639
4126,17023876,17032129,4126,15688,3618,12070,11562,508,508,288,2062,89,3,17023879
4127,17032129,17040384,4127,15663,3640,12023,11536,487,487,301,2063,89,10,17032139
4128,17040384,17048641,4128,15660,3639,12021,11532,489,489,309,2063,89,5,17040389
4129,17048641,17056900,4129,15693,3657,12036,11564,472,472,306,2064,89,10,17048651
4130,17056900,17065161,4130,15674,3614,12060,11544,516,516,296,2064,89,57,17056957
4131,17065161,17073424,4131,15710,3626,12084,11579,505,505,288,2065,89,2,17065163
4132,17073424,17081689,4132,15677,3631,12046,11545,501,501,281,2065,89,13,17073437
4133,17081689,17089956,4133,15694,3647,12047,11561,486,486,313,2066,89,4,17081693
4134,17089956,17098225,4134,15710,3626,12084,11576,508,508,282,2066,89,23,17089979
4135,17098225,17106496,4135,15697,3648,12049,11562,487,487,315,2067,89,6,17098231
4136,17106496,17114769,4136,15715,3643,12072,11579,493,493,300,2067,89,1,17106497
4137,17114769,17123044,4137,15723,3632,12091,11586,505,505,291,2068,89,2,17114771
4138,17123044,17131321,4138,15731,3645,12086,11593,493,493,308,2068,89,9,17123053
4139,17131321,17139600,4139,15717,3646,12071,11578,493,493,302,2069,89,6,17131327
4140,17139600,17147881,4140,15708,3650,12058,11568,490,490,305,2069,89,1,17139601
4141,17147881,17156164,4141,15761,3653,12108,11620,488,488,306,2070,89,6,17147887
4142,17156164,17164449,4142,15701,3656,12045,11559,486,486,300,2070,89,9,17156173
4143,17164449,17172736,4143,15809,3662,12147,11666,481,481,307,2071,89,4,17164453
4144,17172736,17181025,4144,15706,3656,12050,11562,488,488,300,2071,89,25,17172761
4145,17181025,17189316,4145,15768,3664,12104,11623,481,481,309,2072,89,24,17181049
4146,17189316,17197609,4146,15726,3645,12081,11580,501,501,300,2072,89,1,17189317
4147,17197609,17205904,4147,15760,3657,12103,11613,490,490,300,2073,89,4,17197613
4148,17205904,17214201,4148,15785,3670,12115,11637,478,478,311,2073,89,9,17205913
4149,17214201,17222500,4149,15744,3639,12105,11595,510,510,289,2074,89,20,17214221
4150,17222500,17230801,4150,15788,3645,12143,11638,505,505,304,2074,89,3,17222503
4151,17230801,17239104,4151,15751,3637,12114,11600,514,514,290,2075,89,48,17230849
4152,17239104,17247409,4152,15779,3659,12120,11627,493,493,313,2075,89,5,17239109
4153,17247409,17255716,4153,15804,3673,12131,11651,480,480,299,2076,89,4,17247413
4154,17255716,17264025,4154,15783,3646,12137,11629,508,508,283,2076,89,1,17255717
4155,17264025,17272336,4155,15814,3663,12151,11659,492,492,312,2077,89,16,17264041
4156,17272336,17280649,4156,15819,3656,12163,11663,500,500,310,2077,89,1,17272337
4157,17280649,17288964,4157,15770,3651,12119,11613,506,506,305,2078,89,18,17280667
4158,17288964,17297281,4158,15802,3644,12158,11644,514,514,300,2078,89,5,17288969
4159,17297281,17305600,4159,15815,3649,12166,11656,510,510,295,2079,89,16,17297297
4160,17305600,17313921,4160,15822,3663,12159,11662,497,497,296,2079,89,21,17305621
4161,17313921,17322244,4161,15802,3628,12174,11641,533,533,291,2080,89,8,17313929
4162,17322244,17330569,4162,15850,3642,12208,11688,520,520,278,2080,89,13,17322257
4163,17330569,17338896,4163,15835,3683,12152,11672,480,480,302,2081,89,28,17330597
4164,17338896,17347225,4164,15791,3651,12140,11627,513,513,301,2081,89,5,17338901
4165,17347225,17355556,4165,15868,3672,12196,11703,493,493,303,2082,89,12,17347237
4166,17355556,17363889,4166,15800,3677,12123,11634,489,489,302,2082,89,21,17355577
4167,17363889,17372224,4167,15857,3678,12179,11690,489,489,311,2083,89,4,17363893
4168,17372224,17380561,4168,15878,3659,12219,11710,509,509,298,2083,89,3,17372227
4169,17380561,17388900,4169,15819,3670,12149,11650,499,499,302,2084,89,6,17380567
4170,17388900,17397241,4170,15860,3669,12191,11690,501,501,302,2084,89,1,17388901
4171,17397241,17405584,4171,15859,3645,12214,11688,526,526,289,2085,89,10,17397251
4172,17405584,17413929,4172,15905,3650,12255,11733,522,522,294,2085,89,37,17405621
4173,17413929,17422276,4173,15817,3682,12135,11644,491,491,297,2086,89,14,17413943
4174,17422276,17430625,4174,15903,3682,12221,11729,492,492,315,2086,89,1,17422277
4175,17430625,17438976,4175,15879,3674,12205,11704,501,501,291,2087,89,18,17430643
4176,17438976,17447329,4176,15906,3663,12243,11730,513,513,289,2087,89,1,17438977
4177,17447329,17455684,4177,15880,3687,12193,11703,490,490,299,2088,89,22,17447351
4178,17455684,17464041,4178,15838,3691,12147,11660,487,487,307,2088,89,33,17455717
4179,17464041,17472400,4179,15935,3663,12272,11756,516,516,291,2089,89,2,17464043
4180,17472400,17480761,4180,15895,3651,12244,11715,529,529,288,2089,89,1,17472401
4181,17480761,17489124,4181,15921,3678,12243,11740,503,503,309,2090,89,6,17480767
4182,17489124,17497489,4182,15911,3669,12242,11729,513,513,293,2090,89,13,17489137
4183,17497489,17505856,4183,15884,3650,12234,11701,533,533,285,2091,89,18,17497507
4184,17505856,17514225,4184,15920,3698,12222,11736,486,486,313,2091,89,1,17505857
4185,17514225,17522596,4185,15956,3697,12259,11771,488,488,315,2092,89,14,17514239
4186,17522596,17530969,4186,15886,3680,12206,11700,506,506,301,2092,90,3,17522599
4187,17530969,17539344,4187,15958,3693,12265,11771,494,494,301,2093,90,10,17530979
4188,17539344,17547721,4188,15894,3673,12221,11706,515,515,300,2093,90,37,17539381
4189,17547721,17556100,4189,15973,3674,12299,11784,515,515,293,2094,90,6,17547727
4190,17556100,17564481,4190,15920,3706,12214,11730,484,484,307,2094,90,3,17556103
4191,17564481,17572864,4191,15945,3666,12279,11754,525,525,297,2095,90,2,17564483
4192,17572864,17581249,4192,15966,3692,12274,11774,500,500,303,2095,90,49,17572913
4193,17581249,17589636,4193,15960,3683,12277,11767,510,510,312,2096,90,12,17581261
4194,17589636,17598025,4194,15962,3692,12270,11768,502,502,309,2096,90,7,17589643
4195,17598025,17606416,4195,15905,3715,12190,11710,480,480,288,2097,90,4,17598029
4196,17606416,17614809,4196,16036,3692,12344,11840,504,504,303,2097,90,7,17606423
4197,17614809,17623204,4197,15962,3694,12268,11765,503,503,298,2098,90,4,17614813
4198,17623204,17631601,4198,15956,3686,12270,11758,512,512,298,2098,90,19,17623223
4199,17631601,17640000,4199,16001,3677,12324,11802,522,522,305,2099,90,10,17631611
4200,17640000,17648401,4200,15982,3704,12278,11782,496,496,304,2099,90,13,17640013
4201,17648401,17656804,4201,16002,3724,12278,11801,477,477,322,2100,90,60,17648461
4202,17656804,17665209,4202,16001,3717,12284,11799,485,485,310,2100,90,13,17656817
4203,17665209,17673616,4203,15969,3695,12274,11766,508,508,295,2101,90,4,17665213
4204,17673616,17682025,4204,16033,3711,12322,11829,493,493,324,2101,90,15,17673631
4205,17682025,17690436,4205,16023,3691,12332,11818,514,514,311,2102,90,6,17682031
4206,17690436,17698849,4206,15995,3691,12304,11789,515,515,285,2102,90,1,17690437
4207,17698849,17707264,4207,16011,3698,12313,11804,509,509,305,2103,90,10,17698859
4208,17707264,17715681,4208,16026,3729,12297,11818,479,479,310,2103,90,3,17707267
4209,17715681,17724100,4209,16025,3696,12329,11816,513,513,303,2104,90,16,17715697
4210,17724100,17732521,4210,16010,3706,12304,11800,504,504,311,2104,90,21,17724121
4211,17732521,17740944,4211,16052,3717,12335,11841,494,494,302,2105,90,10,17732531
4212,17740944,17749369,4212,16050,3727,12323,11838,485,485,303,2105,90,19,17740963
4213,17749369,17757796,4213,16044,3719,12325,11831,494,494,305,2106,90,18,17749387
4214,17757796,17766225,4214,16007,3714,12293,11793,500,500,307,2106,90,33,17757829
4215,17766225,17774656,4215,16085,3711,12374,11870,504,504,303,2107,90,2,17766227
4216,17774656,17783089,4216,16069,3694,12375,11853,522,522,293,2107,90,25,17774681
4217,17783089,17791524,4217,16035,3678,12357,11818,539,539,284,2108,90,22,17783111
4218,17791524,17799961,4218,16066,3721,12345,11848,497,497,310,2108,90,23,17791547
4219,17799961,17808400,4219,16090,3711,12379,11871,508,508,292,2109,90,6,17799967
4220,17808400,17816841,4220,16058,3724,12334,11838,496,496,313,2109,90,3,17808403
4221,17816841,17825284,4221,16061,3718,12343,11840,503,503,311,2110,90,8,17816849
4222,17825284,17833729,4222,16076,3725,12351,11854,497,497,303,2110,90,19,17825303
4223,17833729,17842176,4223,16121,3732,12389,11898,491,491,312,2111,90,4,17833733
4224,17842176,17850625,4224,16062,3723,12339,11838,501,501,304,2111,90,13,17842189
4225,17850625,17859076,4225,16113,3732,12381,11888,493,493,301,2112,90,28,17850653
4226,17859076,17867529,4226,16071,3684,12387,11845,542,542,279,2112,90,1,17859077
4227,17867529,17875984,4227,16133,3718,12415,11906,509,509,303,2113,90,4,17867533
4228,17875984,17884441,4228,16106,3732,12374,11878,496,496,308,2113,90,27,17876011
4229,17884441,17892900,4229,16092,3729,12363,11863,500,500,311,2114,90,16,17884457
4230,17892900,17901361,4230,16134,3715,12419,11904,515,515,294,2114,90,7,17892907
4231,17901361,17909824,4231,16133,3740,12393,11902,491,491,303,2115,90,66,17901427
4232,17909824,17918289,4232,16114,3739,12375,11882,493,493,317,2115,90,9,17909833
4233,17918289,17926756,4233,16104,3712,12392,11871,521,521,300,2116,90,44,17918333
4234,17926756,17935225,4234,16122,3735,12387,11888,499,499,298,2116,90,7,17926763
4235,17935225,17943696,4235,16158,3698,12460,11923,537,537,297,2117,90,12,17935237
4236,17943696,17952169,4236,16138,3713,12425,11902,523,523,301,2117,90,17,17943713
4237,17952169,17960644,4237,16165,3718,12447,11928,519,519,304,2118,90,4,17952173
4238,17960644,17969121,4238,16114,3711,12403,11876,527,527,298,2118,90,3,17960647
4239,17969121,17977600,4239,16166,3727,12439,11927,512,512,294,2119,90,8,17969129
4240,17977600,17986081,4240,16151,3718,12433,11911,522,522,302,2119,90,21,17977621
4241,17986081,17994564,4241,16164,3739,12425,11923,502,502,306,2120,90,12,17986093
4242,17994564,18003049,4242,16201,3729,12472,11959,513,513,299,2120,90,25,17994589
4243,18003049,18011536,4243,16145,3752,12393,11902,491,491,320,2121,90,18,18003067
4244,18011536,18020025,4244,16175,3740,12435,11931,504,504,310,2121,90,21,18011557
4245,18020025,18028516,4245,16196,3749,12447,11951,496,496,308,2122,90,2,18020027
4246,18028516,18037009,4246,16167,3737,12430,11921,509,509,306,2122,90,3,18028519
4247,18037009,18045504,4247,16214,3754,12460,11967,493,493,313,2123,90,12,18037021
4248,18045504,18054001,4248,16188,3745,12443,11940,503,503,303,2123,90,37,18045541
4249,18054001,18062500,4249,16196,3722,12474,11947,527,527,300,2124,90,6,18054007
4250,18062500,18071001,4250,16220,3774,12446,11970,476,476,325,2124,90,1,18062501
4251,18071001,18079504,4251,16167,3742,12425,11916,509,509,311,2125,90,86,18071087
4252,18079504,18088009,4252,16245,3778,12467,11993,474,474,315,2125,90,27,18079531
4253,18088009,18096516,4253,16174,3729,12445,11921,524,524,311,2126,90,18,18088027
4254,18096516,18105025,4254,16255,3728,12527,12001,526,526,312,2126,90,25,18096541
4255,18105025,18113536,4255,16221,3750,12471,11966,505,505,299,2127,90,16,18105041
4256,18113536,18122049,4256,16242,3755,12487,11986,501,501,316,2127,90,33,18113569
4257,18122049,18130564,4257,16178,3746,12432,11921,511,511,299,2128,90,4,18122053
4258,18130564,18139081,4258,16264,3752,12512,12006,506,506,302,2128,90,19,18130583
4259,18139081,18147600,4259,16236,3738,12498,11977,521,521,302,2129,90,6,18139087
4260,18147600,18156121,4260,16247,3768,12479,11987,492,492,301,2129,90,1,18147601
4261,18156121,18164644,4261,16274,3760,12514,12013,501,501,297,2130,90,12,18156133
4262,18164644,18173169,4262,16207,3752,12455,11945,510,510,307,2130,90,3,18164647
4263,18173169,18181696,4263,16260,3753,12507,11997,510,510,305,2131,90,2,18173171
4264,18181696,18190225,4264,16272,3784,12488,12008,480,480,316,2131,90,33,18181729
4265,18190225,18198756,4265,16289,3751,12538,12024,514,514,294,2132,90,16,18190241
4266,18198756,18207289,4266,16248,3759,12489,11982,507,507,327,2132,90,1,18198757
4267,18207289,18215824,4267,16274,3757,12517,12007,510,510,308,2133,90,18,18207307
4268,18215824,18224361,4268,16303,3743,12560,12035,525,525,309,2133,90,19,18215843
4269,18224361,18232900,4269,16261,3746,12515,11992,523,523,289,2134,90,56,18224417
4270,18232900,18241441,4270,16299,3723,12576,12029,547,547,289,2134,90,31,18232931
4271,18241441,18249984,4271,16298,3768,12530,12027,503,503,309,2135,90,10,18241451
4272,18249984,18258529,4272,16307,3762,12545,12035,510,510,316,2135,90,13,18249997
4273,18258529,18267076,4273,16311,3739,12572,12038,534,534,284,2136,90,18,18258547
4274,18267076,18275625,4274,16281,3777,12504,12007,497,497,316,2136,90,3,18267079
4275,18275625,18284176,4275,16311,3748,12563,12036,527,527,308,2137,90,8,18275633
4276,18284176,18292729,4276,16301,3764,12537,12025,512,512,312,2137,90,43,18284219
4277,18292729,18301284,4277,16301,3771,12530,12024,506,506,306,2138,90,48,18292777
4278,18301284,18309841,4278,16339,3745,12594,12061,533,533,306,2138,91,47,18301331
4279,18309841,18318400,4279,16333,3761,12572,12054,518,518,301,2139,91,6,18309847
4280,18318400,18326961,4280,16308,3758,12550,12028,522,522,295,2139,91,37,18318437
4281,18326961,18335524,4281,16354,3778,12576,12073,503,503,314,2140,91,16,18326977
4282,18335524,18344089,4282,16300,3773,12527,12018,509,509,319,2140,91,19,18335543
4283,18344089,18352656,4283,16390,3775,12615,12107,508,508,319,2141,91,4,18344093
4284,18352656,18361225,4284,16337,3807,12530,12053,477,477,324,2141,91,5,18352661
4285,18361225,18369796,4285,16357,3767,12590,12072,518,518,303,2142,91,4,18361229
4286,18369796,18378369,4286,16368,3783,12585,12082,503,503,316,2142,91,7,18369803
4287,18378369,18386944,4287,16355,3771,12584,12068,516,516,304,2143,91,10,18378379
4288,18386944,18395521,4288,16382,3788,12594,12094,500,500,306,2143,91,3,18386947
4289,18395521,18404100,4289,16354,3762,12592,12065,527,527,312,2144,91,6,18395527
4290,18404100,18412681,4290,16397,3767,12630,12107,523,523,304,2144,91,37,18404137
4291,18412681,18421264,4291,16347,3769,12578,12056,522,522,297,2145,91,6,18412687
4292,18421264,18429849,4292,16407,3808,12599,12115,484,484,315,2145,91,33,18421297
4293,18429849,18438436,4293,16364,3769,12595,12071,524,524,306,2146,91,8,18429857
4294,18438436,18447025,4294,16400,3764,12636,12106,530,530,302,2146,91,1,18438437
4295,18447025,18455616,4295,16362,3796,12566,12067,499,499,303,2147,91,36,18447061
4296,18455616,18464209,4296,16449,3773,12676,12153,523,523,302,2147,91,7,18455623
4297,18464209,18472804,4297,16402,3811,12591,12105,486,486,322,2148,91,22,18464231
4298,18472804,18481401,4298,16441,3802,12639,12143,496,496,303,2148,91,19,18472823
4299,18481401,18490000,4299,16380,3790,12590,12081,509,509,294,2149,91,26,18481427
4300,18490000,18498601,4300,16446,3789,12657,12146,511,511,323,2149,91,1,18490001
4301,18498601,18507204,4301,16400,3800,12600,12099,501,501,303,2150,91,16,18498617
4302,18507204,18515809,4302,16443,3789,12654,12141,513,513,306,2150,91,23,18507227
4303,18515809,18524416,4303,16440,3800,12640,12137,503,503,322,2151,91,4,18515813
4304,18524416,18533025,4304,16407,3775,12632,12103,529,529,298,2151,91,7,18524423
4305,18533025,18541636,4305,16444,3789,12655,12139,516,516,299,2152,91,2,18533027
4306,18541636,18550249,4306,16421,3801,12620,12115,505,505,315,2152,91,3,18541639
4307,18550249,18558864,4307,16431,3781,12650,12124,526,526,312,2153,91,12,18550261
4308,18558864,18567481,4308,16480,3804,12676,12172,504,504,317,2153,91,7,18558871
4309,18567481,18576100,4309,16452,3777,12675,12143,532,532,303,2154,91,6,18567487
4310,18576100,18584721,4310,16465,3794,12671,12155,516,516,317,2154,91,1,18576101
4311,18584721,18593344,4311,16435,3782,12653,12124,529,529,313,2155,91,22,18584743
4312,18593344,18601969,4312,16532,3800,12732,12220,512,512,303,2155,91,19,18593363
4313,18601969,18610596,4313,16436,3796,12640,12123,517,517,323,2156,91,58,18602027
4314,18610596,18619225,4314,16458,3796,12662,12144,518,518,309,2156,91,11,18610607
4315,18619225,18627856,4315,16476,3789,12687,12161,526,526,299,2157,91,16,18619241
4316,18627856,18636489,4316,16517,3799,12718,12201,517,517,316,2157,91,7,18627863
4317,18636489,18645124,4317,16525,3802,12723,12208,515,515,316,2158,91,28,18636517
4318,18645124,18653761,4318,16443,3773,12670,12125,545,545,299,2158,91,3,18645127
4319,18653761,18662400,4319,16516,3799,12717,12197,520,520,303,2159,91,12,18653773
4320,18662400,18671041,4320,16511,3796,12715,12191,524,524,305,2159,91,11,18662411
4321,18671041,18679684,4321,16525,3818,12707,12204,503,503,314,2160,91,6,18671047
4322,18679684,18688329,4322,16466,3848,12618,12144,474,474,319,2160,91,9,18679693
4323,18688329,18696976,4323,16557,3799,12758,12234,524,524,300,2161,91,20,18688349
4324,18696976,18705625,4324,16492,3826,12666,12168,498,498,321,2161,91,7,18696983
4325,18705625,18714276,4325,16535,3794,12741,12210,531,531,301,2162,91,4,18705629
4326,18714276,18722929,4326,16536,3827,12709,12210,499,499,309,2162,91,5,18714281
4327,18722929,18731584,4327,16563,3790,12773,12236,537,537,296,2163,91,12,18722941
4328,18731584,18740241,4328,16530,3784,12746,12202,544,544,299,2163,91,13,18731597
4329,18740241,18748900,4329,16540,3819,12721,12211,510,510,310,2164,91,16,18740257
4330,18748900,18757561,4330,16495,3805,12690,12165,525,525,314,2164,91,1,18748901
4331,18757561,18766224,4331,16575,3805,12770,12244,526,526,311,2165,91,30,18757591
4332,18766224,18774889,4332,16579,3807,12772,12247,525,525,305,2165,91,79,18766303
4333,18774889,18783556,4333,16550,3836,12714,12217,497,497,317,2166,91,4,18774893
4334,18783556,18792225,4334,16559,3802,12757,12225,532,532,313,2166,91,7,18783563
4335,18792225,18800896,4335,16556,3841,12715,12221,494,494,314,2167,91,44,18792269
4336,18800896,18809569,4336,16582,3823,12759,12246,513,513,326,2167,91,1,18800897
4337,18809569,18818244,4337,16588,3838,12750,12251,499,499,307,2168,91,28,18809597
4338,18818244,18826921,4338,16559,3802,12757,12221,536,536,298,2168,91,7,18818251
4339,18826921,18835600,4339,16609,3821,12788,12270,518,518,311,2169,91,16,18826937
4340,18835600,18844281,4340,16580,3830,12750,12240,510,510,316,2169,91,1,18835601
4341,18844281,18852964,4341,16614,3799,12815,12273,542,542,294,2170,91,2,18844283
4342,18852964,18861649,4342,16579,3828,12751,12237,514,514,317,2170,91,7,18852971
4343,18861649,18870336,4343,16631,3809,12822,12288,534,534,311,2171,91,24,18861673
4344,18870336,18879025,4344,16609,3836,12773,12265,508,508,313,2171,91,7,18870343
4345,18879025,18887716,4345,16610,3848,12762,12265,497,497,317,2172,91,12,18879037
4346,18887716,18896409,4346,16603,3836,12767,12257,510,510,313,2172,91,25,18887741
4347,18896409,18905104,4347,16589,3840,12749,12242,507,507,332,2173,91,2,18896411
4348,18905104,18913801,4348,16633,3835,12798,12285,513,513,303,2173,91,7,18905111
4349,18913801,18922500,4349,16628,3829,12799,12279,520,520,311,2174,91,18,18913819
4350,18922500,18931201,4350,16650,3810,12840,12300,540,540,295,2174,91,11,18922511
4351,18931201,18939904,4351,16629,3813,12816,12278,538,538,298,2175,91,6,18931207
4352,18939904,18948609,4352,16633,3832,12801,12281,520,520,316,2175,91,33,18939937
4353,18948609,18957316,4353,16653,3832,12821,12300,521,521,308,2176,91,14,18948623
4354,18957316,18966025,4354,16672,3830,12842,12318,524,524,306,2176,91,45,18957361
4355,18966025,18974736,4355,16629,3857,12772,12274,498,498,319,2177,91,12,18966037
4356,18974736,18983449,4356,16637,3842,12795,12281,514,514,302,2177,91,5,18974741
4357,18983449,18992164,4357,16719,3810,12909,12362,547,547,296,2178,91,18,18983467
4358,18992164,19000881,4358,16666,3846,12820,12308,512,512,318,2178,91,45,18992209
4359,19000881,19009600,4359,16691,3854,12837,12332,505,505,312,2179,91,8,19000889
4360,19009600,19018321,4360,16628,3828,12800,12268,532,532,321,2179,91,7,19009607
4361,19018321,19027044,4361,16690,3865,12825,12329,496,496,324,2180,91,10,19018331
4362,19027044,19035769,4362,16682,3816,12866,12320,546,546,302,2180,91,25,19027069
4363,19035769,19044496,4363,16712,3843,12869,12349,520,520,316,2181,91,22,19035791
4364,19044496,19053225,4364,16654,3841,12813,12290,523,523,306,2181,91,1,19044497
4365,19053225,19061956,4365,16738,3856,12882,12373,509,509,323,2182,91,2,19053227
4366,19061956,19070689,4366,16696,3860,12836,12330,506,506,325,2182,91,1,19061957
4367,19070689,19079424,4367,16727,3843,12884,12360,524,524,306,2183,91,4,19070693
4368,19079424,19088161,4368,16697,3831,12866,12329,537,537,296,2183,91,5,19079429
4369,19088161,19096900,4369,16697,3856,12841,12328,513,513,319,2184,91,10,19088171
4370,19096900,19105641,4370,16729,3865,12864,12359,505,505,316,2184,91,1,19096901
4371,19105641,19114384,4371,16709,3863,12846,12338,508,508,325,2185,92,32,19105673
4372,19114384,19123129,4372,16753,3826,12927,12381,546,546,311,2185,92,7,19114391
4373,19123129,19131876,4373,16719,3868,12851,12346,505,505,313,2186,92,4,19123133
4374,19131876,19140625,4374,16736,3845,12891,12362,529,529,316,2186,92,1,19131877
4375,19140625,19149376,4375,16758,3848,12910,12383,527,527,311,2187,92,4,19140629
4376,19149376,19158129,4376,16739,3843,12896,12363,533,533,303,2187,92,15,19149391
4377,19158129,19166884,4377,16740,3867,12873,12363,510,510,327,2188,92,28,19158157
4378,19166884,19175641,4378,16770,3863,12907,12392,515,515,299,2188,92,9,19166893
4379,19175641,19184400,4379,16762,3858,12904,12383,521,521,324,2189,92,28,19175669
4380,19184400,19193161,4380,16772,3855,12917,12392,525,525,307,2189,92,11,19184411
4381,19193161,19201924,4381,16742,3841,12901,12361,540,540,306,2190,92,10,19193171
4382,19201924,19210689,4382,16785,3893,12892,12403,489,489,330,2190,92,13,19201937
4383,19210689,19219456,4383,16796,3863,12933,12413,520,520,308,2191,92,4,19210693
4384,19219456,19228225,4384,16778,3862,12916,12394,522,522,314,2191,92,1,19219457
4385,19228225,19236996,4385,16795,3861,12934,12410,524,524,318,2192,92,4,19228229
4386,19236996,19245769,4386,16762,3864,12898,12376,522,522,290,2192,92,31,19237027
4387,19245769,19254544,4387,16807,3859,12948,12420,528,528,303,2193,92,4,19245773
4388,19254544,19263321,4388,16770,3859,12911,12382,529,529,320,2193,92,7,19254551
4389,19263321,19272100,4389,16788,3877,12911,12399,512,512,331,2194,92,10,19263331
4390,19272100,19280881,4390,16848,3864,12984,12458,526,526,314,2194,92,3,19272103
4391,19280881,19289664,4391,16771,3883,12888,12380,508,508,326,2195,92,6,19280887
4392,19289664,19298449,4392,16848,3863,12985,12456,529,529,303,2195,92,17,19289681
4393,19298449,19307236,4393,16800,3847,12953,12407,546,546,294,2196,92,18,19298467
4394,19307236,19316025,4394,16822,3867,12955,12428,527,527,314,2196,92,75,19307311
4395,19316025,19324816,4395,16829,3860,12969,12434,535,535,312,2197,92,14,19316039
4396,19324816,19333609,4396,16836,3877,12959,12440,519,519,318,2197,92,31,19324847
4397,19333609,19342404,4397,16851,3879,12972,12454,518,518,314,2198,92,10,19333619
4398,19342404,19351201,4398,16851,3891,12960,12453,507,507,331,2198,92,13,19342417
4399,19351201,19360000,4399,16856,3851,13005,12457,548,548,314,2199,92,16,19351217
4400,19360000,19368801,4400,16815,3870,12945,12415,530,530,307,2199,92,9,19360009
4401,19368801,19377604,4401,16864,3888,12976,12463,513,513,317,2200,92,20,19368821
4402,19377604,19386409,4402,16876,3854,13022,12474,548,548,307,2200,92,9,19377613
4403,19386409,19395216,4403,16835,3868,12967,12432,535,535,316,2201,92,40,19386449
4404,19395216,19404025,4404,16857,3900,12957,12453,504,504,320,2201,92,1,19395217
4405,19404025,19412836,4405,16897,3861,13036,12492,544,544,308,2202,92,6,19404031
4406,19412836,19421649,4406,16871,3862,13009,12465,544,544,305,2202,92,7,19412843
4407,19421649,19430464,4407,16864,3899,12965,12457,508,508,321,2203,92,2,19421651
4408,19430464,19439281,4408,16886,3868,13018,12478,540,540,305,2203,92,7,19430471
4409,19439281,19448100,4409,16910,3871,13039,12501,538,538,305,2204,92,36,19439317
4410,19448100,19456921,4410,16881,3886,12995,12471,524,524,329,2204,92,1,19448101
4411,19456921,19465744,4411,16896,3901,12995,12485,510,510,321,2205,92,16,19456937
4412,19465744,19474569,4412,16912,3891,13021,12500,521,521,302,2205,92,9,19465753
4413,19474569,19483396,4413,16912,3870,13042,12499,543,543,312,2206,92,8,19474577
4414,19483396,19492225,4414,16919,3923,12996,12505,491,491,319,2206,92,1,19483397
4415,19492225,19501056,4415,16881,3886,12995,12466,529,529,306,2207,92,12,19492237
4416,19501056,19509889,4416,16951,3892,13059,12535,524,524,314,2207,92,5,19501061
4417,19509889,19518724,4417,16925,3888,13037,12508,529,529,313,2208,92,10,19509899
4418,19518724,19527561,4418,16900,3905,12995,12482,513,513,324,2208,92,3,19518727
4419,19527561,19536400,4419,16947,3897,13050,12528,522,522,307,2209,92,22,19527583
4420,19536400,19545241,4420,16944,3900,13044,12524,520,520,330,2209,92,3,19536403
4421,19545241,19554084,4421,16954,3906,13048,12533,515,515,325,2210,92,6,19545247
4422,19554084,19562929,4422,16924,3916,13008,12502,506,506,325,2210,92,23,19554107
4423,19562929,19571776,4423,16957,3893,13064,12534,530,530,312,2211,92,28,19562957
4424,19571776,19580625,4424,16960,3927,13033,12536,497,497,319,2211,92,27,19571803
4425,19580625,19589476,4425,16971,3904,13067,12546,521,521,319,2212,92,8,19580633
4426,19589476,19598329,4426,16944,3885,13059,12518,541,541,313,2212,92,25,19589501
4427,19598329,19607184,4427,16945,3882,13063,12518,545,545,309,2213,92,4,19598333
4428,19607184,19616041,4428,17035,3916,13119,12607,512,512,320,2213,92,13,19607197
4429,19616041,19624900,4429,16948,3882,13066,12519,547,547,308,2214,92,22,19616063
4430,19624900,19633761,4430,16992,3898,13094,12562,532,532,306,2214,92,31,19624931
4431,19633761,19642624,4431,16978,3909,13069,12547,522,522,318,2215,92,10,19633771
4432,19642624,19651489,4432,16961,3924,13037,12529,508,508,336,2215,92,3,19642627
4433,19651489,19660356,4433,17020,3908,13112,12587,525,525,308,2216,92,4,19651493
4434,19660356,19669225,4434,16966,3890,13076,12532,544,544,322,2216,92,17,19660373
4435,19669225,19678096,4435,16998,3918,13080,12563,517,517,324,2217,92,4,19669229
4436,19678096,19686969,4436,16996,3915,13081,12560,521,521,307,2217,92,7,19678103
4437,19686969,19695844,4437,17042,3894,13148,12605,543,543,315,2218,92,32,19687001
4438,19695844,19704721,4438,16995,3900,13095,12557,538,538,304,2218,92,3,19695847
4439,19704721,19713600,4439,17029,3899,13130,12590,540,540,315,2219,92,22,19704743
4440,19713600,19722481,4440,17050,3925,13125,12610,515,515,340,2219,92,19,19713619
4441,19722481,19731364,4441,17015,3924,13091,12574,517,517,321,2220,92,6,19722487
4442,19731364,19740249,4442,16989,3910,13079,12547,532,532,314,2220,92,27,19731391
4443,19740249,19749136,4443,17064,3897,13167,12621,546,546,311,2221,92,2,19740251
4444,19749136,19758025,4444,17037,3915,13122,12593,529,529,311,2221,92,1,19749137
4445,19758025,19766916,4445,17060,3912,13148,12615,533,533,318,2222,92,6,19758031
4446,19766916,19775809,4446,17034,3910,13124,12588,536,536,311,2222,92,53,19766969
4447,19775809,19784704,4447,17078,3932,13146,12631,515,515,309,2223,92,22,19775831
4448,19784704,19793601,4448,17056,3890,13166,12608,558,558,322,2223,92,3,19784707
4449,19793601,19802500,4449,17042,3913,13129,12593,536,536,311,2224,92,20,19793621
4450,19802500,19811401,4450,17078,3909,13169,12628,541,541,311,2224,92,7,19802507
4451,19811401,19820304,4451,17060,3936,13124,12609,515,515,340,2225,92,10,19811411
4452,19820304,19829209,4452,17099,3912,13187,12647,540,540,304,2225,92,23,19820327
4453,19829209,19838116,4453,17088,3937,13151,12635,516,516,319,2226,92,4,19829213
4454,19838116,19847025,4454,17036,3917,13119,12582,537,537,316,2226,92,7,19838123
4455,19847025,19855936,4455,17128,3914,13214,12673,541,541,304,2227,92,2,19847027
4456,19855936,19864849,4456,17075,3926,13149,12619,530,530,313,2227,92,1,19855937
4457,19864849,19873764,4457,17079,3934,13145,12622,523,523,308,2228,92,54,19864903
4458,19873764,19882681,4458,17088,3934,13154,12630,524,524,318,2228,92,37,19873801
4459,19882681,19891600,4459,17124,3910,13214,12665,549,549,308,2229,92,12,19882693
4460,19891600,19900521,4460,17112,3967,13145,12652,493,493,337,2229,92,31,19891631
4461,19900521,19909444,4461,17139,3924,13215,12678,537,537,317,2230,92,16,19900537
4462,19909444,19918369,4462,17094,3918,13176,12632,544,544,318,2230,92,3,19909447
4463,19918369,19927296,4463,17131,3915,13216,12668,548,548,305,2231,92,60,19918429
4464,19927296,19936225,4464,17138,3934,13204,12674,530,530,315,2231,92,5,19927301
4465,19936225,19945156,4465,17120,3932,13188,12655,533,533,312,2232,93,22,19936247
4466,19945156,19954089,4466,17132,3939,13193,12666,527,527,324,2232,93,15,19945171
4467,19954089,19963024,4467,17130,3913,13217,12663,554,554,326,2233,93,4,19954093
4468,19963024,19971961,4468,17170,3956,13214,12702,512,512,322,2233,93,13,19963037
4469,19971961,19980900,4469,17162,3933,13229,12693,536,536,319,2234,93,18,19971979
4470,19980900,19989841,4470,17160,3931,13229,12690,539,539,307,2234,93,7,19980907
4471,19989841,19998784,4471,17137,3932,13205,12666,539,539,299,2235,93,18,19989859
4472,19998784,20007729,4472,17148,3946,13202,12676,526,526,323,2235,93,25,19998809
4473,20007729,20016676,4473,17155,3943,13212,12682,530,530,316,2236,93,8,20007737
4474,20016676,20025625,4474,17206,3941,13265,12732,533,533,327,2236,93,1,20016677
4475,20025625,20034576,4475,17138,3920,13218,12663,555,555,301,2237,93,12,20025637
4476,20034576,20043529,4476,17195,3940,13255,12719,536,536,319,2237,93,13,20034589
4477,20043529,20052484,4477,17195,3940,13255,12718,537,537,315,2238,93,30,20043559
4478,20052484,20061441,4478,17203,3962,13241,12725,516,516,318,2238,93,37,20052521
4479,20061441,20070400,4479,17150,3942,13208,12671,537,537,311,2239,93,8,20061449
4480,20070400,20079361,4480,17211,3934,13277,12731,546,546,305,2239,93,33,20070433
4481,20079361,20088324,4481,17247,3957,13290,12766,524,524,322,2240,93,12,20079373
4482,20088324,20097289,4482,17149,3940,13209,12667,542,542,309,2240,93,7,20088331
4483,20097289,20106256,4483,17218,3942,13276,12735,541,541,330,2241,93,4,20097293
4484,20106256,20115225,4484,17216,3969,13247,12732,515,515,314,2241,93,27,20106283
4485,20115225,20124196,4485,17215,3965,13250,12730,520,520,324,2242,93,22,20115247
4486,20124196,20133169,4486,17220,3949,13271,12734,537,537,319,2242,93,1,20124197
4487,20133169,20142144,4487,17215,3982,13233,12728,505,505,334,2243,93,24,20133193
4488,20142144,20151121,4488,17232,3939,13293,12744,549,549,307,2243,93,19,20142163
4489,20151121,20160100,4489,17269,3958,13311,12780,531,531,329,2244,93,6,20151127
4490,20160100,20169081,4490,17197,3941,13256,12707,549,549,313,2244,93,39,20160139
4491,20169081,20178064,4491,17277,3938,13339,12786,553,553,310,2245,93,28,20169109
4492,20178064,20187049,4492,17212,3954,13258,12720,538,538,315,2245,93,13,20178077
4493,20187049,20196036,4493,17297,3977,13320,12804,516,516,334,2246,93,10,20187059
4494,20196036,20205025,4494,17236,3951,13285,12742,543,543,322,2246,93,13,20196049
4495,20205025,20214016,4495,17273,3995,13278,12778,500,500,332,2247,93,16,20205041
4496,20214016,20223009,4496,17252,3970,13282,12756,526,526,329,2247,93,1,20214017
4497,20223009,20232004,4497,17292,3971,13321,12795,526,526,315,2248,93,14,20223023
4498,20232004,20241001,4498,17254,3945,13309,12756,553,553,318,2248,93,7,20232011
4499,20241001,20250000,4499,17308,3969,13339,12809,530,530,311,2249,93,16,20241017
4500,20250000,20259001,4500,17261,3970,13291,12761,530,530,323,2249,93,7,20250007
4501,20259001,20268004,4501,17311,3960,13351,12810,541,541,312,2250,93,10,20259011
4502,20268004,20277009,4502,17286,3981,13305,12784,521,521,343,2250,93,7,20268011
4503,20277009,20286016,4503,17313,3954,13359,12810,549,549,313,2251,93,2,20277011
4504,20286016,20295025,4504,17260,3987,13273,12756,517,517,339,2251,93,1,20286017
4505,20295025,20304036,4505,17296,3976,13320,12791,529,529,324,2252,93,22,20295047
4506,20304036,20313049,4506,17339,3956,13383,12833,550,550,300,2252,93,13,20304049
4507,20313049,20322064,4507,17300,3961,13339,12793,546,546,309,2253,93,18,20313067
4508,20322064,20331081,4508,17342,3996,13346,12834,512,512,336,2253,93,9,20322073
4509,20331081,20340100,4509,17307,3989,13318,12798,520,520,322,2254,93,26,20331107
4510,20340100,20349121,4510,17357,3963,13394,12847,547,547,308,2254,93,1,20340101
4511,20349121,20358144,4511,17294,3970,13324,12783,541,541,320,2255,93,6,20349127
4512,20358144,20367169,4512,17362,3957,13405,12850,555,555,315,2255,93,17,20358161
4513,20367169,20376196,4513,17336,3979,13357,12823,534,534,307,2256,93,12,20367181
4514,20376196,20385225,4514,17303,3978,13325,12789,536,536,325,2256,93,3,20376199
4515,20385225,20394256,4515,17350,3981,13369,12835,534,534,322,2257,93,22,20385247
4516,20394256,20403289,4516,17341,3980,13361,12825,536,536,306,2257,93,7,20394263
4517,20403289,20412324,4517,17367,3996,13371,12850,521,521,331,2258,93,4,20403293
4518,20412324,20421361,4518,17376,3999,13377,12858,519,519,327,2258,93,25,20412349
4519,20421361,20430400,4519,17397,3978,13419,12878,541,541,316,2259,93,6,20421367
4520,20430400,20439441,4520,17328,4005,13323,12808,515,515,325,2259,93,9,20430409
4521,20439441,20448484,4521,17375,3987,13388,12854,534,534,330,2260,93,8,20439449
4522,20448484,20457529,4522,17385,3976,13409,12863,546,546,322,2260,93,27,20448511
4523,20457529,20466576,4523,17387,3991,13396,12864,532,532,331,2261,93,4,20457533
4524,20466576,20475625,4524,17387,3975,13412,12863,549,549,314,2261,93,1,20466577
4525,20475625,20484676,4525,17404,4010,13394,12879,515,515,329,2262,93,16,20475641
4526,20484676,20493729,4526,17406,3980,13426,12880,546,546,329,2262,93,7,20484683
4527,20493729,20502784,4527,17397,3991,13406,12870,536,536,319,2263,93,2,20493731
4528,20502784,20511841,4528,17378,3989,13389,12850,539,539,323,2263,93,19,20502803
4529,20511841,20520900,4529,17428,3960,13468,12899,569,569,304,2264,93,10,20511851
4530,20520900,20529961,4530,17390,4002,13388,12860,528,528,317,2264,93,1,20520901
4531,20529961,20539024,4531,17426,4014,13412,12895,517,517,337,2265,93,12,20529973
4532,20539024,20548089,4532,17443,3988,13455,12911,544,544,317,2265,93,7,20539031
4533,20548089,20557156,4533,17436,3992,13444,12903,541,541,324,2266,93,8,20548097
4534,20557156,20566225,4534,17439,3993,13446,12905,541,541,312,2266,93,1,20557157
4535,20566225,20575296,4535,17425,3984,13441,12890,551,551,320,2267,93,16,20566241
4536,20575296,20584369,4536,17431,4010,13421,12895,526,526,337,2267,93,5,20575301
4537,20584369,20593444,4537,17474,3973,13501,12937,564,564,301,2268,93,4,20584373
4538,20593444,20602521,4538,17396,4002,13394,12858,536,536,332,2268,93,9,20593453
4539,20602521,20611600,4539,17501,4018,13483,12962,521,521,325,2269,93,2,20602523
4540,20611600,20620681,4540,17453,4009,13444,12913,531,531,324,2269,93,1,20611601
4541,20620681,20629764,4541,17488,3971,13517,12947,570,570,310,2270,93,6,20620687
4542,20629764,20638849,4542,17392,4013,13379,12850,529,529,328,2270,93,19,20629783
4543,20638849,20647936,4543,17537,4037,13500,12994,506,506,335,2271,93,4,20638853
4544,20647936,20657025,4544,17448,3990,13458,12904,554,554,323,2271,93,7,20647943
4545,20657025,20666116,4545,17448,4020,13428,12903,525,525,313,2272,93,2,20657027
4546,20666116,20675209,4546,17485,3978,13507,12939,568,568,302,2272,93,27,20666143
4547,20675209,20684304,4547,17503,3980,13523,12956,567,567,315,2273,93,18,20675227
4548,20684304,20693401,4548,17506,3998,13508,12958,550,550,314,2273,93,5,20684309
4549,20693401,20702500,4549,17502,3992,13510,12953,557,557,322,2274,93,22,20693423
4550,20702500,20711601,4550,17481,3999,13482,12931,551,551,327,2274,93,19,20702519
4551,20711601,20720704,4551,17533,4015,13518,12982,536,536,318,2275,93,8,20711609
4552,20720704,20729809,4552,17499,4002,13497,12947,550,550,321,2275,93,13,20720717
4553,20729809,20738916,4553,17511,4022,13489,12958,531,531,323,2276,93,52,20729861
4554,20738916,20748025,4554,17504,4025,13479,12950,529,529,329,2276,93,1,20738917
4555,20748025,20757136,4555,17523,4000,13523,12968,555,555,324,2277,93,12,20748037
4556,20757136,20766249,4556,17527,4018,13509,12971,538,538,326,2277,93,15,20757151
4557,20766249,20775364,4557,17521,4028,13493,12964,529,529,328,2278,93,4,20766253
4558,20775364,20784481,4558,17552,4028,13524,12994,530,530,322,2278,93,19,20775383
4559,20784481,20793600,4559,17544,4003,13541,12985,556,556,313,2279,93,12,20784493
4560,20793600,20802721,4560,17551,4023,13528,12991,537,537,322,2279,94,7,20793607
4561,20802721,20811844,4561,17521,4028,13493,12960,533,533,318,2280,94,36,20802757
4562,20811844,20820969,4562,17530,4038,13492,12968,524,524,327,2280,94,9,20811853
4563,20820969,20830096,4563,17607,4034,13573,13044,529,529,332,2281,94,8,20820977
4564,20830096,20839225,4564,17543,4033,13510,12979,531,531,314,2281,94,37,20830133
4565,20839225,20848356,4565,17529,3995,13534,12964,570,570,316,2282,94,18,20839243
4566,20848356,20857489,4566,17634,4044,13590,13068,522,522,328,2282,94,1,20848357
4567,20857489,20866624,4567,17552,4004,13548,12985,563,563,309,2283,94,22,20857511
4568,20866624,20875761,4568,17588,4025,13563,13020,543,543,309,2283,94,15,20866639
4569,20875761,20884900,4569,17560,4016,13544,12991,553,553,312,2284,94,20,20875781
4570,20884900,20894041,4570,17591,4031,13560,13021,539,539,333,2284,94,7,20884907
4571,20894041,20903184,4571,17620,4036,13584,13049,535,535,322,2285,94,18,20894059
4572,20903184,20912329,4572,17584,4046,13538,13012,526,526,326,2285,94,5,20903189
4573,20912329,20921476,4573,17619,4022,13597,13046,551,551,321,2286,94,12,20912341
4574,20921476,20930625,4574,17555,4028,13527,12981,546,546,321,2286,94,3,20921479
4575,20930625,20939776,4575,17658,4038,13620,13083,537,537,332,2287,94,2,20930627
4576,20939776,20948929,4576,17574,4049,13525,12998,527,527,324,2287,94,7,20939783
4577,20948929,20958084,4577,17644,4028,13616,13067,549,549,336,2288,94,30,20948959
4578,20958084,20967241,4578,17581,4045,13536,13003,533,533,323,2288,94,5,20958089
4579,20967241,20976400,4579,17676,4044,13632,13097,535,535,316,2289,94,18,20967259
4580,20976400,20985561,4580,17630,4012,13618,13050,568,568,318,2289,94,7,20976407
4581,20985561,20994724,4581,17646,4031,13615,13065,550,550,318,2290,94,22,20985583
4582,20994724,21003889,4582,17592,4044,13548,13010,538,538,320,2290,94,25,20994749
4583,21003889,21013056,4583,17700,4023,13677,13117,560,560,312,2291,94,4,21003893
4584,21013056,21022225,4584,17602,4026,13576,13018,558,558,333,2291,94,5,21013061
4585,21022225,21031396,4585,17650,4055,13595,13065,530,530,338,2292,94,24,21022249
4586,21031396,21040569,4586,17651,4034,13617,13065,552,552,319,2292,94,25,21031421
4587,21040569,21049744,4587,17686,4049,13637,13099,538,538,331,2293,94,32,21040601
4588,21049744,21058921,4588,17662,4031,13631,13074,557,557,316,2293,94,15,21049759
4589,21058921,21068100,4589,17667,4037,13630,13078,552,552,319,2294,94,10,21058931
4590,21068100,21077281,4590,17674,4059,13615,13084,531,531,327,2294,94,1,21068101
4591,21077281,21086464,4591,17677,4054,13623,13086,537,537,332,2295,94,18,21077299
4592,21086464,21095649,4592,17712,4075,13637,13120,517,517,340,2295,94,3,21086467
4593,21095649,21104836,4593,17662,4036,13626,13069,557,557,315,2296,94,4,21095653
4594,21104836,21114025,4594,17683,4063,13620,13089,531,531,320,2296,94,7,21104843
4595,21114025,21123216,4595,17716,4023,13693,13121,572,572,314,2297,94,6,21114031
4596,21123216,21132409,4596,17719,4068,13651,13123,528,528,337,2297,94,71,21123287
4597,21132409,21141604,4597,17717,4044,13673,13120,553,553,316,2298,94,72,21132481
4598,21141604,21150801,4598,17676,4048,13628,13078,550,550,311,2298,94,3,21141607
4599,21150801,21160000,4599,17718,4090,13628,13119,509,509,351,2299,94,2,21150803
4600,21160000,21169201,4600,17730,4061,13669,13130,539,539,330,2299,94,1,21160001
4601,21169201,21178404,4601,17708,4033,13675,13107,568,568,312,2300,94,18,21169219
4602,21178404,21187609,4602,17737,4074,13663,13135,528,528,335,2300,94,7,21178411
4603,21187609,21196816,4603,17720,4049,13671,13117,554,554,321,2301,94,10,21187619
4604,21196816,21206025,4604,17742,4061,13681,13138,543,543,331,2301,94,1,21196817
4605,21206025,21215236,4605,17747,4072,13675,13142,533,533,333,2302,94,92,21206117
4606,21215236,21224449,4606,17735,4078,13657,13129,528,528,326,2302,94,1,21215237
4607,21224449,21233664,4607,17754,4062,13692,13147,545,545,334,2303,94,30,21224479
4608,21233664,21242881,4608,17796,4068,13728,13188,540,540,334,2303,94,25,21233689
4609,21242881,21252100,4609,17700,4073,13627,13091,536,536,333,2304,94,36,21242917
4610,21252100,21261321,4610,17777,4044,13733,13167,566,566,318,2304,94,7,21252107
4611,21261321,21270544,4611,17756,4052,13704,13145,559,559,322,2305,94,16,21261337
4612,21270544,21279769,4612,17804,4042,13762,13192,570,570,325,2305,94,3,21270547
4613,21279769,21288996,4613,17755,4049,13706,13142,564,564,316,2306,94,12,21279781
4614,21288996,21298225,4614,17794,4065,13729,13180,549,549,329,2306,94,1,21288997
4615,21298225,21307456,4615,17758,4075,13683,13143,540,540,323,2307,94,16,21298241
4616,21307456,21316689,4616,17793,4062,13731,13177,554,554,338,2307,94,1,21307457
4617,21316689,21325924,4617,17792,4083,13709,13175,534,534,328,2308,94,4,21316693
4618,21325924,21335161,4618,17809,4085,13724,13191,533,533,329,2308,94,19,21325943
4619,21335161,21344400,4619,17802,4053,13749,13183,566,566,319,2309,94,12,21335173
4620,21344400,21353641,4620,17790,4085,13705,13170,535,535,332,2309,94,17,21344417
4621,21353641,21362884,4621,17814,4083,13731,13193,538,538,335,2310,94,70,21353711
4622,21362884,21372129,4622,17822,4066,13756,13200,556,556,325,2310,94,9,21362893
4623,21372129,21381376,4623,17798,4070,13728,13175,553,553,335,2311,94,4,21372133
4624,21381376,21390625,4624,17820,4062,13758,13196,562,562,323,2311,94,3,21381379
4625,21390625,21399876,4625,17836,4083,13753,13211,542,542,330,2312,94,6,21390631
4626,21399876,21409129,4626,17867,4092,13775,13241,534,534,322,2312,94,25,21399901
4627,21409129,21418384,4627,17771,4069,13702,13144,558,558,321,2313,94,4,21409133
4628,21418384,21427641,4628,17856,4096,13760,13228,532,532,338,2313,94,19,21418403
4629,21427641,21436900,4629,17862,4084,13778,13233,545,545,340,2314,94,2,21427643
4630,21436900,21446161,4630,17878,4068,13810,13248,562,562,331,2314,94,27,21436927
4631,21446161,21455424,4631,17830,4068,13762,13199,563,563,305,2315,94,16,21446177
4632,21455424,21464689,4632,17858,4056,13802,13226,576,576,309,2315,94,5,21455429
4633,21464689,21473956,4633,17859,4083,13776,13226,550,550,323,2316,94,22,21464711
4634,21473956,21483225,4634,17839,4069,13770,13205,565,565,315,2316,94,31,21473987
4635,21483225,21492496,4635,17877,4094,13783,13242,541,541,345,2317,94,8,21483233
4636,21492496,21501769,4636,17882,4087,13795,13246,549,549,324,2317,94,37,21492533
4637,21501769,21511044,4637,17921,4122,13799,13284,515,515,341,2318,94,42,21501811
4638,21511044,21520321,4638,17868,4098,13770,13230,540,540,324,2318,94,35,21511079
4639,21520321,21529600,4639,17885,4100,13785,13246,539,539,331,2319,94,40,21520361
4640,21529600,21538881,4640,17838,4088,13750,13198,552,552,338,2319,94,9,21529609
4641,21538881,21548164,4641,17924,4086,13838,13283,555,555,321,2320,94,2,21538883
4642,21548164,21557449,4642,17897,4103,13794,13255,539,539,327,2320,94,3,21548167
4643,21557449,21566736,4643,17919,4084,13835,13276,559,559,324,2321,94,4,21557453
4644,21566736,21576025,4644,17884,4107,13777,13240,537,537,324,2321,94,1,21566737
4645,21576025,21585316,4645,17935,4079,13856,13290,566,566,329,2322,94,34,21576059
4646,21585316,21594609,4646,17932,4088,13844,13286,558,558,324,2322,94,21,21585337
4647,21594609,21603904,4647,17883,4106,13777,13236,541,541,333,2323,94,4,21594613
4648,21603904,21613201,4648,17937,4066,13871,13289,582,582,312,2323,94,13,21603917
4649,21613201,21622500,4649,17959,4118,13841,13310,531,531,325,2324,94,12,21613213
4650,21622500,21631801,4650,17960,4090,13870,13310,560,560,327,2324,94,1,21622501
4651,21631801,21641104,4651,17903,4110,13793,13252,541,541,323,2325,94,16,21631817
4652,21641104,21650409,4652,17942,4122,13820,13290,530,530,344,2325,94,3,21641107
4653,21650409,21659716,4653,17966,4094,13872,13313,559,559,317,2326,94,2,21650411
4654,21659716,21669025,4654,17909,4110,13799,13255,544,544,325,2326,94,3,21659719
4655,21669025,21678336,4655,18003,4082,13921,13348,573,573,326,2327,94,4,21669029
4656,21678336,21687649,4656,17945,4117,13828,13289,539,539,333,2327,95,7,21678343
4657,21687649,21696964,4657,17954,4095,13859,13297,562,562,324,2328,95,42,21687691
4658,21696964,21706281,4658,17961,4094,13867,13303,564,564,334,2328,95,3,21696967
4659,21706281,21715600,4659,17992,4108,13884,13333,551,551,328,2329,95,32,21706313
4660,21715600,21724921,4660,17987,4105,13882,13327,555,555,313,2329,95,21,21715621
4661,21724921,21734244,4661,17979,4111,13868,13318,550,550,329,2330,95,10,21724931
4662,21734244,21743569,4662,17974,4100,13874,13312,562,562,330,2330,95,17,21734261
4663,21743569,21752896,4663,18022,4100,13922,13359,563,563,323,2331,95,18,21743587
4664,21752896,21762225,4664,17999,4136,13863,13335,528,528,338,2331,95,25,21752921
4665,21762225,21771556,4665,17995,4100,13895,13330,565,565,323,2332,95,8,21762233
4666,21771556,21780889,4666,17988,4101,13887,13322,565,565,317,2332,95,1,21771557
4667,21780889,21790224,4667,18051,4110,13941,13384,557,557,331,2333,95,18,21780907
4668,21790224,21799561,4668,18011,4117,13894,13343,551,551,338,2333,95,23,21790247
4669,21799561,21808900,4669,17993,4134,13859,13324,535,535,339,2334,95,6,21799567
4670,21808900,21818241,4670,18027,4121,13906,13357,549,549,331,2334,95,21,21808921
4671,21818241,21827584,4671,17995,4095,13900,13324,576,576,328,2335,95,26,21818267
4672,21827584,21836929,4672,18083,4130,13953,13411,542,542,339,2335,95,7,21827591
4673,21836929,21846276,4673,18023,4119,13904,13350,554,554,326,2336,95,10,21836939
4674,21846276,21855625,4674,18007,4114,13893,13333,560,560,326,2336,95,5,21846281
4675,21855625,21864976,4675,18071,4131,13940,13396,544,544,334,2337,95,24,21855649
4676,21864976,21874329,4676,18019,4108,13911,13343,568,568,314,2337,95,13,21864989
4677,21874329,21883684,4677,18052,4129,13923,13375,548,548,336,2338,95,38,21874367
4678,21883684,21893041,4678,18078,4117,13961,13400,561,561,328,2338,95,15,21883699
4679,21893041,21902400,4679,18105,4144,13961,13426,535,535,337,2339,95,10,21893051
4680,21902400,21911761,4680,18053,4120,13933,13373,560,560,327,2339,95,7,21902407
4681,21911761,21921124,4681,18065,4111,13954,13384,570,570,328,2340,95,6,21911767
4682,21921124,21930489,4682,18052,4124,13928,13370,558,558,331,2340,95,43,21921167
4683,21930489,21939856,4683,18077,4095,13982,13394,588,588,312,2341,95,8,21930497
4684,21939856,21949225,4684,18094,4108,13986,13410,576,576,321,2341,95,3,21939859
4685,21949225,21958596,4685,18081,4138,13943,13396,547,547,349,2342,95,4,21949229
4686,21958596,21967969,4686,18105,4146,13959,13419,540,540,336,2342,95,13,21958609
4687,21967969,21977344,4687,18107,4139,13968,13420,548,548,328,2343,95,18,21967987
4688,21977344,21986721,4688,18086,4137,13949,13398,551,551,332,2343,95,19,21977363
4689,21986721,21996100,4689,18123,4143,13980,13434,546,546,339,2344,95,16,21986737
4690,21996100,22005481,4690,18133,4122,14011,13443,568,568,319,2344,95,3,21996103
4691,22005481,22014864,4691,18088,4127,13961,13397,564,564,338,2345,95,18,22005499
4692,22014864,22024249,4692,18107,4135,13972,13415,557,557,316,2345,95,7,22014871
4693,22024249,22033636,4693,18137,4122,14015,13444,571,571,321,2346,95,10,22024259
4694,22033636,22043025,4694,18135,4135,14000,13441,559,559,334,2346,95,15,22033651
4695,22043025,22052416,4695,18123,4110,14013,13428,585,585,326,2347,95,2,22043027
4696,22052416,22061809,4696,18151,4162,13989,13455,534,534,336,2347,95,15,22052431
4697,22061809,22071204,4697,18112,4154,13958,13415,543,543,338,2348,95,12,22061821
4698,22071204,22080601,4698,18157,4169,13988,13459,529,529,342,2348,95,5,22071209
4699,22080601,22090000,4699,18120,4161,13959,13421,538,538,335,2349,95,12,22080613
4700,22090000,22099401,4700,18187,4149,14038,13487,551,551,342,2349,95,1,22090001
4701,22099401,22108804,4701,18194,4168,14026,13493,533,533,339,2350,95,2,22099403
4702,22108804,22118209,4702,18103,4136,13967,13401,566,566,318,2350,95,7,22108811
4703,22118209,22127616,4703,18173,4151,14022,13470,552,552,320,2351,95,18,22118227
4704,22127616,22137025,4704,18216,4145,14071,13512,559,559,327,2351,95,1,22127617
4705,22137025,22146436,4705,18162,4144,14018,13457,561,561,341,2352,95,16,22137041
4706,22146436,22155849,4706,18167,4164,14003,13461,542,542,334,2352,95,15,22146451
4707,22155849,22165264,4707,18158,4153,14005,13451,554,554,320,2353,95,14,22155863
4708,22165264,22174681,4708,18225,4145,14080,13517,563,563,332,2353,95,7,22165271
4709,22174681,22184100,4709,18196,4146,14050,13487,563,563,339,2354,95,12,22174693
4710,22184100,22193521,4710,18201,4167,14034,13491,543,543,334,2354,95,17,22184117
4711,22193521,22202944,4711,18215,4187,14028,13504,524,524,347,2355,95,10,22193531
4712,22202944,22212369,4712,18180,4156,14024,13468,556,556,316,2355,95,15,22202959
4713,22212369,22221796,4713,18229,4170,14059,13516,543,543,347,2356,95,4,22212373
4714,22221796,22231225,4714,18203,4160,14043,13489,554,554,335,2356,95,3,22221799
4715,22231225,22240656,4715,18241,4169,14072,13526,546,546,330,2357,95,16,22231241
4716,22240656,22250089,4716,18238,4164,14074,13522,552,552,353,2357,95,1,22240657
4717,22250089,22259524,4717,18208,4162,14046,13491,555,555,332,2358,95,10,22250099
4718,22259524,22268961,4718,18205,4155,14050,13487,563,563,323,2358,95,3,22259527
4719,22268961,22278400,4719,18268,4154,14114,13549,565,565,326,2359,95,28,22268989
4720,22278400,22287841,4720,18223,4186,14037,13503,534,534,347,2359,95,7,22278407
4721,22287841,22297284,4721,18282,4157,14125,13561,564,564,325,2360,95,6,22287847
4722,22297284,22306729,4722,18236,4152,14084,13514,570,570,321,2360,95,7,22297291
4723,22306729,22316176,4723,18251,4162,14089,13528,561,561,328,2361,95,58,22306787
4724,22316176,22325625,4724,18222,4138,14084,13498,586,586,324,2361,95,21,22316197
4725,22325625,22335076,4725,18238,4192,14046,13513,533,533,351,2362,95,4,22325629
4726,22335076,22344529,4726,18274,4181,14093,13548,545,545,330,2362,95,1,22335077
4727,22344529,22353984,4727,18309,4167,14142,13582,560,560,335,2363,95,12,22344541
4728,22353984,22363441,4728,18274,4182,14092,13546,546,546,337,2363,95,17,22354001
4729,22363441,22372900,4729,18232,4169,14063,13503,560,560,325,2364,95,46,22363487
4730,22372900,22382361,4730,18327,4174,14153,13597,556,556,347,2364,95,7,22372907
4731,22382361,22391824,4731,18270,4183,14087,13539,548,548,336,2365,95,2,22382363
4732,22391824,22401289,4732,18291,4163,14128,13559,569,569,338,2365,95,19,22391843
4733,22401289,22410756,4733,18271,4180,14091,13538,553,553,329,2366,95,10,22401299
4734,22410756,22420225,4734,18332,4173,14159,13598,561,561,328,2366,95,1,22410757
4735,22420225,22429696,4735,18330,4190,14140,13595,545,545,335,2367,95,16,22420241
4736,22429696,22439169,4736,18277,4182,14095,13541,554,554,349,2367,95,1,22429697
4737,22439169,22448644,4737,18343,4184,14159,13606,553,553,323,2368,95,20,22439189
4738,22448644,22458121,4738,18330,4180,14150,13592,558,558,336,2368,95,19,22448663
4739,22458121,22467600,4739,18318,4176,14142,13579,563,563,349,2369,95,6,22458127
4740,22467600,22477081,4740,18308,4195,14113,13568,545,545,344,2369,95,7,22467607
4741,22477081,22486564,4741,18355,4157,14198,13614,584,584,320,2370,95,6,22477087
4742,22486564,22496049,4742,18348,4193,14155,13606,549,549,327,2370,95,3,22486567
4743,22496049,22505536,4743,18306,4181,14125,13563,562,562,334,2371,95,4,22496053
4744,22505536,22515025,4744,18341,4182,14159,13597,562,562,337,2371,95,15,22505551
4745,22515025,22524516,4745,18359,4178,14181,13614,567,567,323,2372,95,18,22515043
4746,22524516,22534009,4746,18356,4181,14175,13610,565,565,332,2372,95,31,22524547
4747,22534009,22543504,4747,18380,4184,14196,13633,563,563,334,2373,95,4,22534013
4748,22543504,22553001,4748,18320,4166,14154,13572,582,582,325,2373,95,13,22543517
4749,22553001,22562500,4749,18418,4189,14229,13669,560,560,336,2374,95,22,22553023
4750,22562500,22572001,4750,18371,4168,14203,13621,582,582,326,2374,95,21,22562521
4751,22572001,22581504,4751,18343,4210,14133,13592,541,541,335,2375,95,28,22572029
4752,22581504,22591009,4752,18421,4173,14248,13669,579,579,329,2375,95,5,22581509
4753,22591009,22600516,4753,18371,4194,14177,13618,559,559,329,2376,96,12,22591021
4754,22600516,22610025,4754,18386,4192,14194,13632,562,562,349,2376,96,1,22600517
4755,22610025,22619536,4755,18372,4200,14172,13617,555,555,331,2377,96,8,22610033
4756,22619536,22629049,4756,18386,4159,14227,13630,597,597,314,2377,96,3,22619539
4757,22629049,22638564,4757,18438,4210,14228,13681,547,547,346,2378,96,4,22629053
4758,22638564,22648081,4758,18395,4230,14165,13637,528,528,354,2378,96,5,22638569
4759,22648081,22657600,4759,18410,4199,14211,13651,560,560,325,2379,96,66,22648147
4760,22657600,22667121,4760,18411,4184,14227,13651,576,576,330,2379,96,39,22657639
4761,22667121,22676644,4761,18465,4206,14259,13704,555,555,348,2380,96,2,22667123
4762,22676644,22686169,4762,18417,4196,14221,13655,566,566,326,2380,96,9,22676653
4763,22686169,22695696,4763,18418,4174,14244,13655,589,589,337,2381,96,10,22686179
4764,22695696,22705225,4764,18423,4192,14231,13659,572,572,318,2381,96,31,22695727
4765,22705225,22714756,4765,18438,4200,14238,13673,565,565,350,2382,96,36,22705261
4766,22714756,22724289,4766,18453,4211,14242,13687,555,555,347,2382,96,7,22714763
4767,22724289,22733824,4767,18427,4197,14230,13660,570,570,320,2383,96,22,22724311
4768,22733824,22743361,4768,18461,4199,14262,13693,569,569,330,2383,96,3,22733827
4769,22743361,22752900,4769,18446,4207,14239,13677,562,562,335,2384,96,12,22743373
4770,22752900,22762441,4770,18486,4202,14284,13716,568,568,349,2384,96,29,22752929
4771,22762441,22771984,4771,18449,4221,14228,13678,550,550,334,2385,96,6,22762447
4772,22771984,22781529,4772,18471,4207,14264,13699,565,565,329,2385,96,13,22771997
4773,22781529,22791076,4773,18472,4219,14253,13699,554,554,336,2386,96,4,22781533
4774,22791076,22800625,4774,18486,4231,14255,13712,543,543,341,2386,96,27,22791103
4775,22800625,22810176,4775,18497,4213,14284,13722,562,562,336,2387,96,4,22800629
4776,22810176,22819729,4776,18458,4218,14240,13682,558,558,334,2387,96,13,22810189
4777,22819729,22829284,4777,18492,4224,14268,13715,553,553,328,2388,96,48,22819777
4778,22829284,22838841,4778,18516,4213,14303,13738,565,565,326,2388,96,13,22829297
4779,22838841,22848400,4779,18479,4182,14297,13700,597,597,322,2389,96,2,22838843
4780,22848400,22857961,4780,18491,4211,14280,13711,569,569,341,2389,96,1,22848401
4781,22857961,22867524,4781,18526,4214,14312,13745,567,567,331,2390,96,12,22857973
4782,22867524,22877089,4782,18524,4220,14304,13742,562,562,342,2390,96,7,22867531
4783,22877089,22886656,4783,18511,4222,14289,13728,561,561,338,2391,96,4,22877093
4784,22886656,22896225,4784,18513,4205,14308,13729,579,579,332,2391,96,1,22886657
4785,22896225,22905796,4785,18481,4226,14255,13696,559,559,324,2392,96,8,22896233
4786,22905796,22915369,4786,18566,4212,14354,13780,574,574,332,2392,96,1,22905797
4787,22915369,22924944,4787,18521,4219,14302,13734,568,568,330,2393,96,12,22915381
4788,22924944,22934521,4788,18520,4226,14294,13732,562,562,345,2393,96,5,22924949
4789,22934521,22944100,4789,18536,4225,14311,13747,564,564,321,2394,96,12,22934533
4790,22944100,22953681,4790,18621,4224,14397,13831,566,566,347,2394,96,21,22944121
4791,22953681,22963264,4791,18508,4239,14269,13717,552,552,327,2395,96,28,22953709
4792,22963264,22972849,4792,18559,4221,14338,13767,571,571,336,2395,96,15,22963279
4793,22972849,22982436,4793,18575,4231,14344,13782,562,562,338,2396,96,4,22972853
4794,22982436,22992025,4794,18538,4240,14298,13744,554,554,333,2396,96,1,22982437
4795,22992025,23001616,4795,18625,4223,14402,13830,572,572,355,2397,96,18,22992043
4796,23001616,23011209,4796,18469,4194,14275,13673,602,602,317,2397,96,1,23001617
4797,23011209,23020804,4797,18628,4227,14401,13831,570,570,323,2398,96,2,23011211
4798,23020804,23030401,4798,18576,4223,14353,13778,575,575,332,2398,96,27,23020831
4799,23030401,23040000,4799,18603,4236,14367,13804,563,563,351,2399,96,6,23030407
4800,23040000,23049601,4800,18576,4234,14342,13776,566,566,335,2399,96,23,23040023
4801,23049601,23059204,4801,18611,4226,14385,13810,575,575,331,2400,96,12,23049613
4802,23059204,23068809,4802,18584,4244,14340,13782,558,558,342,2400,96,3,23059207
4803,23068809,23078416,4803,18644,4219,14425,13841,584,584,334,2401,96,8,23068817
4804,23078416,23088025,4804,18555,4266,14289,13751,538,538,342,2401,96,21,23078437
4805,23088025,23097636,4805,18634,4253,14381,13829,552,552,356,2402,96,46,23088071
4806,23097636,23107249,4806,18614,4242,14372,13808,564,564,334,2402,96,31,23097667
4807,23107249,23116864,4807,18670,4228,14442,13863,579,579,336,2403,96,12,23107261
4808,23116864,23126481,4808,18591,4265,14326,13783,543,543,331,2403,96,3,23116867
4809,23126481,23136100,4809,18622,4241,14381,13813,568,568,345,2404,96,2,23126483
4810,23136100,23145721,4810,18653,4236,14417,13843,574,574,332,2404,96,21,23136121
4811,23145721,23155344,4811,18618,4246,14372,13807,565,565,331,2405,96,70,23145791
4812,23155344,23164969,4812,18656,4222,14434,13844,590,590,335,2405,96,23,23155367
4813,23164969,23174596,4813,18610,4220,14390,13797,593,593,331,2406,96,18,23164987
4814,23174596,23184225,4814,18664,4262,14402,13850,552,552,347,2406,96,13,23174609
4815,23184225,23193856,4815,18670,4278,14392,13855,537,537,351,2407,96,16,23184241
4816,23193856,23203489,4816,18670,4242,14428,13854,574,574,327,2407,96,31,23193887
4817,23203489,23213124,4817,18666,4279,14387,13849,538,538,351,2408,96,4,23203493
4818,23213124,23222761,4818,18637,4233,14404,13819,585,585,329,2408,96,7,23213131
4819,23222761,23232400,4819,18720,4264,14456,13901,555,555,342,2409,96,6,23222767
4820,23232400,23242041,4820,18657,4252,14405,13837,568,568,344,2409,96,3,23232403
4821,23242041,23251684,4821,18662,4254,14408,13841,567,567,336,2410,96,26,23242067
4822,23251684,23261329,4822,18715,4244,14471,13893,578,578,335,2410,96,9,23251693
4823,23261329,23270976,4823,18709,4248,14461,13886,575,575,325,2411,96,12,23261341
4824,23270976,23280625,4824,18687,4226,14461,13863,598,598,336,2411,96,31,23271007
4825,23280625,23290276,4825,18674,4258,14416,13849,567,567,342,2412,96,12,23280637
4826,23290276,23299929,4826,18723,4260,14463,13897,566,566,339,2412,96,15,23290291
4827,23299929,23309584,4827,18679,4238,14441,13852,589,589,308,2413,96,22,23299951
4828,23309584,23319241,4828,18758,4260,14498,13930,568,568,346,2413,96,13,23309597
4829,23319241,23328900,4829,18697,4251,14446,13868,578,578,344,2414,96,12,23319253
4830,23328900,23338561,4830,18700,4278,14422,13870,552,552,335,2414,96,71,23328971
4831,23338561,23348224,4831,18748,4271,14477,13917,560,560,338,2415,96,36,23338597
4832,23348224,23357889,4832,18729,4231,14498,13897,601,601,330,2415,96,9,23348233
4833,23357889,23367556,4833,18730,4267,14463,13897,566,566,347,2416,96,10,23357899
4834,23367556,23377225,4834,18771,4246,14525,13937,588,588,330,2416,96,1,23367557
4835,23377225,23386896,4835,18742,4296,14446,13907,539,539,336,2417,96,18,23377243
4836,23386896,23396569,4836,18738,4287,14451,13902,549,549,356,2417,96,5,23386901
4837,23396569,23406244,4837,18740,4280,14460,13903,557,557,341,2418,96,10,23396579
4838,23406244,23415921,4838,18784,4270,14514,13946,568,568,340,2418,96,15,23406259
4839,23415921,23425600,4839,18762,4267,14495,13923,572,572,327,2419,96,8,23415929
4840,23425600,23435281,4840,18752,4276,14476,13912,564,564,345,2419,96,63,23425663
4841,23435281,23444964,4841,18779,4252,14527,13938,589,589,321,2420,96,30,23435311
4842,23444964,23454649,4842,18775,4283,14492,13933,559,559,352,2420,96,13,23444977
4843,23454649,23464336,4843,18792,4257,14535,13949,586,586,342,2421,96,12,23454661
4844,23464336,23474025,4844,18742,4255,14487,13898,589,589,330,2421,96,31,23464367
4845,23474025,23483716,4845,18782,4267,14515,13937,578,578,345,2422,96,4,23474029
4846,23483716,23493409,4846,18844,4300,14544,13998,546,546,351,2422,96,13,23483729
4847,23493409,23503104,4847,18784,4276,14508,13937,571,571,344,2423,96,24,23493433
4848,23503104,23512801,4848,18820,4283,14537,13972,565,565,341,2423,96,43,23503147
4849,23512801,23522500,4849,18745,4287,14458,13896,562,562,333,2424,96,16,23512817
4850,23522500,23532201,4850,18800,4265,14535,13950,585,585,337,2424,96,1,23522501
4851,23532201,23541904,4851,18846,4265,14581,13995,586,586,322,2425,97,20,23532221
4852,23541904,23551609,4852,18779,4279,14500,13927,573,573,344,2425,97,79,23541983
4853,23551609,23561316,4853,18835,4293,14542,13982,560,560,340,2426,97,42,23551651
4854,23561316,23571025,4854,18819,4280,14539,13965,574,574,335,2426,97,7,23561323
4855,23571025,23580736,4855,18830,4279,14551,13975,576,576,329,2427,97,4,23571029
4856,23580736,23590449,4856,18834,4324,14510,13978,532,532,357,2427,97,13,23580749
4857,23590449,23600164,4857,18856,4255,14601,13999,602,602,324,2428,97,22,23590471
4858,23600164,23609881,4858,18870,4296,14574,14012,562,562,353,2428,97,3,23600167
4859,23609881,23619600,4859,18839,4284,14555,13980,575,575,348,2429,97,28,23609909
4860,23619600,23629321,4860,18823,4273,14550,13963,587,587,331,2429,97,11,23619611
4861,23629321,23639044,4861,18872,4303,14569,14011,558,558,344,2430,97,22,23629343
4862,23639044,23648769,4862,18902,4299,14603,14040,563,563,347,2430,97,3,23639047
4863,23648769,23658496,4863,18814,4283,14531,13951,580,580,338,2431,97,2,23648771
4864,23658496,23668225,4864,18904,4269,14635,14040,595,595,340,2431,97,31,23658527
4865,23668225,23677956,4865,18857,4284,14573,13992,581,581,329,2432,97,6,23668231
4866,23677956,23687689,4866,18905,4305,14600,14039,561,561,331,2432,97,11,23677967
4867,23687689,23697424,4867,18809,4295,14514,13942,572,572,365,2433,97,12,23687701
4868,23697424,23707161,4868,18960,4295,14665,14092,573,573,345,2433,97,9,23697433
4869,23707161,23716900,4869,18866,4316,14550,13997,553,553,343,2434,97,10,23707171
4870,23716900,23726641,4870,18944,4301,14643,14074,569,569,339,2434,97,7,23716907
4871,23726641,23736384,4871,18850,4311,14539,13979,560,560,337,2435,97,12,23726653
4872,23736384,23746129,4872,18932,4299,14633,14060,573,573,342,2435,97,59,23736443
4873,23746129,23755876,4873,18931,4297,14634,14058,576,576,328,2436,97,18,23746147
4874,23755876,23765625,4874,18868,4300,14568,13994,574,574,357,2436,97,15,23755891
4875,23765625,23775376,4875,18932,4298,14634,14057,577,577,345,2437,97,8,23765633
4876,23775376,23785129,4876,18940,4288,14652,14064,588,588,349,2437,97,1,23775377
4877,23785129,23794884,4877,18910,4322,14588,14033,555,555,341,2438,97,34,23785163
4878,23794884,23804641,4878,18915,4303,14612,14037,575,575,346,2438,97,5,23794889
4879,23804641,23814400,4879,18958,4308,14650,14079,571,571,335,2439,97,18,23804659
4880,23814400,23824161,4880,18947,4279,14668,14067,601,601,317,2439,97,9,23814409
4881,23824161,23833924,4881,18937,4338,14599,14056,543,543,360,2440,97,20,23824181
4882,23833924,23843689,4882,18966,4311,14655,14084,571,571,327,2440,97,13,23833937
4883,23843689,23853456,4883,18952,4336,14616,14069,547,547,354,2441,97,30,23843719
4884,23853456,23863225,4884,18940,4312,14628,14056,572,572,348,2441,97,7,23853463
4885,23863225,23872996,4885,18982,4297,14685,14097,588,588,341,2442,97,18,23863243
4886,23872996,23882769,4886,18946,4320,14626,14060,566,566,347,2442,97,1,23872997
4887,23882769,23892544,4887,18977,4294,14683,14090,593,593,333,2443,97,10,23882779
4888,23892544,23902321,4888,18991,4310,14681,14103,578,578,346,2443,97,25,23892569
4889,23902321,23912100,4889,19001,4282,14719,14112,607,607,331,2444,97,10,23902331
4890,23912100,23921881,4890,18947,4322,14625,14057,568,568,326,2444,97,7,23912107
4891,23921881,23931664,4891,19014,4309,14705,14123,582,582,339,2445,97,18,23921899
4892,23931664,23941449,4892,18982,4314,14668,14090,578,578,355,2445,97,19,23931683
4893,23941449,23951236,4893,18997,4324,14673,14104,569,569,335,2446,97,4,23941453
4894,23951236,23961025,4894,19012,4338,14674,14118,556,556,351,2446,97,1,23951237
4895,23961025,23970816,4895,19022,4324,14698,14127,571,571,344,2447,97,6,23961031
4896,23970816,23980609,4896,18978,4322,14656,14082,574,574,338,2447,97,11,23970827
4897,23980609,23990404,4897,19034,4315,14719,14137,582,582,349,2448,97,34,23980643
4898,23990404,24000201,4898,18968,4307,14661,14070,591,591,331,2448,97,7,23990411
4899,24000201,24010000,4899,19074,4299,14775,14175,600,600,347,2449,97,2,24000203
4900,24010000,24019801,4900,18980,4337,14643,14080,563,563,347,2449,97,31,24010031
4901,24019801,24029604,4901,19061,4329,14732,14160,572,572,335,2450,97,10,24019811
4902,24029604,24039409,4902,19045,4315,14730,14143,587,587,342,2450,97,5,24029609
4903,24039409,24049216,4903,19050,4337,14713,14147,566,566,345,2451,97,28,24039437
4904,24049216,24059025,4904,19014,4310,14704,14110,594,594,346,2451,97,1,24049217
4905,24059025,24068836,4905,19067,4328,14739,14162,577,577,342,2452,97,8,24059033
4906,24068836,24078649,4906,19060,4319,14741,14154,587,587,341,2452,97,7,24068843
4907,24078649,24088464,4907,19041,4333,14708,14134,574,574,336,2453,97,30,24078679
4908,24088464,24098281,4908,19087,4365,14722,14179,543,543,350,2453,97,5,24088469
4909,24098281,24108100,4909,19069,4334,14735,14160,575,575,347,2454,97,6,24098287
4910,24108100,24117921,4910,19065,4319,14746,14155,591,591,352,2454,97,1,24108101
4911,24117921,24127744,4911,19079,4377,14702,14168,534,534,367,2455,97,50,24117971
4912,24127744,24137569,4912,19051,4312,14739,14139,600,600,330,2455,97,27,24127771
4913,24137569,24147396,4913,19129,4329,14800,14216,584,584,337,2456,97,4,24137573
4914,24147396,24157225,4914,19098,4316,14782,14184,598,598,337,2456,97,17,24147413
4915,24157225,24167056,4915,19082,4316,14766,14167,599,599,333,2457,97,22,24157247
4916,24167056,24176889,4916,19101,4362,14739,14185,554,554,356,2457,97,27,24167083
4917,24176889,24186724,4917,19101,4327,14774,14184,590,590,340,2458,97,2,24176891
4918,24186724,24196561,4918,19095,4331,14764,14177,587,587,339,2458,97,25,24186749
4919,24196561,24206400,4919,19151,4358,14793,14232,561,561,349,2459,97,30,24196591
4920,24206400,24216241,4920,19087,4338,14749,14167,582,582,337,2459,97,1,24206401
4921,24216241,24226084,4921,19136,4334,14802,14215,587,587,341,2460,97,12,24216253
4922,24226084,24235929,4922,19123,4321,14802,14201,601,601,338,2460,97,3,24226087
4923,24235929,24245776,4923,19117,4349,14768,14194,574,574,347,2461,97,20,24235949
4924,24245776,24255625,4924,19132,4334,14798,14208,590,590,334,2461,97,3,24245779
4925,24255625,24265476,4925,19130,4362,14768,14205,563,563,349,2462,97,18,24255643
4926,24265476,24275329,4926,19149,4345,14804,14223,581,581,339,2462,97,11,24265487
4927,24275329,24285184,4927,19165,4315,14850,14238,612,612,333,2463,97,4,24275333
4928,24285184,24295041,4928,19148,4348,14800,14220,580,580,338,2463,97,3,24285187
4929,24295041,24304900,4929,19131,4342,14789,14202,587,587,335,2464,97,40,24295081
4930,24304900,24314761,4930,19184,4345,14839,14254,585,585,343,2464,97,19,24304919
4931,24314761,24324624,4931,19160,4362,14798,14229,569,569,349,2465,97,30,24314791
4932,24324624,24334489,4932,19178,4352,14826,14246,580,580,358,2465,97,23,24324647
4933,24334489,24344356,4933,19186,4355,14831,14253,578,578,360,2466,97,18,24334507
4934,24344356,24354225,4934,19138,4349,14789,14204,585,585,337,2466,97,45,24344401
4935,24354225,24364096,4935,19197,4347,14850,14262,588,588,340,2467,97,16,24354241
4936,24364096,24373969,4936,19172,4362,14810,14236,574,574,357,2467,97,1,24364097
4937,24373969,24383844,4937,19203,4352,14851,14266,585,585,339,2468,97,64,24374033
4938,24383844,24393721,4938,19150,4351,14799,14212,587,587,338,2468,97,17,24383861
4939,24393721,24403600,4939,19264,4351,14913,14325,588,588,354,2469,97,16,24393737
4940,24403600,24413481,4940,19184,4355,14829,14244,585,585,339,2469,97,33,24403633
4941,24413481,24423364,4941,19186,4361,14825,14245,580,580,334,2470,97,2,24413483
4942,24423364,24433249,4942,19223,4362,14861,14281,580,580,341,2470,97,25,24423389
4943,24433249,24443136,4943,19257,4374,14883,14314,569,569,341,2471,97,22,24433271
4944,24443136,24453025,4944,19205,4374,14831,14261,570,570,334,2471,97,1,24443137
4945,24453025,24462916,4945,19186,4391,14795,14241,554,554,363,2472,97,18,24453043
4946,24462916,24472809,4946,19272,4374,14898,14326,572,572,339,2472,97,7,24462923
4947,24472809,24482704,4947,19231,4349,14882,14284,598,598,341,2473,97,22,24472831
4948,24482704,24492601,4948,19215,4355,14860,14267,593,593,337,2473,97,3,24482707
4949,24492601,24502500,4949,19224,4370,14854,14275,579,579,355,2474,97,22,24492623
4950,24502500,24512401,4950,19265,4358,14907,14315,592,592,336,2474,98,29,24502529
4951,24512401,24522304,4951,19283,4380,14903,14332,571,571,346,2475,98,6,24512407
4952,24522304,24532209,4952,19239,4362,14877,14287,590,590,359,2475,98,3,24522307
4953,24532209,24542116,4953,19254,4369,14885,14301,584,584,339,2476,98,14,24532223
4954,24542116,24552025,4954,19267,4352,14915,14313,602,602,344,2476,98,1,24542117
4955,24552025,24561936,4955,19283,4391,14892,14328,564,564,359,2477,98,12,24552037
4956,24561936,24571849,4956,19278,4378,14900,14322,578,578,347,2477,98,1,24561937
4957,24571849,24581764,4957,19263,4361,14902,14306,596,596,352,2478,98,4,24571853
4958,24581764,24591681,4958,19276,4390,14886,14318,568,568,337,2478,98,19,24581783
4959,24591681,24601600,4959,19302,4377,14925,14343,582,582,339,2479,98,2,24591683
4960,24601600,24611521,4960,19267,4393,14874,14307,567,567,349,2479,98,9,24601609
4961,24611521,24621444,4961,19288,4384,14904,14327,577,577,354,2480,98,6,24611527
4962,24621444,24631369,4962,19307,4350,14957,14345,612,612,353,2480,98,19,24621463
4963,24631369,24641296,4963,19326,4404,14922,14363,559,559,352,2481,98,48,24631417
4964,24641296,24651225,4964,19322,4395,14927,14358,569,569,340,2481,98,37,24641333
4965,24651225,24661156,4965,19284,4373,14911,14319,592,592,356,2482,98,4,24651229
4966,24661156,24671089,4966,19313,4366,14947,14347,600,600,344,2482,98,7,24661163
4967,24671089,24681024,4967,19329,4368,14961,14362,599,599,350,2483,98,4,24671093
4968,24681024,24690961,4968,19334,4351,14983,14366,617,617,330,2483,98,7,24681031
4969,24690961,24700900,4969,19345,4394,14951,14376,575,575,353,2484,98,40,24691001
4970,24700900,24710841,4970,19327,4375,14952,14357,595,595,329,2484,98,39,24700939
4971,24710841,24720784,4971,19353,4388,14965,14382,583,583,353,2485,98,22,24710863
4972,24720784,24730729,4972,19330,4368,14962,14358,604,604,320,2485,98,13,24720797
4973,24730729,24740676,4973,19360,4420,14940,14387,553,553,360,2486,98,22,24730751
4974,24740676,24750625,4974,19342,4381,14961,14368,593,593,339,2486,98,11,24740687
4975,24750625,24760576,4975,19371,4407,14964,14396,568,568,354,2487,98,6,24750631
4976,24760576,24770529,4976,19361,4378,14983,14385,598,598,343,2487,98,3,24760579
4977,24770529,24780484,4977,19380,4369,15011,14403,608,608,331,2488,98,2,24770531
4978,24780484,24790441,4978,19338,4395,14943,14360,583,583,351,2488,98,33,24780517
4979,24790441,24800400,4979,19406,4408,14998,14427,571,571,355,2489,98,12,24790453
4980,24800400,24810361,4980,19376,4400,14976,14396,580,580,340,2489,98,11,24800411
4981,24810361,24820324,4981,19395,4396,14999,14414,585,585,351,2490,98,6,24810367
4982,24820324,24830289,4982,19352,4421,14931,14370,561,561,359,2490,98,9,24820333
4983,24830289,24840256,4983,19396,4405,14991,14413,578,578,357,2491,98,80,24830369
4984,24840256,24850225,4984,19417,4419,14998,14433,565,565,346,2491,98,57,24840313
4985,24850225,24860196,4985,19380,4365,15015,14395,620,620,351,2492,98,4,24850229
4986,24860196,24870169,4986,19441,4408,15033,14455,578,578,326,2492,98,5,24860201
4987,24870169,24880144,4987,19377,4391,14986,14390,596,596,340,2493,98,24,24870193
4988,24880144,24890121,4988,19457,4412,15045,14469,576,576,359,2493,98,3,24880147
4989,24890121,24900100,4989,19416,4405,15011,14427,584,584,356,2494,98,22,24890143
4990,24900100,24910081,4990,19381,4404,14977,14391,586,586,344,2494,98,1,24900101
4991,24910081,24920064,4991,19434,4444,14990,14443,547,547,360,2495,98,6,24910087
4992,24920064,24930049,4992,19469,4394,15075,14477,598,598,335,2495,98,17,24920081
4993,24930049,24940036,4993,19453,4413,15040,14460,580,580,349,2496,98,28,24930077
4994,24940036,24950025,4994,19379,4425,14954,14385,569,569,349,2496,98,13,24940049
4995,24950025,24960016,4995,19478,4393,15085,14483,602,602,350,2497,98,2,24950027
4996,24960016,24970009,4996,19414,4397,15017,14418,599,599,347,2497,98,15,24960031
4997,24970009,24980004,4997,19466,4381,15085,14469,616,616,334,2498,98,12,24970021
4998,24980004,24990001,4998,19452,4436,15016,14454,562,562,358,2498,98,5,24980009
4999,24990001,25000000,4999,19486,4428,15058,14487,571,571,352,2499,98,36,24990037
5000,25000000,25010001,5000,19487,4387,15100,14487,613,613,348,2499,98,9,25000009
5001,25010001,25020004,5001,19445,4403,15042,14444,598,598,349,2500,98,2,25010003
5002,25020004,25030009,5002,19488,4433,15055,14486,569,569,343,2500,98,15,25020019
5003,25030009,25040016,5003,19484,4440,15044,14481,563,563,356,2501,98,4,25030013
5004,25040016,25050025,5004,19455,4427,15028,14451,577,577,353,2501,98,1,25040017
5005,25050025,25060036,5005,19500,4399,15101,14495,606,606,341,2502,98,16,25050041
5006,25060036,25070049,5006,19502,4414,15088,14496,592,592,344,2502,98,3,25060039
5007,25070049,25080064,5007,19455,4415,15040,14448,592,592,350,2503,98,8,25070057
5008,25080064,25090081,5008,19525,4407,15118,14517,601,601,336,2503,98,3,25080067
5009,25090081,25100100,5009,19491,4429,15062,14482,580,580,353,2504,98,16,25090097
5010,25100100,25110121,5010,19543,4403,15140,14533,607,607,333,2504,98,23,25100123
5011,25110121,25120144,5011,19515,4392,15123,14504,619,619,346,2505,98,10,25110131
5012,25120144,25130169,5012,19519,4438,15081,14507,574,574,352,2505,98,27,25120171
5013,25130169,25140196,5013,19532,4437,15095,14519,576,576,355,2506,98,4,25130173
5014,25140196,25150225,5014,19523,4446,15077,14509,568,568,361,2506,98,1,25140197
5015,25150225,25160256,5015,19520,4467,15053,14505,548,548,346,2507,98,58,25150283
5016,25160256,25170289,5016,19530,4412,15118,14514,604,604,351,2507,98,1,25160257
5017,25170289,25180324,5017,19585,4430,15155,14568,587,587,353,2508,98,4,25170293
5018,25180324,25190361,5018,19502,4417,15085,14484,601,601,340,2508,98,147,25180471
5019,25190361,25200400,5019,19564,4443,15121,14545,576,576,349,2509,98,32,25190393
5020,25200400,25210441,5020,19580,4450,15130,14560,570,570,345,2509,98,7,25200407
5021,25210441,25220484,5021,19537,4445,15092,14516,576,576,360,2510,98,78,25210519
5022,25220484,25230529,5022,19584,4441,15143,14562,581,581,357,2510,98,7,25220491
5023,25230529,25240576,5023,19560,4466,15094,14537,557,557,357,2511,98,18,25230547
5024,25240576,25250625,5024,19557,4444,15113,14533,580,580,349,2511,98,7,25240583
5025,25250625,25260676,5025,19593,4429,15164,14568,596,596,347,2512,98,26,25250651
5026,25260676,25270729,5026,19589,4435,15154,14563,591,591,360,2512,98,13,25260689
5027,25270729,25280784,5027,19574,4423,15151,14547,604,604,347,2513,98,24,25270753
5028,25280784,25290841,5028,19598,4450,15148,14570,578,578,339,2513,98,5,25280789
5029,25290841,25300900,5029,19607,4447,15160,14578,582,582,355,2514,98,36,25290877
5030,25300900,25310961,5030,19572,4431,15141,14542,599,599,353,2514,98,1,25300901
5031,25310961,25321024,5031,19595,4423,15172,14564,608,608,341,2515,98,2,25310963
5032,25321024,25331089,5032,19631,4446,15185,14599,586,586,351,2515,98,75,25321099
5033,25331089,25341156,5033,19594,4427,15167,14561,606,606,350,2516,98,12,25331101
5034,25341156,25351225,5034,19616,4461,15155,14582,573,573,371,2516,98,5,25341161
5035,25351225,25361296,5035,19619,4464,15155,14584,571,571,353,2517,98,64,25351289
5036,25361296,25371369,5036,19635,4466,15169,14599,570,570,353,2517,98,15,25361311
5037,25371369,25381444,5037,19653,4429,15224,14616,608,608,353,2518,98,2,25371371
5038,25381444,25391521,5038,19601,4433,15168,14563,605,605,341,2518,98,7,25381451
5039,25391521,25401600,5039,19642,4440,15202,14603,599,599,339,2519,98,12,25391533
5040,25401600,25411681,5040,19616,4462,15154,14576,578,578,345,2519,98,11,25401611
5041,25411681,25421764,5041,19693,4461,15232,14652,580,580,359,2520,98,16,25411697
5042,25421764,25431849,5042,19635,4460,15175,14593,582,582,364,2520,98,7,25421771
5043,25431849,25441936,5043,19658,4470,15188,14615,573,573,353,2521,98,2,25431851
5044,25441936,25452025,5044,19684,4432,15252,14640,612,612,332,2521,98,1,25441937
5045,25452025,25462116,5045,19648,4433,15215,14603,612,612,346,2522,98,4,25452029
5046,25462116,25472209,5046,19688,4436,15252,14642,610,610,334,2522,98,5,25462121
5047,25472209,25482304,5047,19670,4455,15215,14623,592,592,357,2523,98,12,25472221
5048,25482304,25492401,5048,19659,4465,15194,14611,583,583,367,2523,98,9,25482313
5049,25492401,25502500,5049,19698,4476,15222,14649,573,573,369,2524,98,26,25492427
5050,25502500,25512601,5050,19657,4471,15186,14607,579,579,342,2524,99,7,25502507
5051,25512601,25522704,5051,19698,4466,15232,14647,585,585,341,2525,99,36,25512637
5052,25522704,25532809,5052,19691,4438,15253,14639,614,614,342,2525,99,37,25522741
5053,25532809,25542916,5053,19728,4445,15283,14675,608,608,348,2526,99,12,25532821
5054,25542916,25553025,5054,19669,4465,15204,14615,589,589,365,2526,99,1,25542917
5055,25553025,25563136,5055,19716,4475,15241,14661,580,580,355,2527,99,2,25553027
5056,25563136,25573249,5056,19689,4468,15221,14633,588,588,355,2527,99,1,25563137
5057,25573249,25583364,5057,19751,4441,15310,14694,616,616,343,2528,99,22,25573271
5058,25583364,25593481,5058,19763,4466,15297,14705,592,592,355,2528,99,13,25583377
5059,25593481,25603600,5059,19690,4470,15220,14631,589,589,367,2529,99,12,25593493
5060,25603600,25613721,5060,19718,4468,15250,14658,592,592,350,2529,99,3,25603603
5061,25613721,25623844,5061,19781,4479,15302,14720,582,582,360,2530,99,38,25613759
5062,25623844,25633969,5062,19701,4475,15226,14639,587,587,340,2530,99,9,25623853
5063,25633969,25644096,5063,19766,4431,15335,14703,632,632,333,2531,99,4,25633973
5064,25644096,25654225,5064,19730,4457,15273,14666,607,607,343,2531,99,23,25644119
5065,25654225,25664356,5065,19744,4518,15226,14679,547,547,368,2532,99,4,25654229
5066,25664356,25674489,5066,19795,4503,15292,14729,563,563,372,2532,99,7,25664363
5067,25674489,25684624,5067,19740,4449,15291,14673,618,618,336,2533,99,22,25674511
5068,25684624,25694761,5068,19779,4482,15297,14711,586,586,358,2533,99,3,25684627
5069,25694761,25704900,5069,19756,4464,15292,14687,605,605,342,2534,99,28,25694789
5070,25704900,25715041,5070,19797,4461,15336,14727,609,609,349,2534,99,19,25704919
5071,25715041,25725184,5071,19773,4472,15301,14702,599,599,355,2535,99,6,25715047
5072,25725184,25735329,5072,19767,4508,15259,14695,564,564,363,2535,99,3,25725187
5073,25735329,25745476,5073,19810,4465,15345,14737,608,608,344,2536,99,28,25735357
5074,25745476,25755625,5074,19784,4462,15322,14710,612,612,338,2536,99,3,25745479
5075,25755625,25765776,5075,19815,4477,15338,14740,598,598,352,2537,99,36,25755661
5076,25765776,25775929,5076,19760,4478,15282,14684,598,598,356,2537,99,1,25765777
5077,25775929,25786084,5077,19843,4486,15357,14766,591,591,354,2538,99,18,25775947
5078,25786084,25796241,5078,19818,4472,15346,14740,606,606,351,2538,99,7,25786091
5079,25796241,25806400,5079,19789,4483,15306,14710,596,596,359,2539,99,8,25796249
5080,25806400,25816561,5080,19800,4461,15339,14720,619,619,334,2539,99,1,25806401
5081,25816561,25826724,5081,19815,4480,15335,14734,601,601,358,2540,99,18,25816579
5082,25826724,25836889,5082,19911,4491,15420,14829,591,591,351,2540,99,29,25826753
5083,25836889,25847056,5083,19792,4462,15330,14709,621,621,339,2541,99,12,25836901
5084,25847056,25857225,5084,19829,4507,15322,14745,577,577,369,2541,99,15,25847071
5085,25857225,25867396,5085,19824,4490,15334,14739,595,595,341,2542,99,38,25857263
5086,25867396,25877569,5086,19851,4506,15345,14765,580,580,347,2542,99,1,25867397
5087,25877569,25887744,5087,19831,4476,15355,14744,611,611,351,2543,99,4,25877573
5088,25887744,25897921,5088,19906,4486,15420,14818,602,602,363,2543,99,7,25887751
5089,25897921,25908100,5089,19810,4518,15292,14721,571,571,359,2544,99,22,25897943
5090,25908100,25918281,5090,19866,4493,15373,14776,597,597,343,2544,99,9,25908109
5091,25918281,25928464,5091,19886,4481,15405,14795,610,610,364,2545,99,2,25918283
5092,25928464,25938649,5092,19891,4478,15413,14799,614,614,350,2545,99,15,25928479
5093,25938649,25948836,5093,19832,4508,15324,14739,585,585,356,2546,99,10,25938659
5094,25948836,25959025,5094,19938,4518,15420,14844,576,576,362,2546,99,11,25948847
5095,25959025,25969216,5095,19857,4502,15355,14762,593,593,341,2547,99,42,25959067
5096,25969216,25979409,5096,19882,4481,15401,14786,615,615,344,2547,99,27,25969243
5097,25979409,25989604,5097,19929,4483,15446,14832,614,614,337,2548,99,14,25979423
5098,25989604,25999801,5098,19860,4506,15354,14762,592,592,355,2548,99,25,25989629
5099,25999801,26010000,5099,19948,4509,15439,14849,590,590,362,2549,99,6,25999807
5100,26010000,26020201,5100,19895,4512,15383,14795,588,588,361,2549,99,7,26010007
5101,26020201,26030404,5101,19912,4504,15408,14811,597,597,359,2550,99,6,26020207
5102,26030404,26040609,5102,19888,4486,15402,14786,616,616,342,2550,99,15,26030419
5103,26040609,26050816,5103,19932,4512,15420,14829,591,591,356,2551,99,4,26040613
5104,26050816,26061025,5104,19940,4508,15432,14836,596,596,361,2551,99,25,26050841
5105,26061025,26071236,5105,19936,4511,15425,14831,594,594,348,2552,99,6,26061031
5106,26071236,26081449,5106,19919,4522,15397,14813,584,584,362,2552,99,71,26071307
5107,26081449,26091664,5107,19963,4490,15473,14856,617,617,344,2553,99,28,26081477
5108,26091664,26101881,5108,19911,4497,15414,14803,611,611,364,2553,99,7,26091671
5109,26101881,26112100,5109,19981,4541,15440,14872,568,568,348,2554,99,2,26101883
5110,26112100,26122321,5110,19887,4499,15388,14777,611,611,333,2554,99,3,26112103
5111,26122321,26132544,5111,20025,4492,15533,14914,619,619,345,2555,99,10,26122331
5112,26132544,26142769,5112,19951,4521,15430,14839,591,591,352,2555,99,5,26132549
5113,26142769,26152996,5113,19990,4523,15467,14877,590,590,357,2556,99,4,26142773
5114,26152996,26163225,5114,19920,4506,15414,14806,608,608,356,2556,99,3,26152999
5115,26163225,26173456,5115,19981,4531,15450,14866,584,584,350,2557,99,14,26163239
5116,26173456,26183689,5116,19946,4521,15425,14830,595,595,360,2557,99,7,26173463
5117,26183689,26193924,5117,19997,4524,15473,14880,593,593,361,2558,99,4,26183693
5118,26193924,26204161,5118,19997,4535,15462,14879,583,583,345,2558,99,19,26193943
5119,26204161,26214400,5119,19984,4508,15476,14865,611,611,355,2559,99,42,26204203
5120,26214400,26224641,5120,19971,4505,15466,14851,615,615,347,2559,99,1,26214401
5121,26224641,26234884,5121,20019,4524,15495,14898,597,597,351,2560,99,2,26224643
5122,26234884,26245129,5122,20020,4548,15472,14898,574,574,362,2560,99,15,26234899
5123,26245129,26255376,5123,20005,4552,15453,14882,571,571,366,2561,99,4,26245133
5124,26255376,26265625,5124,20025,4527,15498,14901,597,597,358,2561,99,5,26255381
5125,26265625,26275876,5125,20006,4506,15500,14881,619,619,347,2562,99,12,26265637
5126,26275876,26286129,5126,20046,4523,15523,14920,603,603,363,2562,99,1,26275877
5127,26286129,26296384,5127,19961,4535,15426,14834,592,592,377,2563,99,8,26286137
5128,26296384,26306641,5128,20065,4514,15551,14937,614,614,351,2563,99,9,26296393
5129,26306641,26316900,5129,20025,4527,15498,14896,602,602,362,2564,99,40,26306681
5130,26316900,26327161,5130,20067,4520,15547,14937,610,610,351,2564,99,7,26316907
5131,26327161,26337424,5131,20028,4521,15507,14897,610,610,344,2565,99,16,26327177
5132,26337424,26347689,5132,20051,4565,15486,14919,567,567,369,2565,99,3,26337427
5133,26347689,26357956,5133,20071,4539,15532,14938,594,594,341,2566,99,4,26347693
5134,26357956,26368225,5134,20031,4520,15511,14897,614,614,359,2566,99,37,26357993
5135,26368225,26378496,5135,20069,4532,15537,14934,603,603,353,2567,99,4,26368229
5136,26378496,26388769,5136,20047,4532,15515,14911,604,604,365,2567,99,5,26378501
5137,26388769,26399044,5137,20116,4520,15596,14979,617,617,355,2568,99,10,26388779
5138,26399044,26409321,5138,20069,4512,15557,14931,626,626,348,2568,99,3,26399047
5139,26409321,26419600,5139,20046,4508,15538,14907,631,631,341,2569,99,16,26409337
5140,26419600,26429881,5140,20094,4545,15549,14954,595,595,359,2569,99,7,26419607
5141,26429881,26440164,5141,20096,4569,15527,14955,572,572,359,2570,99,10,26429891
5142,26440164,26450449,5142,20110,4561,15549,14968,581,581,364,2570,99,7,26440171
5143,26450449,26460736,5143,20104,4531,15573,14961,612,612,354,2571,99,28,26450477
5144,26460736,26471025,5144,20035,4526,15509,14891,618,618,345,2571,99,3,26460739
5145,26471025,26481316,5145,20134,4556,15578,14989,589,589,360,2572,99,8,26471033
5146,26481316,26491609,5146,20154,4525,15629,15008,621,621,357,2572,99,45,26481361
5147,26491609,26501904,5147,20085,4530,15555,14938,617,617,359,2573,99,4,26491613
5148,26501904,26512201,5148,20114,4527,15587,14966,621,621,349,2573,99,17,26501921
5149,26512201,26522500,5149,20114,4561,15553,14965,588,588,365,2574,99,6,26512207
5150,26522500,26532801,5150,20112,4554,15558,14962,596,596,343,2574,99,13,26522513
5151,26532801,26543104,5151,20111,4528,15583,14960,623,623,352,2575,100,28,26532829
5152,26543104,26553409,5152,20148,4548,15600,14996,604,604,349,2575,100,13,26543117
5153,26553409,26563716,5153,20181,4534,15647,15028,619,619,348,2576,100,4,26553413
5154,26563716,26574025,5154,20113,4559,15554,14959,595,595,363,2576,100,1,26563717
5155,26574025,26584336,5155,20205,4550,15655,15050,605,605,352,2577,100,24,26574049
5156,26584336,26594649,5156,20105,4546,15559,14949,610,610,365,2577,100,25,26584361
5157,26594649,26604964,5157,20187,4577,15610,15030,580,580,380,2578,100,20,26594669
5158,26604964,26615281,5158,20123,4562,15561,14965,596,596,357,2578,100,9,26604973
5159,26615281,26625600,5159,20184,4552,15632,15025,607,607,356,2579,100,16,26615297
5160,26625600,26635921,5160,20190,4545,15645,15030,615,615,359,2579,100,11,26625611
5161,26635921,26646244,5161,20180,4546,15634,15019,615,615,339,2580,100,58,26635979
5162,26646244,26656569,5162,20175,4564,15611,15013,598,598,348,2580,100,37,26646281
5163,26656569,26666896,5163,20144,4555,15589,14981,608,608,366,2581,100,2,26656571
5164,26666896,26677225,5164,20195,4568,15627,15031,596,596,354,2581,100,21,26666917
5165,26677225,26687556,5165,20215,4537,15678,15050,628,628,352,2582,100,12,26677237
5166,26687556,26697889,5166,20212,4585,15627,15046,581,581,359,2582,100,23,26687579
5167,26697889,26708224,5167,20209,4569,15640,15042,598,598,342,2583,100,10,26697899
5168,26708224,26718561,5168,20214,4532,15682,15046,636,636,360,2583,100,9,26708233
5169,26718561,26728900,5169,20178,4605,15573,15009,564,564,384,2584,100,8,26718569
5170,26728900,26739241,5170,20227,4566,15661,15057,604,604,345,2584,100,1,26728901
5171,26739241,26749584,5171,20245,4587,15658,15074,584,584,348,2585,100,18,26739259
5172,26749584,26759929,5172,20246,4590,15656,15074,582,582,375,2585,100,17,26749601
5173,26759929,26770276,5173,20218,4543,15675,15045,630,630,340,2586,100,10,26759939
5174,26770276,26780625,5174,20209,4597,15612,15035,577,577,374,2586,100,3,26770279
5175,26780625,26790976,5175,20229,4553,15676,15054,622,622,353,2587,100,4,26780629
5176,26790976,26801329,5176,20242,4573,15669,15066,603,603,359,2587,100,1,26790977
5177,26801329,26811684,5177,20243,4565,15678,15066,612,612,354,2588,100,18,26801347
5178,26811684,26822041,5178,20277,4577,15700,15099,601,601,357,2588,100,7,26811691
5179,26822041,26832400,5179,20260,4593,15667,15081,586,586,368,2589,100,46,26822087
5180,26832400,26842761,5180,20268,4565,15703,15088,615,615,356,2589,100,1,26832401
5181,26842761,26853124,5181,20213,4562,15651,15032,619,619,351,2590,100,38,26842799
5182,26853124,26863489,5182,20278,4580,15698,15096,602,602,363,2590,100,9,26853133
5183,26863489,26873856,5183,20285,4573,15712,15102,610,610,348,2591,100,24,26863513
5184,26873856,26884225,5184,20296,4557,15739,15112,627,627,359,2591,100,7,26873863
5185,26884225,26894596,5185,20292,4594,15698,15107,591,591,361,2592,100,36,26884261
5186,26894596,26904969,5186,20261,4578,15683,15075,608,608,369,2592,100,3,26894599
5187,26904969,26915344,5187,20264,4566,15698,15077,621,621,335,2593,100,68,26905037
5188,26915344,26925721,5188,20275,4584,15691,15087,604,604,361,2593,100,19,26915363
5189,26925721,26936100,5189,20330,4578,15752,15141,611,611,354,2594,100,6,26925727
5190,26936100,26946481,5190,20305,4596,15709,15115,594,594,367,2594,100,13,26936113
5191,26946481,26956864,5191,20307,4578,15729,15116,613,613,354,2595,100,42,26946523
5192,26956864,26967249,5192,20283,4557,15726,15091,635,635,338,2595,100,7,26956871
5193,26967249,26977636,5193,20347,4593,15754,15154,600,600,360,2596,100,8,26967257
5194,26977636,26988025,5194,20296,4597,15699,15102,597,597,356,2596,100,1,26977637
5195,26988025,26998416,5195,20371,4579,15792,15176,616,616,342,2597,100,64,26988089
5196,26998416,27008809,5196,20295,4576,15719,15099,620,620,357,2597,100,5,26998421
5197,27008809,27019204,5197,20366,4594,15772,15169,603,603,363,2598,100,10,27008819
5198,27019204,27029601,5198,20339,4590,15749,15141,608,608,361,2598,100,45,27019249
5199,27029601,27040000,5199,20305,4615,15690,15106,584,584,370,2599,100,2,27029603
5200,27040000,27050401,5200,20366,4598,15768,15166,602,602,355,2599,100,1,27040001
5201,27050401,27060804,5201,20383,4579,15804,15182,622,622,364,2600,100,30,27050431
5202,27060804,27071209,5202,20327,4596,15731,15125,606,606,365,2600,100,47,27060851
5203,27071209,27081616,5203,20364,4573,15791,15161,630,630,350,2601,100,18,27071227
5204,27081616,27092025,5204,20382,4570,15812,15178,634,634,363,2601,100,1,27081617
5205,27092025,27102436,5205,20370,4588,15782,15165,617,617,356,2602,100,2,27092027
5206,27102436,27112849,5206,20367,4621,15746,15161,585,585,346,2602,100,21,27102457
5207,27112849,27123264,5207,20355,4601,15754,15148,606,606,357,2603,100,12,27112861
5208,27123264,27133681,5208,20414,4585,15829,15206,623,623,354,2603,100,17,27123281
5209,27133681,27144100,5209,20386,4605,15781,15177,604,604,359,2604,100,12,27133693
5210,27144100,27154521,5210,20400,4576,15824,15190,634,634,368,2604,100,7,27144107
5211,27154521,27164944,5211,20402,4608,15794,15191,603,603,354,2605,100,10,27154531
5212,27164944,27175369,5212,20373,4610,15763,15161,602,602,369,2605,100,9,27164953
5213,27175369,27185796,5213,20428,4604,15824,15215,609,609,352,2606,100,4,27175373
5214,27185796,27196225,5214,20395,4632,15763,15181,582,582,371,2606,100,17,27185813
5215,27196225,27206656,5215,20451,4591,15860,15236,624,624,364,2607,100,6,27196231
5216,27206656,27217089,5216,20388,4624,15764,15172,592,592,356,2607,100,57,27206713
5217,27217089,27227524,5217,20415,4594,15821,15198,623,623,369,2608,100,4,27217093
5218,27227524,27237961,5218,20452,4618,15834,15234,600,600,362,2608,100,13,27227537
5219,27237961,27248400,5219,20418,4623,15795,15199,596,596,368,2609,100,6,27237967
5220,27248400,27258841,5220,20467,4605,15862,15247,615,615,351,2609,100,7,27248407
5221,27258841,27269284,5221,20403,4626,15777,15182,595,595,378,2610,100,12,27258853
5222,27269284,27279729,5222,20438,4636,15802,15216,586,586,371,2610,100,33,27269317
5223,27279729,27290176,5223,20495,4602,15893,15272,621,621,351,2611,100,2,27279731
5224,27290176,27300625,5224,20447,4617,15830,15223,607,607,368,2611,100,7,27290183
5225,27300625,27311076,5225,20413,4617,15796,15188,608,608,350,2612,100,6,27300631
5226,27311076,27321529,5226,20498,4624,15874,15272,602,602,359,2612,100,1,27311077
5227,27321529,27331984,5227,20485,4629,15856,15258,598,598,366,2613,100,54,27321583
5228,27331984,27342441,5228,20428,4600,15828,15200,628,628,362,2613,100,7,27331991
5229,27342441,27352900,5229,20489,4627,15862,15260,602,602,359,2614,100,20,27342461
5230,27352900,27363361,5230,20463,4610,15853,15233,620,620,350,2614,100,37,27352937
5231,27363361,27373824,5231,20481,4653,15828,15250,578,578,388,2615,100,6,27363367
5232,27373824,27384289,5232,20490,4605,15885,15258,627,627,342,2615,100,7,27373831
5233,27384289,27394756,5233,20522,4624,15898,15289,609,609,356,2616,100,48,27384337
5234,27394756,27405225,5234,20493,4611,15882,15259,623,623,362,2616,100,21,27394777
5235,27405225,27415696,5235,20517,4624,15893,15282,611,611,350,2617,100,4,27405229
5236,27415696,27426169,5236,20483,4618,15865,15247,618,618,340,2617,100,1,27415697
5237,27426169,27436644,5237,20511,4607,15904,15274,630,630,353,2618,100,12,27426181
5238,27436644,27447121,5238,20522,4610,15912,15284,628,628,360,2618,100,19,27436663
5239,27447121,27457600,5239,20514,4659,15855,15275,580,580,374,2619,100,6,27447127
5240,27457600,27468081,5240,20559,4617,15942,15319,623,623,358,2619,100,9,27457609
5241,27468081,27478564,5241,20522,4634,15888,15281,607,607,368,2620,100,20,27468101
5242,27478564,27489049,5242,20530,4647,15883,15288,595,595,377,2620,100,3,27478567
5243,27489049,27499536,5243,20531,4645,15886,15288,598,598,363,2621,100,4,27489053
5244,27499536,27510025,5244,20562,4624,15938,15318,620,620,359,2621,100,73,27499609
5245,27510025,27520516,5245,20534,4622,15912,15289,623,623,364,2622,100,6,27510031
5246,27520516,27531009,5246,20540,4626,15914,15294,620,620,355,2622,100,1,27520517
5247,27531009,27541504,5247,20559,4638,15921,15312,609,609,363,2623,100,4,27531013
5248,27541504,27552001,5248,20521,4625,15896,15273,623,623,358,2623,100,15,27541519
5249,27552001,27562500,5249,20624,4636,15988,15375,613,613,361,2624,100,66,27552067
5250,27562500,27573001,5250,20522,4635,15887,15272,615,615,369,2624,100,11,27562511
5251,27573001,27583504,5251,20589,4628,15961,15338,623,623,356,2625,100,22,27573023
5252,27583504,27594009,5252,20591,4626,15965,15339,626,626,362,2625,100,9,27583513
5253,27594009,27604516,5253,20571,4593,15978,15318,660,660,333,2626,101,2,27594011
5254,27604516,27615025,5254,20574,4675,15899,15320,579,579,369,2626,101,1,27604517
5255,27615025,27625536,5255,20621,4656,15965,15366,599,599,367,2627,101,76,27615101
5256,27625536,27636049,5256,20590,4620,15970,15334,636,636,358,2627,101,1,27625537
5257,27636049,27646564,5257,20615,4655,15960,15358,602,602,363,2628,101,12,27636061
5258,27646564,27657081,5258,20585,4651,15934,15327,607,607,368,2628,101,7,27646571
5259,27657081,27667600,5259,20604,4640,15964,15345,619,619,356,2629,101,26,27657107
5260,27667600,27678121,5260,20646,4656,15990,15386,604,604,367,2629,101,3,27667603
5261,27678121,27688644,5261,20599,4666,15933,15338,595,595,365,2630,101,42,27678163
5262,27688644,27699169,5262,20589,4663,15926,15327,599,599,367,2630,101,13,27688657
5263,27699169,27709696,5263,20651,4630,16021,15388,633,633,351,2631,101,10,27699179
5264,27709696,27720225,5264,20644,4667,15977,15380,597,597,374,2631,101,1,27709697
5265,27720225,27730756,5265,20635,4629,16006,15370,636,636,358,2632,101,8,27720233
5266,27730756,27741289,5266,20641,4591,16050,15375,675,675,360,2632,101,7,27730763
5267,27741289,27751824,5267,20600,4650,15950,15333,617,617,352,2633,101,30,27741319
5268,27751824,27762361,5268,20672,4683,15989,15404,585,585,361,2633,101,25,27751849
5269,27762361,27772900,5269,20677,4659,16018,15408,610,610,367,2634,101,18,27762379
5270,27772900,27783441,5270,20609,4652,15957,15339,618,618,362,2634,101,33,27772933
5271,27783441,27793984,5271,20682,4680,16002,15411,591,591,368,2635,101,2,27783443
5272,27793984,27804529,5272,20661,4657,16004,15389,615,615,368,2635,101,37,27794021
5273,27804529,27815076,5273,20700,4654,16046,15427,619,619,357,2636,101,18,27804547
5274,27815076,27825625,5274,20631,4679,15952,15357,595,595,361,2636,101,17,27815093
5275,27825625,27836176,5275,20699,4654,16045,15424,621,621,369,2637,101,24,27825649
5276,27836176,27846729,5276,20687,4696,15991,15411,580,580,376,2637,101,37,27836213
5277,27846729,27857284,5277,20695,4675,16020,15418,602,602,365,2638,101,4,27846733
5278,27857284,27867841,5278,20694,4649,16045,15416,629,629,365,2638,101,9,27857293
5279,27867841,27878400,5279,20697,4641,16056,15418,638,638,341,2639,101,16,27867857
5280,27878400,27888961,5280,20697,4668,16029,15417,612,612,358,2639,101,23,27878423
5281,27888961,27899524,5281,20711,4652,16059,15430,629,629,357,2640,101,28,27888989
5282,27899524,27910089,5282,20706,4650,16056,15424,632,632,361,2640,101,3,27899527
5283,27910089,27920656,5283,20753,4655,16098,15470,628,628,368,2641,101,32,27910121
5284,27920656,27931225,5284,20698,4663,16035,15414,621,621,360,2641,101,37,27920693
5285,27931225,27941796,5285,20704,4686,16018,15419,599,599,355,2642,101,46,27931271
5286,27941796,27952369,5286,20753,4658,16095,15467,628,628,351,2642,101,5,27941801
5287,27952369,27962944,5287,20716,4673,16043,15429,614,614,373,2643,101,22,27952391
5288,27962944,27973521,5288,20750,4655,16095,15462,633,633,367,2643,101,7,27962951
5289,27973521,27984100,5289,20723,4683,16040,15434,606,606,378,2644,101,10,27973531
5290,27984100,27994681,5290,20773,4684,16089,15483,606,606,384,2644,101,27,27984127
5291,27994681,28005264,5291,20716,4676,16040,15425,615,615,352,2645,101,10,27994691
5292,28005264,28015849,5292,20767,4657,16110,15475,635,635,351,2645,101,5,28005269
5293,28015849,28026436,5293,20758,4652,16106,15465,641,641,360,2646,101,58,28015907
5294,28026436,28037025,5294,20752,4661,16091,15458,633,633,353,2646,101,1,28026437
5295,28037025,28047616,5295,20792,4695,16097,15497,600,600,364,2647,101,16,28037041
5296,28047616,28058209,5296,20746,4720,16026,15450,576,576,378,2647,101,15,28047631
5297,28058209,28068804,5297,20820,4681,16139,15523,616,616,374,2648,101,4,28058213
5298,28068804,28079401,5298,20771,4675,16096,15473,623,623,348,2648,101,37,28068841
5299,28079401,28090000,5299,20766,4664,16102,15467,635,635,345,2649,101,6,28079407
5300,28090000,28100601,5300,20802,4670,16132,15502,630,630,365,2649,101,3,28090003
5301,28100601,28111204,5301,20754,4710,16044,15453,591,591,388,2650,101,2,28100603
5302,28111204,28121809,5302,20867,4695,16172,15565,607,607,372,2650,101,15,28111219
5303,28121809,28132416,5303,20770,4680,16090,15467,623,623,355,2651,101,18,28121827
5304,28132416,28143025,5304,20800,4675,16125,15496,629,629,357,2651,101,1,28132417
5305,28143025,28153636,5305,20814,4677,16137,15509,628,628,359,2652,101,36,28143061
5306,28153636,28164249,5306,20817,4693,16124,15511,613,613,364,2652,101,3,28153639
5307,28164249,28174864,5307,20827,4682,16145,15520,625,625,360,2653,101,14,28164263
5308,28174864,28185481,5308,20837,4713,16124,15529,595,595,366,2653,101,9,28174873
5309,28185481,28196100,5309,20822,4721,16101,15513,588,588,371,2654,101,22,28185503
5310,28196100,28206721,5310,20828,4669,16159,15518,641,641,359,2654,101,17,28196117
5311,28206721,28217344,5311,20833,4689,16144,15522,622,622,366,2655,101,28,28206749
5312,28217344,28227969,5312,20847,4676,16171,15535,636,636,373,2655,101,19,28217363
5313,28227969,28238596,5313,20819,4692,16127,15506,621,621,362,2656,101,20,28227989
5314,28238596,28249225,5314,20891,4680,16211,15577,634,634,375,2656,101,1,28238597
5315,28249225,28259856,5315,20826,4704,16122,15511,611,611,356,2657,101,4,28249229
5316,28259856,28270489,5316,20849,4680,16169,15533,636,636,354,2657,101,17,28259873
5317,28270489,28281124,5317,20884,4696,16188,15567,621,621,367,2658,101,34,28270523
5318,28281124,28291761,5318,20867,4691,16176,15549,627,627,369,2658,101,27,28281151
5319,28291761,28302400,5319,20861,4682,16179,15542,637,637,357,2659,101,16,28291777
5320,28302400,28313041,5320,20894,4696,16198,15574,624,624,371,2659,101,3,28302403
5321,28313041,28323684,5321,20884,4689,16195,15563,632,632,359,2660,101,22,28313063
5322,28323684,28334329,5322,20884,4702,16182,15562,620,620,373,2660,101,5,28323689
5323,28334329,28344976,5323,20896,4717,16179,15573,606,606,375,2661,101,4,28334333
5324,28344976,28355625,5324,20896,4717,16179,15572,607,607,369,2661,101,13,28344989
5325,28355625,28366276,5325,20888,4719,16169,15563,606,606,377,2662,101,2,28355627
5326,28366276,28376929,5326,20914,4707,16207,15588,619,619,355,2662,101,3,28366279
5327,28376929,28387584,5327,20933,4717,16216,15606,610,610,368,2663,101,12,28376941
5328,28387584,28398241,5328,20884,4701,16183,15556,627,627,370,2663,101,43,28387627
5329,28398241,28408900,5329,20936,4713,16223,15607,616,616,357,2664,101,6,28398247
5330,28408900,28419561,5330,20902,4740,16162,15572,590,590,372,2664,101,7,28408907
5331,28419561,28430224,5331,20958,4682,16276,15627,649,649,350,2665,101,16,28419577
5332,28430224,28440889,5332,20890,4712,16178,15558,620,620,365,2665,101,39,28430263
5333,28440889,28451556,5333,20982,4696,16286,15649,637,637,358,2666,101,10,28440899
5334,28451556,28462225,5334,20913,4721,16192,15579,613,613,355,2666,101,11,28451567
5335,28462225,28472896,5335,20936,4716,16220,15601,619,619,363,2667,101,4,28462229
5336,28472896,28483569,5336,20987,4744,16243,15651,592,592,377,2667,101,51,28472947
5337,28483569,28494244,5337,20934,4692,16242,15597,645,645,360,2668,101,10,28483579
5338,28494244,28504921,5338,20975,4670,16305,15637,668,668,365,2668,101,45,28494289
5339,28504921,28515600,5339,20959,4715,16244,15620,624,624,367,2669,101,12,28504933
5340,28515600,28526281,5340,20918,4719,16199,15578,621,621,375,2669,101,1,28515601
5341,28526281,28536964,5341,21006,4740,16266,15665,601,601,370,2670,101,6,28526287
5342,28536964,28547649,5342,20972,4719,16253,15630,623,623,375,2670,101,7,28536971
5343,28547649,28558336,5343,20972,4709,16263,15629,634,634,359,2671,101,40,28547689
5344,28558336,28569025,5344,21002,4733,16269,15658,611,611,385,2671,101,1,28558337
5345,28569025,28579716,5345,20983,4728,16255,15638,617,617,357,2672,101,16,28569041
5346,28579716,28590409,5346,21022,4702,16320,15676,644,644,355,2672,101,7,28579723
5347,28590409,28601104,5347,20960,4742,16218,15613,605,605,375,2673,101,28,28590437
5348,28601104,28611801,5348,21018,4726,16292,15670,622,622,348,2673,101,3,28601107
5349,28611801,28622500,5349,21004,4716,16288,15655,633,633,357,2674,101,22,28611823
5350,28622500,28633201,5350,21043,4712,16331,15693,638,638,368,2674,101,19,28622519
5351,28633201,28643904,5351,21016,4735,16281,15665,616,616,375,2675,101,22,28633223
5352,28643904,28654609,5352,20981,4721,16260,15629,631,631,359,2675,101,13,28643917
5353,28654609,28665316,5353,21073,4738,16335,15720,615,615,370,2676,101,48,28654657
5354,28665316,28676025,5354,20968,4730,16238,15614,624,624,376,2676,101,15,28665331
5355,28676025,28686736,5355,21050,4712,16338,15695,643,643,372,2677,101,2,28676027
5356,28686736,28697449,5356,20990,4757,16233,15634,599,599,365,2677,102,31,28686767
5357,28697449,28708164,5357,21061,4746,16315,15704,611,611,370,2678,102,40,28697489
5358,28708164,28718881,5358,21086,4740,16346,15728,618,618,368,2678,102,17,28708181
5359,28718881,28729600,5359,21035,4733,16302,15676,626,626,376,2679,102,16,28718897
5360,28729600,28740321,5360,21024,4719,16305,15664,641,641,369,2679,102,1,28729601
5361,28740321,28751044,5361,21089,4745,16344,15728,616,616,374,2680,102,8,28740329
5362,28751044,28761769,5362,21076,4747,16329,15714,615,615,385,2680,102,9,28751053
5363,28761769,28772496,5363,21042,4762,16280,15679,601,601,380,2681,102,10,28761779
5364,28772496,28783225,5364,21058,4734,16324,15694,630,630,358,2681,102,7,28772503
5365,28783225,28793956,5365,21091,4735,16356,15726,630,630,359,2682,102,76,28783301
5366,28793956,28804689,5366,21103,4748,16355,15737,618,618,369,2682,102,25,28793981
5367,28804689,28815424,5367,21105,4774,16331,15738,593,593,379,2683,102,2,28804691
5368,28815424,28826161,5368,21062,4735,16327,15694,633,633,356,2683,102,19,28815443
5369,28826161,28836900,5369,21101,4746,16355,15732,623,623,374,2684,102,16,28826177
5370,28836900,28847641,5370,21075,4743,16332,15705,627,627,368,2684,102,1,28836901
5371,28847641,28858384,5371,21141,4734,16407,15770,637,637,361,2685,102,36,28847677
5372,28858384,28869129,5372,21078,4744,16334,15706,628,628,364,2685,102,3,28858387
5373,28869129,28879876,5373,21149,4752,16397,15776,621,621,380,2686,102,28,28869157
5374,28879876,28890625,5374,21063,4752,16311,15689,622,622,363,2686,102,7,28879883
5375,28890625,28901376,5375,21136,4737,16399,15761,638,638,373,2687,102,18,28890643
5376,28901376,28912129,5376,21144,4757,16387,15768,619,619,378,2687,102,11,28901387
5377,28912129,28922884,5377,21134,4714,16420,15757,663,663,353,2688,102,22,28912151
5378,28922884,28933641,5378,21083,4763,16320,15705,615,615,372,2688,102,27,28922911
5379,28933641,28944400,5379,21168,4789,16379,15789,590,590,387,2689,102,8,28933649
5380,28944400,28955161,5380,21169,4731,16438,15789,649,649,360,2689,102,37,28944437
5381,28955161,28965924,5381,21141,4782,16359,15760,599,599,383,2690,102,6,28955167
5382,28965924,28976689,5382,21174,4754,16420,15792,628,628,388,2690,102,25,28965949
5383,28976689,28987456,5383,21112,4752,16360,15729,631,631,356,2691,102,18,28976707
5384,28987456,28998225,5384,21216,4752,16464,15832,632,632,347,2691,102,1,28987457
5385,28998225,29008996,5385,21146,4755,16391,15761,630,630,362,2692,102,2,28998227
5386,29008996,29019769,5386,21138,4767,16371,15752,619,619,375,2692,102,13,29009009
5387,29019769,29030544,5387,21210,4752,16458,15823,635,635,360,2693,102,18,29019787
5388,29030544,29041321,5388,21167,4751,16416,15779,637,637,366,2693,102,25,29030569
5389,29041321,29052100,5389,21201,4784,16417,15812,605,605,394,2694,102,12,29041333
5390,29052100,29062881,5390,21161,4766,16395,15771,624,624,376,2694,102,43,29052143
5391,29062881,29073664,5391,21213,4777,16436,15822,614,614,377,2695,102,8,29062889
5392,29073664,29084449,5392,21197,4746,16451,15805,646,646,366,2695,102,9,29073673
5393,29084449,29095236,5393,21215,4777,16438,15822,616,616,382,2696,102,34,29084483
5394,29095236,29106025,5394,21187,4769,16418,15793,625,625,355,2696,102,23,29095259
5395,29106025,29116816,5395,21189,4750,16439,15794,645,645,372,2697,102,4,29106029
5396,29116816,29127609,5396,21270,4778,16492,15874,618,618,373,2697,102,3,29116819
5397,29127609,29138404,5397,21204,4783,16421,15807,614,614,361,2698,102,10,29127619
5398,29138404,29149201,5398,21231,4770,16461,15833,628,628,377,2698,102,3,29138407
5399,29149201,29160000,5399,21204,4768,16436,15805,631,631,386,2699,102,22,29149223
5400,29160000,29170801,5400,21263,4799,16464,15863,601,601,366,2699,102,29,29160029
5401,29170801,29181604,5401,21206,4777,16429,15805,624,624,376,2700,102,6,29170807
5402,29181604,29192409,5402,21237,4782,16455,15835,620,620,370,2700,102,13,29181617
5403,29192409,29203216,5403,21261,4748,16513,15858,655,655,360,2701,102,2,29192411
5404,29203216,29214025,5404,21256,4769,16487,15852,635,635,369,2701,102,1,29203217
5405,29214025,29224836,5405,21238,4814,16424,15833,591,591,378,2702,102,36,29214061
5406,29224836,29235649,5406,21243,4787,16456,15837,619,619,385,2702,102,13,29224849
5407,29235649,29246464,5407,21296,4793,16503,15889,614,614,380,2703,102,10,29235659
5408,29246464,29257281,5408,21247,4760,16487,15839,648,648,358,2703,102,3,29246467
5409,29257281,29268100,5409,21298,4770,16528,15889,639,639,367,2704,102,16,29257297
5410,29268100,29278921,5410,21277,4787,16490,15867,623,623,376,2704,102,19,29268119
5411,29278921,29289744,5411,21298,4751,16547,15887,660,660,359,2705,102,16,29278937
5412,29289744,29300569,5412,21258,4763,16495,15846,649,649,368,2705,102,5,29289749
5413,29300569,29311396,5413,21344,4780,16564,15931,633,633,370,2706,102,12,29300581
5414,29311396,29322225,5414,21249,4775,16474,15835,639,639,369,2706,102,45,29311441
5415,29322225,29333056,5415,21298,4787,16511,15883,628,628,373,2707,102,14,29322239
5416,29333056,29343889,5416,21298,4794,16504,15882,622,622,377,2707,102,51,29333107
5417,29343889,29354724,5417,21335,4751,16584,15918,666,666,362,2708,102,18,29343907
5418,29354724,29365561,5418,21309,4780,16529,15891,638,638,366,2708,102,25,29354749
5419,29365561,29376400,5419,21304,4774,16530,15885,645,645,348,2709,102,10,29365571
5420,29376400,29387241,5420,21334,4819,16515,15914,601,601,382,2709,102,1,29376401
5421,29387241,29398084,5421,21349,4789,16560,15928,632,632,377,2710,102,32,29387273
5422,29398084,29408929,5422,21310,4798,16512,15888,624,624,362,2710,102,13,29398097
5423,29408929,29419776,5423,21309,4821,16488,15886,602,602,374,2711,102,28,29408957
5424,29419776,29430625,5424,21346,4823,16523,15922,601,601,388,2711,102,1,29419777
5425,29430625,29441476,5425,21383,4783,16600,15958,642,642,356,2712,102,12,29430637
5426,29441476,29452329,5426,21293,4815,16478,15867,611,611,382,2712,102,3,29441479
5427,29452329,29463184,5427,21360,4790,16570,15933,637,637,357,2713,102,2,29452331
5428,29463184,29474041,5428,21351,4805,16546,15923,623,623,370,2713,102,25,29463209
5429,29474041,29484900,5429,21382,4789,16593,15953,640,640,364,2714,102,10,29474051
5430,29484900,29495761,5430,21371,4787,16584,15941,643,643,365,2714,102,1,29484901
5431,29495761,29506624,5431,21326,4814,16512,15895,617,617,375,2715,102,12,29495773
5432,29506624,29517489,5432,21407,4802,16605,15975,630,630,360,2715,102,27,29506651
5433,29517489,29528356,5433,21388,4782,16606,15955,651,651,366,2716,102,8,29517497
5434,29528356,29539225,5434,21372,4796,16576,15938,638,638,382,2716,102,7,29528363
5435,29539225,29550096,5435,21391,4811,16580,15956,624,624,378,2717,102,16,29539241
5436,29550096,29560969,5436,21402,4814,16588,15966,622,622,372,2717,102,13,29550109
5437,29560969,29571844,5437,21393,4817,16576,15956,620,620,376,2718,102,40,29561009
5438,29571844,29582721,5438,21385,4802,16583,15947,636,636,373,2718,102,9,29571853
5439,29582721,29593600,5439,21428,4803,16625,15989,636,636,370,2719,102,10,29582731
5440,29593600,29604481,5440,21402,4799,16603,15962,641,641,384,2719,102,39,29593639
5441,29604481,29615364,5441,21393,4817,16576,15952,624,624,377,2720,102,22,29604503
5442,29615364,29626249,5442,21467,4789,16678,16025,653,653,366,2720,102,23,29615387
5443,29626249,29637136,5443,21370,4834,16536,15927,609,609,369,2721,102,30,29626279
5444,29637136,29648025,5444,21484,4807,16677,16040,637,637,387,2721,102,15,29637151
5445,29648025,29658916,5445,21391,4805,16586,15946,640,640,361,2722,102,14,29648039
5446,29658916,29669809,5446,21410,4810,16600,15964,636,636,364,2722,102,1,29658917
5447,29669809,29680704,5447,21486,4808,16678,16039,639,639,365,2723,102,24,29669833
5448,29680704,29691601,5448,21432,4807,16625,15984,641,641,388,2723,102,19,29680723
5449,29691601,29702500,5449,21428,4799,16629,15979,650,650,363,2724,102,10,29691611
5450,29702500,29713401,5450,21474,4817,16657,16024,633,633,388,2724,102,3,29702503
5451,29713401,29724304,5451,21472,4785,16687,16021,666,666,346,2725,102,16,29713417
5452,29724304,29735209,5452,21463,4807,16656,16011,645,645,354,2725,102,3,29724307
5453,29735209,29746116,5453,21432,4838,16594,15979,615,615,392,2726,102,4,29735213
5454,29746116,29757025,5454,21497,4846,16651,16043,608,608,383,2726,102,11,29746127
5455,29757025,29767936,5455,21478,4842,16636,16023,613,613,371,2727,102,6,29757031
5456,29767936,29778849,5456,21475,4831,16644,16019,625,625,371,2727,102,15,29767951
5457,29778849,29789764,5457,21456,4835,16621,15999,622,622,377,2728,102,2,29778851
5458,29789764,29800681,5458,21522,4834,16688,16064,624,624,385,2728,102,19,29789783
5459,29800681,29811600,5459,21494,4826,16668,16035,633,633,378,2729,102,10,29800691
5460,29811600,29822521,5460,21462,4832,16630,16002,628,628,367,2729,103,19,29811619
5461,29822521,29833444,5461,21549,4827,16722,16088,634,634,380,2730,103,10,29822531
5462,29833444,29844369,5462,21494,4822,16672,16032,640,640,371,2730,103,13,29833457
5463,29844369,29855296,5463,21523,4800,16723,16060,663,663,377,2731,103,8,29844377
5464,29855296,29866225,5464,21512,4817,16695,16048,647,647,373,2731,103,3,29855299
5465,29866225,29877156,5465,21538,4814,16724,16073,651,651,369,2732,103,6,29866231
5466,29877156,29888089,5466,21500,4805,16695,16034,661,661,353,2732,103,1,29877157
5467,29888089,29899024,5467,21509,4829,16680,16042,638,638,381,2733,103,18,29888107
5468,29899024,29909961,5468,21547,4858,16689,16079,610,610,388,2733,103,7,29899031
5469,29909961,29920900,5469,21558,4819,16739,16089,650,650,371,2734,103,8,29909969
5470,29920900,29931841,5470,21528,4844,16684,16058,626,626,364,2734,103,49,29920949
5471,29931841,29942784,5471,21563,4802,16761,16092,669,669,359,2735,103,46,29931887
5472,29942784,29953729,5472,21531,4810,16721,16059,662,662,347,2735,103,5,29942789
5473,29953729,29964676,5473,21594,4872,16722,16121,601,601,383,2736,103,12,29953741
5474,29964676,29975625,5474,21519,4810,16709,16045,664,664,354,2736,103,1,29964677
5475,29975625,29986576,5475,21561,4833,16728,16086,642,642,395,2737,103,14,29975639
5476,29986576,29997529,5476,21602,4833,16769,16126,643,643,371,2737,103,1,29986577
5477,29997529,30008484,5477,21586,4833,16753,16109,644,644,376,2738,103,4,29997533
5478,30008484,30019441,5478,21586,4822,16764,16108,656,656,376,2738,103,13,30008497
5479,30019441,30030400,5479,21555,4845,16710,16076,634,634,377,2739,103,30,30019471
5480,30030400,30041361,5480,21570,4837,16733,16090,643,643,365,2739,103,19,30030419
5481,30041361,30052324,5481,21601,4862,16739,16120,619,619,383,2740,103,8,30041369
5482,30052324,30063289,5482,21623,4825,16798,16141,657,657,360,2740,103,3,30052327
5483,30063289,30074256,5483,21565,4856,16709,16082,627,627,379,2741,103,64,30063353
5484,30074256,30085225,5484,21621,4811,16810,16137,673,673,363,2741,103,7,30074263
5485,30085225,30096196,5485,21620,4841,16779,16135,644,644,370,2742,103,76,30085301
5486,30096196,30107169,5486,21612,4876,16736,16126,610,610,385,2742,103,1,30096197
5487,30107169,30118144,5487,21601,4862,16739,16114,625,625,379,2743,103,8,30107177
5488,30118144,30129121,5488,21661,4837,16824,16173,651,651,363,2743,103,3,30118147
5489,30129121,30140100,5489,21593,4845,16748,16104,644,644,382,2744,103,12,30129133
5490,30140100,30151081,5490,21620,4831,16789,16130,659,659,371,2744,103,1,30140101
5491,30151081,30162064,5491,21656,4871,16785,16165,620,620,379,2745,103,42,30151123
5492,30162064,30173049,5492,21639,4865,16774,16147,627,627,378,2745,103,49,30162113
5493,30173049,30184036,5493,21655,4849,16806,16162,644,644,377,2746,103,2,30173051
5494,30184036,30195025,5494,21659,4860,16799,16165,634,634,370,2746,103,51,30184087
5495,30195025,30206016,5495,21652,4843,16809,16157,652,652,358,2747,103,4,30195029
5496,30206016,30217009,5496,21628,4845,16783,16132,651,651,382,2747,103,23,30206039
5497,30217009,30228004,5497,21697,4855,16842,16200,642,642,363,2748,103,28,30217037
5498,30228004,30239001,5498,21633,4867,16766,16135,631,631,379,2748,103,37,30228041
5499,30239001,30250000,5499,21681,4863,16818,16182,636,636,371,2749,103,2,30239003
5500,30250000,30261001,5500,21707,4858,16849,16207,642,642,380,2749,103,1,30250001
5501,30261001,30272004,5501,21635,4866,16769,16134,635,635,370,2750,103,16,30261017
5502,30272004,30283009,5502,21720,4846,16874,16218,656,656,375,2750,103,13,30272017
5503,30283009,30294016,5503,21675,4867,16808,16172,636,636,378,2751,103,4,30283013
5504,30294016,30305025,5504,21677,4857,16820,16173,647,647,362,2751,103,7,30294023
5505,30305025,30316036,5505,21718,4866,16852,16213,639,639,370,2752,103,14,30305039
5506,30316036,30327049,5506,21693,4861,16832,16187,645,645,371,2752,103,1,30316037
5507,30327049,30338064,5507,21756,4841,16915,16249,666,666,370,2753,103,18,30327067
5508,30338064,30349081,5508,21671,4877,16794,16163,631,631,374,2753,103,7,30338071
5509,30349081,30360100,5509,21738,4866,16872,16229,643,643,371,2754,103,6,30349087
5510,30360100,30371121,5510,21691,4871,16820,16181,639,639,378,2754,103,1,30360101
5511,30371121,30382144,5511,21746,4888,16858,16235,623,623,384,2755,103,16,30371137
5512,30382144,30393169,5512,21722,4859,16863,16210,653,653,367,2755,103,7,30382151
5513,30393169,30404196,5513,21719,4873,16846,16206,640,640,383,2756,103,4,30393173
5514,30404196,30415225,5514,21750,4855,16895,16236,659,659,358,2756,103,5,30404201
5515,30415225,30426256,5515,21747,4914,16833,16232,601,601,383,2757,103,58,30415283
5516,30426256,30437289,5516,21757,4887,16870,16241,629,629,380,2757,103,15,30426271
5517,30437289,30448324,5517,21740,4910,16830,16223,607,607,399,2758,103,22,30437311
5518,30448324,30459361,5518,21765,4883,16882,16247,635,635,382,2758,103,13,30448337
5519,30459361,30470400,5519,21757,4876,16881,16238,643,643,370,2759,103,10,30459371
5520,30470400,30481441,5520,21771,4882,16889,16251,638,638,370,2759,103,49,30470449
5521,30481441,30492484,5521,21764,4871,16893,16243,650,650,382,2760,103,6,30481447
5522,30492484,30503529,5522,21799,4901,16898,16277,621,621,394,2760,103,7,30492491
5523,30503529,30514576,5523,21777,4881,16896,16254,642,642,369,2761,103,44,30503573
5524,30514576,30525625,5524,21785,4871,16914,16261,653,653,369,2761,103,1,30514577
5525,30525625,30536676,5525,21784,4870,16914,16259,655,655,378,2762,103,12,30525637
5526,30536676,30547729,5526,21769,4870,16899,16243,656,656,372,2762,103,11,30536687
5527,30547729,30558784,5527,21816,4912,16904,16289,615,615,394,2763,103,10,30547739
5528,30558784,30569841,5528,21772,4869,16903,16244,659,659,377,2763,103,15,30558799
5529,30569841,30580900,5529,21822,4885,16937,16293,644,644,374,2764,103,2,30569843
5530,30580900,30591961,5530,21821,4879,16942,16291,651,651,384,2764,103,33,30580933
5531,30591961,30603024,5531,21815,4871,16944,16284,660,660,356,2765,103,28,30591989
5532,30603024,30614089,5532,21818,4887,16931,16286,645,645,363,2765,103,7,30603031
5533,30614089,30625156,5533,21816,4879,16937,16283,654,654,390,2766,103,24,30614113
5534,30625156,30636225,5534,21807,4908,16899,16273,626,626,380,2766,103,15,30625171
5535,30636225,30647296,5535,21833,4876,16957,16298,659,659,365,2767,103,32,30636257
5536,30647296,30658369,5536,21863,4859,17004,16327,677,677,366,2767,103,1,30647297
5537,30658369,30669444,5537,21832,4874,16958,16295,663,663,369,2768,103,18,30658387
5538,30669444,30680521,5538,21828,4909,16919,16290,629,629,373,2768,103,17,30669461
5539,30680521,30691600,5539,21837,4893,16944,16298,646,646,383,2769,103,6,30680527
5540,30691600,30702681,5540,21885,4901,16984,16345,639,639,387,2769,103,3,30691603
5541,30702681,30713764,5541,21861,4908,16953,16320,633,633,393,2770,103,20,30702701
5542,30713764,30724849,5542,21866,4901,16965,16324,641,641,356,2770,103,9,30713773
5543,30724849,30735936,5543,21867,4891,16976,16324,652,652,389,2771,103,12,30724861
5544,30735936,30747025,5544,21872,4908,16964,16328,636,636,383,2771,103,25,30735961
5545,30747025,30758116,5545,21839,4912,16927,16294,633,633,370,2772,103,4,30747029
5546,30758116,30769209,5546,21898,4904,16994,16352,642,642,383,2772,103,13,30758129
5547,30769209,30780304,5547,21887,4910,16977,16340,637,637,382,2773,103,8,30769217
5548,30780304,30791401,5548,21883,4924,16959,16335,624,624,400,2773,103,7,30780311
5549,30791401,30802500,5549,21947,4891,17056,16398,658,658,378,2774,103,6,30791407
5550,30802500,30813601,5550,21854,4889,16965,16304,661,661,369,2774,103,1,30802501
5551,30813601,30824704,5551,21913,4918,16995,16362,633,633,375,2775,103,12,30813613
5552,30824704,30835809,5552,21898,4902,16996,16346,650,650,376,2775,103,7,30824711
5553,30835809,30846916,5553,21918,4917,17001,16365,636,636,381,2776,103,2,30835811
5554,30846916,30858025,5554,21915,4902,17013,16361,652,652,379,2776,103,3,30846919
5555,30858025,30869136,5555,21928,4899,17029,16373,656,656,367,2777,103,4,30858029
5556,30869136,30880249,5556,21963,4891,17072,16407,665,665,370,2777,103,37,30869173
5557,30880249,30891364,5557,21880,4914,16966,16323,643,643,379,2778,103,4,30880253
5558,30891364,30902481,5558,21928,4904,17024,16370,654,654,366,2778,103,27,30891391
5559,30902481,30913600,5559,21960,4911,17049,16401,648,648,378,2779,103,2,30902483
5560,30913600,30924721,5560,21924,4935,16989,16364,625,625,378,2779,103,1,30913601
5561,30924721,30935844,5561,21969,4918,17051,16408,643,643,384,2780,103,6,30924727
5562,30935844,30946969,5562,21979,4912,17067,16417,650,650,381,2780,103,29,30935873
5563,30946969,30958096,5563,21939,4931,17008,16376,632,632,382,2781,103,30,30946999
5564,30958096,30969225,5564,21914,4920,16994,16350,644,644,387,2781,103,1,30958097
5565,30969225,30980356,5565,21976,4935,17041,16411,630,630,391,2782,104,8,30969233
5566,30980356,30991489,5566,21986,4947,17039,16420,619,619,382,2782,104,1,30980357
5567,30991489,31002624,5567,21964,4918,17046,16397,649,649,374,2783,104,12,30991501
5568,31002624,31013761,5568,21957,4921,17036,16389,647,647,379,2783,104,25,31002649
5569,31013761,31024900,5569,21956,4912,17044,16387,657,657,360,2784,104,18,31013779
5570,31024900,31036041,5570,22046,4923,17123,16476,647,647,387,2784,104,9,31024909
5571,31036041,31047184,5571,21990,4951,17039,16419,620,620,389,2785,104,10,31036051
5572,31047184,31058329,5572,21971,4958,17013,16399,614,614,393,2785,104,9,31047193
5573,31058329,31069476,5573,22033,4939,17094,16460,634,634,381,2786,104,18,31058347
5574,31069476,31080625,5574,22017,4913,17104,16443,661,661,366,2786,104,1,31069477
5575,31080625,31091776,5575,22008,4953,17055,16433,622,622,379,2787,104,46,31080671
5576,31091776,31102929,5576,21958,4938,17020,16382,638,638,377,2787,104,7,31091783
5577,31102929,31114084,5577,22045,4927,17118,16468,650,650,386,2788,104,20,31102949
5578,31114084,31125241,5578,22008,4929,17079,16430,649,649,380,2788,104,9,31114093
5579,31125241,31136400,5579,22065,4915,17150,16486,664,664,403,2789,104,6,31125247
5580,31136400,31147561,5580,22009,4917,17092,16429,663,663,367,2789,104,7,31136407
5581,31147561,31158724,5581,22041,4945,17096,16460,636,636,382,2790,104,40,31147601
5582,31158724,31169889,5582,22062,4954,17108,16480,628,628,379,2790,104,39,31158763
5583,31169889,31181056,5583,22035,4957,17078,16452,626,626,381,2791,104,20,31169909
5584,31181056,31192225,5584,22010,4944,17066,16426,640,640,394,2791,104,1,31181057
5585,31192225,31203396,5585,22106,4928,17178,16521,657,657,374,2792,104,12,31192237
5586,31203396,31214569,5586,22060,4943,17117,16474,643,643,373,2792,104,1,31203397
5587,31214569,31225744,5587,22069,4942,17127,16482,645,645,381,2793,104,22,31214591
5588,31225744,31236921,5588,22033,4928,17105,16445,660,660,378,2793,104,7,31225751
5589,31236921,31248100,5589,22088,4938,17150,16499,651,651,363,2794,104,2,31236923
5590,31248100,31259281,5590,22086,4966,17120,16496,624,624,394,2794,104,1,31248101
5591,31259281,31270464,5591,22077,4953,17124,16486,638,638,391,2795,104,6,31259287
5592,31270464,31281649,5592,22096,4927,17169,16504,665,665,367,2795,104,7,31270471
5593,31281649,31292836,5593,22079,4911,17168,16486,682,682,369,2796,104,12,31281661
5594,31292836,31304025,5594,22070,4948,17122,16476,646,646,385,2796,104,15,31292851
5595,31304025,31315216,5595,22127,4929,17198,16532,666,666,365,2797,104,4,31304029
5596,31315216,31326409,5596,22118,4983,17135,16522,613,613,396,2797,104,15,31315231
5597,31326409,31337604,5597,22080,4914,17166,16483,683,683,371,2798,104,4,31326413
5598,31337604,31348801,5598,22118,4960,17158,16520,638,638,387,2798,104,7,31337611
5599,31348801,31360000,5599,22119,4943,17176,16520,656,656,370,2799,104,12,31348813
5600,31360000,31371201,5600,22102,4967,17135,16502,633,633,387,2799,104,27,31360027
5601,31371201,31382404,5601,22124,4956,17168,16523,645,645,384,2800,104,2,31371203
5602,31382404,31393609,5602,22189,4945,17244,16587,657,657,373,2800,104,19,31382423
5603,31393609,31404816,5603,22071,4961,17110,16468,642,642,387,2801,104,10,31393619
5604,31404816,31416025,5604,22180,4962,17218,16576,642,642,396,2801,104,17,31404833
5605,31416025,31427236,5605,22143,4950,17193,16538,655,655,379,2802,104,6,31416031
5606,31427236,31438449,5606,22144,4972,17172,16538,634,634,403,2802,104,3,31427239
5607,31438449,31449664,5607,22121,4953,17168,16514,654,654,383,2803,104,22,31438471
5608,31449664,31460881,5608,22175,4979,17196,16567,629,629,393,2803,104,9,31449673
5609,31460881,31472100,5609,22162,4961,17201,16553,648,648,387,2804,104,36,31460917
5610,31472100,31483321,5610,22130,4976,17154,16520,634,634,379,2804,104,7,31472107
5611,31483321,31494544,5611,22228,4974,17254,16617,637,637,384,2805,104,6,31483327
5612,31494544,31505769,5612,22166,4973,17193,16554,639,639,408,2805,104,9,31494553
5613,31505769,31516996,5613,22145,4957,17188,16532,656,656,381,2806,104,14,31505783
5614,31516996,31528225,5614,22191,4967,17224,16577,647,647,377,2806,104,15,31517011
5615,31528225,31539456,5615,22185,4990,17195,16570,625,625,395,2807,104,4,31528229
5616,31539456,31550689,5616,22219,4961,17258,16603,655,655,388,2807,104,11,31539467
5617,31550689,31561924,5617,22162,4953,17209,16545,664,664,370,2808,104,10,31550699
5618,31561924,31573161,5618,22218,4936,17282,16600,682,682,360,2808,104,3,31561927
5619,31573161,31584400,5619,22210,4965,17245,16591,654,654,378,2809,104,2,31573163
5620,31584400,31595641,5620,22235,4969,17266,16615,651,651,384,2809,104,1,31584401
5621,31595641,31606884,5621,22193,4984,17209,16572,637,637,390,2810,104,12,31595653
5622,31606884,31618129,5622,22250,4960,17290,16628,662,662,382,2810,104,19,31606903
5623,31618129,31629376,5623,22221,4969,17252,16598,654,654,387,2811,104,4,31618133
5624,31629376,31640625,5624,22184,4985,17199,16560,639,639,361,2811,104,7,31629383
5625,31640625,31651876,5625,22250,4970,17280,16625,655,655,359,2812,104,34,31640659
5626,31651876,31663129,5626,22241,4982,17259,16615,644,644,396,2812,104,7,31651883
5627,31663129,31674384,5627,22227,4952,17275,16600,675,675,386,2813,104,4,31663133
5628,31674384,31685641,5628,22238,4970,17268,16610,658,658,398,2813,104,19,31674403
5629,31685641,31696900,5629,22270,4970,17300,16641,659,659,386,2814,104,22,31685663
5630,31696900,31708161,5630,22257,4988,17269,16627,642,642,386,2814,104,9,31696909
5631,31708161,31719424,5631,22267,4997,17270,16636,634,634,391,2815,104,38,31708199
5632,31719424,31730689,5632,22226,4989,17237,16594,643,643,390,2815,104,13,31719437
5633,31730689,31741956,5633,22347,4989,17358,16714,644,644,392,2816,104,4,31730693
5634,31741956,31753225,5634,22226,4983,17243,16592,651,651,378,2816,104,5,31741961
5635,31753225,31764496,5635,22289,4990,17299,16654,645,645,383,2817,104,36,31753261
5636,31764496,31775769,5636,22248,4968,17280,16612,668,668,373,2817,104,7,31764503
5637,31775769,31787044,5637,22306,4986,17320,16669,651,651,374,2818,104,4,31775773
5638,31787044,31798321,5638,22302,5007,17295,16664,631,631,393,2818,104,9,31787053
5639,31798321,31809600,5639,22268,4959,17309,16629,680,680,393,2819,104,10,31798331
5640,31809600,31820881,5640,22304,4980,17324,16664,660,660,375,2819,104,11,31809611
5641,31820881,31832164,5641,22311,4991,17320,16670,650,650,375,2820,104,16,31820897
5642,31832164,31843449,5642,22290,4976,17314,16648,666,666,385,2820,104,3,31832167
5643,31843449,31854736,5643,22327,4971,17356,16684,672,672,381,2821,104,8,31843457
5644,31854736,31866025,5644,22316,4984,17332,16672,660,660,372,2821,104,15,31854751
5645,31866025,31877316,5645,22315,4979,17336,16670,666,666,379,2822,104,24,31866049
5646,31877316,31888609,5646,22286,5002,17284,16640,644,644,384,2822,104,7,31877323
5647,31888609,31899904,5647,22374,5011,17363,16727,636,636,422,2823,104,34,31888643
5648,31899904,31911201,5648,22343,4993,17350,16695,655,655,358,2823,104,7,31899911
5649,31911201,31922500,5649,22301,4996,17305,16652,653,653,395,2824,104,10,31911211
5650,31922500,31933801,5650,22360,5011,17349,16710,639,639,400,2824,104,9,31922509
5651,31933801,31945104,5651,22358,4992,17366,16707,659,659,383,2825,104,6,31933807
5652,31945104,31956409,5652,22394,4994,17400,16742,658,658,382,2825,104,35,31945139
5653,31956409,31967716,5653,22343,4996,17347,16690,657,657,369,2826,104,24,31956433
5654,31967716,31979025,5654,22318,4984,17334,16664,670,670,374,2826,104,15,31967731
5655,31979025,31990336,5655,22373,5017,17356,16718,638,638,394,2827,104,4,31979029
5656,31990336,32001649,5656,22384,4980,17404,16728,676,676,382,2827,104,1,31990337
5657,32001649,32012964,5657,22363,5006,17357,16706,651,651,392,2828,104,4,32001653
5658,32012964,32024281,5658,22359,5030,17329,16701,628,628,388,2828,104,7,32012971
5659,32024281,32035600,5659,22419,5016,17403,16760,643,643,400,2829,104,58,32024339
5660,32035600,32046921,5660,22386,5004,17382,16726,656,656,384,2829,104,7,32035607
5661,32046921,32058244,5661,22341,5018,17323,16680,643,643,380,2830,104,8,32046929
5662,32058244,32069569,5662,22427,5005,17422,16765,657,657,398,2830,104,39,32058283
5663,32069569,32080896,5663,22412,4985,17427,16749,678,678,364,2831,104,4,32069573
5664,32080896,32092225,5664,22404,5031,17373,16740,633,633,402,2831,104,1,32080897
5665,32092225,32103556,5665,22390,4999,17391,16725,666,666,372,2832,104,6,32092231
5666,32103556,32114889,5666,22415,4959,17456,16749,707,707,366,2832,104,15,32103571
5667,32114889,32126224,5667,22462,5032,17430,16795,635,635,388,2833,104,4,32114893
5668,32126224,32137561,5668,22391,5022,17369,16723,646,646,394,2833,104,7,32126231
5669,32137561,32148900,5669,22454,4988,17466,16785,681,681,372,2834,104,16,32137577
5670,32148900,32160241,5670,22398,5001,17397,16728,669,669,382,2834,104,11,32148911
5671,32160241,32171584,5671,22456,5035,17421,16785,636,636,394,2835,105,16,32160257
5672,32171584,32182929,5672,22450,5014,17436,16778,658,658,384,2835,105,13,32171597
5673,32182929,32194276,5673,22421,5035,17386,16748,638,638,390,2836,105,32,32182961
5674,32194276,32205625,5674,22464,5029,17435,16790,645,645,395,2836,105,63,32194339
5675,32205625,32216976,5675,22454,5023,17431,16779,652,652,386,2837,105,12,32205637
5676,32216976,32228329,5676,22474,5055,17419,16798,621,621,387,2837,105,5,32216981
5677,32228329,32239684,5677,22437,4991,17446,16760,686,686,363,2838,105,4,32228333
5678,32239684,32251041,5678,22497,5015,17482,16819,663,663,388,2838,105,3,32239687
5679,32251041,32262400,5679,22478,5029,17449,16799,650,650,382,2839,105,8,32251049
5680,32262400,32273761,5680,22451,5018,17433,16771,662,662,372,2839,105,3,32262403
5681,32273761,32285124,5681,22487,5030,17457,16806,651,651,393,2840,105,10,32273771
5682,32285124,32296489,5682,22492,5003,17489,16810,679,679,383,2840,105,13,32285137
5683,32296489,32307856,5683,22508,5012,17496,16825,671,671,368,2841,105,4,32296493
5684,32307856,32319225,5684,22459,5037,17422,16775,647,647,392,2841,105,25,32307881
5685,32319225,32330596,5685,22540,5029,17511,16855,656,656,400,2842,105,14,32319239
5686,32330596,32341969,5686,22480,5023,17457,16794,663,663,393,2842,105,15,32330611
5687,32341969,32353344,5687,22499,5037,17462,16812,650,650,379,2843,105,18,32341987
5688,32353344,32364721,5688,22517,5011,17506,16829,677,677,379,2843,105,17,32353361
5689,32364721,32376100,5689,22527,5039,17488,16838,650,650,368,2844,105,6,32364727
5690,32376100,32387481,5690,22523,5039,17484,16833,651,651,388,2844,105,31,32376131
5691,32387481,32398864,5691,22552,5012,17540,16861,679,679,380,2845,105,26,32387507
5692,32398864,32410249,5692,22504,5049,17455,16812,643,643,405,2845,105,7,32398871
5693,32410249,32421636,5693,22549,5026,17523,16856,667,667,376,2846,105,22,32410271
5694,32421636,32433025,5694,22537,5045,17492,16843,649,649,391,2846,105,7,32421643
5695,32433025,32444416,5695,22517,5053,17464,16822,642,642,378,2847,105,18,32433043
5696,32444416,32455809,5696,22571,5016,17555,16875,680,680,379,2847,105,25,32444441
5697,32455809,32467204,5697,22552,5049,17503,16855,648,648,411,2848,105,38,32455847
5698,32467204,32478601,5698,22586,4993,17593,16888,705,705,370,2848,105,3,32467207
5699,32478601,32490000,5699,22487,5058,17429,16788,641,641,398,2849,105,12,32478613
5700,32490000,32501401,5700,22639,5041,17598,16939,659,659,395,2849,105,1,32490001
5701,32501401,32512804,5701,22547,5036,17511,16846,665,665,375,2850,105,6,32501407
5702,32512804,32524209,5702,22581,5048,17533,16879,654,654,407,2850,105,3,32512807
5703,32524209,32535616,5703,22580,5039,17541,16877,664,664,382,2851,105,44,32524253
5704,32535616,32547025,5704,22585,5040,17545,16881,664,664,393,2851,105,7,32535623
5705,32547025,32558436,5705,22613,5062,17551,16908,643,643,396,2852,105,12,32547037
5706,32558436,32569849,5706,22579,5042,17537,16873,664,664,366,2852,105,7,32558443
5707,32569849,32581264,5707,22557,5034,17523,16850,673,673,384,2853,105,12,32569861
5708,32581264,32592681,5708,22639,5035,17604,16931,673,673,377,2853,105,13,32581277
5709,32592681,32604100,5709,22584,5049,17535,16875,660,660,382,2854,105,2,32592683
5710,32604100,32615521,5710,22627,5034,17593,16917,676,676,370,2854,105,1,32604101
5711,32615521,32626944,5711,22589,5054,17535,16878,657,657,397,2855,105,28,32615549
5712,32626944,32638369,5712,22627,5057,17570,16915,655,655,377,2855,105,23,32626967
5713,32638369,32649796,5713,22667,5075,17592,16954,638,638,389,2856,105,22,32638391
5714,32649796,32661225,5714,22603,5062,17541,16889,652,652,392,2856,105,43,32649839
5715,32661225,32672656,5715,22654,5029,17625,16939,686,686,367,2857,105,4,32661229
5716,32672656,32684089,5716,22611,5072,17539,16895,644,644,397,2857,105,7,32672663
5717,32684089,32695524,5717,22647,5050,17597,16930,667,667,367,2858,105,54,32684143
5718,32695524,32706961,5718,22650,5037,17613,16932,681,681,379,2858,105,5,32695529
5719,32706961,32718400,5719,22633,5059,17574,16914,660,660,400,2859,105,6,32706967
5720,32718400,32729841,5720,22691,5069,17622,16971,651,651,390,2859,105,7,32718407
5721,32729841,32741284,5721,22667,5065,17602,16946,656,656,387,2860,105,2,32729843
5722,32741284,32752729,5722,22665,5046,17619,16943,676,676,372,2860,105,13,32741297
5723,32752729,32764176,5723,22688,5082,17606,16965,641,641,408,2861,105,18,32752747
5724,32764176,32775625,5724,22609,5077,17532,16885,647,647,391,2861,105,1,32764177
5725,32775625,32787076,5725,22723,5051,17672,16998,674,674,379,2862,105,22,32775647
5726,32787076,32798529,5726,22620,5055,17565,16894,671,671,388,2862,105,1,32787077
5727,32798529,32809984,5727,22751,5077,17674,17024,650,650,399,2863,105,2,32798531
5728,32809984,32821441,5728,22635,5068,17567,16907,660,660,384,2863,105,15,32809999
5729,32821441,32832900,5729,22762,5097,17665,17033,632,632,395,2864,105,6,32821447
5730,32832900,32844361,5730,22662,5060,17602,16932,670,670,391,2864,105,7,32832907
5731,32844361,32855824,5731,22733,5065,17668,17002,666,666,377,2865,105,6,32844367
5732,32855824,32867289,5732,22668,5088,17580,16936,644,644,417,2865,105,7,32855831
5733,32867289,32878756,5733,22713,5071,17642,16980,662,662,385,2866,105,2,32867291
5734,32878756,32890225,5734,22729,5050,17679,16995,684,684,378,2866,105,1,32878757
5735,32890225,32901696,5735,22715,5065,17650,16980,670,670,381,2867,105,4,32890229
5736,32901696,32913169,5736,22705,5088,17617,16969,648,648,395,2867,105,7,32901703
5737,32913169,32924644,5737,22728,5074,17654,16991,663,663,386,2868,105,42,32913211
5738,32924644,32936121,5738,22763,5058,17705,17025,680,680,385,2868,105,9,32924653
5739,32936121,32947600,5739,22735,5068,17667,16996,671,671,384,2869,105,8,32936129
5740,32947600,32959081,5740,22742,5054,17688,17002,686,686,376,2869,105,13,32947613
5741,32959081,32970564,5741,22753,5063,17690,17012,678,678,389,2870,105,16,32959097
5742,32970564,32982049,5742,22748,5088,17660,17006,654,654,388,2870,105,53,32970617
5743,32982049,32993536,5743,22783,5078,17705,17040,665,665,377,2871,105,24,32982073
5744,32993536,33005025,5744,22737,5083,17654,16993,661,661,388,2871,105,15,32993551
5745,33005025,33016516,5745,22778,5091,17687,17033,654,654,395,2872,105,4,33005029
5746,33016516,33028009,5746,22780,5081,17699,17034,665,665,394,2872,105,57,33016573
5747,33028009,33039504,5747,22782,5115,17667,17035,632,632,402,2873,105,10,33028019
5748,33039504,33051001,5748,22785,5075,17710,17037,673,673,392,2873,105,23,33039527
5749,33051001,33062500,5749,22778,5098,17680,17029,651,651,401,2874,105,16,33051017
5750,33062500,33074001,5750,22764,5089,17675,17014,661,661,383,2874,105,31,33062531
5751,33074001,33085504,5751,22844,5091,17753,17093,660,660,393,2875,105,28,33074029
5752,33085504,33097009,5752,22798,5102,17696,17046,650,650,384,2875,105,9,33085513
5753,33097009,33108516,5753,22783,5066,17717,17030,687,687,393,2876,105,28,33097037
5754,33108516,33120025,5754,22812,5099,17713,17058,655,655,378,2876,105,5,33108521
5755,33120025,33131536,5755,22792,5071,17721,17037,684,684,383,2877,105,22,33120047
5756,33131536,33143049,5756,22833,5110,17723,17077,646,646,386,2877,105,1,33131537
5757,33143049,33154564,5757,22791,5071,17720,17034,686,686,372,2878,105,4,33143053
5758,33154564,33166081,5758,22848,5088,17760,17090,670,670,397,2878,105,15,33154579
5759,33166081,33177600,5759,22821,5095,17726,17062,664,664,388,2879,105,28,33166109
5760,33177600,33189121,5760,22873,5084,17789,17113,676,676,374,2879,105,1,33177601
5761,33189121,33200644,5761,22814,5112,17702,17053,649,649,388,2880,105,18,33189139
5762,33200644,33212169,5762,22858,5093,17765,17096,669,669,376,2880,105,19,33200663
5763,33212169,33223696,5763,22849,5107,17742,17086,656,656,389,2881,105,20,33212189
5764,33223696,33235225,5764,22847,5099,17748,17083,665,665,392,2881,105,21,33223717
5765,33235225,33246756,5765,22863,5089,17774,17098,676,676,387,2882,105,4,33235229
5766,33246756,33258289,5766,22838,5075,17763,17072,691,691,376,2882,105,53,33246809
5767,33258289,33269824,5767,22886,5111,17775,17119,656,656,391,2883,105,54,33258343
5768,33269824,33281361,5768,22873,5109,17764,17105,659,659,402,2883,105,15,33269839
5769,33281361,33292900,5769,22874,5077,17797,17105,692,692,378,2884,105,2,33281363
5770,33292900,33304441,5770,22877,5105,17772,17107,665,665,381,2884,105,27,33292927
5771,33304441,33315984,5771,22894,5103,17791,17123,668,668,391,2885,105,16,33304457
5772,33315984,33327529,5772,22882,5101,17781,17110,671,671,385,2885,105,7,33315991
5773,33327529,33339076,5773,22902,5109,17793,17129,664,664,405,2886,105,60,33327589
5774,33339076,33350625,5774,22824,5102,17722,17050,672,672,395,2886,105,1,33339077
5775,33350625,33362176,5775,22944,5113,17831,17169,662,662,378,2887,105,2,33350627
5776,33362176,33373729,5776,22898,5094,17804,17122,682,682,371,2887,105,3,33362179
5777,33373729,33385284,5777,22878,5093,17785,17101,684,684,397,2888,105,28,33373757
5778,33385284,33396841,5778,22921,5108,17813,17143,670,670,372,2888,106,7,33385291
5779,33396841,33408400,5779,22943,5114,17829,17164,665,665,401,2889,106,18,33396859
5780,33408400,33419961,5780,22929,5115,17814,17149,665,665,398,2889,106,39,33408439
5781,33419961,33431524,5781,22872,5105,17767,17091,676,676,383,2890,106,2,33419963
5782,33431524,33443089,5782,22956,5120,17836,17174,662,662,394,2890,106,3,33431527
5783,33443089,33454656,5783,22950,5108,17842,17167,675,675,386,2891,106,10,33443099
5784,33454656,33466225,5784,22933,5118,17815,17149,666,666,387,2891,106,37,33454693
5785,33466225,33477796,5785,22959,5107,17852,17174,678,678,389,2892,106,18,33466243
5786,33477796,33489369,5786,22918,5118,17800,17132,668,668,376,2892,106,21,33477817
5787,33489369,33500944,5787,22977,5131,17846,17190,656,656,401,2893,106,8,33489377
5788,33500944,33512521,5788,22934,5133,17801,17146,655,655,396,2893,106,9,33500953
5789,33512521,33524100,5789,22991,5150,17841,17202,639,639,408,2894,106,12,33512533
5790,33524100,33535681,5790,22962,5131,17831,17172,659,659,396,2894,106,7,33524107
5791,33535681,33547264,5791,23001,5108,17893,17210,683,683,384,2895,106,12,33535693
5792,33547264,33558849,5792,22981,5106,17875,17189,686,686,374,2895,106,13,33547277
5793,33558849,33570436,5793,22933,5116,17817,17140,677,677,395,2896,106,2,33558851
5794,33570436,33582025,5794,23035,5132,17903,17241,662,662,398,2896,106,7,33570443
5795,33582025,33593616,5795,22981,5141,17840,17186,654,654,399,2897,106,12,33582037
5796,33593616,33605209,5796,22953,5137,17816,17157,659,659,393,2897,106,11,33593627
5797,33605209,33616804,5797,23005,5125,17880,17208,672,672,396,2898,106,10,33605219
5798,33616804,33628401,5798,23004,5138,17866,17206,660,660,394,2898,106,55,33616859
5799,33628401,33640000,5799,23044,5144,17900,17245,655,655,400,2899,106,2,33628403
5800,33640000,33651601,5800,23007,5120,17887,17207,680,680,382,2899,106,3,33640003
5801,33651601,33663204,5801,23032,5125,17907,17231,676,676,390,2900,106,22,33651623
5802,33663204,33674809,5802,23038,5128,17910,17236,674,674,391,2900,106,5,33663209
5803,33674809,33686416,5803,23013,5138,17875,17210,665,665,388,2901,106,22,33674831
5804,33686416,33698025,5804,22997,5139,17858,17193,665,665,403,2901,106,1,33686417
5805,33698025,33709636,5805,23038,5125,17913,17233,680,680,381,2902,106,8,33698033
5806,33709636,33721249,5806,23027,5148,17879,17221,658,658,385,2902,106,3,33709639
5807,33721249,33732864,5807,23084,5125,17959,17277,682,682,382,2903,106,4,33721253
5808,33732864,33744481,5808,23006,5150,17856,17198,658,658,398,2903,106,19,33732883
5809,33744481,33756100,5809,23071,5121,17950,17262,688,688,374,2904,106,12,33744493
5810,33756100,33767721,5810,23035,5131,17904,17225,679,679,396,2904,106,9,33756109
5811,33767721,33779344,5811,23091,5121,17970,17280,690,690,396,2905,106,22,33767743
5812,33779344,33790969,5812,23059,5152,17907,17247,660,660,399,2905,106,7,33779351
5813,33790969,33802596,5813,23077,5166,17911,17264,647,647,397,2906,106,28,33790997
5814,33802596,33814225,5814,23097,5137,17960,17283,677,677,403,2906,106,1,33802597
5815,33814225,33825856,5815,23050,5093,17957,17235,722,722,374,2907,106,4,33814229
5816,33825856,33837489,5816,23090,5169,17921,17274,647,647,394,2907,106,21,33825877
5817,33837489,33849124,5817,23101,5144,17957,17284,673,673,381,2908,106,38,33837527
5818,33849124,33860761,5818,23078,5137,17941,17260,681,681,385,2908,106,9,33849133
5819,33860761,33872400,5819,23097,5151,17946,17278,668,668,382,2909,106,6,33860767
5820,33872400,33884041,5820,23102,5126,17976,17282,694,694,388,2909,106,11,33872411
5821,33884041,33895684,5821,23118,5151,17967,17297,670,670,397,2910,106,16,33884057
5822,33895684,33907329,5822,23093,5179,17914,17271,643,643,391,2910,106,7,33895691
5823,33907329,33918976,5823,23152,5143,18009,17329,680,680,399,2911,106,2,33907331
5824,33918976,33930625,5824,23106,5147,17959,17282,677,677,404,2911,106,1,33918977
5825,33930625,33942276,5825,23125,5177,17948,17300,648,648,392,2912,106,4,33930629
5826,33942276,33953929,5826,23110,5178,17932,17284,648,648,393,2912,106,5,33942281
5827,33953929,33965584,5827,23166,5161,18005,17339,666,666,387,2913,106,22,33953951
5828,33965584,33977241,5828,23123,5158,17965,17295,670,670,398,2913,106,37,33965621
5829,33977241,33988900,5829,23145,5159,17986,17316,670,670,399,2914,106,8,33977249
5830,33988900,34000561,5830,23119,5159,17960,17289,671,671,398,2914,106,1,33988901
5831,34000561,34012224,5831,23187,5145,18042,17356,686,686,383,2915,106,30,34000591
5832,34012224,34023889,5832,23159,5182,17977,17327,650,650,390,2915,106,5,34012229
5833,34023889,34035556,5833,23172,5173,17999,17339,660,660,411,2916,106,4,34023893
5834,34035556,34047225,5834,23153,5154,17999,17319,680,680,407,2916,106,1,34035557
5835,34047225,34058896,5835,23137,5188,17949,17302,647,647,402,2917,106,2,34047227
5836,34058896,34070569,5836,23191,5165,18026,17355,671,671,392,2917,106,13,34058909
5837,34070569,34082244,5837,23192,5166,18026,17355,671,671,400,2918,106,10,34070579
5838,34082244,34093921,5838,23185,5162,18023,17347,676,676,385,2918,106,5,34082249
5839,34093921,34105600,5839,23151,5162,17989,17312,677,677,400,2919,106,46,34093967
5840,34105600,34117281,5840,23222,5174,18048,17382,666,666,411,2919,106,7,34105607
5841,34117281,34128964,5841,23180,5171,18009,17339,670,670,389,2920,106,16,34117297
5842,34128964,34140649,5842,23222,5173,18049,17380,669,669,391,2920,106,13,34128977
5843,34140649,34152336,5843,23189,5174,18015,17346,669,669,391,2921,106,30,34140679
5844,34152336,34164025,5844,23195,5186,18009,17351,658,658,401,2921,106,5,34152341
5845,34164025,34175716,5845,23250,5195,18055,17405,650,650,395,2922,106,22,34164047
5846,34175716,34187409,5846,23196,5188,18008,17350,658,658,410,2922,106,45,34175761
5847,34187409,34199104,5847,23219,5175,18044,17372,672,672,386,2923,106,2,34187411
5848,34199104,34210801,5848,23227,5161,18066,17379,687,687,386,2923,106,15,34199119
5849,34210801,34222500,5849,23254,5175,18079,17405,674,674,377,2924,106,36,34210837
5850,34222500,34234201,5850,23241,5195,18046,17391,655,655,423,2924,106,1,34222501
5851,34234201,34245904,5851,23228,5177,18051,17377,674,674,396,2925,106,28,34234229
5852,34245904,34257609,5852,23232,5194,18038,17380,658,658,395,2925,106,25,34245929
5853,34257609,34269316,5853,23250,5166,18084,17397,687,687,398,2926,106,2,34257611
5854,34269316,34281025,5854,23259,5176,18083,17405,678,678,405,2926,106,25,34269341
5855,34281025,34292736,5855,23255,5185,18070,17400,670,670,412,2927,106,6,34281031
5856,34292736,34304449,5856,23295,5179,18116,17439,677,677,393,2927,106,1,34292737
5857,34304449,34316164,5857,23249,5197,18052,17392,660,660,388,2928,106,12,34304461
5858,34316164,34327881,5858,23292,5193,18099,17434,665,665,407,2928,106,3,34316167
5859,34327881,34339600,5859,23244,5185,18059,17385,674,674,390,2929,106,20,34327901
5860,34339600,34351321,5860,23298,5217,18081,17438,643,643,404,2929,106,3,34339603
5861,34351321,34363044,5861,23302,5190,18112,17441,671,671,392,2930,106,6,34351327
5862,34363044,34374769,5862,23303,5210,18093,17441,652,652,394,2930,106,7,34363051
5863,34374769,34386496,5863,23304,5189,18115,17441,674,674,396,2931,106,34,34374803
5864,34386496,34398225,5864,23241,5180,18061,17377,684,684,386,2931,106,13,34386509
5865,34398225,34409956,5865,23304,5174,18130,17439,691,691,388,2932,106,58,34398283
5866,34409956,34421689,5866,23300,5203,18097,17434,663,663,401,2932,106,1,34409957
5867,34421689,34433424,5867,23313,5186,18127,17446,681,681,388,2933,106,4,34421693
5868,34433424,34445161,5868,23292,5214,18078,17424,654,654,389,2933,106,5,34433429
5869,34445161,34456900,5869,23351,5170,18181,17482,699,699,386,2934,106,6,34445167
5870,34456900,34468641,5870,23324,5190,18134,17454,680,680,402,2934,106,13,34456913
5871,34468641,34480384,5871,23313,5189,18124,17442,682,682,385,2935,106,16,34468657
5872,34480384,34492129,5872,23346,5189,18157,17474,683,683,391,2935,106,15,34480399
5873,34492129,34503876,5873,23362,5199,18163,17489,674,674,402,2936,106,60,34492189
5874,34503876,34515625,5874,23353,5185,18168,17479,689,689,404,2936,106,1,34503877
5875,34515625,34527376,5875,23319,5182,18137,17444,693,693,391,2937,106,6,34515631
5876,34527376,34539129,5876,23385,5197,18188,17509,679,679,398,2937,106,1,34527377
5877,34539129,34550884,5877,23298,5223,18075,17421,654,654,403,2938,106,14,34539143
5878,34550884,34562641,5878,23411,5188,18223,17533,690,690,378,2938,106,7,34550891
5879,34562641,34574400,5879,23368,5207,18161,17489,672,672,416,2939,106,10,34562651
5880,34574400,34586161,5880,23360,5193,18167,17480,687,687,381,2939,106,1,34574401
5881,34586161,34597924,5881,23361,5198,18163,17480,683,683,387,2940,106,30,34586191
5882,34597924,34609689,5882,23404,5199,18205,17522,683,683,396,2940,106,27,34597951
5883,34609689,34621456,5883,23401,5208,18193,17518,675,675,401,2941,106,4,34609693
5884,34621456,34633225,5884,23360,5219,18141,17476,665,665,384,2941,106,15,34621471
5885,34633225,34644996,5885,23376,5203,18173,17491,682,682,391,2942,106,4,34633229
5886,34644996,34656769,5886,23396,5244,18152,17510,642,642,416,2942,107,5,34645001
5887,34656769,34668544,5887,23432,5241,18191,17545,646,646,414,2943,107,12,34656781
5888,34668544,34680321,5888,23362,5222,18140,17474,666,666,403,2943,107,37,34668581
5889,34680321,34692100,5889,23432,5196,18236,17543,693,693,381,2944,107,46,34680367
5890,34692100,34703881,5890,23408,5221,18187,17518,669,669,384,2944,107,7,34692107
5891,34703881,34715664,5891,23450,5205,18245,17559,686,686,417,2945,107,16,34703897
5892,34715664,34727449,5892,23411,5210,18201,17519,682,682,382,2945,107,5,34715669
5893,34727449,34739236,5893,23430,5233,18197,17537,660,660,404,2946,107,4,34727453
5894,34739236,34751025,5894,23413,5242,18171,17519,652,652,403,2946,107,25,34739261
5895,34751025,34762816,5895,23434,5238,18196,17539,657,657,411,2947,107,2,34751027
5896,34762816,34774609,5896,23498,5183,18315,17602,713,713,388,2947,107,13,34762829
5897,34774609,34786404,5897,23377,5219,18158,17480,678,678,396,2948,107,24,34774633
5898,34786404,34798201,5898,23494,5196,18298,17596,702,702,389,2948,107,59,34786463
5899,34798201,34810000,5899,23452,5224,18228,17553,675,675,387,2949,107,70,34798271
5900,34810000,34821801,5900,23460,5223,18237,17560,677,677,398,2949,107,3,34810003
5901,34821801,34833604,5901,23440,5237,18203,17539,664,664,399,2950,107,10,34821811
5902,34833604,34845409,5902,23456,5240,18216,17554,662,662,416,2950,107,33,34833637
5903,34845409,34857216,5903,23510,5203,18307,17607,700,700,385,2951,107,4,34845413
5904,34857216,34869025,5904,23477,5198,18279,17573,706,706,384,2951,107,17,34857233
5905,34869025,34880836,5905,23496,5201,18295,17591,704,704,400,2952,107,6,34869031
5906,34880836,34892649,5906,23484,5237,18247,17578,669,669,401,2952,107,7,34880843
5907,34892649,34904464,5907,23461,5220,18241,17554,687,687,381,2953,107,8,34892657
5908,34904464,34916281,5908,23520,5226,18294,17612,682,682,401,2953,107,9,34904473
5909,34916281,34928100,5909,23473,5190,18283,17564,719,719,377,2954,107,10,34916291
5910,34928100,34939921,5910,23550,5260,18290,17640,650,650,402,2954,107,7,34928107
5911,34939921,34951744,5911,23502,5241,18261,17591,670,670,421,2955,107,16,34939937
5912,34951744,34963569,5912,23508,5213,18295,17596,699,699,386,2955,107,3,34951747
5913,34963569,34975396,5913,23520,5227,18293,17607,686,686,402,2956,107,4,34963573
5914,34975396,34987225,5914,23514,5243,18271,17600,671,671,400,2956,107,31,34975427
5915,34987225,34999056,5915,23509,5246,18263,17594,669,669,408,2957,107,4,34987229
5916,34999056,35010889,5916,23537,5235,18302,17621,681,681,400,2957,107,23,34999079
5917,35010889,35022724,5917,23527,5245,18282,17610,672,672,403,2958,107,18,35010907
5918,35022724,35034561,5918,23607,5237,18370,17689,681,681,403,2958,107,3,35022727
5919,35034561,35046400,5919,23479,5254,18225,17560,665,665,407,2959,107,2,35034563
5920,35046400,35058241,5920,23563,5254,18309,17643,666,666,412,2959,107,21,35046421
5921,35058241,35070084,5921,23556,5234,18322,17635,687,687,388,2960,107,10,35058251
5922,35070084,35081929,5922,23568,5255,18313,17646,667,667,408,2960,107,5,35070089
5923,35081929,35093776,5923,23576,5235,18341,17653,688,688,377,2961,107,4,35081933
5924,35093776,35105625,5924,23538,5233,18305,17614,691,691,403,2961,107,27,35093803
5925,35105625,35117476,5925,23574,5246,18328,17649,679,679,391,2962,107,32,35105657
5926,35117476,35129329,5926,23578,5245,18333,17652,681,681,389,2962,107,7,35117483
5927,35129329,35141184,5927,23578,5254,18324,17651,673,673,410,2963,107,28,35129357
5928,35141184,35153041,5928,23567,5226,18341,17639,702,702,403,2963,107,29,35141213
5929,35153041,35164900,5929,23617,5241,18376,17688,688,688,395,2964,107,48,35153089
5930,35164900,35176761,5930,23577,5265,18312,17647,665,665,404,2964,107,1,35164901
5931,35176761,35188624,5931,23604,5253,18351,17673,678,678,397,2965,107,2,35176763
5932,35188624,35200489,5932,23631,5246,18385,17699,686,686,404,2965,107,7,35188631
5933,35200489,35212356,5933,23596,5250,18346,17663,683,683,404,2966,107,4,35200493
5934,35212356,35224225,5934,23612,5233,18379,17678,701,701,391,2966,107,5,35212361
5935,35224225,35236096,5935,23620,5256,18364,17685,679,679,398,2967,107,18,35224243
5936,35236096,35247969,5936,23603,5245,18358,17667,691,691,390,2967,107,13,35236109
5937,35247969,35259844,5937,23660,5247,18413,17723,690,690,401,2968,107,22,35247991
5938,35259844,35271721,5938,23592,5246,18346,17654,692,692,399,2968,107,19,35259863
5939,35271721,35283600,5939,23646,5278,18368,17707,661,661,406,2969,107,16,35271737
5940,35283600,35295481,5940,23644,5271,18373,17704,669,669,406,2969,107,13,35283613
5941,35295481,35307364,5941,23660,5244,18416,17719,697,697,389,2970,107,12,35295493
5942,35307364,35319249,5942,23623,5244,18379,17681,698,698,400,2970,107,9,35307373
5943,35319249,35331136,5943,23697,5251,18446,17754,692,692,390,2971,107,8,35319257
5944,35331136,35343025,5944,23650,5262,18388,17706,682,682,398,2971,107,1,35331137
5945,35343025,35354916,5945,23680,5273,18407,17735,672,672,413,2972,107,12,35343037
5946,35354916,35366809,5946,23603,5271,18332,17657,675,675,405,2972,107,43,35354959
5947,35366809,35378704,5947,23735,5268,18467,17788,679,679,397,2973,107,4,35366813
5948,35378704,35390601,5948,23596,5234,18362,17648,714,714,384,2973,107,7,35378711
5949,35390601,35402500,5949,23740,5250,18490,17791,699,699,402,2974,107,32,35390633
5950,35402500,35414401,5950,23662,5257,18405,17712,693,693,385,2974,107,19,35402519
5951,35414401,35426304,5951,23656,5275,18381,17705,676,676,405,2975,107,18,35414419
5952,35426304,35438209,5952,23722,5276,18446,17770,676,676,399,2975,107,7,35426311
5953,35438209,35450116,5953,23702,5263,18439,17749,690,690,398,2976,107,4,35438213
5954,35450116,35462025,5954,23724,5262,18462,17770,692,692,395,2976,107,7,35450123
5955,35462025,35473936,5955,23709,5285,18424,17754,670,670,418,2977,107,4,35462029
5956,35473936,35485849,5956,23710,5287,18423,17754,669,669,403,2977,107,21,35473957
5957,35485849,35497764,5957,23696,5271,18425,17739,686,686,405,2978,107,10,35485859
5958,35497764,35509681,5958,23741,5265,18476,17783,693,693,384,2978,107,43,35497807
5959,35509681,35521600,5959,23707,5285,18422,17748,674,674,414,2979,107,6,35509687
5960,35521600,35533521,5960,23711,5252,18459,17751,708,708,397,2979,107,1,35521601
5961,35533521,35545444,5961,23787,5268,18519,17826,693,693,388,2980,107,20,35533541
5962,35545444,35557369,5962,23701,5264,18437,17739,698,698,391,2980,107,15,35545459
5963,35557369,35569296,5963,23748,5288,18460,17785,675,675,407,2981,107,28,35557397
5964,35569296,35581225,5964,23778,5289,18489,17814,675,675,401,2981,107,1,35569297
5965,35581225,35593156,5965,23731,5290,18441,17766,675,675,406,2982,107,12,35581237
5966,35593156,35605089,5966,23728,5286,18442,17762,680,680,406,2982,107,27,35593183
5967,35605089,35617024,5967,23738,5278,18460,17771,689,689,399,2983,107,28,35605117
5968,35617024,35628961,5968,23799,5293,18506,17831,675,675,419,2983,107,3,35617027
5969,35628961,35640900,5969,23800,5268,18532,17831,701,701,389,2984,107,16,35628977
5970,35640900,35652841,5970,23752,5262,18490,17782,708,708,395,2984,107,1,35640901
5971,35652841,35664784,5971,23751,5292,18459,17780,679,679,404,2985,107,16,35652857
5972,35664784,35676729,5972,23784,5284,18500,17812,688,688,398,2985,107,19,35664803
5973,35676729,35688676,5973,23827,5289,18538,17854,684,684,390,2986,107,2,35676731
5974,35688676,35700625,5974,23783,5289,18494,17809,685,685,395,2986,107,15,35688691
5975,35700625,35712576,5975,23769,5320,18449,17794,655,655,408,2987,107,24,35700649
5976,35712576,35724529,5976,23807,5288,18519,17831,688,688,422,2987,107,5,35712581
5977,35724529,35736484,5977,23806,5279,18527,17829,698,698,397,2988,107,10,35724539
5978,35736484,35748441,5978,23826,5259,18567,17848,719,719,388,2988,107,25,35736509
5979,35748441,35760400,5979,23805,5304,18501,17826,675,675,414,2989,107,10,35748451
5980,35760400,35772361,5980,23835,5292,18543,17855,688,688,405,2989,107,9,35760409
5981,35772361,35784324,5981,23827,5276,18551,17846,705,705,386,2990,107,10,35772371
5982,35784324,35796289,5982,23783,5270,18513,17801,712,712,403,2990,107,17,35784341
5983,35796289,35808256,5983,23891,5320,18571,17908,663,663,395,2991,107,12,35796301
5984,35808256,35820225,5984,23751,5305,18446,17767,679,679,417,2991,107,1,35808257
5985,35820225,35832196,5985,23864,5311,18553,17879,674,674,402,2992,107,4,35820229
5986,35832196,35844169,5986,23839,5277,18562,17853,709,709,389,2992,107,21,35832217
5987,35844169,35856144,5987,23844,5295,18549,17857,692,692,397,2993,107,28,35844197
5988,35856144,35868121,5988,23872,5326,18546,17884,662,662,412,2993,107,49,35856193
5989,35868121,35880100,5989,23856,5303,18553,17867,686,686,395,2994,107,6,35868127
5990,35880100,35892081,5990,23834,5315,18519,17844,675,675,405,2994,107,1,35880101
5991,35892081,35904064,5991,23873,5327,18546,17882,664,664,407,2995,107,10,35892091
5992,35904064,35916049,5992,23888,5294,18594,17896,698,698,416,2995,107,39,35904103
5993,35916049,35928036,5993,23916,5295,18621,17923,698,698,400,2996,107,10,35916059
5994,35928036,35940025,5994,23832,5309,18523,17838,685,685,409,2996,107,61,35928097
5995,35940025,35952016,5995,23898,5307,18591,17903,688,688,410,2997,108,6,35940031
5996,35952016,35964009,5996,23861,5309,18552,17865,687,687,401,2997,108,1,35952017
5997,35964009,35976004,5997,23911,5318,18593,17914,679,679,404,2998,108,14,35964023
5998,35976004,35988001,5998,23916,5309,18607,17918,689,689,419,2998,108,3,35976007
5999,35988001,36000000,5999,23883,5276,18607,17884,723,723,375,2999,108,18,35988019
6000,36000000,36012001,6000,23929,5302,18627,17929,698,698,396,2999,108,7,36000007
6001,36012001,36024004,6001,23917,5286,18631,17916,715,715,393,3000,108,16,36012017
6002,36024004,36036009,6002,23899,5314,18585,17897,688,688,390,3000,108,13,36024017
6003,36036009,36048016,6003,23936,5328,18608,17933,675,675,406,3001,108,20,36036029
6004,36048016,36060025,6004,23950,5330,18620,17946,674,674,418,3001,108,13,36048029
6005,36060025,36072036,6005,23900,5335,18565,17895,670,670,413,3002,108,22,36060047
6006,36072036,36084049,6006,23922,5299,18623,17916,707,707,399,3002,108,1,36072037
6007,36084049,36096064,6007,23983,5301,18682,17976,706,706,403,3003,108,18,36084067
6008,36096064,36108081,6008,23880,5300,18580,17872,708,708,405,3003,108,13,36096077
6009,36108081,36120100,6009,23959,5335,18624,17950,674,674,397,3004,108,98,36108179
6010,36120100,36132121,6010,23992,5308,18684,17982,702,702,396,3004,108,1,36120101
6011,36132121,36144144,6011,23946,5337,18609,17935,674,674,405,3005,108,6,36132127
6012,36144144,36156169,6012,24010,5317,18693,17998,695,695,405,3005,108,7,36144151
6013,36156169,36168196,6013,23902,5348,18554,17889,665,665,410,3006,108,10,36156179
6014,36168196,36180225,6014,24002,5311,18691,17988,703,703,417,3006,108,3,36168199
6015,36180225,36192256,6015,23962,5349,18613,17947,666,666,402,3007,108,14,36180239
6016,36192256,36204289,6016,24001,5330,18671,17985,686,686,399,3007,108,1,36192257
6017,36204289,36216324,6017,23954,5324,18630,17937,693,693,411,3008,108,10,36204299
6018,36216324,36228361,6018,23997,5318,18679,17979,700,700,404,3008,108,23,36216347
6019,36228361,36240400,6019,24027,5334,18693,18008,685,685,411,3009,108,30,36228391
6020,36240400,36252441,6020,23982,5316,18666,17962,704,704,409,3009,108,3,36240403
6021,36252441,36264484,6021,23982,5294,18688,17961,727,727,388,3010,108,26,36252467
6022,36264484,36276529,6022,24014,5348,18666,17992,674,674,405,3010,108,13,36264497
6023,36276529,36288576,6023,24040,5293,18747,18017,730,730,376,3011,108,28,36276557
6024,36288576,36300625,6024,24011,5329,18682,17987,695,695,405,3011,108,7,36288583
6025,36300625,36312676,6025,24001,5352,18649,17976,673,673,411,3012,108,54,36300679
6026,36312676,36324729,6026,24041,5333,18708,18015,693,693,407,3012,108,15,36312691
6027,36324729,36336784,6027,24020,5290,18730,17993,737,737,374,3013,108,8,36324737
6028,36336784,36348841,6028,24043,5333,18710,18015,695,695,401,3013,108,9,36336793
6029,36348841,36360900,6029,24037,5343,18694,18008,686,686,408,3014,108,18,36348859
6030,36360900,36372961,6030,24011,5319,18692,17981,711,711,399,3014,108,1,36360901
6031,36372961,36385024,6031,24062,5362,18700,18031,669,669,412,3015,108,6,36372967
6032,36385024,36397089,6032,24075,5360,18715,18043,672,672,402,3015,108,15,36385039
6033,36397089,36409156,6033,24043,5333,18710,18010,700,700,402,3016,108,4,36397093
6034,36409156,36421225,6034,24049,5375,18674,18015,659,659,414,3016,108,13,36409169
6035,36421225,36433296,6035,24088,5330,18758,18053,705,705,388,3017,108,12,36421237
6036,36433296,36445369,6036,24094,5349,18745,18058,687,687,411,3017,108,7,36433303
6037,36445369,36457444,6037,24053,5339,18714,18016,698,698,409,3018,108,34,36445403
6038,36457444,36469521,6038,24043,5330,18713,18005,708,708,416,3018,108,7,36457451
6039,36469521,36481600,6039,24108,5334,18774,18069,705,705,402,3019,108,2,36469523
6040,36481600,36493681,6040,24086,5332,18754,18046,708,708,393,3019,108,31,36481631
6041,36493681,36505764,6041,24126,5366,18760,18085,675,675,410,3020,108,16,36493697
6042,36505764,36517849,6042,24042,5332,18710,18000,710,710,398,3020,108,7,36505771
6043,36517849,36529936,6043,24159,5371,18788,18116,672,672,409,3021,108,34,36517883
6044,36529936,36542025,6044,24043,5351,18692,17999,693,693,407,3021,108,3,36529939
6045,36542025,36554116,6045,24108,5337,18771,18063,708,708,388,3022,108,22,36542047
6046,36554116,36566209,6046,24094,5377,18717,18048,669,669,412,3022,108,1,36554117
6047,36566209,36578304,6047,24126,5357,18769,18079,690,690,407,3023,108,4,36566213
6048,36578304,36590401,6048,24152,5320,18832,18104,728,728,389,3023,108,55,36578359
6049,36590401,36602500,6049,24070,5347,18723,18021,702,702,404,3024,108,12,36590413
6050,36602500,36614601,6050,24169,5361,18808,18119,689,689,423,3024,108,21,36602521
6051,36614601,36626704,6051,24160,5361,18799,18109,690,690,397,3025,108,46,36614647
6052,36626704,36638809,6052,24154,5382,18772,18102,670,670,415,3025,108,9,36626713
6053,36638809,36650916,6053,24146,5353,18793,18093,700,700,396,3026,108,4,36638813
6054,36650916,36663025,6054,24148,5338,18810,18094,716,716,390,3026,108,11,36650927
6055,36663025,36675136,6055,24115,5385,18730,18060,670,670,410,3027,108,12,36663037
6056,36675136,36687249,6056,24223,5392,18831,18167,664,664,412,3027,108,15,36675151
6057,36687249,36699364,6057,24104,5347,18757,18047,710,710,392,3028,108,4,36687253
6058,36699364,36711481,6058,24201,5381,18820,18143,677,677,396,3028,108,25,36699389
6059,36711481,36723600,6059,24184,5378,18806,18125,681,681,425,3029,108,6,36711487
6060,36723600,36735721,6060,24184,5363,18821,18124,697,697,409,3029,108,1,36723601
6061,36735721,36747844,6061,24177,5375,18802,18116,686,686,413,3030,108,18,36735739
6062,36747844,36759969,6062,24149,5324,18825,18087,738,738,381,3030,108,9,36747853
6063,36759969,36772096,6063,24190,5357,18833,18127,706,706,399,3031,108,4,36759973
6064,36772096,36784225,6064,24219,5362,18857,18155,702,702,401,3031,108,7,36772103
6065,36784225,36796356,6065,24204,5391,18813,18139,674,674,428,3032,108,36,36784261
6066,36796356,36808489,6066,24204,5361,18843,18138,705,705,405,3032,108,23,36796379
6067,36808489,36820624,6067,24233,5342,18891,18166,725,725,391,3033,108,28,36808517
6068,36820624,36832761,6068,24181,5418,18763,18113,650,650,418,3033,108,3,36820627
6069,36832761,36844900,6069,24184,5380,18804,18115,689,689,413,3034,108,16,36832777
6070,36844900,36857041,6070,24241,5362,18879,18171,708,708,399,3034,108,21,36844921
6071,36857041,36869184,6071,24235,5376,18859,18164,695,695,405,3035,108,36,36857077
6072,36869184,36881329,6072,24265,5380,18885,18193,692,692,407,3035,108,17,36869201
6073,36881329,36893476,6073,24196,5414,18782,18123,659,659,424,3036,108,24,36881353
6074,36893476,36905625,6074,24277,5406,18871,18203,668,668,409,3036,108,15,36893491
6075,36905625,36917776,6075,24210,5410,18800,18135,665,665,415,3037,108,4,36905629
6076,36917776,36929929,6076,24232,5365,18867,18156,711,711,407,3037,108,13,36917789
6077,36929929,36942084,6077,24273,5367,18906,18196,710,710,416,3038,108,24,36929953
6078,36942084,36954241,6078,24250,5377,18873,18172,701,701,394,3038,108,5,36942089
6079,36954241,36966400,6079,24298,5393,18905,18219,686,686,408,3039,108,10,36954251
6080,36966400,36978561,6080,24194,5354,18840,18114,726,726,407,3039,108,3,36966403
6081,36978561,36990724,6081,24338,5370,18968,18257,711,711,396,3040,108,2,36978563
6082,36990724,37002889,6082,24264,5389,18875,18182,693,693,410,3040,108,3,36990727
6083,37002889,37015056,6083,24270,5369,18901,18187,714,714,409,3041,108,4,37002893
6084,37015056,37027225,6084,24257,5397,18860,18173,687,687,389,3041,108,5,37015061
6085,37027225,37039396,6085,24361,5372,18989,18276,713,713,407,3042,108,22,37027247
6086,37039396,37051569,6086,24247,5385,18862,18161,701,701,406,3042,108,7,37039403
6087,37051569,37063744,6087,24304,5385,18919,18217,702,702,408,3043,108,22,37051591
6088,37063744,37075921,6088,24298,5406,18892,18210,682,682,407,3043,108,9,37063753
6089,37075921,37088100,6089,24328,5397,18931,18239,692,692,419,3044,108,16,37075937
6090,37088100,37100281,6090,24323,5365,18958,18233,725,725,397,3044,108,11,37088111
6091,37100281,37112464,6091,24316,5361,18955,18225,730,730,409,3045,108,18,37100299
6092,37112464,37124649,6092,24296,5362,18934,18204,730,730,378,3045,108,33,37112497
6093,37124649,37136836,6093,24345,5380,18965,18252,713,713,416,3046,108,14,37124663
6094,37136836,37149025,6094,24308,5387,18921,18214,707,707,413,3046,108,3,37136839
6095,37149025,37161216,6095,24326,5413,18913,18231,682,682,416,3047,108,12,37149037
6096,37161216,37173409,6096,24388,5398,18990,18292,698,698,398,3047,108,1,37161217
6097,37173409,37185604,6097,24348,5394,18954,18251,703,703,397,3048,108,18,37173427
6098,37185604,37197801,6098,24331,5404,18927,18233,694,694,408,3048,108,19,37185623
6099,37197801,37210000,6099,24344,5395,18949,18245,704,704,413,3049,108,32,37197833
6100,37210000,37222201,6100,24375,5412,18963,18275,688,688,411,3049,108,9,37210009
6101,37222201,37234404,6101,24373,5417,18956,18272,684,684,404,3050,108,16,37222217
6102,37234404,37246609,6102,24346,5399,18947,18244,703,703,406,3050,108,5,37234409
6103,37246609,37258816,6103,24374,5433,18941,18271,670,670,418,3051,108,10,37246619
6104,37258816,37271025,6104,24352,5406,18946,18248,698,698,411,3051,108,37,37258853
6105,37271025,37283236,6105,24374,5392,18982,18269,713,713,402,3052,109,4,37271029
6106,37283236,37295449,6106,24377,5423,18954,18271,683,683,415,3052,109,7,37283243
6107,37295449,37307664,6107,24376,5412,18964,18269,695,695,398,3053,109,10,37295459
6108,37307664,37319881,6108,24416,5403,19013,18308,705,705,406,3053,109,17,37307681
6109,37319881,37332100,6109,24398,5413,18985,18289,696,696,417,3054,109,18,37319899
6110,37332100,37344321,6110,24364,5408,18956,18254,702,702,414,3054,109,1,37332101
6111,37344321,37356544,6111,24423,5395,19028,18312,716,716,402,3055,109,26,37344347
6112,37356544,37368769,6112,24389,5411,18978,18277,701,701,413,3055,109,3,37356547
6113,37368769,37380996,6113,24464,5423,19041,18351,690,690,413,3056,109,34,37368803
6114,37380996,37393225,6114,24422,5383,19039,18308,731,731,396,3056,109,11,37381007
6115,37393225,37405456,6115,24399,5405,18994,18284,710,710,403,3057,109,4,37393229
6116,37405456,37417689,6116,24481,5419,19062,18365,697,697,421,3057,109,25,37405481
6117,37417689,37429924,6117,24390,5434,18956,18273,683,683,410,3058,109,38,37417727
6118,37429924,37442161,6118,24434,5439,18995,18316,679,679,432,3058,109,9,37429933
6119,37442161,37454400,6119,24432,5430,19002,18313,689,689,395,3059,109,30,37442191
6120,37454400,37466641,6120,24441,5413,19028,18321,707,707,401,3059,109,1,37454401
6121,37466641,37478884,6121,24480,5403,19077,18359,718,718,417,3060,109,6,37466647
6122,37478884,37491129,6122,24465,5403,19062,18343,719,719,426,3060,109,27,37478911
6123,37491129,37503376,6123,24474,5413,19061,18351,710,710,417,3061,109,4,37491133
6124,37503376,37515625,6124,24452,5399,19053,18328,725,725,385,3061,109,3,37503379
6125,37515625,37527876,6125,24441,5438,19003,18316,687,687,395,3062,109,16,37515641
6126,37527876,37540129,6126,24485,5398,19087,18359,728,728,400,3062,109,1,37527877
6127,37540129,37552384,6127,24484,5411,19073,18357,716,716,427,3063,109,12,37540141
6128,37552384,37564641,6128,24472,5450,19022,18344,678,678,412,3063,109,3,37552387
6129,37564641,37576900,6129,24479,5445,19034,18350,684,684,403,3064,109,20,37564661
6130,37576900,37589161,6130,24533,5450,19083,18403,680,680,417,3064,109,1,37576901
6131,37589161,37601424,6131,24462,5410,19052,18331,721,721,405,3065,109,12,37589173
6132,37601424,37613689,6132,24525,5429,19096,18393,703,703,411,3065,109,37,37601461
6133,37613689,37625956,6133,24477,5417,19060,18344,716,716,403,3066,109,10,37613699
6134,37625956,37638225,6134,24558,5438,19120,18424,696,696,427,3066,109,1,37625957
6135,37638225,37650496,6135,24473,5419,19054,18338,716,716,393,3067,109,8,37638233
6136,37650496,37662769,6136,24542,5439,19103,18406,697,697,407,3067,109,25,37650521
6137,37662769,37675044,6137,24516,5399,19117,18379,738,738,400,3068,109,22,37662791
6138,37675044,37687321,6138,24543,5478,19065,18405,660,660,439,3068,109,23,37675067
6139,37687321,37699600,6139,24523,5427,19096,18384,712,712,414,3069,109,16,37687337
6140,37699600,37711881,6140,24509,5436,19073,18369,704,704,419,3069,109,1,37699601
6141,37711881,37724164,6141,24578,5430,19148,18437,711,711,407,3070,109,8,37711889
6142,37724164,37736449,6142,24546,5433,19113,18404,709,709,393,3070,109,25,37724189
6143,37736449,37748736,6143,24513,5426,19087,18370,717,717,404,3071,109,18,37736467
6144,37748736,37761025,6144,24570,5466,19104,18426,678,678,424,3071,109,7,37748743
6145,37761025,37773316,6145,24575,5439,19136,18430,706,706,427,3072,109,42,37761067
6146,37773316,37785609,6146,24571,5442,19129,18425,704,704,410,3072,109,15,37773331
6147,37785609,37797904,6147,24584,5446,19138,18437,701,701,403,3073,109,68,37785677
6148,37797904,37810201,6148,24533,5471,19062,18385,677,677,420,3073,109,7,37797911
6149,37810201,37822500,6149,24577,5450,19127,18428,699,699,409,3074,109,16,37810217
6150,37822500,37834801,6150,24608,5432,19176,18458,718,718,398,3074,109,17,37822517
6151,37834801,37847104,6151,24562,5433,19129,18411,718,718,416,3075,109,12,37834813
6152,37847104,37859409,6152,24605,5450,19155,18453,702,702,415,3075,109,7,37847111
6153,37859409,37871716,6153,24581,5467,19114,18428,686,686,412,3076,109,20,37859429
6154,37871716,37884025,6154,24640,5458,19182,18486,696,696,412,3076,109,3,37871719
6155,37884025,37896336,6155,24563,5457,19106,18408,698,698,406,3077,109,22,37884047
6156,37896336,37908649,6156,24636,5433,19203,18480,723,723,415,3077,109,1,37896337
6157,37908649,37920964,6157,24595,5462,19133,18438,695,695,417,3078,109,4,37908653
6158,37920964,37933281,6158,24631,5440,19191,18473,718,718,401,3078,109,9,37920973
6159,37933281,37945600,6159,24635,5470,19165,18476,689,689,407,3079,109,22,37933303
6160,37945600,37957921,6160,24606,5455,19151,18446,705,705,408,3079,109,13,37945613
6161,37957921,37970244,6161,24620,5446,19174,18459,715,715,416,3080,109,16,37957937
6162,37970244,37982569,6162,24639,5471,19168,18477,691,691,423,3080,109,5,37970249
6163,37982569,37994896,6163,24693,5466,19227,18530,697,697,404,3081,109,18,37982587
6164,37994896,38007225,6164,24612,5460,19152,18448,704,704,420,3081,109,1,37994897
6165,38007225,38019556,6165,24669,5440,19229,18504,725,725,399,3082,109,16,38007241
6166,38019556,38031889,6166,24615,5482,19133,18449,684,684,430,3082,109,1,38019557
6167,38031889,38044224,6167,24702,5456,19246,18535,711,711,400,3083,109,22,38031911
6168,38044224,38056561,6168,24637,5434,19203,18469,734,734,410,3083,109,5,38044229
6169,38056561,38068900,6169,24668,5456,19212,18499,713,713,406,3084,109,6,38056567
6170,38068900,38081241,6170,24665,5431,19234,18495,739,739,390,3084,109,7,38068907
6171,38081241,38093584,6171,24728,5485,19243,18557,686,686,431,3085,109,2,38081243
6172,38093584,38105929,6172,24655,5456,19199,18483,716,716,406,3085,109,9,38093593
6173,38105929,38118276,6173,24639,5462,19177,18466,711,711,403,3086,109,10,38105939
6174,38118276,38130625,6174,24722,5468,19254,18548,706,706,415,3086,109,17,38118293
6175,38130625,38142976,6175,24663,5468,19195,18488,707,707,395,3087,109,24,38130649
6176,38142976,38155329,6176,24751,5467,19284,18575,709,709,425,3087,109,1,38142977
6177,38155329,38167684,6177,24642,5476,19166,18465,701,701,411,3088,109,4,38155333
6178,38167684,38180041,6178,24709,5443,19266,18531,735,735,392,3088,109,9,38167693
6179,38180041,38192400,6179,24773,5452,19321,18594,727,727,428,3089,109,30,38180071
6180,38192400,38204761,6180,24647,5478,19169,18467,702,702,426,3089,109,17,38192417
6181,38204761,38217124,6181,24743,5470,19273,18562,711,711,400,3090,109,12,38204773
6182,38217124,38229489,6182,24711,5466,19245,18529,716,716,405,3090,109,7,38217131
6183,38229489,38241856,6183,24797,5488,19309,18614,695,695,415,3091,109,2,38229491
6184,38241856,38254225,6184,24691,5467,19224,18507,717,717,402,3091,109,13,38241869
6185,38254225,38266596,6185,24750,5459,19291,18565,726,726,403,3092,109,6,38254231
6186,38266596,38278969,6186,24744,5476,19268,18558,710,710,401,3092,109,11,38266607
6187,38278969,38291344,6187,24750,5460,19290,18563,727,727,405,3093,109,4,38278973
6188,38291344,38303721,6188,24754,5458,19296,18566,730,730,422,3093,109,9,38291353
6189,38303721,38316100,6189,24762,5493,19269,18573,696,696,431,3094,109,8,38303729
6190,38316100,38328481,6190,24752,5460,19292,18562,730,730,404,3094,109,1,38316101
6191,38328481,38340864,6191,24747,5491,19256,18556,700,700,412,3095,109,52,38328533
6192,38340864,38353249,6192,24761,5498,19263,18569,694,694,413,3095,109,13,38340877
6193,38353249,38365636,6193,24828,5503,19325,18635,690,690,415,3096,109,4,38353253
6194,38365636,38378025,6194,24746,5458,19288,18552,736,736,409,3096,109,7,38365643
6195,38378025,38390416,6195,24796,5498,19298,18601,697,697,418,3097,109,4,38378029
6196,38390416,38402809,6196,24754,5492,19262,18558,704,704,416,3097,109,25,38390441
6197,38402809,38415204,6197,24848,5499,19349,18651,698,698,417,3098,109,34,38402843
6198,38415204,38427601,6198,24778,5466,19312,18580,732,732,395,3098,109,29,38415233
6199,38427601,38440000,6199,24801,5492,19309,18602,707,707,425,3099,109,6,38427607
6200,38440000,38452401,6200,24773,5480,19293,18573,720,720,402,3099,109,13,38440013
6201,38452401,38464804,6201,24839,5496,19343,18638,705,705,430,3100,109,10,38452411
6202,38464804,38477209,6202,24784,5494,19290,18582,708,708,420,3100,109,19,38464823
6203,38477209,38489616,6203,24873,5495,19378,18670,708,708,414,3101,109,4,38477213
6204,38489616,38502025,6204,24761,5493,19268,18557,711,711,411,3101,109,7,38489623
6205,38502025,38514436,6205,24871,5467,19404,18666,738,738,402,3102,109,24,38502049
6206,38514436,38526849,6206,24817,5501,19316,18611,705,705,419,3102,109,3,38514439
6207,38526849,38539264,6207,24823,5513,19310,18616,694,694,424,3103,109,20,38526869
6208,38539264,38551681,6208,24870,5506,19364,18662,702,702,418,3103,109,9,38539273
6209,38551681,38564100,6209,24854,5511,19343,18645,698,698,428,3104,109,10,38551691
6210,38564100,38576521,6210,24840,5515,19325,18630,695,695,416,3104,109,7,38564107
6211,38576521,38588944,6211,24844,5499,19345,18633,712,712,421,3105,109,16,38576537
6212,38588944,38601369,6212,24897,5490,19407,18685,722,722,406,3105,109,15,38588959
6213,38601369,38613796,6213,24846,5520,19326,18633,693,693,417,3106,109,10,38601379
6214,38613796,38626225,6214,24827,5499,19328,18613,715,715,408,3106,109,27,38613823
6215,38626225,38638656,6215,24906,5519,19387,18691,696,696,422,3107,109,18,38626243
6216,38638656,38651089,6216,24878,5496,19382,18662,720,720,402,3107,110,1,38638657
6217,38651089,38663524,6217,24885,5509,19376,18668,708,708,408,3108,110,12,38651101
6218,38663524,38675961,6218,24904,5517,19387,18686,701,701,433,3108,110,63,38663587
6219,38675961,38688400,6219,24890,5496,19394,18671,723,723,394,3109,110,22,38675983
6220,38688400,38700841,6220,24900,5503,19397,18680,717,717,415,3109,110,1,38688401
6221,38700841,38713284,6221,24905,5479,19426,18684,742,742,403,3110,110,22,38700863
6222,38713284,38725729,6222,24890,5504,19386,18668,718,718,426,3110,110,19,38713303
6223,38725729,38738176,6223,24932,5506,19426,18709,717,717,403,3111,110,4,38725733
6224,38738176,38750625,6224,24907,5497,19410,18683,727,727,412,3111,110,15,38738191
6225,38750625,38763076,6225,24938,5515,19423,18713,710,710,404,3112,110,4,38750629
6226,38763076,38775529,6226,24899,5503,19396,18673,723,723,417,3112,110,15,38763091
6227,38775529,38787984,6227,24934,5516,19418,18707,711,711,422,3113,110,4,38775533
6228,38787984,38800441,6228,24937,5491,19446,18709,737,737,409,3113,110,5,38787989
6229,38800441,38812900,6229,24942,5527,19415,18713,702,702,416,3114,110,18,38800459
6230,38812900,38825361,6230,24951,5515,19436,18721,715,715,405,3114,110,3,38812903
6231,38825361,38837824,6231,24917,5527,19390,18686,704,704,421,3115,110,46,38825407
6232,38837824,38850289,6232,24986,5495,19491,18754,737,737,415,3115,110,7,38837831
6233,38850289,38862756,6233,24927,5501,19426,18694,732,732,406,3116,110,4,38850293
6234,38862756,38875225,6234,24993,5526,19467,18759,708,708,420,3116,110,1,38862757
6235,38875225,38887696,6235,24948,5509,19439,18713,726,726,408,3117,110,4,38875229
6236,38887696,38900169,6236,24937,5523,19414,18701,713,713,423,3117,110,1,38887697
6237,38900169,38912644,6237,24966,5530,19436,18729,707,707,418,3118,110,10,38900179
6238,38912644,38925121,6238,24978,5516,19462,18740,722,722,405,3118,110,7,38912651
6239,38925121,38937600,6239,24988,5503,19485,18749,736,736,414,3119,110,6,38925127
6240,38937600,38950081,6240,24983,5519,19464,18743,721,721,405,3119,110,1,38937601
6241,38950081,38962564,6241,25010,5540,19470,18769,701,701,435,3120,110,16,38950097
6242,38962564,38975049,6242,24965,5556,19409,18723,686,686,443,3120,110,7,38962571
6243,38975049,38987536,6243,25060,5530,19530,18817,713,713,409,3121,110,10,38975059
6244,38987536,39000025,6244,24958,5537,19421,18714,707,707,419,3121,110,13,38987549
6245,39000025,39012516,6245,25033,5531,19502,18788,714,714,424,3122,110,12,39000037
6246,39012516,39025009,6246,24998,5533,19465,18752,713,713,415,3122,110,65,39012581
6247,39025009,39037504,6247,25002,5545,19457,18755,702,702,423,3123,110,18,39025027
6248,39037504,39050001,6248,25034,5519,19515,18786,729,729,408,3123,110,7,39037511
6249,39050001,39062500,6249,25057,5547,19510,18808,702,702,414,3124,110,8,39050009
6250,39062500,39075001,6250,24976,5539,19437,18726,711,711,424,3124,110,3,39062503
6251,39075001,39087504,6251,25101,5524,19577,18850,727,727,417,3125,110,18,39075019
6252,39087504,39100009,6252,25003,5531,19472,18751,721,721,402,3125,110,23,39087527
6253,39100009,39112516,6253,25064,5552,19512,18811,701,701,438,3126,110,22,39100031
6254,39112516,39125025,6254,25029,5520,19509,18775,734,734,411,3126,110,1,39112517
6255,39125025,39137536,6255,25050,5542,19508,18795,713,713,407,3127,110,2,39125027
6256,39137536,39150049,6256,25075,5533,19542,18819,723,723,419,3127,110,15,39137551
6257,39150049,39162564,6257,25069,5529,19540,18812,728,728,416,3128,110,12,39150061
6258,39162564,39175081,6258,25055,5558,19497,18797,700,700,427,3128,110,5,39162569
6259,39175081,39187600,6259,25078,5537,19541,18819,722,722,417,3129,110,10,39175091
6260,39187600,39200121,6260,25076,5569,19507,18816,691,691,420,3129,110,39,39187639
6261,39200121,39212644,6261,25090,5545,19545,18829,716,716,423,3130,110,2,39200123
6262,39212644,39225169,6262,25079,5529,19550,18817,733,733,409,3130,110,39,39212683
6263,39225169,39237696,6263,25096,5531,19565,18833,732,732,420,3131,110,22,39225191
6264,39237696,39250225,6264,25072,5533,19539,18808,731,731,412,3131,110,11,39237707
6265,39250225,39262756,6265,25171,5580,19591,18906,685,685,428,3132,110,6,39250231
6266,39262756,39275289,6266,25063,5564,19499,18797,702,702,417,3132,110,1,39262757
6267,39275289,39287824,6267,25084,5494,19590,18817,773,773,379,3133,110,4,39275293
6268,39287824,39300361,6268,25147,5525,19622,18879,743,743,402,3133,110,45,39287869
6269,39300361,39312900,6269,25086,5532,19554,18817,737,737,432,3134,110,46,39300407
6270,39312900,39325441,6270,25160,5539,19621,18890,731,731,400,3134,110,43,39312943
6271,39325441,39337984,6271,25116,5556,19560,18845,715,715,407,3135,110,72,39325513
6272,39337984,39350529,6272,25110,5544,19566,18838,728,728,404,3135,110,39,39338023
6273,39350529,39363076,6273,25152,5558,19594,18879,715,715,410,3136,110,8,39350537
6274,39363076,39375625,6274,25132,5584,19548,18858,690,690,439,3136,110,15,39363091
6275,39375625,39388176,6275,25130,5552,19578,18855,723,723,432,3137,110,4,39375629
6276,39388176,39400729,6276,25198,5566,19632,18922,710,710,421,3137,110,11,39388187
6277,39400729,39413284,6277,25137,5531,19606,18860,746,746,400,3138,110,4,39400733
6278,39413284,39425841,6278,25153,5559,19594,18875,719,719,419,3138,110,3,39413287
6279,39425841,39438400,6279,25130,5578,19552,18851,701,701,423,3139,110,16,39425857
6280,39438400,39450961,6280,25196,5544,19652,18916,736,736,419,3139,110,3,39438403
6281,39450961,39463524,6281,25131,5576,19555,18850,705,705,429,3140,110,28,39450989
6282,39463524,39476089,6282,25209,5571,19638,18927,711,711,415,3140,110,7,39463531
6283,39476089,39488656,6283,25197,5536,19661,18914,747,747,408,3141,110,4,39476093
6284,39488656,39501225,6284,25116,5573,19543,18832,711,711,423,3141,110,55,39488711
6285,39501225,39513796,6285,25234,5547,19687,18949,738,738,407,3142,110,74,39501299
6286,39513796,39526369,6286,25184,5555,19629,18898,731,731,412,3142,110,25,39513821
6287,39526369,39538944,6287,25211,5599,19612,18924,688,688,435,3143,110,4,39526373
6288,39538944,39551521,6288,25198,5546,19652,18910,742,742,420,3143,110,5,39538949
6289,39551521,39564100,6289,25201,5586,19615,18912,703,703,429,3144,110,10,39551531
6290,39564100,39576681,6290,25265,5576,19689,18975,714,714,412,3144,110,13,39564113
6291,39576681,39589264,6291,25167,5563,19604,18876,728,728,408,3145,110,2,39576683
6292,39589264,39601849,6292,25189,5574,19615,18897,718,718,409,3145,110,3,39589267
6293,39601849,39614436,6293,25224,5537,19687,18931,756,756,411,3146,110,4,39601853
6294,39614436,39627025,6294,25298,5549,19749,19004,745,745,423,3146,110,11,39614447
6295,39627025,39639616,6295,25213,5573,19640,18918,722,722,410,3147,110,6,39627031
6296,39639616,39652209,6296,25233,5576,19657,18937,720,720,429,3147,110,3,39639619
6297,39652209,39664804,6297,25266,5592,19674,18969,705,705,424,3148,110,20,39652229
6298,39664804,39677401,6298,25215,5560,19655,18917,738,738,420,3148,110,13,39664817
6299,39677401,39690000,6299,25309,5578,19731,19010,721,721,421,3149,110,12,39677413
6300,39690000,39702601,6300,25195,5571,19624,18895,729,729,419,3149,110,37,39690037
6301,39702601,39715204,6301,25298,5609,19689,18997,692,692,434,3150,110,28,39702629
6302,39715204,39727809,6302,25257,5602,19655,18955,700,700,439,3150,110,13,39715217
6303,39727809,39740416,6303,25267,5590,19677,18964,713,713,419,3151,110,8,39727817
6304,39740416,39753025,6304,25239,5586,19653,18935,718,718,411,3151,110,7,39740423
6305,39753025,39765636,6305,25315,5568,19747,19010,737,737,404,3152,110,6,39753031
6306,39765636,39778249,6306,25292,5579,19713,18986,727,727,415,3152,110,1,39765637
6307,39778249,39790864,6307,25288,5580,19708,18981,727,727,417,3153,110,4,39778253
6308,39790864,39803481,6308,25287,5591,19696,18979,717,717,414,3153,110,25,39790889
6309,39803481,39816100,6309,25289,5593,19696,18980,716,716,429,3154,110,22,39803503
6310,39816100,39828721,6310,25304,5597,19707,18994,713,713,427,3154,110,13,39816113
6311,39828721,39841344,6311,25302,5599,19703,18991,712,712,432,3155,110,28,39828749
6312,39841344,39853969,6312,25339,5588,19751,19027,724,724,412,3155,110,49,39841393
6313,39853969,39866596,6313,25332,5595,19737,19019,718,718,419,3156,110,4,39853973
6314,39866596,39879225,6314,25323,5602,19721,19009,712,712,425,3156,110,1,39866597
6315,39879225,39891856,6315,25276,5593,19683,18961,722,722,403,3157,110,2,39879227
6316,39891856,39904489,6316,25370,5597,19773,19054,719,719,430,3157,110,33,39891889
6317,39904489,39917124,6317,25314,5579,19735,18997,738,738,418,3158,110,22,39904511
6318,39917124,39929761,6318,25363,5610,19753,19045,708,708,438,3158,110,7,39917131
6319,39929761,39942400,6319,25345,5621,19724,19026,698,698,432,3159,110,18,39929779
6320,39942400,39955041,6320,25305,5610,19695,18985,710,710,422,3159,110,39,39942439
6321,39955041,39967684,6321,25400,5613,19787,19079,708,708,417,3160,110,10,39955051
6322,39967684,39980329,6322,25353,5587,19766,19031,735,735,413,3160,110,3,39967687
6323,39980329,39992976,6323,25325,5615,19710,19002,708,708,424,3161,110,12,39980341
6324,39992976,40005625,6324,25361,5587,19774,19037,737,737,422,3161,110,11,39992987
6325,40005625,40018276,6325,25414,5608,19806,19089,717,717,411,3162,110,18,40005643
6326,40018276,40030929,6326,25324,5614,19710,18998,712,712,419,3162,110,7,40018283
6327,40030929,40043584,6327,25373,5610,19763,19046,717,717,419,3163,110,2,40030931
6328,40043584,40056241,6328,25405,5616,19789,19077,712,712,427,3163,111,19,40043603
6329,40056241,40068900,6329,25372,5616,19756,19043,713,713,435,3164,111,12,40056253
6330,40068900,40081561,6330,25395,5590,19805,19065,740,740,407,3164,111,13,40068913
6331,40081561,40094224,6331,25377,5611,19766,19046,720,720,430,3165,111,46,40081607
6332,40094224,40106889,6332,25455,5594,19861,19123,738,738,406,3165,111,3,40094227
6333,40106889,40119556,6333,25363,5600,19763,19030,733,733,413,3166,111,14,40106903
6334,40119556,40132225,6334,25387,5595,19792,19053,739,739,409,3166,111,45,40119601
6335,40132225,40144896,6335,25458,5603,19855,19123,732,732,414,3167,111,22,40132247
6336,40144896,40157569,6336,25427,5629,19798,19091,707,707,432,3167,111,5,40144901
6337,40157569,40170244,6337,25440,5605,19835,19103,732,732,411,3168,111,22,40157591
6338,40170244,40182921,6338,25394,5632,19762,19056,706,706,434,3168,111,43,40170287
6339,40182921,40195600,6339,25440,5604,19836,19101,735,735,413,3169,111,10,40182931
6340,40195600,40208281,6340,25457,5635,19822,19117,705,705,420,3169,111,1,40195601
6341,40208281,40220964,6341,25448,5619,19829,19107,722,722,418,3170,111,18,40208299
6342,40220964,40233649,6342,25439,5636,19803,19097,706,706,430,3170,111,23,40220987
6343,40233649,40246336,6343,25469,5608,19861,19126,735,735,421,3171,111,18,40233667
6344,40246336,40259025,6344,25400,5649,19751,19056,695,695,436,3171,111,27,40246363
6345,40259025,40271716,6345,25505,5570,19935,19160,775,775,404,3172,111,4,40259029
6346,40271716,40284409,6346,25431,5603,19828,19085,743,743,409,3172,111,3,40271719
6347,40284409,40297104,6347,25477,5620,19857,19130,727,727,429,3173,111,34,40284443
6348,40297104,40309801,6348,25483,5604,19879,19135,744,744,420,3173,111,5,40297109
6349,40309801,40322500,6349,25492,5604,19888,19143,745,745,407,3174,111,16,40309817
6350,40322500,40335201,6350,25517,5611,19906,19167,739,739,416,3174,111,1,40322501
6351,40335201,40347904,6351,25383,5650,19733,19032,701,701,417,3175,111,8,40335209
6352,40347904,40360609,6352,25563,5610,19953,19211,742,742,420,3175,111,25,40347929
6353,40360609,40373316,6353,25456,5622,19834,19103,731,731,418,3176,111,18,40360627
6354,40373316,40386025,6354,25522,5628,19894,19168,726,726,408,3176,111,5,40373321
6355,40386025,40398736,6355,25512,5617,19895,19157,738,738,418,3177,111,12,40386037
6356,40398736,40411449,6356,25499,5653,19846,19143,703,703,417,3177,111,15,40398751
6357,40411449,40424164,6357,25530,5637,19893,19173,720,720,432,3178,111,38,40411487
6358,40424164,40436881,6358,25519,5639,19880,19161,719,719,432,3178,111,13,40424177
6359,40436881,40449600,6359,25515,5649,19866,19156,710,710,441,3179,111,28,40436909
6360,40449600,40462321,6360,25538,5635,19903,19178,725,725,422,3179,111,1,40449601
6361,40462321,40475044,6361,25528,5622,19906,19167,739,739,408,3180,111,18,40462339
6362,40475044,40487769,6362,25557,5629,19928,19195,733,733,428,3180,111,7,40475051
6363,40487769,40500496,6363,25502,5618,19884,19139,745,745,403,3181,111,10,40487779
6364,40500496,40513225,6364,25538,5668,19870,19174,696,696,438,3181,111,21,40500517
6365,40513225,40525956,6365,25556,5624,19932,19191,741,741,421,3182,111,12,40513237
6366,40525956,40538689,6366,25571,5633,19938,19205,733,733,405,3182,111,1,40525957
6367,40538689,40551424,6367,25558,5660,19898,19191,707,707,429,3183,111,48,40538737
6368,40551424,40564161,6368,25579,5663,19916,19211,705,705,443,3183,111,7,40551431
6369,40564161,40576900,6369,25559,5650,19909,19190,719,719,429,3184,111,2,40564163
6370,40576900,40589641,6370,25573,5661,19912,19203,709,709,427,3184,111,19,40576919
6371,40589641,40602384,6371,25538,5636,19902,19167,735,735,420,3185,111,10,40589651
6372,40602384,40615129,6372,25643,5660,19983,19271,712,712,424,3185,111,5,40602389
6373,40615129,40627876,6373,25542,5642,19900,19169,731,731,427,3186,111,10,40615139
6374,40627876,40640625,6374,25629,5667,19962,19255,707,707,443,3186,111,13,40627889
6375,40640625,40653376,6375,25547,5632,19915,19172,743,743,409,3187,111,22,40640647
6376,40653376,40666129,6376,25644,5649,19995,19268,727,727,426,3187,111,7,40653383
6377,40666129,40678884,6377,25576,5648,19928,19199,729,729,425,3188,111,4,40666133
6378,40678884,40691641,6378,25610,5670,19940,19232,708,708,426,3188,111,5,40678889
6379,40691641,40704400,6379,25620,5622,19998,19241,757,757,411,3189,111,6,40691647
6380,40704400,40717161,6380,25619,5639,19980,19239,741,741,408,3189,111,7,40704407
6381,40717161,40729924,6381,25630,5633,19997,19249,748,748,418,3190,111,46,40717207
6382,40729924,40742689,6382,25610,5642,19968,19228,740,740,428,3190,111,13,40729937
6383,40742689,40755456,6383,25648,5642,20006,19265,741,741,428,3191,111,12,40742701
6384,40755456,40768225,6384,25620,5655,19965,19236,729,729,420,3191,111,5,40755461
6385,40768225,40780996,6385,25659,5649,20010,19274,736,736,419,3192,111,42,40768267
6386,40780996,40793769,6386,25635,5629,20006,19249,757,757,403,3192,111,7,40781003
6387,40793769,40806544,6387,25664,5668,19996,19277,719,719,437,3193,111,8,40793777
6388,40806544,40819321,6388,25660,5663,19997,19272,725,725,412,3193,111,9,40806553
6389,40819321,40832100,6389,25665,5637,20028,19276,752,752,434,3194,111,12,40819333
6390,40832100,40844881,6390,25612,5655,19957,19222,735,735,411,3194,111,37,40832137
6391,40844881,40857664,6391,25724,5674,20050,19333,717,717,429,3195,111,10,40844891
6392,40857664,40870449,6392,25688,5642,20046,19296,750,750,422,3195,111,3,40857667
6393,40870449,40883236,6393,25642,5673,19969,19249,720,720,426,3196,111,58,40870507
6394,40883236,40896025,6394,25670,5704,19966,19276,690,690,427,3196,111,21,40883257
6395,40896025,40908816,6395,25708,5688,20020,19313,707,707,429,3197,111,34,40896059
6396,40908816,40921609,6396,25697,5682,20015,19301,714,714,440,3197,111,25,40908841
6397,40921609,40934404,6397,25689,5674,20015,19292,723,723,419,3198,111,10,40921619
6398,40934404,40947201,6398,25713,5674,20039,19315,724,724,439,3198,111,3,40934407
6399,40947201,40960000,6399,25709,5663,20046,19310,736,736,412,3199,111,26,40947227
6400,40960000,40972801,6400,25695,5676,20019,19295,724,724,419,3199,111,1,40960001
6401,40972801,40985604,6401,25722,5652,20070,19321,749,749,422,3200,111,6,40972807
6402,40985604,40998409,6402,25696,5667,20029,19294,735,735,412,3200,111,7,40985611
6403,40998409,41011216,6403,25773,5687,20086,19370,716,716,431,3201,111,12,40998421
6404,41011216,41024025,6404,25653,5660,19993,19249,744,744,423,3201,111,3,41011219
6405,41024025,41036836,6405,25766,5677,20089,19361,728,728,427,3202,111,16,41024041
6406,41036836,41049649,6406,25718,5689,20029,19312,717,717,426,3202,111,73,41036909
6407,41049649,41062464,6407,25764,5677,20087,19357,730,730,415,3203,111,18,41049667
6408,41062464,41075281,6408,25752,5673,20079,19344,735,735,426,3203,111,17,41062481
6409,41075281,41088100,6409,25687,5675,20012,19278,734,734,424,3204,111,18,41075299
6410,41088100,41100921,6410,25807,5656,20151,19397,754,754,428,3204,111,21,41088121
6411,41100921,41113744,6411,25740,5685,20055,19329,726,726,421,3205,111,32,41100953
6412,41113744,41126569,6412,25754,5685,20069,19342,727,727,423,3205,111,9,41113753
6413,41126569,41139396,6413,25782,5683,20099,19369,730,730,434,3206,111,40,41126609
6414,41139396,41152225,6414,25774,5657,20117,19360,757,757,414,3206,111,7,41139403
6415,41152225,41165056,6415,25780,5709,20071,19365,706,706,433,3207,111,4,41152229
6416,41165056,41177889,6416,25717,5665,20052,19301,751,751,417,3207,111,43,41165099
6417,41177889,41190724,6417,25844,5665,20179,19427,752,752,429,3208,111,2,41177891
6418,41190724,41203561,6418,25775,5691,20084,19357,727,727,423,3208,111,9,41190733
6419,41203561,41216400,6419,25794,5712,20082,19375,707,707,437,3209,111,18,41203579
6420,41216400,41229241,6420,25807,5667,20140,19387,753,753,412,3209,111,1,41216401
6421,41229241,41242084,6421,25802,5710,20092,19381,711,711,426,3210,111,36,41229277
6422,41242084,41254929,6422,25788,5703,20085,19366,719,719,426,3210,111,15,41242099
6423,41254929,41267776,6423,25854,5697,20157,19431,726,726,437,3211,111,4,41254933
6424,41267776,41280625,6424,25776,5702,20074,19352,722,722,435,3211,111,25,41267801
6425,41280625,41293476,6425,25867,5679,20188,19442,746,746,434,3212,111,22,41280647
6426,41293476,41306329,6426,25795,5715,20080,19369,711,711,435,3212,111,25,41293501
6427,41306329,41319184,6427,25842,5691,20151,19415,736,736,419,3213,111,10,41306339
6428,41319184,41332041,6428,25840,5678,20162,19412,750,750,425,3213,111,9,41319193
6429,41332041,41344900,6429,25852,5689,20163,19423,740,740,416,3214,111,2,41332043
6430,41344900,41357761,6430,25834,5699,20135,19404,731,731,446,3214,111,9,41344909
6431,41357761,41370624,6431,25830,5713,20117,19399,718,718,429,3215,111,12,41357773
6432,41370624,41383489,6432,25892,5706,20186,19460,726,726,435,3215,111,25,41370649
6433,41383489,41396356,6433,25831,5704,20127,19398,729,729,423,3216,111,10,41383499
6434,41396356,41409225,6434,25830,5705,20125,19396,729,729,425,3216,111,1,41396357
6435,41409225,41422096,6435,25857,5725,20132,19422,710,710,420,3217,111,64,41409289
6436,41422096,41434969,6436,25889,5693,20196,19453,743,743,430,3217,111,3,41422099
6437,41434969,41447844,6437,25878,5675,20203,19441,762,762,408,3218,111,10,41434979
6438,41447844,41460721,6438,25881,5694,20187,19443,744,744,418,3218,111,47,41447891
6439,41460721,41473600,6439,25913,5709,20204,19474,730,730,417,3219,111,30,41460751
6440,41473600,41486481,6440,25859,5722,20137,19419,718,718,441,3219,111,9,41473609
6441,41486481,41499364,6441,25890,5696,20194,19449,745,745,420,3220,112,2,41486483
6442,41499364,41512249,6442,25865,5710,20155,19423,732,732,410,3220,112,25,41499389
6443,41512249,41525136,6443,25923,5716,20207,19480,727,727,426,3221,112,10,41512259
6444,41525136,41538025,6444,25906,5721,20185,19462,723,723,419,3221,112,11,41525147
6445,41538025,41550916,6445,25886,5693,20193,19441,752,752,430,3222,112,6,41538031
6446,41550916,41563809,6446,25927,5701,20226,19481,745,745,426,3222,112,15,41550931
6447,41563809,41576704,6447,25960,5749,20211,19513,698,698,444,3223,112,44,41563853
6448,41576704,41589601,6448,25928,5733,20195,19480,715,715,441,3223,112,19,41576723
6449,41589601,41602500,6449,25883,5707,20176,19434,742,742,426,3224,112,40,41589641
6450,41602500,41615401,6450,25971,5760,20211,19521,690,690,431,3224,112,7,41602507
6451,41615401,41628304,6451,25964,5710,20254,19513,741,741,429,3225,112,6,41615407
6452,41628304,41641209,6452,25921,5743,20178,19469,709,709,427,3225,112,13,41628317
6453,41641209,41654116,6453,25902,5707,20195,19449,746,746,434,3226,112,4,41641213
6454,41654116,41667025,6454,26008,5718,20290,19554,736,736,417,3226,112,31,41654147
6455,41667025,41679936,6455,25953,5705,20248,19498,750,750,429,3227,112,22,41667047
6456,41679936,41692849,6456,25963,5712,20251,19507,744,744,427,3227,112,11,41679947
6457,41692849,41705764,6457,25979,5709,20270,19522,748,748,417,3228,112,60,41692909
6458,41705764,41718681,6458,25939,5729,20210,19481,729,729,427,3228,112,3,41705767
6459,41718681,41731600,6459,26000,5728,20272,19541,731,731,426,3229,112,32,41718713
6460,41731600,41744521,6460,25973,5728,20245,19513,732,732,438,3229,112,1,41731601
6461,41744521,41757444,6461,25990,5715,20275,19529,746,746,434,3230,112,12,41744533
6462,41757444,41770369,6462,25971,5716,20255,19509,746,746,416,3230,112,7,41757451
6463,41770369,41783296,6463,26035,5723,20312,19572,740,740,417,3231,112,18,41770387
6464,41783296,41796225,6464,25955,5718,20237,19491,746,746,439,3231,112,7,41783303
6465,41796225,41809156,6465,26018,5732,20286,19553,733,733,426,3232,112,4,41796229
6466,41809156,41822089,6466,25971,5720,20251,19505,746,746,415,3232,112,13,41809169
6467,41822089,41835024,6467,26032,5701,20331,19565,766,766,414,3233,112,4,41822093
6468,41835024,41847961,6468,26049,5727,20322,19581,741,741,427,3233,112,19,41835043
6469,41847961,41860900,6469,26039,5737,20302,19570,732,732,440,3234,112,16,41847977
6470,41860900,41873841,6470,25985,5757,20228,19515,713,713,445,3234,112,9,41860909
6471,41873841,41886784,6471,26023,5731,20292,19552,740,740,437,3235,112,8,41873849
6472,41886784,41899729,6472,26059,5714,20345,19587,758,758,416,3235,112,3,41886787
6473,41899729,41912676,6473,26043,5760,20283,19570,713,713,433,3236,112,34,41899763
6474,41912676,41925625,6474,26023,5747,20276,19549,727,727,436,3236,112,11,41912687
6475,41925625,41938576,6475,26070,5764,20306,19595,711,711,441,3237,112,18,41925643
6476,41938576,41951529,6476,26032,5735,20297,19556,741,741,428,3237,112,21,41938597
6477,41951529,41964484,6477,26080,5736,20344,19603,741,741,420,3238,112,14,41951543
6478,41964484,41977441,6478,26029,5763,20266,19551,715,715,437,3238,112,7,41964491
6479,41977441,41990400,6479,26055,5761,20294,19576,718,718,427,3239,112,6,41977447
6480,41990400,42003361,6480,26107,5750,20357,19627,730,730,421,3239,112,1,41990401
6481,42003361,42016324,6481,26081,5734,20347,19600,747,747,423,3240,112,10,42003371
6482,42016324,42029289,6482,26030,5771,20259,19548,711,711,447,3240,112,39,42016363
6483,42029289,42042256,6483,26114,5739,20375,19631,744,744,435,3241,112,4,42029293
6484,42042256,42055225,6484,26090,5737,20353,19606,747,747,423,3241,112,7,42042263
6485,42055225,42068196,6485,26103,5769,20334,19618,716,716,444,3242,112,6,42055231
6486,42068196,42081169,6486,26097,5732,20365,19611,754,754,411,3242,112,11,42068207
6487,42081169,42094144,6487,26088,5730,20358,19601,757,757,418,3243,112,28,42081197
6488,42094144,42107121,6488,26120,5752,20368,19632,736,736,447,3243,112,3,42094147
6489,42107121,42120100,6489,26071,5766,20305,19582,723,723,427,3244,112,8,42107129
6490,42120100,42133081,6490,26146,5757,20389,19656,733,733,425,3244,112,19,42120119
6491,42133081,42146064,6491,26087,5726,20361,19596,765,765,433,3245,112,12,42133093
6492,42146064,42159049,6492,26182,5730,20452,19690,762,762,422,3245,112,25,42146089
6493,42159049,42172036,6493,26115,5760,20355,19622,733,733,430,3246,112,10,42159059
6494,42172036,42185025,6494,26125,5746,20379,19631,748,748,432,3246,112,7,42172043
6495,42185025,42198016,6495,26110,5767,20343,19615,728,728,425,3247,112,38,42185063
6496,42198016,42211009,6496,26180,5729,20451,19684,767,767,409,3247,112,25,42198041
6497,42211009,42224004,6497,26141,5767,20374,19644,730,730,444,3248,112,54,42211063
6498,42224004,42237001,6498,26135,5773,20362,19637,725,725,450,3248,112,29,42224033
6499,42237001,42250000,6499,26176,5710,20466,19677,789,789,403,3249,112,6,42237007
6500,42250000,42263001,6500,26165,5775,20390,19665,725,725,420,3249,112,9,42250009
6501,42263001,42276004,6501,26143,5742,20401,19642,759,759,418,3250,112,8,42263009
6502,42276004,42289009,6502,26150,5761,20389,19648,741,741,446,3250,112,7,42276011
6503,42289009,42302016,6503,26226,5726,20500,19723,777,777,402,3251,112,24,42289033
6504,42302016,42315025,6504,26142,5749,20393,19638,755,755,423,3251,112,61,42302077
6505,42315025,42328036,6505,26201,5794,20407,19696,711,711,449,3252,112,18,42315043
6506,42328036,42341049,6506,26193,5754,20439,19687,752,752,430,3252,112,13,42328049
6507,42341049,42354064,6507,26190,5780,20410,19683,727,727,430,3253,112,4,42341053
6508,42354064,42367081,6508,26177,5760,20417,19669,748,748,413,3253,112,7,42354071
6509,42367081,42380100,6509,26247,5747,20500,19738,762,762,426,3254,112,16,42367097
6510,42380100,42393121,6510,26197,5790,20407,19687,720,720,432,3254,112,19,42380119
6511,42393121,42406144,6511,26208,5791,20417,19697,720,720,426,3255,112,12,42393133
6512,42406144,42419169,6512,26206,5763,20443,19694,749,749,431,3255,112,49,42406193
6513,42419169,42432196,6513,26180,5786,20394,19667,727,727,433,3256,112,8,42419177
6514,42432196,42445225,6514,26277,5765,20512,19763,749,749,435,3256,112,1,42432197
6515,42445225,42458256,6515,26228,5775,20453,19713,740,740,425,3257,112,54,42445279
6516,42458256,42471289,6516,26221,5754,20467,19705,762,762,418,3257,112,65,42458321
6517,42471289,42484324,6517,26246,5764,20482,19729,753,753,428,3258,112,18,42471307
6518,42484324,42497361,6518,26245,5770,20475,19727,748,748,434,3258,112,7,42484331
6519,42497361,42510400,6519,26249,5780,20469,19730,739,739,426,3259,112,8,42497369
6520,42510400,42523441,6520,26232,5773,20459,19712,747,747,438,3259,112,7,42510407
6521,42523441,42536484,6521,26290,5790,20500,19769,731,731,448,3260,112,10,42523451
6522,42536484,42549529,6522,26249,5790,20459,19727,732,732,425,3260,112,5,42536489
6523,42549529,42562576,6523,26256,5772,20484,19733,751,751,421,3261,112,12,42549541
6524,42562576,42575625,6524,26244,5798,20446,19720,726,726,441,3261,112,31,42562607
6525,42575625,42588676,6525,26266,5798,20468,19741,727,727,421,3262,112,28,42575653
6526,42588676,42601729,6526,26305,5778,20527,19779,748,748,434,3262,112,21,42588697
6527,42601729,42614784,6527,26278,5785,20493,19751,742,742,432,3263,112,22,42601751
6528,42614784,42627841,6528,26301,5786,20515,19773,742,742,432,3263,112,13,42614797
6529,42627841,42640900,6529,26245,5792,20453,19716,737,737,433,3264,112,22,42627863
6530,42640900,42653961,6530,26316,5761,20555,19786,769,769,421,3264,112,1,42640901
6531,42653961,42667024,6531,26310,5783,20527,19779,748,748,426,3265,112,16,42653977
6532,42667024,42680089,6532,26291,5801,20490,19759,731,731,430,3265,112,15,42667039
6533,42680089,42693156,6533,26298,5797,20501,19765,736,736,426,3266,112,4,42680093
6534,42693156,42706225,6534,26364,5767,20597,19830,767,767,427,3266,112,7,42693163
6535,42706225,42719296,6535,26286,5809,20477,19751,726,726,448,3267,112,24,42706249
6536,42719296,42732369,6536,26324,5815,20509,19788,721,721,443,3267,112,1,42719297
6537,42732369,42745444,6537,26338,5775,20563,19801,762,762,428,3268,112,8,42732377
6538,42745444,42758521,6538,26345,5815,20530,19807,723,723,434,3268,112,9,42745453
6539,42758521,42771600,6539,26334,5781,20553,19795,758,758,415,3269,112,28,42758549
6540,42771600,42784681,6540,26362,5792,20570,19822,748,748,442,3269,112,1,42771601
6541,42784681,42797764,6541,26337,5791,20546,19796,750,750,441,3270,112,16,42784697
6542,42797764,42810849,6542,26361,5760,20601,19819,782,782,420,3270,112,9,42797773
6543,42810849,42823936,6543,26352,5821,20531,19809,722,722,445,3271,112,32,42810881
6544,42823936,42837025,6544,26306,5808,20498,19762,736,736,422,3271,112,3,42823939
6545,42837025,42850116,6545,26350,5791,20559,19805,754,754,440,3272,112,36,42837061
6546,42850116,42863209,6546,26403,5804,20599,19857,742,742,428,3272,112,1,42850117
6547,42863209,42876304,6547,26397,5834,20563,19850,713,713,452,3273,112,4,42863213
6548,42876304,42889401,6548,26370,5811,20559,19822,737,737,437,3273,112,3,42876307
6549,42889401,42902500,6549,26376,5832,20544,19827,717,717,445,3274,112,20,42889421
6550,42902500,42915601,6550,26398,5813,20585,19848,737,737,409,3274,112,1,42902501
6551,42915601,42928704,6551,26380,5799,20581,19829,752,752,442,3275,112,10,42915611
6552,42928704,42941809,6552,26378,5794,20584,19826,758,758,419,3275,112,23,42928727
6553,42941809,42954916,6553,26415,5823,20592,19862,730,730,434,3276,112,22,42941831
6554,42954916,42968025,6554,26380,5818,20562,19826,736,736,448,3276,112,27,42954943
6555,42968025,42981136,6555,26407,5832,20575,19852,723,723,442,3277,113,22,42968047
6556,42981136,42994249,6556,26396,5790,20606,19840,766,766,432,3277,113,3,42981139
6557,42994249,43007364,6557,26450,5830,20620,19893,727,727,434,3278,113,22,42994271
6558,43007364,43020481,6558,26406,5826,20580,19848,732,732,425,3278,113,5,43007369
6559,43020481,43033600,6559,26470,5820,20650,19911,739,739,442,3279,113,36,43020517
6560,43033600,43046721,6560,26397,5805,20592,19837,755,755,432,3279,113,3,43033603
6561,43046721,43059844,6561,26461,5843,20618,19900,718,718,440,3280,113,26,43046747
6562,43059844,43072969,6562,26414,5800,20614,19852,762,762,420,3280,113,25,43059869
6563,43072969,43086096,6563,26476,5794,20682,19913,769,769,420,3281,113,10,43072979
6564,43086096,43099225,6564,26408,5800,20608,19844,764,764,425,3281,113,5,43086101
6565,43099225,43112356,6565,26488,5814,20674,19923,751,751,447,3282,113,12,43099237
6566,43112356,43125489,6566,26433,5826,20607,19867,740,740,432,3282,113,13,43112369
6567,43125489,43138624,6567,26485,5817,20668,19918,750,750,429,3283,113,4,43125493
6568,43138624,43151761,6568,26443,5835,20608,19875,733,733,445,3283,113,39,43138663
6569,43151761,43164900,6569,26449,5793,20656,19880,776,776,407,3284,113,6,43151767
6570,43164900,43178041,6570,26546,5833,20713,19976,737,737,446,3284,113,7,43164907
6571,43178041,43191184,6571,26464,5818,20646,19893,753,753,408,3285,113,12,43178053
6572,43191184,43204329,6572,26509,5827,20682,19937,745,745,439,3285,113,7,43191191
6573,43204329,43217476,6573,26427,5821,20606,19854,752,752,419,3286,113,2,43204331
6574,43217476,43230625,6574,26515,5831,20684,19941,743,743,428,3286,113,15,43217491
6575,43230625,43243776,6575,26539,5827,20712,19964,748,748,442,3287,113,6,43230631
6576,43243776,43256929,6576,26471,5844,20627,19895,732,732,420,3287,113,1,43243777
6577,43256929,43270084,6577,26526,5844,20682,19949,733,733,422,3288,113,4,43256933
6578,43270084,43283241,6578,26518,5833,20685,19940,745,745,438,3288,113,19,43270103
6579,43283241,43296400,6579,26519,5835,20684,19940,744,744,425,3289,113,16,43283257
6580,43296400,43309561,6580,26515,5813,20702,19935,767,767,428,3289,113,3,43296403
6581,43309561,43322724,6581,26556,5842,20714,19975,739,739,442,3290,113,16,43309577
6582,43322724,43335889,6582,26513,5842,20671,19931,740,740,457,3290,113,5,43322729
6583,43335889,43349056,6583,26526,5812,20714,19943,771,771,419,3291,113,10,43335899
6584,43349056,43362225,6584,26550,5815,20735,19966,769,769,446,3291,113,7,43349063
6585,43362225,43375396,6585,26522,5851,20671,19937,734,734,441,3292,113,8,43362233
6586,43375396,43388569,6586,26587,5835,20752,20001,751,751,417,3292,113,7,43375403
6587,43388569,43401744,6587,26534,5841,20693,19947,746,746,439,3293,113,24,43388593
6588,43401744,43414921,6588,26580,5841,20739,19992,747,747,447,3293,113,7,43401751
6589,43414921,43428100,6589,26535,5833,20702,19946,756,756,444,3294,113,6,43414927
6590,43428100,43441281,6590,26603,5847,20756,20013,743,743,429,3294,113,1,43428101
6591,43441281,43454464,6591,26541,5813,20728,19950,778,778,425,3295,113,2,43441283
6592,43454464,43467649,6592,26597,5855,20742,20005,737,737,442,3295,113,7,43454471
6593,43467649,43480836,6593,26551,5852,20699,19958,741,741,434,3296,113,12,43467661
6594,43480836,43494025,6594,26583,5818,20765,19989,776,776,434,3296,113,31,43480867
6595,43494025,43507216,6595,26610,5826,20784,20015,769,769,419,3297,113,18,43494043
6596,43507216,43520409,6596,26647,5867,20780,20051,729,729,423,3297,113,91,43507307
6597,43520409,43533604,6597,26574,5837,20737,19977,760,760,434,3298,113,8,43520417
6598,43533604,43546801,6598,26600,5835,20765,20002,763,763,441,3298,113,25,43533629
6599,43546801,43560000,6599,26610,5835,20775,20011,764,764,431,3299,113,6,43546807
6600,43560000,43573201,6600,26590,5823,20767,19990,777,777,433,3299,113,7,43560007
6601,43573201,43586404,6601,26672,5859,20813,20071,742,742,451,3300,113,6,43573207
6602,43586404,43599609,6602,26567,5874,20693,19965,728,728,448,3300,113,37,43586441
6603,43599609,43612816,6603,26678,5870,20808,20075,733,733,455,3301,113,4,43599613
6604,43612816,43626025,6604,26593,5864,20729,19989,740,740,442,3301,113,1,43612817
6605,43626025,43639236,6605,26617,5868,20749,20012,737,737,423,3302,113,18,43626043
6606,43639236,43652449,6606,26661,5850,20811,20055,756,756,441,3302,113,5,43639241
6607,43652449,43665664,6607,26669,5883,20786,20062,724,724,437,3303,113,12,43652461
6608,43665664,43678881,6608,26669,5874,20795,20061,734,734,435,3303,113,25,43665689
6609,43678881,43692100,6609,26641,5856,20785,20032,753,753,412,3304,113,2,43678883
6610,43692100,43705321,6610,26644,5877,20767,20034,733,733,456,3304,113,27,43692127
6611,43705321,43718544,6611,26660,5853,20807,20049,758,758,441,3305,113,36,43705357
6612,43718544,43731769,6612,26692,5856,20836,20080,756,756,435,3305,113,7,43718551
6613,43731769,43744996,6613,26684,5855,20829,20071,758,758,442,3306,113,4,43731773
6614,43744996,43758225,6614,26588,5882,20706,19974,732,732,449,3306,113,1,43744997
6615,43758225,43771456,6615,26734,5847,20887,20119,768,768,438,3307,113,4,43758229
6616,43771456,43784689,6616,26666,5872,20794,20050,744,744,417,3307,113,15,43771471
6617,43784689,43797924,6617,26688,5860,20828,20071,757,757,440,3308,113,22,43784711
6618,43797924,43811161,6618,26698,5887,20811,20080,731,731,444,3308,113,35,43797959
6619,43811161,43824400,6619,26739,5872,20867,20120,747,747,449,3309,113,16,43811177
6620,43824400,43837641,6620,26693,5843,20850,20073,777,777,432,3309,113,57,43824457
6621,43837641,43850884,6621,26717,5868,20849,20096,753,753,442,3310,113,2,43837643
6622,43850884,43864129,6622,26695,5857,20838,20073,765,765,423,3310,113,15,43850899
6623,43864129,43877376,6623,26721,5900,20821,20098,723,723,447,3311,113,30,43864159
6624,43877376,43890625,6624,26682,5863,20819,20058,761,761,419,3311,113,11,43877387
6625,43890625,43903876,6625,26752,5906,20846,20127,719,719,433,3312,113,4,43890629
6626,43903876,43917129,6626,26744,5860,20884,20118,766,766,442,3312,113,15,43903891
6627,43917129,43930384,6627,26739,5899,20840,20112,728,728,439,3313,113,20,43917149
6628,43930384,43943641,6628,26778,5842,20936,20150,786,786,421,3313,113,3,43930387
6629,43943641,43956900,6629,26690,5861,20829,20061,768,768,422,3314,113,46,43943687
6630,43956900,43970161,6630,26771,5839,20932,20141,791,791,428,3314,113,7,43956907
6631,43970161,43983424,6631,26720,5868,20852,20089,763,763,435,3315,113,30,43970191
6632,43983424,43996689,6632,26768,5868,20900,20136,764,764,442,3315,113,39,43983463
6633,43996689,44009956,6633,26780,5887,20893,20147,746,746,451,3316,113,14,43996703
6634,44009956,44023225,6634,26768,5900,20868,20134,734,734,432,3316,113,7,44009963
6635,44023225,44036496,6635,26762,5893,20869,20127,742,742,448,3317,113,16,44023241
6636,44036496,44049769,6636,26743,5855,20888,20107,781,781,410,3317,113,1,44036497
6637,44049769,44063044,6637,26849,5881,20968,20212,756,756,446,3318,113,12,44049781
6638,44063044,44076321,6638,26765,5882,20883,20127,756,756,437,3318,113,13,44063057
6639,44076321,44089600,6639,26829,5898,20931,20190,741,741,446,3319,113,2,44076323
6640,44089600,44102881,6640,26742,5909,20833,20102,731,731,433,3319,113,27,44089627
6641,44102881,44116164,6641,26841,5890,20951,20200,751,751,440,3320,113,6,44102887
6642,44116164,44129449,6642,26751,5911,20840,20109,731,731,440,3320,113,17,44116181
6643,44129449,44142736,6643,26827,5883,20944,20184,760,760,450,3321,113,4,44129453
6644,44142736,44156025,6644,26822,5896,20926,20178,748,748,453,3321,113,57,44142793
6645,44156025,44169316,6645,26837,5892,20945,20192,753,753,440,3322,113,2,44156027
6646,44169316,44182609,6646,26802,5874,20928,20156,772,772,435,3322,113,1,44169317
6647,44182609,44195904,6647,26819,5904,20915,20172,743,743,438,3323,113,30,44182639
6648,44195904,44209201,6648,26821,5874,20947,20173,774,774,430,3323,113,13,44195917
6649,44209201,44222500,6649,26871,5893,20978,20222,756,756,445,3324,113,28,44209229
6650,44222500,44235801,6650,26852,5903,20949,20202,747,747,441,3324,113,9,44222509
6651,44235801,44249104,6651,26811,5917,20894,20160,734,734,440,3325,113,2,44235803
6652,44249104,44262409,6652,26854,5901,20953,20202,751,751,432,3325,113,25,44249129
6653,44262409,44275716,6653,26862,5859,21003,20209,794,794,417,3326,113,24,44262433
6654,44275716,44289025,6654,26872,5865,21007,20218,789,789,422,3326,113,13,44275729
6655,44289025,44302336,6655,26840,5904,20936,20185,751,751,435,3327,113,6,44289031
6656,44302336,44315649,6656,26843,5916,20927,20187,740,740,445,3327,113,3,44302339
6657,44315649,44328964,6657,26928,5917,21011,20271,740,740,438,3328,113,52,44315701
6658,44328964,44342281,6658,26850,5892,20958,20192,766,766,441,3328,113,3,44328967
6659,44342281,44355600,6659,26889,5914,20975,20230,745,745,436,3329,113,12,44342293
6660,44355600,44368921,6660,26866,5902,20964,20206,758,758,438,3329,113,7,44355607
6661,44368921,44382244,6661,26953,5911,21042,20292,750,750,428,3330,113,16,44368937
6662,44382244,44395569,6662,26857,5921,20936,20195,741,741,429,3330,113,7,44382251
6663,44395569,44408896,6663,26910,5899,21011,20247,764,764,447,3331,113,4,44395573
6664,44408896,44422225,6664,26901,5876,21025,20237,788,788,431,3331,113,3,44408899
6665,44422225,44435556,6665,26887,5936,20951,20222,729,729,448,3332,113,24,44422249
6666,44435556,44448889,6666,26950,5893,21057,20284,773,773,442,3332,113,23,44435579
6667,44448889,44462224,6667,26888,5901,20987,20221,766,766,445,3333,113,28,44448917
6668,44462224,44475561,6668,26899,5912,20987,20231,756,756,437,3333,113,9,44462233
6669,44475561,44488900,6669,26962,5915,21047,20293,754,754,450,3334,113,16,44475577
6670,44488900,44502241,6670,26918,5934,20984,20248,736,736,444,3334,114,3,44488903
6671,44502241,44515584,6671,26937,5924,21013,20266,747,747,446,3335,114,12,44502253
6672,44515584,44528929,6672,26934,5896,21038,20262,776,776,443,3335,114,49,44515633
6673,44528929,44542276,6673,26924,5912,21012,20251,761,761,441,3336,114,12,44528941
6674,44542276,44555625,6674,26980,5927,21053,20306,747,747,456,3336,114,3,44542279
6675,44555625,44568976,6675,26931,5903,21028,20256,772,772,416,3337,114,14,44555639
6676,44568976,44582329,6676,26982,5912,21070,20306,764,764,434,3337,114,7,44568983
6677,44582329,44595684,6677,26953,5893,21060,20276,784,784,442,3338,114,10,44582339
6678,44595684,44609041,6678,26990,5912,21078,20312,766,766,435,3338,114,19,44595703
6679,44609041,44622400,6679,26929,5906,21023,20250,773,773,442,3339,114,10,44609051
6680,44622400,44635761,6680,26983,5956,21027,20303,724,724,441,3339,114,19,44622419
6681,44635761,44649124,6681,27004,5910,21094,20323,771,771,431,3340,114,32,44635793
6682,44649124,44662489,6682,26993,5911,21082,20311,771,771,434,3340,114,3,44649127
6683,44662489,44675856,6683,27001,5963,21038,20318,720,720,449,3341,114,4,44662493
6684,44675856,44689225,6684,26931,5899,21032,20247,785,785,435,3341,114,23,44675879
6685,44689225,44702596,6685,27007,5909,21098,20322,776,776,434,3342,114,22,44689247
6686,44702596,44715969,6686,27024,5916,21108,20338,770,770,448,3342,114,3,44702599
6687,44715969,44729344,6687,26985,5932,21053,20298,755,755,425,3343,114,2,44715971
6688,44729344,44742721,6688,27045,5927,21118,20357,761,761,443,3343,114,7,44729351
6689,44742721,44756100,6689,27044,5911,21133,20355,778,778,429,3344,114,22,44742743
6690,44756100,44769481,6690,27041,5905,21136,20351,785,785,425,3344,114,13,44756113
6691,44769481,44782864,6691,26964,5958,21006,20273,733,733,450,3345,114,16,44769497
6692,44782864,44796249,6692,27043,5922,21121,20351,770,770,422,3345,114,19,44782883
6693,44796249,44809636,6693,27063,5951,21112,20370,742,742,461,3346,114,14,44796263
6694,44809636,44823025,6694,27012,5927,21085,20318,767,767,440,3346,114,7,44809643
6695,44823025,44836416,6695,27054,5979,21075,20359,716,716,471,3347,114,16,44823041
6696,44836416,44849809,6696,27047,5935,21112,20351,761,761,455,3347,114,11,44836427
6697,44849809,44863204,6697,27065,5915,21150,20368,782,782,426,3348,114,12,44849821
6698,44863204,44876601,6698,27035,5929,21106,20337,769,769,425,3348,114,3,44863207
6699,44876601,44890000,6699,27027,5957,21070,20328,742,742,461,3349,114,8,44876609
6700,44890000,44903401,6700,27081,5941,21140,20381,759,759,443,3349,114,3,44890003
6701,44903401,44916804,6701,27123,5937,21186,20422,764,764,437,3350,114,30,44903431
6702,44916804,44930209,6702,27042,5948,21094,20340,754,754,426,3350,114,43,44916847
6703,44930209,44943616,6703,27053,5946,21107,20350,757,757,448,3351,114,4,44930213
6704,44943616,44957025,6704,27093,5920,21173,20389,784,784,431,3351,114,1,44943617
6705,44957025,44970436,6705,27127,5941,21186,20422,764,764,439,3352,114,14,44957039
6706,44970436,44983849,6706,27062,5968,21094,20356,738,738,438,3352,114,33,44970469
6707,44983849,44997264,6707,27088,5944,21144,20381,763,763,434,3353,114,10,44983859
6708,44997264,45010681,6708,27142,5943,21199,20434,765,765,442,3353,114,47,44997311
6709,45010681,45024100,6709,27114,5940,21174,20405,769,769,429,3354,114,18,45010699
6710,45024100,45037521,6710,27109,5974,21135,20399,736,736,447,3354,114,1,45024101
6711,45037521,45050944,6711,27074,5926,21148,20363,785,785,434,3355,114,2,45037523
6712,45050944,45064369,6712,27176,5899,21277,20464,813,813,415,3355,114,3,45050947
6713,45064369,45077796,6713,27078,5938,21140,20365,775,775,435,3356,114,4,45064373
6714,45077796,45091225,6714,27168,5971,21197,20454,743,743,457,3356,114,1,45077797
6715,45091225,45104656,6715,27087,5963,21124,20372,752,752,440,3357,114,6,45091231
6716,45104656,45118089,6716,27155,5945,21210,20439,771,771,434,3357,114,15,45104671
6717,45118089,45131524,6717,27185,5944,21241,20468,773,773,437,3358,114,2,45118091
6718,45131524,45144961,6718,27127,5979,21148,20409,739,739,455,3358,114,7,45131531
6719,45144961,45158400,6719,27213,5972,21241,20494,747,747,443,3359,114,36,45144997
6720,45158400,45171841,6720,27082,5978,21104,20362,742,742,439,3359,114,11,45158411
6721,45171841,45185284,6721,27179,5954,21225,20458,767,767,447,3360,114,30,45171871
6722,45185284,45198729,6722,27159,5971,21188,20437,751,751,451,3360,114,7,45185291
6723,45198729,45212176,6723,27207,5966,21241,20484,757,757,446,3361,114,2,45198731
6724,45212176,45225625,6724,27154,5933,21221,20430,791,791,432,3361,114,1,45212177
6725,45225625,45239076,6725,27159,5951,21208,20434,774,774,436,3362,114,4,45225629
6726,45239076,45252529,6726,27171,5943,21228,20445,783,783,433,3362,114,7,45239083
6727,45252529,45265984,6727,27240,5973,21267,20513,754,754,445,3363,114,4,45252533
6728,45265984,45279441,6728,27173,5947,21226,20445,781,781,456,3363,114,7,45265991
6729,45279441,45292900,6729,27192,5946,21246,20463,783,783,414,3364,114,26,45279467
6730,45292900,45306361,6730,27236,5979,21257,20506,751,751,440,3364,114,37,45292937
6731,45306361,45319824,6731,27200,5939,21261,20469,792,792,453,3365,114,6,45306367
6732,45319824,45333289,6732,27194,5947,21247,20462,785,785,418,3365,114,25,45319849
6733,45333289,45346756,6733,27244,5971,21273,20511,762,762,447,3366,114,24,45333313
6734,45346756,45360225,6734,27180,5937,21243,20446,797,797,426,3366,114,1,45346757
6735,45360225,45373696,6735,27271,5980,21291,20536,755,755,453,3367,114,32,45360257
6736,45373696,45387169,6736,27226,5985,21241,20490,751,751,447,3367,114,7,45373703
6737,45387169,45400644,6737,27221,5965,21256,20484,772,772,429,3368,114,10,45387179
6738,45400644,45414121,6738,27214,5999,21215,20476,739,739,459,3368,114,13,45400657
6739,45414121,45427600,6739,27323,5996,21327,20584,743,743,449,3369,114,16,45414137
6740,45427600,45441081,6740,27205,5934,21271,20465,806,806,436,3369,114,33,45427633
6741,45441081,45454564,6741,27240,5952,21288,20499,789,789,424,3370,114,2,45441083
6742,45454564,45468049,6742,27256,5956,21300,20514,786,786,410,3370,114,3,45454567
6743,45468049,45481536,6743,27281,5986,21295,20538,757,757,440,3371,114,12,45468061
6744,45481536,45495025,6744,27274,5992,21282,20530,752,752,450,3371,114,13,45481549
6745,45495025,45508516,6745,27264,5978,21286,20519,767,767,438,3372,114,4,45495029
6746,45508516,45522009,6746,27258,5977,21281,20512,769,769,444,3372,114,27,45508543
6747,45522009,45535504,6747,27256,5975,21281,20509,772,772,439,3373,114,8,45522017
6748,45535504,45549001,6748,27340,5980,21360,20592,768,768,441,3373,114,3,45535507
6749,45549001,45562500,6749,27263,5996,21267,20514,753,753,446,3374,114,16,45549017
6750,45562500,45576001,6750,27308,5994,21314,20558,756,756,457,3374,114,7,45562507
6751,45576001,45589504,6751,27304,5944,21360,20553,807,807,420,3375,114,6,45576007
6752,45589504,45603009,6752,27272,5998,21274,20520,754,754,437,3375,114,37,45589541
6753,45603009,45616516,6753,27322,5960,21362,20569,793,793,435,3376,114,4,45603013
6754,45616516,45630025,6754,27310,6007,21303,20556,747,747,440,3376,114,25,45616541
6755,45630025,45643536,6755,27335,5984,21351,20580,771,771,430,3377,114,4,45630029
6756,45643536,45657049,6756,27311,5989,21322,20555,767,767,442,3377,114,5,45643541
6757,45657049,45670564,6757,27330,6004,21326,20573,753,753,451,3378,114,22,45657071
6758,45670564,45684081,6758,27324,5983,21341,20566,775,775,460,3378,114,15,45670579
6759,45684081,45697600,6759,27358,5998,21360,20599,761,761,435,3379,114,10,45684091
6760,45697600,45711121,6760,27354,5988,21366,20594,772,772,451,3379,114,9,45697609
6761,45711121,45724644,6761,27320,5994,21326,20559,767,767,449,3380,114,36,45711157
6762,45724644,45738169,6762,27355,6014,21341,20593,748,748,446,3380,114,5,45724649
6763,45738169,45751696,6763,27363,5964,21399,20600,799,799,435,3381,114,52,45738221
6764,45751696,45765225,6764,27307,5977,21330,20543,787,787,448,3381,114,1,45751697
6765,45765225,45778756,6765,27402,5999,21403,20637,766,766,444,3382,114,2,45765227
6766,45778756,45792289,6766,27347,6020,21327,20581,746,746,451,3382,114,25,45778781
6767,45792289,45805824,6767,27353,6048,21305,20586,719,719,467,3383,114,4,45792293
6768,45805824,45819361,6768,27416,5982,21434,20648,786,786,432,3383,114,19,45805843
6769,45819361,45832900,6769,27335,6034,21301,20566,735,735,457,3384,114,12,45819373
6770,45832900,45846441,6770,27407,5981,21426,20637,789,789,432,3384,114,7,45832907
6771,45846441,45859984,6771,27396,6004,21392,20625,767,767,441,3385,114,2,45846443
6772,45859984,45873529,6772,27346,5991,21355,20574,781,781,427,3385,114,9,45859993
6773,45873529,45887076,6773,27470,6001,21469,20697,772,772,450,3386,114,4,45873533
6774,45887076,45900625,6774,27380,5977,21403,20606,797,797,424,3386,114,37,45887113
6775,45900625,45914176,6775,27415,6000,21415,20640,775,775,429,3387,114,16,45900641
6776,45914176,45927729,6776,27397,5987,21410,20621,789,789,441,3387,114,1,45914177
6777,45927729,45941284,6777,27456,6018,21438,20679,759,759,450,3388,114,22,45927751
6778,45941284,45954841,6778,27375,6013,21362,20597,765,765,446,3388,114,15,45941299
6779,45954841,45968400,6779,27463,6028,21435,20684,751,751,439,3389,114,6,45954847
6780,45968400,45981961,6780,27418,6051,21367,20638,729,729,457,3389,114,1,45968401
6781,45981961,45995524,6781,27444,5996,21448,20663,785,785,447,3390,114,12,45981973
6782,45995524,46009089,6782,27429,6006,21423,20647,776,776,450,3390,114,3,45995527
6783,46009089,46022656,6783,27452,6004,21448,20669,779,779,426,3391,114,22,46009111
6784,46022656,46036225,6784,27417,6038,21379,20633,746,746,456,3391,114,1,46022657
6785,46036225,46049796,6785,27469,5995,21474,20684,790,790,443,3392,114,6,46036231
6786,46049796,46063369,6786,27433,6013,21420,20647,773,773,435,3392,115,1,46049797
6787,46063369,46076944,6787,27484,6013,21471,20697,774,774,440,3393,115,10,46063379
6788,46076944,46090521,6788,27435,6032,21403,20647,756,756,460,3393,115,15,46076959
6789,46090521,46104100,6789,27464,6030,21434,20675,759,759,452,3394,115,8,46090529
6790,46104100,46117681,6790,27543,6033,21510,20753,757,757,453,3394,115,3,46104103
6791,46117681,46131264,6791,27440,6038,21402,20649,753,753,446,3395,115,22,46117703
6792,46131264,46144849,6792,27485,6026,21459,20693,766,766,465,3395,115,7,46131271
6793,46144849,46158436,6793,27498,6025,21473,20705,768,768,450,3396,115,10,46144859
6794,46158436,46172025,6794,27491,6022,21469,20697,772,772,427,3396,115,7,46158443
6795,46172025,46185616,6795,27478,6011,21467,20683,784,784,441,3397,115,4,46172029
6796,46185616,46199209,6796,27503,6024,21479,20707,772,772,443,3397,115,25,46185641
6797,46199209,46212804,6797,27481,6013,21468,20684,784,784,445,3398,115,30,46199239
6798,46212804,46226401,6798,27562,6039,21523,20764,759,759,449,3398,115,23,46212827
6799,46226401,46240000,6799,27519,6032,21487,20720,767,767,458,3399,115,12,46226413
6800,46240000,46253601,6800,27527,6037,21490,20727,763,763,442,3399,115,1,46240001
6801,46253601,46267204,6801,27506,6035,21471,20705,766,766,450,3400,115,28,46253629
6802,46267204,46280809,6802,27573,6044,21529,20771,758,758,440,3400,115,7,46267211
6803,46280809,46294416,6803,27497,6064,21433,20694,739,739,446,3401,115,4,46280813
6804,46294416,46308025,6804,27549,6027,21522,20745,777,777,456,3401,115,31,46294447
6805,46308025,46321636,6805,27500,6030,21470,20695,775,775,438,3402,115,22,46308047
6806,46321636,46335249,6806,27624,6017,21607,20818,789,789,434,3402,115,1,46321637
6807,46335249,46348864,6807,27501,6038,21463,20694,769,769,450,3403,115,34,46335283
6808,46348864,46362481,6808,27590,6053,21537,20782,755,755,454,3403,115,25,46348889
6809,46362481,46376100,6809,27579,6017,21562,20770,792,792,450,3404,115,28,46362509
6810,46376100,46389721,6810,27533,6044,21489,20723,766,766,434,3404,115,11,46376111
6811,46389721,46403344,6811,27602,6044,21558,20791,767,767,450,3405,115,6,46389727
6812,46403344,46416969,6812,27542,6036,21506,20730,776,776,440,3405,115,3,46403347
6813,46416969,46430596,6813,27598,6024,21574,20785,789,789,443,3406,115,14,46416983
6814,46430596,46444225,6814,27595,6056,21539,20781,758,758,446,3406,115,7,46430603
6815,46444225,46457856,6815,27600,6064,21536,20785,751,751,444,3407,115,22,46444247
6816,46457856,46471489,6816,27600,6050,21550,20784,766,766,453,3407,115,37,46457893
6817,46471489,46485124,6817,27582,6028,21554,20765,789,789,449,3408,115,4,46471493
6818,46485124,46498761,6818,27637,6043,21594,20819,775,775,447,3408,115,9,46485133
6819,46498761,46512400,6819,27596,6007,21589,20777,812,812,423,3409,115,22,46498783
6820,46512400,46526041,6820,27581,6075,21506,20761,745,745,443,3409,115,43,46512443
6821,46526041,46539684,6821,27674,6046,21628,20853,775,775,433,3410,115,6,46526047
6822,46539684,46553329,6822,27601,6061,21540,20779,761,761,449,3410,115,25,46539709
6823,46553329,46566976,6823,27624,6050,21574,20801,773,773,444,3411,115,4,46553333
6824,46566976,46580625,6824,27575,6052,21523,20751,772,772,461,3411,115,1,46566977
6825,46580625,46594276,6825,27654,6070,21584,20829,755,755,445,3412,115,32,46580657
6826,46594276,46607929,6826,27598,6010,21588,20772,816,816,439,3412,115,1,46594277
6827,46607929,46621584,6827,27673,6045,21628,20846,782,782,445,3413,115,4,46607933
6828,46621584,46635241,6828,27677,6052,21625,20849,776,776,454,3413,115,53,46621637
6829,46635241,46648900,6829,27606,6048,21558,20777,781,781,441,3414,115,30,46635271
6830,46648900,46662561,6830,27665,6063,21602,20835,767,767,447,3414,115,9,46648909
6831,46662561,46676224,6831,27677,6054,21623,20846,777,777,440,3415,115,2,46662563
6832,46676224,46689889,6832,27673,6060,21613,20841,772,772,453,3415,115,9,46676233
6833,46689889,46703556,6833,27652,6042,21610,20819,791,791,452,3416,115,28,46689917
6834,46703556,46717225,6834,27650,6060,21590,20816,774,774,446,3416,115,5,46703561
6835,46717225,46730896,6835,27717,6093,21624,20882,742,742,456,3417,115,24,46717249
6836,46730896,46744569,6836,27682,6069,21613,20846,767,767,457,3417,115,7,46730903
6837,46744569,46758244,6837,27679,6046,21633,20842,791,791,439,3418,115,4,46744573
6838,46758244,46771921,6838,27710,6072,21638,20872,766,766,463,3418,115,33,46758277
6839,46771921,46785600,6839,27694,6049,21645,20855,790,790,431,3419,115,10,46771931
6840,46785600,46799281,6840,27722,6052,21670,20882,788,788,451,3419,115,53,46785653
6841,46799281,46812964,6841,27678,6071,21607,20837,770,770,445,3420,115,12,46799293
6842,46812964,46826649,6842,27732,6067,21665,20890,775,775,428,3420,115,37,46813001
6843,46826649,46840336,6843,27676,6063,21613,20833,780,780,439,3421,115,2,46826651
6844,46840336,46854025,6844,27759,6082,21677,20915,762,762,464,3421,115,21,46840357
6845,46854025,46867716,6845,27728,6083,21645,20883,762,762,451,3422,115,4,46854029
6846,46867716,46881409,6846,27711,6061,21650,20865,785,785,440,3422,115,11,46867727
6847,46881409,46895104,6847,27756,6057,21699,20909,790,790,456,3423,115,4,46881413
6848,46895104,46908801,6848,27785,6045,21740,20937,803,803,425,3423,115,15,46895119
6849,46908801,46922500,6849,27697,6103,21594,20848,746,746,454,3424,115,2,46908803
6850,46922500,46936201,6850,27786,6081,21705,20936,769,769,467,3424,115,1,46922501
6851,46936201,46949904,6851,27726,6068,21658,20875,783,783,438,3425,115,22,46936223
6852,46949904,46963609,6852,27754,6087,21667,20902,765,765,460,3425,115,5,46949909
6853,46963609,46977316,6853,27737,6074,21663,20884,779,779,440,3426,115,24,46963633
6854,46977316,46991025,6854,27758,6081,21677,20904,773,773,463,3426,115,1,46977317
6855,46991025,47004736,6855,27801,6053,21748,20946,802,802,449,3427,115,8,46991033
6856,47004736,47018449,6856,27758,6092,21666,20902,764,764,458,3427,115,15,47004751
6857,47018449,47032164,6857,27818,6087,21731,20961,770,770,435,3428,115,58,47018507
6858,47032164,47045881,6858,27763,6086,21677,20905,772,772,455,3428,115,23,47032187
6859,47045881,47059600,6859,27852,6109,21743,20993,750,750,457,3429,115,16,47045897
6860,47059600,47073321,6860,27724,6108,21616,20864,752,752,443,3429,115,13,47059613
6861,47073321,47087044,6861,27828,6103,21725,20967,758,758,456,3430,115,22,47073343
6862,47087044,47100769,6862,27803,6087,21716,20941,775,775,444,3430,115,13,47087057
6863,47100769,47114496,6863,27794,6054,21740,20931,809,809,440,3431,115,18,47100787
6864,47114496,47128225,6864,27827,6089,21738,20963,775,775,456,3431,115,7,47114503
6865,47128225,47141956,6865,27807,6069,21738,20942,796,796,445,3432,115,6,47128231
6866,47141956,47155689,6866,27820,6083,21737,20954,783,783,448,3432,115,1,47141957
6867,47155689,47169424,6867,27826,6101,21725,20959,766,766,451,3433,115,20,47155709
6868,47169424,47183161,6868,27813,6083,21730,20945,785,785,434,3433,115,9,47169433
6869,47183161,47196900,6869,27904,6072,21832,21035,797,797,463,3434,115,12,47183173
6870,47196900,47210641,6870,27792,6074,21718,20922,796,796,426,3434,115,23,47196923
6871,47210641,47224384,6871,27869,6123,21746,20998,748,748,474,3435,115,22,47210663
6872,47224384,47238129,6872,27849,6108,21741,20977,764,764,437,3435,115,7,47224391
6873,47238129,47251876,6873,27846,6103,21743,20973,770,770,449,3436,115,4,47238133
6874,47251876,47265625,6874,27863,6111,21752,20989,763,763,462,3436,115,1,47251877
6875,47265625,47279376,6875,27847,6055,21792,20972,820,820,412,3437,115,46,47265671
6876,47279376,47293129,6876,27858,6112,21746,20982,764,764,463,3437,115,7,47279383
6877,47293129,47306884,6877,27880,6090,21790,21003,787,787,433,3438,115,24,47293153
6878,47306884,47320641,6878,27855,6091,21764,20977,787,787,449,3438,115,3,47306887
6879,47320641,47334400,6879,27943,6100,21843,21064,779,779,444,3439,115,16,47320657
6880,47334400,47348161,6880,27871,6104,21767,20991,776,776,453,3439,115,7,47334407
6881,47348161,47361924,6881,27894,6128,21766,21013,753,753,457,3440,115,6,47348167
6882,47361924,47375689,6882,27880,6081,21799,20998,801,801,444,3440,115,7,47361931
6883,47375689,47389456,6883,27871,6095,21776,20988,788,788,443,3441,115,28,47375717
6884,47389456,47403225,6884,27917,6108,21809,21033,776,776,452,3441,115,1,47389457
6885,47403225,47416996,6885,27901,6120,21781,21016,765,765,458,3442,115,38,47403263
6886,47416996,47430769,6886,27931,6101,21830,21045,785,785,448,3442,115,13,47417009
6887,47430769,47444544,6887,27904,6128,21776,21017,759,759,458,3443,115,18,47430787
6888,47444544,47458321,6888,27971,6125,21846,21083,763,763,452,3443,115,13,47444557
6889,47458321,47472100,6889,27853,6128,21725,20964,761,761,468,3444,115,30,47458351
6890,47472100,47485881,6890,27969,6086,21883,21079,804,804,443,3444,115,7,47472107
6891,47485881,47499664,6891,27930,6078,21852,21039,813,813,443,3445,115,10,47485891
6892,47499664,47513449,6892,27954,6121,21833,21062,771,771,444,3445,115,7,47499671
6893,47513449,47527236,6893,27960,6130,21830,21067,763,763,443,3446,115,12,47513461
6894,47527236,47541025,6894,27908,6087,21821,21014,807,807,442,3446,115,7,47527243
6895,47541025,47554816,6895,27970,6117,21853,21075,778,778,454,3447,115,4,47541029
6896,47554816,47568609,6896,27958,6126,21832,21062,770,770,463,3447,115,33,47554849
6897,47568609,47582404,6897,27943,6118,21825,21046,779,779,452,3448,115,2,47568611
6898,47582404,47596201,6898,27996,6120,21876,21098,778,778,446,3448,115,39,47582443
6899,47596201,47610000,6899,27948,6112,21836,21049,787,787,453,3449,115,30,47596231
6900,47610000,47623801,6900,27998,6141,21857,21098,759,759,456,3449,115,7,47610007
6901,47623801,47637604,6901,27969,6122,21847,21068,779,779,454,3450,115,78,47623879
6902,47637604,47651409,6902,27963,6135,21828,21061,767,767,467,3450,115,33,47637637
6903,47651409,47665216,6903,28007,6148,21859,21104,755,755,446,3451,116,38,47651447
6904,47665216,47679025,6904,28006,6134,21872,21102,770,770,449,3451,116,15,47665231
6905,47679025,47692836,6905,28009,6106,21903,21104,799,799,450,3452,116,4,47679029
6906,47692836,47706649,6906,27970,6115,21855,21064,791,791,457,3452,116,11,47692847
6907,47706649,47720464,6907,28001,6141,21860,21094,766,766,462,3453,116,34,47706683
6908,47720464,47734281,6908,28018,6124,21894,21110,784,784,442,3453,116,3,47720467
6909,47734281,47748100,6909,28016,6148,21868,21107,761,761,452,3454,116,20,47734301
6910,47748100,47761921,6910,28062,6131,21931,21152,779,779,459,3454,116,1,47748101
6911,47761921,47775744,6911,27997,6135,21862,21086,776,776,445,3455,116,12,47761933
6912,47775744,47789569,6912,28033,6128,21905,21121,784,784,454,3455,116,35,47775779
6913,47789569,47803396,6913,28065,6136,21929,21152,777,777,452,3456,116,28,47789597
6914,47803396,47817225,6914,27973,6112,21861,21059,802,802,441,3456,116,13,47803409
6915,47817225,47831056,6915,28098,6137,21961,21183,778,778,460,3457,116,44,47817269
6916,47831056,47844889,6916,27999,6122,21877,21083,794,794,429,3457,116,3,47831059
6917,47844889,47858724,6917,28138,6112,22026,21221,805,805,453,3458,116,24,47844913
6918,47858724,47872561,6918,28028,6124,21904,21110,794,794,435,3458,116,7,47858731
6919,47872561,47886400,6919,28047,6131,21916,21128,788,788,445,3459,116,28,47872589
6920,47886400,47900241,6920,28066,6141,21925,21146,779,779,453,3459,116,9,47886409
6921,47900241,47914084,6921,28107,6150,21957,21186,771,771,455,3460,116,22,47900263
6922,47914084,47927929,6922,28054,6149,21905,21132,773,773,450,3460,116,15,47914099
6923,47927929,47941776,6923,28063,6144,21919,21140,779,779,462,3461,116,22,47927951
6924,47941776,47955625,6924,28100,6160,21940,21176,764,764,457,3461,116,11,47941787
6925,47955625,47969476,6925,28097,6128,21969,21172,797,797,459,3462,116,4,47955629
6926,47969476,47983329,6926,28104,6165,21939,21178,761,761,463,3462,116,1,47969477
6927,47983329,47997184,6927,28079,6140,21939,21152,787,787,438,3463,116,28,47983357
6928,47997184,48011041,6928,28107,6157,21950,21179,771,771,461,3463,116,19,47997203
6929,48011041,48024900,6929,28180,6142,22038,21251,787,787,472,3464,116,12,48011053
6930,48024900,48038761,6930,28027,6145,21882,21097,785,785,448,3464,116,1,48024901
6931,48038761,48052624,6931,28137,6172,21965,21206,759,759,450,3465,116,18,48038779
6932,48052624,48066489,6932,28142,6179,21963,21210,753,753,474,3465,116,9,48052633
6933,48066489,48080356,6933,28141,6162,21979,21208,771,771,454,3466,116,28,48066517
6934,48080356,48094225,6934,28093,6133,21960,21159,801,801,448,3466,116,15,48080371
6935,48094225,48108096,6935,28131,6125,22006,21196,810,810,448,3467,116,18,48094243
6936,48108096,48121969,6936,28156,6158,21998,21220,778,778,440,3467,116,25,48108121
6937,48121969,48135844,6937,28168,6145,22023,21231,792,792,447,3468,116,4,48121973
6938,48135844,48149721,6938,28122,6156,21966,21184,782,782,454,3468,116,3,48135847
6939,48149721,48163600,6939,28143,6166,21977,21204,773,773,465,3469,116,32,48149753
6940,48163600,48177481,6940,28173,6140,22033,21233,800,800,459,3469,116,27,48163627
6941,48177481,48191364,6941,28193,6187,22006,21252,754,754,462,3470,116,6,48177487
6942,48191364,48205249,6942,28168,6136,22032,21226,806,806,431,3470,116,19,48191383
6943,48205249,48219136,6943,28185,6173,22012,21242,770,770,467,3471,116,4,48205253
6944,48219136,48233025,6944,28123,6204,21919,21179,740,740,476,3471,116,1,48219137
6945,48233025,48246916,6945,28189,6151,22038,21244,794,794,449,3472,116,2,48233027
6946,48246916,48260809,6946,28190,6166,22024,21244,780,780,451,3472,116,13,48246929
6947,48260809,48274704,6947,28194,6149,22045,21247,798,798,437,3473,116,24,48260833
6948,48274704,48288601,6948,28236,6154,22082,21288,794,794,449,3473,116,67,48274771
6949,48288601,48302500,6949,28175,6160,22015,21226,789,789,464,3474,116,22,48288623
6950,48302500,48316401,6950,28161,6156,22005,21211,794,794,456,3474,116,21,48302521
6951,48316401,48330304,6951,28251,6173,22078,21300,778,778,452,3475,116,20,48316421
6952,48330304,48344209,6952,28219,6154,22065,21267,798,798,448,3475,116,7,48330311
6953,48344209,48358116,6953,28222,6153,22069,21269,800,800,463,3476,116,4,48344213
6954,48358116,48372025,6954,28205,6200,22005,21251,754,754,457,3476,116,11,48358127
6955,48372025,48385936,6955,28270,6156,22114,21315,799,799,440,3477,116,28,48372053
6956,48385936,48399849,6956,28177,6158,22019,21221,798,798,457,3477,116,1,48385937
6957,48399849,48413764,6957,28227,6180,22047,21270,777,777,452,3478,116,2,48399851
6958,48413764,48427681,6958,28287,6184,22103,21329,774,774,452,3478,116,13,48413777
6959,48427681,48441600,6959,28248,6200,22048,21289,759,759,469,3479,116,16,48427697
6960,48441600,48455521,6960,28270,6168,22102,21310,792,792,432,3479,116,43,48441643
6961,48455521,48469444,6961,28215,6165,22050,21254,796,796,469,3480,116,10,48455531
6962,48469444,48483369,6962,28279,6189,22090,21317,773,773,455,3480,116,7,48469451
6963,48483369,48497296,6963,28276,6148,22128,21313,815,815,439,3481,116,8,48483377
6964,48497296,48511225,6964,28226,6165,22061,21262,799,799,460,3481,116,61,48497357
6965,48511225,48525156,6965,28279,6137,22142,21314,828,828,419,3482,116,6,48511231
6966,48525156,48539089,6966,28301,6212,22089,21335,754,754,456,3482,116,17,48525173
6967,48539089,48553024,6967,28251,6191,22060,21284,776,776,460,3483,116,48,48539137
6968,48553024,48566961,6968,28324,6210,22114,21356,758,758,466,3483,116,49,48553073
6969,48566961,48580900,6969,28258,6179,22079,21289,790,790,442,3484,116,28,48566989
6970,48580900,48594841,6970,28312,6150,22162,21342,820,820,450,3484,116,1,48580901
6971,48594841,48608784,6971,28307,6182,22125,21336,789,789,464,3485,116,12,48594853
6972,48608784,48622729,6972,28316,6187,22129,21344,785,785,454,3485,116,25,48608809
6973,48622729,48636676,6973,28305,6207,22098,21332,766,766,475,3486,116,4,48622733
6974,48636676,48650625,6974,28267,6227,22040,21293,747,747,466,3486,116,13,48636689
6975,48650625,48664576,6975,28339,6141,22198,21364,834,834,445,3487,116,2,48650627
6976,48664576,48678529,6976,28342,6214,22128,21366,762,762,457,3487,116,21,48664597
6977,48678529,48692484,6977,28340,6171,22169,21363,806,806,445,3488,116,4,48678533
6978,48692484,48706441,6978,28279,6206,22073,21301,772,772,465,3488,116,25,48692509
6979,48706441,48720400,6979,28375,6198,22177,21396,781,781,456,3489,116,10,48706451
6980,48720400,48734361,6980,28374,6207,22167,21394,773,773,438,3489,116,1,48720401
6981,48734361,48748324,6981,28274,6198,22076,21293,783,783,455,3490,116,8,48734369
6982,48748324,48762289,6982,28377,6218,22159,21395,764,764,468,3490,116,37,48748361
6983,48762289,48776256,6983,28367,6205,22162,21384,778,778,465,3491,116,24,48762313
6984,48776256,48790225,6984,28355,6171,22184,21371,813,813,447,3491,116,1,48776257
6985,48790225,48804196,6985,28373,6207,22166,21388,778,778,453,3492,116,18,48790243
6986,48804196,48818169,6986,28360,6155,22205,21374,831,831,445,3492,116,15,48804211
6987,48818169,48832144,6987,28345,6166,22179,21358,821,821,451,3493,116,2,48818171
6988,48832144,48846121,6988,28409,6229,22180,21421,759,759,454,3493,116,105,48832249
6989,48846121,48860100,6989,28389,6214,22175,21400,775,775,452,3494,116,18,48846139
6990,48860100,48874081,6990,28403,6184,22219,21413,806,806,451,3494,116,1,48860101
6991,48874081,48888064,6991,28345,6180,22165,21354,811,811,450,3495,116,6,48874087
6992,48888064,48902049,6992,28418,6224,22194,21426,768,768,480,3495,116,7,48888071
6993,48902049,48916036,6993,28364,6208,22156,21371,785,785,439,3496,116,58,48902107
6994,48916036,48930025,6994,28395,6214,22181,21401,780,780,452,3496,116,25,48916061
6995,48930025,48944016,6995,28412,6188,22224,21417,807,807,458,3497,116,6,48930031
6996,48944016,48958009,6996,28461,6211,22250,21465,785,785,469,3497,116,1,48944017
6997,48958009,48972004,6997,28430,6201,22229,21433,796,796,443,3498,116,18,48958027
6998,48972004,48986001,6998,28398,6207,22191,21400,791,791,455,3498,116,13,48972017
6999,48986001,49000000,6999,28468,6226,22242,21469,773,773,467,3499,116,22,48986023
7000,49000000,49014001,7000,28383,6213,22170,21383,787,787,453,3499,116,27,49000027
7001,49014001,49028004,7001,28478,6233,22245,21477,768,768,476,3500,116,18,49014019
7002,49028004,49042009,7002,28412,6205,22207,21410,797,797,443,3500,116,7,49028011
7003,49042009,49056016,7003,28481,6185,22296,21478,818,818,455,3501,116,24,49042033
7004,49056016,49070025,7004,28446,6220,22226,21442,784,784,467,3501,116,21,49056037
7005,49070025,49084036,7005,28413,6232,22181,21408,773,773,485,3502,116,26,49070051
7006,49084036,49098049,7006,28469,6192,22277,21463,814,814,460,3502,116,33,49084069
7007,49098049,49112064,7007,28461,6215,22246,21454,792,792,445,3503,116,4,49098053
7008,49112064,49126081,7008,28490,6228,22262,21482,780,780,459,3503,116,7,49112071
7009,49126081,49140100,7009,28466,6225,22241,21457,784,784,444,3504,116,12,49126093
7010,49140100,49154121,7010,28442,6223,22219,21432,787,787,457,3504,116,1,49140101
7011,49154121,49168144,7011,28539,6209,22330,21528,802,802,454,3505,116,8,49154129
7012,49168144,49182169,7012,28444,6230,22214,21432,782,782,446,3505,116,15,49168159
7013,49182169,49196196,7013,28510,6193,22317,21497,820,820,448,3506,116,18,49182187
7014,49196196,49210225,7014,28474,6187,22287,21460,827,827,442,3506,116,1,49196197
7015,49210225,49224256,7015,28529,6224,22305,21514,791,791,457,3507,116,28,49210253
7016,49224256,49238289,7016,28485,6220,22265,21469,796,796,456,3507,116,1,49224257
7017,49238289,49252324,7017,28542,6241,22301,21525,776,776,447,3508,116,14,49238303
7018,49252324,49266361,7018,28479,6214,22265,21461,804,804,443,3508,116,3,49252327
7019,49266361,49280400,7019,28525,6240,22285,21506,779,779,462,3509,116,16,49266377
7020,49280400,49294441,7020,28538,6228,22310,21518,792,792,474,3509,116,23,49280423
7021,49294441,49308484,7021,28533,6254,22279,21512,767,767,462,3510,117,16,49294457
7022,49308484,49322529,7022,28535,6224,22311,21513,798,798,444,3510,117,7,49308491
7023,49322529,49336576,7023,28510,6223,22287,21487,800,800,443,3511,117,2,49322531
7024,49336576,49350625,7024,28562,6214,22348,21538,810,810,454,3511,117,27,49336603
7025,49350625,49364676,7025,28516,6244,22272,21491,781,781,451,3512,117,64,49350689
7026,49364676,49378729,7026,28594,6223,22371,21568,803,803,468,3512,117,5,49364681
7027,49378729,49392784,7027,28548,6226,22322,21521,801,801,452,3513,117,22,49378751
7028,49392784,49406841,7028,28555,6233,22322,21527,795,795,478,3513,117,9,49392793
7029,49406841,49420900,7029,28576,6202,22374,21547,827,827,439,3514,117,2,49406843
7030,49420900,49434961,7030,28565,6250,22315,21535,780,780,452,3514,117,9,49420909
7031,49434961,49449024,7031,28564,6232,22332,21533,799,799,455,3515,117,16,49434977
7032,49449024,49463089,7032,28546,6248,22298,21514,784,784,470,3515,117,17,49449041
7033,49463089,49477156,7033,28646,6230,22416,21613,803,803,470,3516,117,30,49463119
7034,49477156,49491225,7034,28525,6206,22319,21491,828,828,438,3516,117,31,49477187
7035,49491225,49505296,7035,28617,6245,22372,21582,790,790,457,3517,117,4,49491229
7036,49505296,49519369,7036,28559,6224,22335,21523,812,812,443,3517,117,3,49505299
7037,49519369,49533444,7037,28668,6244,22424,21631,793,793,461,3518,117,18,49519387
7038,49533444,49547521,7038,28568,6248,22320,21530,790,790,457,3518,117,37,49533481
7039,49547521,49561600,7039,28584,6247,22337,21545,792,792,469,3519,117,28,49547549
7040,49561600,49575681,7040,28665,6226,22439,21625,814,814,444,3519,117,27,49561627
7041,49575681,49589764,7041,28617,6230,22387,21576,811,811,458,3520,117,70,49575751
7042,49589764,49603849,7042,28620,6237,22383,21578,805,805,452,3520,117,9,49589773
7043,49603849,49617936,7043,28587,6242,22345,21544,801,801,463,3521,117,10,49603859
7044,49617936,49632025,7044,28684,6244,22440,21640,800,800,445,3521,117,1,49617937
7045,49632025,49646116,7045,28654,6264,22390,21609,781,781,477,3522,117,16,49632041
7046,49646116,49660209,7046,28607,6241,22366,21561,805,805,450,3522,117,25,49646141
7047,49660209,49674304,7047,28636,6275,22361,21589,772,772,466,3523,117,20,49660229
7048,49674304,49688401,7048,28665,6243,22422,21617,805,805,451,3523,117,7,49674311
7049,49688401,49702500,7049,28669,6260,22409,21620,789,789,477,3524,117,10,49688411
7050,49702500,49716601,7050,28650,6260,22390,21600,790,790,458,3524,117,1,49702501
7051,49716601,49730704,7051,28659,6264,22395,21608,787,787,463,3525,117,16,49716617
7052,49730704,49744809,7052,28703,6263,22440,21651,789,789,461,3525,117,27,49730731
7053,49744809,49758916,7053,28654,6221,22433,21601,832,832,445,3526,117,4,49744813
7054,49758916,49773025,7054,28661,6270,22391,21607,784,784,453,3526,117,7,49758923
7055,49773025,49787136,7055,28653,6263,22390,21598,792,792,458,3527,117,42,49773067
7056,49787136,49801249,7056,28736,6258,22478,21680,798,798,450,3527,117,47,49787183
7057,49801249,49815364,7057,28705,6246,22459,21648,811,811,442,3528,117,10,49801259
7058,49815364,49829481,7058,28698,6295,22403,21640,763,763,482,3528,117,9,49815373
7059,49829481,49843600,7059,28664,6271,22393,21605,788,788,456,3529,117,32,49829513
7060,49843600,49857721,7060,28740,6218,22522,21680,842,842,463,3529,117,27,49843627
7061,49857721,49871844,7061,28722,6273,22449,21661,788,788,454,3530,117,12,49857733
7062,49871844,49885969,7062,28706,6266,22440,21644,796,796,445,3530,117,25,49871869
7063,49885969,49900096,7063,28675,6228,22447,21612,835,835,452,3531,117,22,49885991
7064,49900096,49914225,7064,28756,6283,22473,21692,781,781,460,3531,117,45,49900141
7065,49914225,49928356,7065,28746,6277,22469,21681,788,788,453,3532,117,4,49914229
7066,49928356,49942489,7066,28708,6257,22451,21642,809,809,446,3532,117,1,49928357
7067,49942489,49956624,7067,28730,6283,22447,21663,784,784,465,3533,117,4,49942493
7068,49956624,49970761,7068,28749,6265,22484,21681,803,803,450,3533,117,13,49956637
7069,49970761,49984900,7069,28784,6248,22536,21715,821,821,459,3534,117,36,49970797
7070,49984900,49999041,7070,28749,6298,22451,21679,772,772,470,3534,117,3,49984903
7071,49999041,50013184,7071,28738,6296,22442,21667,775,775,463,3535,117,28,49999069
7072,50013184,50027329,7072,28762,6260,22502,21690,812,812,455,3535,117,9,50013193
7073,50027329,50041476,7073,28764,6306,22458,21691,767,767,466,3536,117,18,50027347
7074,50041476,50055625,7074,28774,6251,22523,21700,823,823,452,3536,117,31,50041507
7075,50055625,50069776,7075,28770,6301,22469,21695,774,774,461,3537,117,16,50055641
7076,50069776,50083929,7076,28752,6266,22486,21676,810,810,446,3537,117,3,50069779
7077,50083929,50098084,7077,28831,6284,22547,21754,793,793,470,3538,117,2,50083931
7078,50098084,50112241,7078,28754,6280,22474,21676,798,798,446,3538,117,9,50098093
7079,50112241,50126400,7079,28822,6259,22563,21743,820,820,459,3539,117,6,50112247
7080,50126400,50140561,7080,28762,6268,22494,21682,812,812,456,3539,117,29,50126429
7081,50140561,50154724,7081,28841,6300,22541,21760,781,781,453,3540,117,6,50140567
7082,50154724,50168889,7082,28810,6291,22519,21728,791,791,461,3540,117,9,50154733
7083,50168889,50183056,7083,28792,6296,22496,21709,787,787,469,3541,117,4,50168893
7084,50183056,50197225,7084,28832,6299,22533,21748,785,785,461,3541,117,15,50183071
7085,50197225,50211396,7085,28843,6271,22572,21758,814,814,449,3542,117,4,50197229
7086,50211396,50225569,7086,28792,6280,22512,21706,806,806,474,3542,117,13,50211409
7087,50225569,50239744,7087,28872,6288,22584,21785,799,799,463,3543,117,18,50225587
7088,50239744,50253921,7088,28749,6312,22437,21661,776,776,473,3543,117,9,50239753
7089,50253921,50268100,7089,28933,6293,22640,21844,796,796,466,3544,117,2,50253923
7090,50268100,50282281,7090,28809,6282,22527,21719,808,808,457,3544,117,31,50268131
7091,50282281,50296464,7091,28842,6291,22551,21751,800,800,468,3545,117,10,50282291
7092,50296464,50310649,7092,28851,6267,22584,21759,825,825,453,3545,117,23,50296487
7093,50310649,50324836,7093,28878,6289,22589,21785,804,804,460,3546,117,58,50310707
7094,50324836,50339025,7094,28825,6276,22549,21731,818,818,462,3546,117,7,50324843
7095,50339025,50353216,7095,28869,6296,22573,21774,799,799,460,3547,117,2,50339027
7096,50353216,50367409,7096,28868,6318,22550,21772,778,778,461,3547,117,7,50353223
7097,50367409,50381604,7097,28869,6298,22571,21772,799,799,468,3548,117,10,50367419
7098,50381604,50395801,7098,28888,6300,22588,21790,798,798,471,3548,117,25,50381629
7099,50395801,50410000,7099,28921,6329,22592,21822,770,770,463,3549,117,10,50395811
7100,50410000,50424201,7100,28893,6309,22584,21793,791,791,466,3549,117,1,50410001
7101,50424201,50438404,7101,28864,6277,22587,21763,824,824,458,3550,117,20,50424221
7102,50438404,50452609,7102,28889,6304,22585,21787,798,798,461,3550,117,9,50438413
7103,50452609,50466816,7103,28884,6295,22589,21781,808,808,450,3551,117,4,50452613
7104,50466816,50481025,7104,28914,6296,22618,21810,808,808,455,3551,117,23,50466839
7105,50481025,50495236,7105,28894,6303,22591,21789,802,802,465,3552,117,4,50481029
7106,50495236,50509449,7106,28955,6305,22650,21849,801,801,465,3552,117,31,50495267
7107,50509449,50523664,7107,28888,6297,22591,21781,810,810,446,3553,117,4,50509453
7108,50523664,50537881,7108,28944,6297,22647,21836,811,811,448,3553,117,9,50523673
7109,50537881,50552100,7109,28905,6312,22593,21796,797,797,462,3554,117,16,50537897
7110,50552100,50566321,7110,28948,6278,22670,21838,832,832,456,3554,117,7,50552107
7111,50566321,50580544,7111,28958,6314,22644,21847,797,797,459,3555,117,46,50566367
7112,50580544,50594769,7112,28942,6300,22642,21830,812,812,455,3555,117,3,50580547
7113,50594769,50608996,7113,28943,6335,22608,21830,778,778,479,3556,117,4,50594773
7114,50608996,50623225,7114,28951,6298,22653,21837,816,816,455,3556,117,1,50608997
7115,50623225,50637456,7115,28981,6335,22646,21866,780,780,474,3557,117,66,50623291
7116,50637456,50651689,7116,28965,6298,22667,21849,818,818,444,3557,117,13,50637469
7117,50651689,50665924,7117,28947,6326,22621,21830,791,791,455,3558,117,28,50651717
7118,50665924,50680161,7118,28955,6304,22651,21837,814,814,451,3558,117,7,50665931
7119,50680161,50694400,7119,28976,6317,22659,21857,802,802,471,3559,117,22,50680183
7120,50694400,50708641,7120,29021,6327,22694,21901,793,793,466,3559,117,21,50694421
7121,50708641,50722884,7121,28988,6352,22636,21867,769,769,481,3560,117,16,50708657
7122,50722884,50737129,7122,28981,6291,22690,21859,831,831,450,3560,117,17,50722901
7123,50737129,50751376,7123,29025,6288,22737,21902,835,835,449,3561,117,4,50737133
7124,50751376,50765625,7124,28925,6311,22614,21801,813,813,448,3561,117,15,50751391
7125,50765625,50779876,7125,28978,6341,22637,21853,784,784,469,3562,117,8,50765633
7126,50779876,50794129,7126,29084,6305,22779,21958,821,821,460,3562,117,31,50779907
7127,50794129,50808384,7127,29018,6341,22677,21891,786,786,470,3563,117,28,50794157
7128,50808384,50822641,7128,28949,6308,22641,21821,820,820,465,3563,117,47,50808431
7129,50822641,50836900,7129,29039,6298,22741,21910,831,831,440,3564,117,36,50822677
7130,50836900,50851161,7130,29041,6333,22708,21911,797,797,480,3564,117,1,50836901
7131,50851161,50865424,7131,29057,6321,22736,21926,810,810,449,3565,117,8,50851169
7132,50865424,50879689,7132,29012,6337,22675,21880,795,795,480,3565,117,3,50865427
7133,50879689,50893956,7133,29033,6352,22681,21900,781,781,465,3566,117,4,50879693
7134,50893956,50908225,7134,29050,6327,22723,21916,807,807,472,3566,117,5,50893961
7135,50908225,50922496,7135,29077,6342,22735,21942,793,793,449,3567,117,36,50908261
7136,50922496,50936769,7136,29012,6332,22680,21876,804,804,467,3567,117,3,50922499
7137,50936769,50951044,7137,29097,6366,22731,21960,771,771,480,3568,117,2,50936771
7138,50951044,50965321,7138,29057,6321,22736,21919,817,817,467,3568,117,15,50951059
7139,50965321,50979600,7139,29041,6368,22673,21902,771,771,478,3569,117,10,50965331
7140,50979600,50993881,7140,29077,6315,22762,21937,825,825,462,3569,118,13,50979613
7141,50993881,51008164,7141,29067,6327,22740,21926,814,814,457,3570,118,12,50993893
7142,51008164,51022449,7142,29087,6361,22726,21945,781,781,467,3570,118,7,51008171
7143,51022449,51036736,7143,29060,6338,22722,21917,805,805,467,3571,118,2,51022451
7144,51036736,51051025,7144,29127,6362,22765,21983,782,782,463,3571,118,27,51036763
7145,51051025,51065316,7145,29103,6354,22749,21958,791,791,465,3572,118,4,51051029
7146,51065316,51079609,7146,29128,6320,22808,21982,826,826,468,3572,118,5,51065321
7147,51079609,51093904,7147,29058,6343,22715,21911,804,804,475,3573,118,12,51079621
7148,51093904,51108201,7148,29091,6333,22758,21943,815,815,459,3573,118,33,51093937
7149,51108201,51122500,7149,29156,6319,22837,22007,830,830,452,3574,118,16,51108217
7150,51122500,51136801,7150,29133,6357,22776,21983,793,793,459,3574,118,1,51122501
7151,51136801,51151104,7151,29096,6367,22729,21945,784,784,457,3575,118,6,51136807
7152,51151104,51165409,7152,29150,6349,22801,21998,803,803,452,3575,118,5,51151109
7153,51165409,51179716,7153,29124,6355,22769,21971,798,798,481,3576,118,58,51165467
7154,51179716,51194025,7154,29149,6355,22794,21995,799,799,464,3576,118,3,51179719
7155,51194025,51208336,7155,29122,6339,22783,21967,816,816,465,3577,118,16,51194041
7156,51208336,51222649,7156,29136,6357,22779,21980,799,799,474,3577,118,7,51208343
7157,51222649,51236964,7157,29195,6338,22857,22038,819,819,460,3578,118,10,51222659
7158,51236964,51251281,7158,29159,6351,22808,22001,807,807,463,3578,118,17,51236981
7159,51251281,51265600,7159,29133,6344,22789,21974,815,815,468,3579,118,6,51251287
7160,51265600,51279921,7160,29111,6355,22756,21951,805,805,463,3579,118,1,51265601
7161,51279921,51294244,7161,29177,6362,22815,22016,799,799,464,3580,118,8,51279929
7162,51294244,51308569,7162,29143,6381,22762,21981,781,781,477,3580,118,19,51294263
7163,51308569,51322896,7163,29214,6338,22876,22051,825,825,459,3581,118,12,51308581
7164,51322896,51337225,7164,29216,6378,22838,22052,786,786,466,3581,118,1,51322897
7165,51337225,51351556,7165,29143,6326,22817,21978,839,839,457,3582,118,42,51337267
7166,51351556,51365889,7166,29171,6349,22822,22005,817,817,480,3582,118,7,51351563
7167,51365889,51380224,7167,29207,6333,22874,22040,834,834,441,3583,118,4,51365893
7168,51380224,51394561,7168,29214,6337,22877,22046,831,831,461,3583,118,9,51380233
7169,51394561,51408900,7169,29230,6363,22867,22061,806,806,466,3584,118,18,51394579
7170,51408900,51423241,7170,29173,6366,22807,22003,804,804,468,3584,118,19,51408919
7171,51423241,51437584,7171,29264,6375,22889,22093,796,796,473,3585,118,6,51423247
7172,51437584,51451929,7172,29169,6377,22792,21997,795,795,460,3585,118,39,51437623
7173,51451929,51466276,7173,29239,6398,22841,22066,775,775,487,3586,118,2,51451931
7174,51466276,51480625,7174,29176,6362,22814,22002,812,812,460,3586,118,25,51466301
7175,51480625,51494976,7175,29302,6366,22936,22127,809,809,475,3587,118,18,51480643
7176,51494976,51509329,7176,29188,6349,22839,22012,827,827,469,3587,118,7,51494983
7177,51509329,51523684,7177,29241,6357,22884,22064,820,820,453,3588,118,4,51509333
7178,51523684,51538041,7178,29275,6366,22909,22097,812,812,460,3588,118,25,51523709
7179,51538041,51552400,7179,29223,6387,22836,22044,792,792,468,3589,118,2,51538043
7180,51552400,51566761,7180,29300,6348,22952,22120,832,832,458,3589,118,19,51552419
7181,51566761,51581124,7181,29235,6340,22895,22054,841,841,456,3590,118,10,51566771
7182,51581124,51595489,7182,29284,6399,22885,22102,783,783,461,3590,118,5,51581129
7183,51595489,51609856,7183,29266,6355,22911,22083,828,828,464,3591,118,10,51595499
7184,51609856,51624225,7184,29265,6370,22895,22081,814,814,469,3591,118,25,51609881
7185,51624225,51638596,7185,29266,6415,22851,22081,770,770,496,3592,118,2,51624227
7186,51638596,51652969,7186,29287,6371,22916,22101,815,815,464,3592,118,7,51638603
7187,51652969,51667344,7187,29294,6389,22905,22107,798,798,469,3593,118,12,51652981
7188,51667344,51681721,7188,29303,6393,22910,22115,795,795,471,3593,118,7,51667351
7189,51681721,51696100,7189,29307,6392,22915,22118,797,797,450,3594,118,18,51681739
7190,51696100,51710481,7190,29263,6371,22892,22073,819,819,455,3594,118,1,51696101
7191,51710481,51724864,7191,29288,6391,22897,22097,800,800,468,3595,118,8,51710489
7192,51724864,51739249,7192,29319,6374,22945,22127,818,818,460,3595,118,15,51724879
7193,51739249,51753636,7193,29329,6362,22967,22136,831,831,467,3596,118,18,51739267
7194,51753636,51768025,7194,29328,6399,22929,22134,795,795,465,3596,118,13,51753649
7195,51768025,51782416,7195,29310,6365,22945,22115,830,830,485,3597,118,4,51768029
7196,51782416,51796809,7196,29349,6374,22975,22153,822,822,466,3597,118,27,51782443
7197,51796809,51811204,7197,29356,6363,22993,22159,834,834,457,3598,118,10,51796819
7198,51811204,51825601,7198,29314,6373,22941,22116,825,825,461,3598,118,9,51811213
7199,51825601,51840000,7199,29339,6357,22982,22140,842,842,448,3599,118,18,51825619
7200,51840000,51854401,7200,29371,6409,22962,22171,791,791,474,3599,118,7,51840007
7201,51854401,51868804,7201,29316,6406,22910,22115,795,795,466,3600,118,16,51854417
7202,51868804,51883209,7202,29387,6366,23021,22185,836,836,459,3600,118,3,51868807
7203,51883209,51897616,7203,29303,6414,22889,22100,789,789,469,3601,118,2,51883211
7204,51897616,51912025,7204,29384,6404,22980,22180,800,800,461,3601,118,15,51897631
7205,51912025,51926436,7205,29390,6370,23020,22185,835,835,450,3602,118,28,51912053
7206,51926436,51940849,7206,29380,6405,22975,22174,801,801,470,3602,118,25,51926461
7207,51940849,51955264,7207,29387,6392,22995,22180,815,815,465,3603,118,4,51940853
7208,51955264,51969681,7208,29374,6399,22975,22166,809,809,488,3603,118,19,51955283
7209,51969681,51984100,7209,29364,6397,22967,22155,812,812,479,3604,118,2,51969683
7210,51984100,51998521,7210,29403,6394,23009,22193,816,816,467,3604,118,9,51984109
7211,51998521,52012944,7211,29383,6430,22953,22172,781,781,468,3605,118,12,51998533
7212,52012944,52027369,7212,29456,6394,23062,22244,818,818,461,3605,118,7,52012951
7213,52027369,52041796,7213,29382,6406,22976,22169,807,807,470,3606,118,10,52027379
7214,52041796,52056225,7214,29390,6388,23002,22176,826,826,461,3606,118,3,52041799
7215,52056225,52070656,7215,29409,6366,23043,22194,849,849,437,3607,118,8,52056233
7216,52070656,52085089,7216,29425,6415,23010,22209,801,801,467,3607,118,1,52070657
7217,52085089,52099524,7217,29431,6389,23042,22214,828,828,468,3608,118,30,52085119
7218,52099524,52113961,7218,29394,6440,22954,22176,778,778,475,3608,118,35,52099559
7219,52113961,52128400,7219,29489,6390,23099,22270,829,829,469,3609,118,12,52113973
7220,52128400,52142841,7220,29409,6429,22980,22189,791,791,474,3609,118,7,52128407
7221,52142841,52157284,7221,29410,6408,23002,22189,813,813,455,3610,118,10,52142851
7222,52157284,52171729,7222,29481,6442,23039,22259,780,780,474,3610,118,7,52157291
7223,52171729,52186176,7223,29456,6376,23080,22233,847,847,458,3611,118,4,52171733
7224,52186176,52200625,7224,29476,6422,23054,22252,802,802,453,3611,118,11,52186187
7225,52200625,52215076,7225,29415,6425,22990,22190,800,800,474,3612,118,16,52200641
7226,52215076,52229529,7226,29474,6400,23074,22248,826,826,468,3612,118,15,52215091
7227,52229529,52243984,7227,29474,6427,23047,22247,800,800,483,3613,118,58,52229587
7228,52243984,52258441,7228,29463,6424,23039,22235,804,804,471,3613,118,45,52244029
7229,52258441,52272900,7229,29491,6408,23083,22262,821,821,451,3614,118,16,52258457
7230,52272900,52287361,7230,29454,6450,23004,22224,780,780,486,3614,118,17,52272917
7231,52287361,52301824,7231,29535,6435,23100,22304,796,796,467,3615,118,10,52287371
7232,52301824,52316289,7232,29476,6403,23073,22244,829,829,466,3615,118,37,52301861
7233,52316289,52330756,7233,29492,6405,23087,22259,828,828,443,3616,118,20,52316309
7234,52330756,52345225,7234,29513,6436,23077,22279,798,798,482,3616,118,15,52330771
7235,52345225,52359696,7235,29516,6401,23115,22281,834,834,467,3617,118,4,52345229
7236,52359696,52374169,7236,29512,6411,23101,22276,825,825,475,3617,118,13,52359709
7237,52374169,52388644,7237,29470,6414,23056,22233,823,823,455,3618,118,22,52374191
7238,52388644,52403121,7238,29548,6433,23115,22310,805,805,474,3618,118,3,52388647
7239,52403121,52417600,7239,29566,6401,23165,22327,838,838,471,3619,118,50,52403171
7240,52417600,52432081,7240,29509,6475,23034,22269,765,765,479,3619,118,1,52417601
7241,52432081,52446564,7241,29527,6398,23129,22286,843,843,454,3620,118,22,52432103
7242,52446564,52461049,7242,29548,6429,23119,22306,813,813,488,3620,118,7,52446571
7243,52461049,52475536,7243,29575,6439,23136,22332,804,804,475,3621,118,58,52461107
7244,52475536,52490025,7244,29462,6438,23024,22218,806,806,475,3621,118,1,52475537
7245,52490025,52504516,7245,29517,6420,23097,22272,825,825,467,3622,118,26,52490051
7246,52504516,52519009,7246,29605,6451,23154,22359,795,795,480,3622,118,7,52504523
7247,52519009,52533504,7247,29559,6441,23118,22312,806,806,474,3623,118,4,52519013
7248,52533504,52548001,7248,29556,6431,23125,22308,817,817,457,3623,118,13,52533517
7249,52548001,52562500,7249,29578,6409,23169,22329,840,840,467,3624,118,10,52548011
7250,52562500,52577001,7250,29567,6468,23099,22317,782,782,482,3624,118,9,52562509
7251,52577001,52591504,7251,29619,6424,23195,22368,827,827,455,3625,118,52,52577053
7252,52591504,52606009,7252,29532,6448,23084,22280,804,804,468,3625,118,3,52591507
7253,52606009,52620516,7253,29639,6410,23229,22386,843,843,450,3626,118,18,52606027
7254,52620516,52635025,7254,29573,6414,23159,22319,840,840,456,3626,118,5,52620521
7255,52635025,52649536,7255,29623,6427,23196,22368,828,828,468,3627,118,16,52635041
7256,52649536,52664049,7256,29583,6449,23134,22327,807,807,487,3627,118,31,52649567
7257,52664049,52678564,7257,29598,6456,23142,22341,801,801,460,3628,118,20,52664069
7258,52678564,52693081,7258,29622,6455,23167,22364,803,803,472,3628,118,9,52678573
7259,52693081,52707600,7259,29605,6442,23163,22346,817,817,458,3629,118,16,52693097
7260,52707600,52722121,7260,29658,6427,23231,22398,833,833,469,3629,119,1,52707601
7261,52722121,52736644,7261,29584,6458,23126,22323,803,803,472,3630,119,46,52722167
7262,52736644,52751169,7262,29657,6443,23214,22395,819,819,482,3630,119,9,52736653
7263,52751169,52765696,7263,29615,6453,23162,22352,810,810,467,3631,119,4,52751173
7264,52765696,52780225,7264,29682,6408,23274,22418,856,856,456,3631,119,25,52765721
7265,52780225,52794756,7265,29610,6455,23155,22345,810,810,471,3632,119,4,52780229
7266,52794756,52809289,7266,29607,6458,23149,22341,808,808,488,3632,119,13,52794769
7267,52809289,52823824,7267,29711,6436,23275,22444,831,831,457,3633,119,24,52809313
7268,52823824,52838361,7268,29650,6460,23190,22382,808,808,484,3633,119,7,52823831
7269,52838361,52852900,7269,29640,6459,23181,22371,810,810,479,3634,119,8,52838369
7270,52852900,52867441,7270,29701,6431,23270,22431,839,839,463,3634,119,7,52852907
7271,52867441,52881984,7271,29622,6459,23163,22351,812,812,476,3635,119,18,52867459
7272,52881984,52896529,7272,29735,6462,23273,22463,810,810,481,3635,119,25,52882009
7273,52896529,52911076,7273,29653,6451,23202,22380,822,822,474,3636,119,4,52896533
7274,52911076,52925625,7274,29663,6450,23213,22389,824,824,472,3636,119,15,52911091
7275,52925625,52940176,7275,29717,6465,23252,22442,810,810,468,3637,119,8,52925633
7276,52940176,52954729,7276,29681,6477,23204,22405,799,799,455,3637,119,3,52940179
7277,52954729,52969284,7277,29701,6464,23237,22424,813,813,470,3638,119,22,52954751
7278,52969284,52983841,7278,29714,6449,23265,22436,829,829,462,3638,119,7,52969291
7279,52983841,52998400,7279,29719,6446,23273,22440,833,833,470,3639,119,10,52983851
7280,52998400,53012961,7280,29716,6480,23236,22436,800,800,501,3639,119,9,52998409
7281,53012961,53027524,7281,29713,6465,23248,22432,816,816,458,3640,119,8,53012969
7282,53027524,53042089,7282,29734,6455,23279,22452,827,827,473,3640,119,27,53027551
7283,53042089,53056656,7283,29674,6448,23226,22391,835,835,455,3641,119,18,53042107
7284,53056656,53071225,7284,29788,6494,23294,22504,790,790,460,3641,119,13,53056669
7285,53071225,53085796,7285,29711,6448,23263,22426,837,837,466,3642,119,6,53071231
7286,53085796,53100369,7286,29746,6442,23304,22460,844,844,461,3642,119,1,53085797
7287,53100369,53114944,7287,29759,6497,23262,22472,790,790,482,3643,119,10,53100379
7288,53114944,53129521,7288,29741,6477,23264,22453,811,811,494,3643,119,15,53114959
7289,53129521,53144100,7289,29781,6469,23312,22492,820,820,465,3644,119,30,53129551
7290,53144100,53158681,7290,29708,6423,23285,22418,867,867,448,3644,119,11,53144111
7291,53158681,53173264,7291,29799,6469,23330,22508,822,822,474,3645,119,6,53158687
7292,53173264,53187849,7292,29715,6479,23236,22423,813,813,475,3645,119,7,53173271
7293,53187849,53202436,7293,29776,6516,23260,22483,777,777,479,3646,119,4,53187853
7294,53202436,53217025,7294,29784,6465,23319,22490,829,829,486,3646,119,3,53202439
7295,53217025,53231616,7295,29769,6448,23321,22474,847,847,457,3647,119,66,53217091
7296,53231616,53246209,7296,29833,6508,23325,22537,788,788,480,3647,119,5,53231621
7297,53246209,53260804,7297,29735,6444,23291,22438,853,853,451,3648,119,30,53246239
7298,53260804,53275401,7298,29810,6472,23338,22512,826,826,465,3648,119,3,53260807
7299,53275401,53290000,7299,29817,6472,23345,22518,827,827,472,3649,119,20,53275421
7300,53290000,53304601,7300,29779,6455,23324,22479,845,845,451,3649,119,21,53290021
7301,53304601,53319204,7301,29836,6481,23355,22535,820,820,491,3650,119,6,53304607
7302,53319204,53333809,7302,29799,6497,23302,22497,805,805,494,3650,119,19,53319223
7303,53333809,53348416,7303,29816,6460,23356,22513,843,843,471,3651,119,12,53333821
7304,53348416,53363025,7304,29846,6483,23363,22542,821,821,474,3651,119,1,53348417
7305,53363025,53377636,7305,29828,6533,23295,22523,772,772,500,3652,119,4,53363029
7306,53377636,53392249,7306,29804,6486,23318,22498,820,820,453,3652,119,43,53377679
7307,53392249,53406864,7307,29844,6475,23369,22537,832,832,469,3653,119,22,53392271
7308,53406864,53421481,7308,29856,6495,23361,22548,813,813,485,3653,119,5,53406869
7309,53421481,53436100,7309,29859,6479,23380,22550,830,830,461,3654,119,12,53421493
7310,53436100,53450721,7310,29850,6499,23351,22540,811,811,480,3654,119,9,53436109
7311,53450721,53465344,7311,29859,6514,23345,22548,797,797,484,3655,119,32,53450753
7312,53465344,53479969,7312,29835,6499,23336,22523,813,813,470,3655,119,7,53465351
7313,53479969,53494596,7313,29903,6497,23406,22590,816,816,486,3656,119,28,53479997
7314,53494596,53509225,7314,29799,6494,23305,22485,820,820,479,3656,119,61,53494657
7315,53509225,53523856,7315,29901,6501,23400,22586,814,814,477,3657,119,6,53509231
7316,53523856,53538489,7316,29863,6509,23354,22547,807,807,467,3657,119,1,53523857
7317,53538489,53553124,7317,29854,6486,23368,22537,831,831,474,3658,119,50,53538539
7318,53553124,53567761,7318,29952,6508,23444,22634,810,810,486,3658,119,3,53553127
7319,53567761,53582400,7319,29868,6518,23350,22549,801,801,484,3659,119,18,53567779
7320,53582400,53597041,7320,29897,6489,23408,22577,831,831,465,3659,119,7,53582407
7321,53597041,53611684,7321,29870,6511,23359,22549,810,810,493,3660,119,10,53597051
7322,53611684,53626329,7322,29889,6524,23365,22567,798,798,486,3660,119,13,53611697
7323,53626329,53640976,7323,29942,6488,23454,22619,835,835,461,3661,119,22,53626351
7324,53640976,53655625,7324,29974,6495,23479,22650,829,829,463,3661,119,55,53641031
7325,53655625,53670276,7325,29903,6462,23441,22578,863,863,441,3662,119,4,53655629
7326,53670276,53684929,7326,29911,6514,23397,22585,812,812,484,3662,119,1,53670277
7327,53684929,53699584,7327,29918,6520,23398,22591,807,807,489,3663,119,4,53684933
7328,53699584,53714241,7328,29925,6512,23413,22597,816,816,472,3663,119,15,53699599
7329,53714241,53728900,7329,29939,6478,23461,22610,851,851,452,3664,119,58,53714299
7330,53728900,53743561,7330,29948,6499,23449,22618,831,831,475,3664,119,7,53728907
7331,53743561,53758224,7331,29920,6513,23407,22589,818,818,477,3665,119,16,53743577
7332,53758224,53772889,7332,29976,6513,23463,22644,819,819,464,3665,119,7,53758231
7333,53772889,53787556,7333,29977,6506,23471,22644,827,827,475,3666,119,4,53772893
7334,53787556,53802225,7334,29897,6535,23362,22563,799,799,485,3666,119,15,53787571
7335,53802225,53816896,7335,30044,6484,23560,22709,851,851,462,3667,119,22,53802247
7336,53816896,53831569,7336,29974,6544,23430,22638,792,792,486,3667,119,33,53816929
7337,53831569,53846244,7337,29942,6541,23401,22605,796,796,488,3668,119,4,53831573
7338,53846244,53860921,7338,29943,6501,23442,22605,837,837,469,3668,119,19,53846263
7339,53860921,53875600,7339,30024,6521,23503,22685,818,818,473,3669,119,28,53860949
7340,53875600,53890281,7340,29966,6494,23472,22626,846,846,471,3669,119,7,53875607
7341,53890281,53904964,7341,29982,6483,23499,22641,858,858,459,3670,119,2,53890283
7342,53904964,53919649,7342,30028,6501,23527,22686,841,841,482,3670,119,39,53905003
7343,53919649,53934336,7343,30001,6549,23452,22658,794,794,485,3671,119,18,53919667
7344,53934336,53949025,7344,29997,6522,23475,22653,822,822,477,3671,119,23,53934359
7345,53949025,53963716,7345,29999,6494,23505,22654,851,851,453,3672,119,42,53949067
7346,53963716,53978409,7346,30007,6518,23489,22661,828,828,481,3672,119,15,53963731
7347,53978409,53993104,7347,30037,6520,23517,22690,827,827,481,3673,119,4,53978413
7348,53993104,54007801,7348,29997,6530,23467,22649,818,818,478,3673,119,15,53993119
7349,54007801,54022500,7349,30072,6520,23552,22723,829,829,495,3674,119,18,54007819
7350,54022500,54037201,7350,30038,6551,23487,22688,799,799,465,3674,119,11,54022511
7351,54037201,54051904,7351,30041,6511,23530,22690,840,840,467,3675,119,10,54037211
7352,54051904,54066609,7352,30019,6543,23476,22667,809,809,476,3675,119,9,54051913
7353,54066609,54081316,7353,30019,6523,23496,22666,830,830,484,3676,119,10,54066619
7354,54081316,54096025,7354,30078,6497,23581,22724,857,857,466,3676,119,7,54081323
7355,54096025,54110736,7355,30044,6545,23499,22689,810,810,473,3677,119,36,54096061
7356,54110736,54125449,7356,30066,6523,23543,22710,833,833,487,3677,119,23,54110759
7357,54125449,54140164,7357,30052,6529,23523,22695,828,828,488,3678,119,72,54125521
7358,54140164,54154881,7358,30135,6521,23614,22777,837,837,462,3678,119,7,54140171
7359,54154881,54169600,7359,30039,6560,23479,22680,799,799,484,3679,119,26,54154907
7360,54169600,54184321,7360,30080,6535,23545,22720,825,825,477,3679,119,13,54169613
7361,54184321,54199044,7361,30085,6540,23545,22724,821,821,483,3680,119,6,54184327
7362,54199044,54213769,7362,30106,6555,23551,22744,807,807,485,3680,119,29,54199073
7363,54213769,54228496,7363,30064,6567,23497,22701,796,796,476,3681,119,4,54213773
7364,54228496,54243225,7364,30081,6537,23544,22717,827,827,478,3681,119,1,54228497
7365,54243225,54257956,7365,30103,6548,23555,22738,817,817,490,3682,119,2,54243227
7366,54257956,54272689,7366,30188,6519,23669,22822,847,847,473,3682,119,7,54257963
7367,54272689,54287424,7367,30061,6544,23517,22694,823,823,469,3683,119,4,54272693
7368,54287424,54302161,7368,30126,6535,23591,22758,833,833,455,3683,119,13,54287437
7369,54302161,54316900,7369,30086,6556,23530,22717,813,813,471,3684,119,16,54302177
7370,54316900,54331641,7370,30161,6526,23635,22791,844,844,493,3684,119,3,54316903
7371,54331641,54346384,7371,30110,6532,23578,22739,839,839,457,3685,119,16,54331657
7372,54346384,54361129,7372,30123,6562,23561,22751,810,810,471,3685,119,3,54346387
7373,54361129,54375876,7373,30147,6548,23599,22774,825,825,478,3686,119,54,54361183
7374,54375876,54390625,7374,30176,6581,23595,22802,793,793,504,3686,119,7,54375883
7375,54390625,54405376,7375,30117,6554,23563,22742,821,821,476,3687,119,18,54390643
7376,54405376,54420129,7376,30140,6557,23583,22764,819,819,493,3687,119,15,54405391
7377,54420129,54434884,7377,30169,6528,23641,22792,849,849,465,3688,119,2,54420131
7378,54434884,54449641,7378,30191,6554,23637,22813,824,824,470,3688,119,15,54434899
7379,54449641,54464400,7379,30122,6576,23546,22743,803,803,484,3689,119,22,54449663
7380,54464400,54479161,7380,30199,6542,23657,22819,838,838,469,3689,119,11,54464411
7381,54479161,54493924,7381,30176,6563,23613,22795,818,818,494,3690,120,10,54479171
7382,54493924,54508689,7382,30180,6560,23620,22798,822,822,484,3690,120,3,54493927
7383,54508689,54523456,7383,30197,6529,23668,22814,854,854,463,3691,120,2,54508691
7384,54523456,54538225,7384,30161,6527,23634,22777,857,857,473,3691,120,1,54523457
7385,54538225,54552996,7385,30167,6565,23602,22782,820,820,477,3692,120,4,54538229
7386,54552996,54567769,7386,30210,6588,23622,22824,798,798,480,3692,120,17,54553013
7387,54567769,54582544,7387,30220,6554,23666,22833,833,833,469,3693,120,18,54567787
7388,54582544,54597321,7388,30200,6514,23686,22812,874,874,454,3693,120,3,54582547
7389,54597321,54612100,7389,30210,6586,23624,22821,803,803,487,3694,120,8,54597329
7390,54612100,54626881,7390,30226,6539,23687,22836,851,851,463,3694,120,19,54612119
7391,54626881,54641664,7391,30262,6526,23736,22871,865,865,466,3695,120,36,54626917
7392,54641664,54656449,7392,30196,6563,23633,22804,829,829,495,3695,120,13,54641677
7393,54656449,54671236,7393,30241,6560,23681,22848,833,833,468,3696,120,12,54656461
7394,54671236,54686025,7394,30186,6571,23615,22792,823,823,486,3696,120,15,54671251
7395,54686025,54700816,7395,30270,6590,23680,22875,805,805,480,3697,120,14,54686039
7396,54700816,54715609,7396,30210,6572,23638,22814,824,824,477,3697,120,37,54700853
7397,54715609,54730404,7397,30290,6599,23691,22893,798,798,488,3698,120,4,54715613
7398,54730404,54745201,7398,30260,6561,23699,22862,837,837,477,3698,120,29,54730433
7399,54745201,54760000,7399,30245,6568,23677,22846,831,831,479,3699,120,10,54745211
7400,54760000,54774801,7400,30236,6557,23679,22836,843,843,466,3699,120,3,54760003
7401,54774801,54789604,7401,30256,6566,23690,22855,835,835,474,3700,120,2,54774803
7402,54789604,54804409,7402,30284,6576,23708,22882,826,826,477,3700,120,3,54789607
7403,54804409,54819216,7403,30277,6568,23709,22874,835,835,485,3701,120,10,54804419
7404,54819216,54834025,7404,30299,6590,23709,22895,814,814,493,3701,120,1,54819217
7405,54834025,54848836,7405,30266,6589,23677,22861,816,816,475,3702,120,52,54834077
7406,54848836,54863649,7406,30304,6568,23736,22898,838,838,479,3702,120,25,54848861
7407,54863649,54878464,7407,30317,6604,23713,22910,803,803,479,3703,120,2,54863651
7408,54878464,54893281,7408,30280,6612,23668,22872,796,796,501,3703,120,13,54878477
7409,54893281,54908100,7409,30332,6588,23744,22923,821,821,470,3704,120,22,54893303
7410,54908100,54922921,7410,30304,6574,23730,22894,836,836,467,3704,120,1,54908101
7411,54922921,54937744,7411,30303,6594,23709,22892,817,817,483,3705,120,22,54922943
7412,54937744,54952569,7412,30297,6531,23766,22885,881,881,460,3705,120,3,54937747
7413,54952569,54967396,7413,30347,6576,23771,22934,837,837,465,3706,120,8,54952577
7414,54967396,54982225,7414,30336,6576,23760,22922,838,838,473,3706,120,1,54967397
7415,54982225,54997056,7415,30314,6578,23736,22899,837,837,466,3707,120,18,54982243
7416,54997056,55011889,7416,30347,6586,23761,22931,830,830,477,3707,120,43,54997099
7417,55011889,55026724,7417,30336,6572,23764,22919,845,845,465,3708,120,22,55011911
7418,55026724,55041561,7418,30392,6579,23813,22974,839,839,492,3708,120,7,55026731
7419,55041561,55056400,7419,30307,6576,23731,22888,843,843,471,3709,120,26,55041587
7420,55056400,55071241,7420,30381,6561,23820,22961,859,859,473,3709,120,1,55056401
7421,55071241,55086084,7421,30360,6576,23784,22939,845,845,484,3710,120,10,55071251
7422,55086084,55100929,7422,30396,6575,23821,22974,847,847,473,3710,120,7,55086091
7423,55100929,55115776,7423,30332,6596,23736,22909,827,827,464,3711,120,4,55100933
7424,55115776,55130625,7424,30364,6617,23747,22940,807,807,504,3711,120,7,55115783
7425,55130625,55145476,7425,30360,6592,23768,22935,833,833,482,3712,120,2,55130627
7426,55145476,55160329,7426,30387,6584,23803,22961,842,842,464,3712,120,15,55145491
7427,55160329,55175184,7427,30339,6615,23724,22912,812,812,502,3713,120,22,55160351
7428,55175184,55190041,7428,30414,6587,23827,22986,841,841,469,3713,120,7,55175191
7429,55190041,55204900,7429,30455,6598,23857,23026,831,831,488,3714,120,30,55190071
7430,55204900,55219761,7430,30336,6598,23738,22906,832,832,465,3714,120,13,55204913
7431,55219761,55234624,7431,30426,6577,23849,22995,854,854,495,3715,120,2,55219763
7432,55234624,55249489,7432,30399,6594,23805,22967,838,838,470,3715,120,19,55234643
7433,55249489,55264356,7433,30465,6630,23835,23032,803,803,483,3716,120,10,55249499
7434,55264356,55279225,7434,30381,6610,23771,22947,824,824,495,3716,120,1,55264357
7435,55279225,55294096,7435,30428,6608,23820,22993,827,827,476,3717,120,46,55279271
7436,55294096,55308969,7436,30448,6600,23848,23012,836,836,479,3717,120,37,55294133
7437,55308969,55323844,7437,30430,6586,23844,22993,851,851,465,3718,120,2,55308971
7438,55323844,55338721,7438,30393,6623,23770,22955,815,815,482,3718,120,15,55323859
7439,55338721,55353600,7439,30490,6592,23898,23051,847,847,481,3719,120,12,55338733
7440,55353600,55368481,7440,30409,6606,23803,22969,834,834,488,3719,120,7,55353607
7441,55368481,55383364,7441,30487,6617,23870,23046,824,824,485,3720,120,6,55368487
7442,55383364,55398249,7442,30449,6583,23866,23007,859,859,466,3720,120,7,55383371
7443,55398249,55413136,7443,30430,6622,23808,22987,821,821,486,3721,120,14,55398263
7444,55413136,55428025,7444,30440,6607,23833,22996,837,837,461,3721,120,31,55413167
7445,55428025,55442916,7445,30520,6593,23927,23075,852,852,480,3722,120,22,55428047
7446,55442916,55457809,7446,30478,6611,23867,23032,835,835,472,3722,120,11,55442927
7447,55457809,55472704,7447,30492,6620,23872,23045,827,827,483,3723,120,4,55457813
7448,55472704,55487601,7448,30484,6611,23873,23036,837,837,479,3723,120,39,55472743
7449,55487601,55502500,7449,30470,6624,23846,23021,825,825,487,3724,120,28,55487629
7450,55502500,55517401,7450,30449,6631,23818,22999,819,819,481,3724,120,7,55502507
7451,55517401,55532304,7451,30544,6633,23911,23093,818,818,486,3725,120,16,55517417
7452,55532304,55547209,7452,30477,6614,23863,23025,838,838,478,3725,120,7,55532311
7453,55547209,55562116,7453,30556,6649,23907,23103,804,804,478,3726,120,54,55547263
7454,55562116,55577025,7454,30479,6587,23892,23025,867,867,473,3726,120,45,55562161
7455,55577025,55591936,7455,30502,6639,23863,23047,816,816,499,3727,120,22,55577047
7456,55591936,55606849,7456,30510,6620,23890,23054,836,836,474,3727,120,1,55591937
7457,55606849,55621764,7457,30500,6608,23892,23043,849,849,485,3728,120,4,55606853
7458,55621764,55636681,7458,30570,6600,23970,23112,858,858,468,3728,120,13,55621777
7459,55636681,55651600,7459,30560,6633,23927,23101,826,826,494,3729,120,48,55636729
7460,55651600,55666521,7460,30549,6626,23923,23089,834,834,485,3729,120,1,55651601
7461,55666521,55681444,7461,30506,6598,23908,23045,863,863,459,3730,120,10,55666531
7462,55681444,55696369,7462,30587,6621,23966,23125,841,841,476,3730,120,3,55681447
7463,55696369,55711296,7463,30520,6616,23904,23057,847,847,493,3731,120,4,55696373
7464,55711296,55726225,7464,30552,6630,23922,23088,834,834,470,3731,120,83,55711379
7465,55726225,55741156,7465,30594,6604,23990,23129,861,861,476,3732,120,22,55726247
7466,55741156,55756089,7466,30538,6613,23925,23072,853,853,474,3732,120,1,55741157
7467,55756089,55771024,7467,30603,6606,23997,23136,861,861,482,3733,120,4,55756093
7468,55771024,55785961,7468,30542,6626,23916,23074,842,842,466,3733,120,45,55771069
7469,55785961,55800900,7469,30601,6681,23920,23132,788,788,528,3734,120,18,55785979
7470,55800900,55815841,7470,30568,6627,23941,23098,843,843,462,3734,120,11,55800911
7471,55815841,55830784,7471,30634,6615,24019,23163,856,856,471,3735,120,12,55815853
7472,55830784,55845729,7472,30534,6626,23908,23062,846,846,476,3735,120,3,55830787
7473,55845729,55860676,7473,30647,6636,24011,23174,837,837,487,3736,120,4,55845733
7474,55860676,55875625,7474,30535,6658,23877,23061,816,816,482,3736,120,1,55860677
7475,55875625,55890576,7475,30616,6643,23973,23141,832,832,474,3737,120,4,55875629
7476,55890576,55905529,7476,30600,6643,23957,23124,833,833,466,3737,120,23,55890599
7477,55905529,55920484,7477,30646,6634,24012,23169,843,843,458,3738,120,10,55905539
7478,55920484,55935441,7478,30653,6659,23994,23175,819,819,486,3738,120,55,55920539
7479,55935441,55950400,7479,30611,6640,23971,23132,839,839,475,3739,120,22,55935463
7480,55950400,55965361,7480,30594,6659,23935,23114,821,821,479,3739,120,3,55950403
7481,55965361,55980324,7481,30632,6624,24008,23151,857,857,483,3740,120,18,55965379
7482,55980324,55995289,7482,30655,6623,24032,23173,859,859,469,3740,120,17,55980341
7483,55995289,56010256,7483,30652,6655,23997,23169,828,828,492,3741,120,12,55995301
7484,56010256,56025225,7484,30632,6637,23995,23148,847,847,476,3741,120,3,56010259
7485,56025225,56040196,7485,30709,6668,24041,23224,817,817,492,3742,120,16,56025241
7486,56040196,56055169,7486,30588,6642,23946,23102,844,844,485,3742,120,3,56040199
7487,56055169,56070144,7487,30704,6630,24074,23217,857,857,463,3743,120,22,56055191
7488,56070144,56085121,7488,30646,6633,24013,23158,855,855,478,3743,120,5,56070149
7489,56085121,56100100,7489,30686,6638,24048,23197,851,851,483,3744,120,16,56085137
7490,56100100,56115081,7490,30703,6633,24070,23213,857,857,486,3744,120,1,56100101
7491,56115081,56130064,7491,30656,6639,24017,23165,852,852,484,3745,120,2,56115083
7492,56130064,56145049,7492,30685,6641,24044,23193,851,851,475,3745,120,7,56130071
7493,56145049,56160036,7493,30713,6652,24061,23220,841,841,494,3746,120,4,56145053
7494,56160036,56175025,7494,30724,6626,24098,23230,868,868,459,3746,120,11,56160047
7495,56175025,56190016,7495,30650,6635,24015,23155,860,860,476,3747,120,4,56175029
7496,56190016,56205009,7496,30670,6665,24005,23174,831,831,505,3747,120,15,56190031
7497,56205009,56220004,7497,30748,6673,24075,23251,824,824,485,3748,120,32,56205041
7498,56220004,56235001,7498,30673,6649,24024,23175,849,849,471,3748,120,3,56220007
7499,56235001,56250000,7499,30723,6703,24020,23224,796,796,495,3749,120,58,56235059
7500,56250000,56265001,7500,30767,6640,24127,23267,860,860,483,3749,120,11,56250011
7501,56265001,56280004,7501,30715,6653,24062,23214,848,848,473,3750,120,28,56265029
7502,56280004,56295009,7502,30750,6674,24076,23248,828,828,504,3750,120,13,56280017
7503,56295009,56310016,7503,30754,6645,24109,23251,858,858,469,3751,121,4,56295013
7504,56310016,56325025,7504,30668,6698,23970,23164,806,806,495,3751,121,1,56310017
7505,56325025,56340036,7505,30712,6657,24055,23207,848,848,471,3752,121,12,56325037
7506,56340036,56355049,7506,30807,6657,24150,23301,849,849,489,3752,121,7,56340043
7507,56355049,56370064,7507,30767,6675,24092,23260,832,832,496,3753,121,4,56355053
7508,56370064,56385081,7508,30766,6674,24092,23258,834,834,478,3753,121,9,56370073
7509,56385081,56400100,7509,30747,6676,24071,23238,833,833,480,3754,121,8,56385089
7510,56400100,56415121,7510,30761,6684,24077,23251,826,826,484,3754,121,3,56400103
7511,56415121,56430144,7511,30786,6693,24093,23275,818,818,493,3755,121,36,56415157
7512,56430144,56445169,7512,30745,6678,24067,23233,834,834,497,3755,121,5,56430149
7513,56445169,56460196,7513,30816,6695,24121,23303,818,818,478,3756,121,18,56445187
7514,56460196,56475225,7514,30798,6670,24128,23284,844,844,487,3756,121,3,56460199
7515,56475225,56490256,7515,30748,6655,24093,23233,860,860,467,3757,121,8,56475233
7516,56490256,56505289,7516,30823,6684,24139,23307,832,832,500,3757,121,1,56490257
7517,56505289,56520324,7517,30772,6693,24079,23255,824,824,476,3758,121,40,56505329
7518,56520324,56535361,7518,30859,6647,24212,23341,871,871,474,3758,121,13,56520337
7519,56535361,56550400,7519,30803,6684,24119,23284,835,835,488,3759,121,16,56535377
7520,56550400,56565441,7520,30797,6653,24144,23277,867,867,465,3759,121,1,56550401
7521,56565441,56580484,7521,30790,6697,24093,23269,824,824,496,3760,121,32,56565473
7522,56580484,56595529,7522,30850,6694,24156,23328,828,828,478,3760,121,39,56580523
7523,56595529,56610576,7523,30828,6634,24194,23305,889,889,464,3761,121,12,56595541
7524,56610576,56625625,7524,30785,6701,24084,23261,823,823,512,3761,121,1,56610577
7525,56625625,56640676,7525,30879,6680,24199,23354,845,845,476,3762,121,12,56625637
7526,56640676,56655729,7526,30863,6671,24192,23337,855,855,472,3762,121,3,56640679
7527,56655729,56670784,7527,30813,6670,24143,23286,857,857,476,3763,121,4,56655733
7528,56670784,56685841,7528,30853,6659,24194,23325,869,869,475,3763,121,15,56670799
7529,56685841,56700900,7529,30824,6656,24168,23295,873,873,492,3764,121,18,56685859
7530,56700900,56715961,7530,30878,6661,24217,23348,869,869,457,3764,121,13,56700913
7531,56715961,56731024,7531,30919,6694,24225,23388,837,837,485,3765,121,16,56715977
7532,56731024,56746089,7532,30825,6684,24141,23293,848,848,485,3765,121,9,56731033
7533,56746089,56761156,7533,30895,6699,24196,23362,834,834,480,3766,121,8,56746097
7534,56761156,56776225,7534,30877,6663,24214,23343,871,871,460,3766,121,13,56761169
7535,56776225,56791296,7535,30887,6687,24200,23352,848,848,489,3767,121,46,56776271
7536,56791296,56806369,7536,30873,6679,24194,23337,857,857,473,3767,121,1,56791297
7537,56806369,56821444,7537,30864,6688,24176,23327,849,849,468,3768,121,34,56806403
7538,56821444,56836521,7538,30959,6701,24258,23421,837,837,482,3768,121,39,56821483
7539,56836521,56851600,7539,30865,6719,24146,23326,820,820,492,3769,121,2,56836523
7540,56851600,56866681,7540,30927,6720,24207,23387,820,820,503,3769,121,9,56851609
7541,56866681,56881764,7541,30884,6712,24172,23343,829,829,491,3770,121,6,56866687
7542,56881764,56896849,7542,30925,6668,24257,23383,874,874,481,3770,121,7,56881771
7543,56896849,56911936,7543,30924,6696,24228,23381,847,847,483,3771,121,34,56896883
7544,56911936,56927025,7544,30918,6701,24217,23374,843,843,496,3771,121,57,56911993
7545,56927025,56942116,7545,30952,6669,24283,23407,876,876,471,3772,121,16,56927041
7546,56942116,56957209,7546,30882,6729,24153,23336,817,817,493,3772,121,61,56942177
7547,56957209,56972304,7547,30947,6715,24232,23400,832,832,490,3773,121,4,56957213
7548,56972304,56987401,7548,30994,6724,24270,23446,824,824,506,3773,121,19,56972323
7549,56987401,57002500,7549,30927,6682,24245,23378,867,867,466,3774,121,18,56987419
7550,57002500,57017601,7550,30949,6706,24243,23399,844,844,494,3774,121,1,57002501
7551,57017601,57032704,7551,30985,6711,24274,23434,840,840,485,3775,121,46,57017647
7552,57032704,57047809,7552,30941,6722,24219,23389,830,830,486,3775,121,7,57032711
7553,57047809,57062916,7553,30966,6708,24258,23413,845,845,472,3776,121,10,57047819
7554,57062916,57078025,7554,30945,6689,24256,23391,865,865,473,3776,121,5,57062921
7555,57078025,57093136,7555,30982,6685,24297,23427,870,870,487,3777,121,34,57078059
7556,57093136,57108249,7556,31001,6745,24256,23445,811,811,504,3777,121,15,57093151
7557,57108249,57123364,7557,30956,6674,24282,23399,883,883,477,3778,121,20,57108269
7558,57123364,57138481,7558,31011,6718,24293,23453,840,840,472,3778,121,37,57123401
7559,57138481,57153600,7559,31004,6723,24281,23445,836,836,493,3779,121,58,57138539
7560,57153600,57168721,7560,31018,6707,24311,23458,853,853,493,3779,121,11,57153611
7561,57168721,57183844,7561,30971,6721,24250,23410,840,840,492,3780,121,12,57168733
7562,57183844,57198969,7562,31029,6725,24304,23467,837,837,480,3780,121,79,57183923
7563,57198969,57214096,7563,30993,6721,24272,23430,842,842,483,3781,121,2,57198971
7564,57214096,57229225,7564,31029,6697,24332,23465,867,867,482,3781,121,7,57214103
7565,57229225,57244356,7565,31039,6742,24297,23474,823,823,502,3782,121,4,57229229
7566,57244356,57259489,7566,31006,6689,24317,23440,877,877,470,3782,121,11,57244367
7567,57259489,57274624,7567,31067,6725,24342,23500,842,842,499,3783,121,48,57259537
7568,57274624,57289761,7568,30950,6702,24248,23382,866,866,466,3783,121,3,57274627
7569,57289761,57304900,7569,31105,6681,24424,23536,888,888,476,3784,121,2,57289763
7570,57304900,57320041,7570,30983,6723,24260,23413,847,847,501,3784,121,63,57304963
7571,57320041,57335184,7571,31113,6725,24388,23542,846,846,470,3785,121,18,57320059
7572,57335184,57350329,7572,31052,6685,24367,23480,887,887,485,3785,121,7,57335191
7573,57350329,57365476,7573,31061,6751,24310,23488,822,822,487,3786,121,22,57350351
7574,57365476,57380625,7574,31022,6722,24300,23448,852,852,481,3786,121,13,57365489
7575,57380625,57395776,7575,31101,6709,24392,23526,866,866,482,3787,121,8,57380633
7576,57395776,57410929,7576,31094,6741,24353,23518,835,835,495,3787,121,55,57395831
7577,57410929,57426084,7577,31028,6751,24277,23451,826,826,490,3788,121,4,57410933
7578,57426084,57441241,7578,31097,6712,24385,23519,866,866,486,3788,121,49,57426133
7579,57441241,57456400,7579,31115,6752,24363,23536,827,827,474,3789,121,6,57441247
7580,57456400,57471561,7580,31044,6755,24289,23464,825,825,493,3789,121,31,57456431
7581,57471561,57486724,7581,31108,6745,24363,23527,836,836,482,3790,121,10,57471571
7582,57486724,57501889,7582,31092,6718,24374,23510,864,864,505,3790,121,39,57486763
7583,57501889,57517056,7583,31083,6721,24362,23500,862,862,492,3791,121,4,57501893
7584,57517056,57532225,7584,31107,6741,24366,23523,843,843,498,3791,121,11,57517067
7585,57532225,57547396,7585,31127,6727,24400,23542,858,858,477,3792,121,4,57532229
7586,57547396,57562569,7586,31117,6741,24376,23531,845,845,493,3792,121,27,57547423
7587,57562569,57577744,7587,31131,6728,24403,23544,859,859,476,3793,121,8,57562577
7588,57577744,57592921,7588,31071,6741,24330,23483,847,847,487,3793,121,39,57577783
7589,57592921,57608100,7589,31235,6767,24468,23646,822,822,517,3794,121,28,57592949
7590,57608100,57623281,7590,31085,6747,24338,23495,843,843,486,3794,121,13,57608113
7591,57623281,57638464,7591,31171,6740,24431,23580,851,851,480,3795,121,6,57623287
7592,57638464,57653649,7592,31120,6751,24369,23528,841,841,504,3795,121,37,57638501
7593,57653649,57668836,7593,31146,6730,24416,23553,863,863,474,3796,121,22,57653671
7594,57668836,57684025,7594,31147,6746,24401,23553,848,848,488,3796,121,31,57668867
7595,57684025,57699216,7595,31160,6766,24394,23565,829,829,493,3797,121,12,57684037
7596,57699216,57714409,7596,31188,6751,24437,23592,845,845,481,3797,121,1,57699217
7597,57714409,57729604,7597,31157,6753,24404,23560,844,844,490,3798,121,22,57714431
7598,57729604,57744801,7598,31167,6768,24399,23569,830,830,491,3798,121,9,57729613
7599,57744801,57760000,7599,31205,6741,24464,23606,858,858,493,3799,121,2,57744803
7600,57760000,57775201,7600,31160,6751,24409,23560,849,849,478,3799,121,7,57760007
7601,57775201,57790404,7601,31200,6741,24459,23599,860,860,492,3800,121,12,57775213
7602,57790404,57805609,7602,31170,6755,24415,23568,847,847,486,3800,121,19,57790423
7603,57805609,57820816,7603,31228,6763,24465,23625,840,840,495,3801,121,42,57805651
7604,57820816,57836025,7604,31167,6759,24408,23563,845,845,480,3801,121,1,57820817
7605,57836025,57851236,7605,31209,6773,24436,23604,832,832,489,3802,121,4,57836029
7606,57851236,57866449,7606,31154,6740,24414,23548,866,866,483,3802,121,15,57851251
7607,57866449,57881664,7607,31276,6743,24533,23669,864,864,472,3803,121,54,57866503
7608,57881664,57896881,7608,31181,6757,24424,23573,851,851,487,3803,121,5,57881669
7609,57896881,57912100,7609,31259,6774,24485,23650,835,835,507,3804,121,48,57896929
7610,57912100,57927321,7610,31205,6752,24453,23595,858,858,479,3804,121,3,57912103
7611,57927321,57942544,7611,31234,6754,24480,23623,857,857,493,3805,121,2,57927323
7612,57942544,57957769,7612,31260,6767,24493,23648,845,845,477,3805,121,15,57942559
7613,57957769,57972996,7613,31254,6761,24493,23641,852,852,491,3806,121,4,57957773
7614,57972996,57988225,7614,31231,6790,24441,23617,824,824,500,3806,121,35,57973031
7615,57988225,58003456,7615,31278,6781,24497,23663,834,834,500,3807,121,28,57988253
7616,58003456,58018689,7616,31189,6773,24416,23573,843,843,491,3807,121,13,58003469
7617,58018689,58033924,7617,31334,6742,24592,23717,875,875,486,3808,121,2,58018691
7618,58033924,58049161,7618,31197,6754,24443,23579,864,864,482,3808,121,33,58033957
7619,58049161,58064400,7619,31274,6752,24522,23655,867,867,474,3809,121,16,58049177
7620,58064400,58079641,7620,31358,6759,24599,23738,861,861,465,3809,121,17,58064417
7621,58079641,58094884,7621,31229,6774,24455,23608,847,847,493,3810,121,48,58079689
7622,58094884,58110129,7622,31291,6780,24511,23669,842,842,496,3810,121,7,58094891
7623,58110129,58125376,7623,31269,6782,24487,23646,841,841,489,3811,121,4,58110133
7624,58125376,58140625,7624,31286,6741,24545,23662,883,883,469,3811,121,1,58125377
7625,58140625,58155876,7625,31306,6761,24545,23681,864,864,488,3812,121,12,58140637
7626,58155876,58171129,7626,31280,6805,24475,23654,821,821,492,3812,122,23,58155899
7627,58171129,58186384,7627,31336,6778,24558,23709,849,849,475,3813,122,4,58171133
7628,58186384,58201641,7628,31275,6771,24504,23647,857,857,499,3813,122,15,58186399
7629,58201641,58216900,7629,31347,6770,24577,23718,859,859,491,3814,122,2,58201643
7630,58216900,58232161,7630,31336,6797,24539,23706,833,833,484,3814,122,13,58216913
7631,58232161,58247424,7631,31307,6769,24538,23676,862,862,488,3815,122,10,58232171
7632,58247424,58262689,7632,31350,6767,24583,23718,865,865,468,3815,122,35,58247459
7633,58262689,58277956,7633,31323,6757,24566,23690,876,876,482,3816,122,18,58262707
7634,58277956,58293225,7634,31347,6799,24548,23713,835,835,488,3816,122,7,58277963
7635,58293225,58308496,7635,31295,6812,24483,23660,823,823,504,3817,122,2,58293227
7636,58308496,58323769,7636,31362,6765,24597,23726,871,871,491,3817,122,57,58308553
7637,58323769,58339044,7637,31362,6790,24572,23725,847,847,518,3818,122,10,58323779
7638,58339044,58354321,7638,31405,6778,24627,23767,860,860,464,3818,122,5,58339049
7639,58354321,58369600,7639,31315,6752,24563,23676,887,887,476,3819,122,46,58354367
7640,58369600,58384881,7640,31385,6797,24588,23745,843,843,498,3819,122,13,58369613
7641,58384881,58400164,7641,31345,6772,24573,23704,869,869,484,3820,122,2,58384883
7642,58400164,58415449,7642,31406,6808,24598,23764,834,834,516,3820,122,19,58400183
7643,58415449,58430736,7643,31373,6791,24582,23730,852,852,498,3821,122,4,58415453
7644,58430736,58446025,7644,31359,6810,24549,23715,834,834,500,3821,122,41,58430777
7645,58446025,58461316,7645,31449,6786,24663,23804,859,859,474,3822,122,28,58446053
7646,58461316,58476609,7646,31361,6807,24554,23715,839,839,492,3822,122,33,58461349
7647,58476609,58491904,7647,31383,6790,24593,23736,857,857,488,3823,122,20,58476629
7648,58491904,58507201,7648,31395,6779,24616,23747,869,869,494,3823,122,25,58491929
7649,58507201,58522500,7649,31470,6757,24713,23821,892,892,480,3824,122,46,58507247
7650,58522500,58537801,7650,31352,6820,24532,23702,830,830,502,3824,122,7,58522507
7651,58537801,58553104,7651,31472,6786,24686,23821,865,865,480,3825,122,48,58537849
7652,58553104,58568409,7652,31414,6775,24639,23762,877,877,488,3825,122,9,58553113
7653,58568409,58583716,7653,31408,6813,24595,23755,840,840,495,3826,122,4,58568413
7654,58583716,58599025,7654,31438,6776,24662,23784,878,878,495,3826,122,3,58583719
7655,58599025,58614336,7655,31424,6808,24616,23769,847,847,488,3827,122,24,58599049
7656,58614336,58629649,7656,31465,6787,24678,23809,869,869,480,3827,122,1,58614337
7657,58629649,58644964,7657,31475,6766,24709,23818,891,891,491,3828,122,12,58629661
7658,58644964,58660281,7658,31402,6831,24571,23744,827,827,499,3828,122,3,58644967
7659,58660281,58675600,7659,31435,6834,24601,23776,825,825,494,3829,122,10,58660291
7660,58675600,58690921,7660,31509,6782,24727,23849,878,878,485,3829,122,21,58675621
7661,58690921,58706244,7661,31480,6839,24641,23819,822,822,512,3830,122,6,58690927
7662,58706244,58721569,7662,31432,6781,24651,23770,881,881,467,3830,122,7,58706251
7663,58721569,58736896,7663,31495,6813,24682,23832,850,850,494,3831,122,12,58721581
7664,58736896,58752225,7664,31431,6778,24653,23767,886,886,496,3831,122,45,58736941
7665,58752225,58767556,7665,31507,6820,24687,23842,845,845,489,3832,122,4,58752229
7666,58767556,58782889,7666,31425,6783,24642,23759,883,883,469,3832,122,7,58767563
7667,58782889,58798224,7667,31503,6809,24694,23836,858,858,495,3833,122,12,58782901
7668,58798224,58813561,7668,31542,6783,24759,23874,885,885,490,3833,122,17,58798241
7669,58813561,58828900,7669,31447,6776,24671,23778,893,893,460,3834,122,22,58813583
7670,58828900,58844241,7670,31523,6837,24686,23853,833,833,499,3834,122,19,58828919
7671,58844241,58859584,7671,31512,6825,24687,23841,846,846,499,3835,122,8,58844249
7672,58859584,58874929,7672,31536,6793,24743,23864,879,879,475,3835,122,13,58859597
7673,58874929,58890276,7673,31495,6829,24666,23822,844,844,504,3836,122,24,58874953
7674,58890276,58905625,7674,31513,6802,24711,23839,872,872,484,3836,122,1,58890277
7675,58905625,58920976,7675,31578,6818,24760,23903,857,857,495,3837,122,28,58905653
7676,58920976,58936329,7676,31528,6820,24708,23852,856,856,491,3837,122,15,58920991
7677,58936329,58951684,7677,31493,6842,24651,23816,835,835,496,3838,122,4,58936333
7678,58951684,58967041,7678,31559,6852,24707,23881,826,826,493,3838,122,39,58951723
7679,58967041,58982400,7679,31539,6812,24727,23860,867,867,496,3839,122,6,58967047
7680,58982400,58997761,7680,31617,6828,24789,23937,852,852,490,3839,122,23,58982423
7681,58997761,59013124,7681,31480,6838,24642,23799,843,843,493,3840,122,16,58997777
7682,59013124,59028489,7682,31616,6814,24802,23934,868,868,486,3840,122,9,59013133
7683,59028489,59043856,7683,31529,6783,24746,23846,900,900,481,3841,122,2,59028491
7684,59043856,59059225,7684,31568,6852,24716,23884,832,832,499,3841,122,7,59043863
7685,59059225,59074596,7685,31589,6854,24735,23904,831,831,505,3842,122,12,59059237
7686,59074596,59089969,7686,31556,6814,24742,23870,872,872,489,3842,122,23,59074619
7687,59089969,59105344,7687,31621,6808,24813,23934,879,879,482,3843,122,22,59089991
7688,59105344,59120721,7688,31572,6854,24718,23884,834,834,504,3843,122,9,59105353
7689,59120721,59136100,7689,31571,6846,24725,23882,843,843,486,3844,122,28,59120749
7690,59136100,59151481,7690,31589,6844,24745,23899,846,846,494,3844,122,7,59136107
7691,59151481,59166864,7691,31614,6816,24798,23923,875,875,481,3845,122,28,59151509
7692,59166864,59182249,7692,31628,6820,24808,23936,872,872,489,3845,122,19,59166883
7693,59182249,59197636,7693,31633,6851,24782,23940,842,842,492,3846,122,22,59182271
7694,59197636,59213025,7694,31557,6850,24707,23863,844,844,505,3846,122,3,59197639
7695,59213025,59228416,7695,31622,6837,24785,23927,858,858,477,3847,122,4,59213029
7696,59228416,59243809,7696,31626,6852,24774,23930,844,844,517,3847,122,15,59228431
7697,59243809,59259204,7697,31635,6855,24780,23938,842,842,493,3848,122,22,59243831
7698,59259204,59274601,7698,31623,6840,24783,23925,858,858,516,3848,122,13,59259217
7699,59274601,59290000,7699,31684,6813,24871,23985,886,886,488,3849,122,46,59274647
7700,59290000,59305401,7700,31635,6841,24794,23935,859,859,487,3849,122,9,59290009
7701,59305401,59320804,7701,31606,6848,24758,23905,853,853,487,3850,122,28,59305429
7702,59320804,59336209,7702,31639,6831,24808,23937,871,871,495,3850,122,9,59320813
7703,59336209,59351616,7703,31701,6848,24853,23998,855,855,507,3851,122,4,59336213
7704,59351616,59367025,7704,31631,6840,24791,23927,864,864,494,3851,122,7,59351623
7705,59367025,59382436,7705,31711,6876,24835,24006,829,829,502,3852,122,16,59367041
7706,59382436,59397849,7706,31605,6865,24740,23899,841,841,507,3852,122,3,59382439
7707,59397849,59413264,7707,31707,6854,24853,24000,853,853,493,3853,122,20,59397869
7708,59413264,59428681,7708,31644,6815,24829,23936,893,893,469,3853,122,7,59413271
7709,59428681,59444100,7709,31741,6849,24892,24032,860,860,499,3854,122,6,59428687
7710,59444100,59459521,7710,31655,6844,24811,23945,866,866,508,3854,122,29,59444129
7711,59459521,59474944,7711,31715,6876,24839,24004,835,835,501,3855,122,6,59459527
7712,59474944,59490369,7712,31695,6841,24854,23983,871,871,481,3855,122,9,59474953
7713,59490369,59505796,7713,31680,6850,24830,23967,863,863,501,3856,122,8,59490377
7714,59505796,59521225,7714,31745,6834,24911,24031,880,880,491,3856,122,3,59505799
7715,59521225,59536656,7715,31641,6831,24810,23926,884,884,489,3857,122,4,59521229
7716,59536656,59552089,7716,31792,6859,24933,24076,857,857,493,3857,122,1,59536657
7717,59552089,59567524,7717,31692,6874,24818,23975,843,843,499,3858,122,18,59552107
7718,59567524,59582961,7718,31722,6872,24850,24004,846,846,498,3858,122,37,59567561
7719,59582961,59598400,7719,31754,6849,24905,24035,870,870,479,3859,122,40,59583001
7720,59598400,59613841,7720,31751,6824,24927,24031,896,896,506,3859,122,1,59598401
7721,59613841,59629284,7721,31709,6845,24864,23988,876,876,489,3860,122,6,59613847
7722,59629284,59644729,7722,31780,6884,24896,24058,838,838,507,3860,122,7,59629291
7723,59644729,59660176,7723,31743,6868,24875,24020,855,855,484,3861,122,4,59644733
7724,59660176,59675625,7724,31744,6867,24877,24020,857,857,500,3861,122,27,59660203
7725,59675625,59691076,7725,31721,6853,24868,23996,872,872,496,3862,122,8,59675633
7726,59691076,59706529,7726,31792,6867,24925,24066,859,859,481,3862,122,37,59691113
7727,59706529,59721984,7727,31764,6862,24902,24037,865,865,481,3863,122,10,59706539
7728,59721984,59737441,7728,31796,6890,24906,24068,838,838,511,3863,122,25,59722009
7729,59737441,59752900,7729,31751,6860,24891,24022,869,869,490,3864,122,12,59737453
7730,59752900,59768361,7730,31804,6863,24941,24074,867,867,489,3864,122,7,59752907
7731,59768361,59783824,7731,31791,6842,24949,24060,889,889,487,3865,122,16,59768377
7732,59783824,59799289,7732,31771,6859,24912,24039,873,873,495,3865,122,13,59783837
7733,59799289,59814756,7733,31822,6869,24953,24089,864,864,502,3866,122,4,59799293
7734,59814756,59830225,7734,31771,6868,24903,24037,866,866,482,3866,122,1,59814757
7735,59830225,59845696,7735,31760,6848,24912,24025,887,887,476,3867,122,12,59830237
7736,59845696,59861169,7736,31856,6880,24976,24120,856,856,519,3867,122,7,59845703
7737,59861169,59876644,7737,31772,6889,24883,24035,848,848,504,3868,122,2,59861171
7738,59876644,59892121,7738,31843,6870,24973,24105,868,868,482,3868,122,7,59876651
7739,59892121,59907600,7739,31784,6880,24904,24045,859,859,502,3869,122,90,59892211
7740,59907600,59923081,7740,31879,6875,25004,24139,865,865,490,3869,122,13,59907613
7741,59923081,59938564,7741,31839,6888,24951,24098,853,853,479,3870,122,30,59923111
7742,59938564,59954049,7742,31827,6889,24938,24085,853,853,506,3870,122,15,59938579
7743,59954049,59969536,7743,31873,6875,24998,24130,868,868,488,3871,122,8,59954057
7744,59969536,59985025,7744,31792,6902,24890,24048,842,842,506,3871,122,1,59969537
7745,59985025,60000516,7745,31856,6848,25008,24111,897,897,488,3872,122,34,59985059
7746,60000516,60016009,7746,31873,6877,24996,24127,869,869,501,3872,122,25,60000541
7747,60016009,60031504,7747,31875,6896,24979,24128,851,851,491,3873,122,28,60016037
7748,60031504,60047001,7748,31797,6891,24906,24049,857,857,512,3873,122,7,60031511
7749,60047001,60062500,7749,31877,6889,24988,24128,860,860,481,3874,122,16,60047017
7750,60062500,60078001,7750,31900,6877,25023,24150,873,873,499,3874,123,33,60062533
7751,60078001,60093504,7751,31917,6890,25027,24166,861,861,497,3875,123,22,60078023
7752,60093504,60109009,7752,31785,6895,24890,24033,857,857,503,3875,123,25,60093529
7753,60109009,60124516,7753,31953,6899,25054,24200,854,854,516,3876,123,10,60109019
7754,60124516,60140025,7754,31874,6902,24972,24120,852,852,494,3876,123,1,60124517
7755,60140025,60155536,7755,31866,6874,24992,24111,881,881,497,3877,123,2,60140027
7756,60155536,60171049,7756,31893,6861,25032,24137,895,895,484,3877,123,13,60155549
7757,60171049,60186564,7757,31951,6917,25034,24194,840,840,515,3878,123,24,60171073
7758,60186564,60202081,7758,31911,6909,25002,24153,849,849,503,3878,123,23,60186587
7759,60202081,60217600,7759,31895,6876,25019,24136,883,883,486,3879,123,30,60202111
7760,60217600,60233121,7760,31910,6861,25049,24150,899,899,476,3879,123,3,60217603
7761,60233121,60248644,7761,31941,6875,25066,24180,886,886,488,3880,123,2,60233123
7762,60248644,60264169,7762,31923,6916,25007,24161,846,846,494,3880,123,3,60248647
7763,60264169,60279696,7763,31908,6924,24984,24145,839,839,515,3881,123,4,60264173
7764,60279696,60295225,7764,31955,6899,25056,24191,865,865,490,3881,123,5,60279701
7765,60295225,60310756,7765,31970,6879,25091,24205,886,886,507,3882,123,16,60295241
7766,60310756,60326289,7766,31902,6886,25016,24136,880,880,480,3882,123,15,60310771
7767,60326289,60341824,7767,31974,6893,25081,24207,874,874,483,3883,123,14,60326303
7768,60341824,60357361,7768,31942,6919,25023,24174,849,849,512,3883,123,25,60341849
7769,60357361,60372900,7769,31993,6864,25129,24224,905,905,479,3884,123,12,60357373
7770,60372900,60388441,7770,31977,6924,25053,24207,846,846,502,3884,123,1,60372901
7771,60388441,60403984,7771,31941,6875,25066,24170,896,896,483,3885,123,16,60388457
7772,60403984,60419529,7772,32012,6911,25101,24240,861,861,508,3885,123,7,60403991
7773,60419529,60435076,7773,31947,6877,25070,24174,896,896,496,3886,123,2,60419531
7774,60435076,60450625,7774,32015,6964,25051,24241,810,810,506,3886,123,1,60435077
7775,60450625,60466176,7775,31985,6890,25095,24210,885,885,504,3887,123,6,60450631
7776,60466176,60481729,7776,31981,6903,25078,24205,873,873,500,3887,123,5,60466181
7777,60481729,60497284,7777,31987,6902,25085,24210,875,875,491,3888,123,10,60481739
7778,60497284,60512841,7778,32017,6929,25088,24239,849,849,508,3888,123,25,60497309
7779,60512841,60528400,7779,32005,6925,25080,24226,854,854,493,3889,123,8,60512849
7780,60528400,60543961,7780,32029,6904,25125,24249,876,876,498,3889,123,1,60528401
7781,60543961,60559524,7781,31982,6923,25059,24201,858,858,506,3890,123,22,60543983
7782,60559524,60575089,7782,32050,6923,25127,24268,859,859,499,3890,123,13,60559537
7783,60575089,60590656,7783,32027,6894,25133,24244,889,889,471,3891,123,4,60575093
7784,60590656,60606225,7784,32025,6943,25082,24241,841,841,521,3891,123,3,60590659
7785,60606225,60621796,7785,32025,6877,25148,24240,908,908,481,3892,123,4,60606229
7786,60621796,60637369,7786,32033,6892,25141,24247,894,894,491,3892,123,13,60621809
7787,60637369,60652944,7787,32050,6909,25141,24263,878,878,490,3893,123,4,60637373
7788,60652944,60668521,7788,32055,6925,25130,24267,863,863,503,3893,123,23,60652967
7789,60668521,60684100,7789,32077,6914,25163,24288,875,875,497,3894,123,6,60668527
7790,60684100,60699681,7790,32033,6939,25094,24243,851,851,477,3894,123,3,60684103
7791,60699681,60715264,7791,32080,6915,25165,24289,876,876,507,3895,123,8,60699689
7792,60715264,60730849,7792,32071,6937,25134,24279,855,855,486,3895,123,9,60715273
7793,60730849,60746436,7793,32054,6892,25162,24261,901,901,481,3896,123,4,60730853
7794,60746436,60762025,7794,32096,6909,25187,24302,885,885,482,3896,123,7,60746443
7795,60762025,60777616,7795,32054,6927,25127,24259,868,868,497,3897,123,24,60762049
7796,60777616,60793209,7796,32081,6938,25143,24285,858,858,491,3897,123,1,60777617
7797,60793209,60808804,7797,32076,6913,25163,24279,884,884,485,3898,123,10,60793219
7798,60808804,60824401,7798,32147,6905,25242,24349,893,893,489,3898,123,3,60808807
7799,60824401,60840000,7799,32101,6917,25184,24302,882,882,509,3899,123,30,60824431
7800,60840000,60855601,7800,32087,6901,25186,24287,899,899,488,3899,123,7,60840007
7801,60855601,60871204,7801,32143,6954,25189,24342,847,847,516,3900,123,16,60855617
7802,60871204,60886809,7802,32057,6937,25120,24255,865,865,505,3900,123,15,60871219
7803,60886809,60902416,7803,32167,6927,25240,24364,876,876,513,3901,123,8,60886817
7804,60902416,60918025,7804,32092,6942,25150,24288,862,862,498,3901,123,1,60902417
7805,60918025,60933636,7805,32116,6923,25193,24311,882,882,495,3902,123,18,60918043
7806,60933636,60949249,7806,32141,6969,25172,24335,837,837,505,3902,123,1,60933637
7807,60949249,60964864,7807,32137,6906,25231,24330,901,901,485,3903,123,4,60949253
7808,60964864,60980481,7808,32139,6943,25196,24331,865,865,494,3903,123,3,60964867
7809,60980481,60996100,7809,32124,6931,25193,24315,878,878,495,3904,123,2,60980483
7810,60996100,61011721,7810,32150,6926,25224,24340,884,884,497,3904,123,1,60996101
7811,61011721,61027344,7811,32183,6931,25252,24372,880,880,500,3905,123,12,61011733
7812,61027344,61042969,7812,32150,6954,25196,24338,858,858,510,3905,123,13,61027357
7813,61042969,61058596,7813,32177,6943,25234,24364,870,870,495,3906,123,10,61042979
7814,61058596,61074225,7814,32151,6949,25202,24337,865,865,501,3906,123,57,61058653
7815,61074225,61089856,7815,32171,6945,25226,24356,870,870,473,3907,123,4,61074229
7816,61089856,61105489,7816,32226,6982,25244,24410,834,834,524,3907,123,3,61089859
7817,61105489,61121124,7817,32123,6919,25204,24306,898,898,496,3908,123,4,61105493
7818,61121124,61136761,7818,32183,6959,25224,24365,859,859,514,3908,123,5,61121129
7819,61136761,61152400,7819,32196,6948,25248,24377,871,871,483,3909,123,30,61136791
7820,61152400,61168041,7820,32225,6991,25234,24405,829,829,504,3909,123,1,61152401
7821,61168041,61183684,7821,32199,6967,25232,24378,854,854,492,3910,123,56,61168097
7822,61183684,61199329,7822,32190,6951,25239,24368,871,871,507,3910,123,3,61183687
7823,61199329,61214976,7823,32232,6934,25298,24409,889,889,496,3911,123,48,61199377
7824,61214976,61230625,7824,32203,6954,25249,24379,870,870,514,3911,123,47,61215023
7825,61230625,61246276,7825,32245,6955,25290,24420,870,870,492,3912,123,24,61230649
7826,61246276,61261929,7826,32184,6933,25251,24358,893,893,498,3912,123,45,61246321
7827,61261929,61277584,7827,32246,6942,25304,24419,885,885,493,3913,123,14,61261943
7828,61277584,61293241,7828,32231,6984,25247,24403,844,844,503,3913,123,33,61277617
7829,61293241,61308900,7829,32272,6991,25281,24443,838,838,513,3914,123,36,61293277
7830,61308900,61324561,7830,32196,6972,25224,24366,858,858,508,3914,123,11,61308911
7831,61324561,61340224,7831,32253,6966,25287,24422,865,865,506,3915,123,6,61324567
7832,61340224,61355889,7832,32304,6966,25338,24472,866,866,503,3915,123,49,61340273
7833,61355889,61371556,7833,32230,6960,25270,24397,873,873,496,3916,123,2,61355891
7834,61371556,61387225,7834,32232,6950,25282,24398,884,884,487,3916,123,15,61371571
7835,61387225,61402896,7835,32309,6963,25346,24474,872,872,486,3917,123,16,61387241
7836,61402896,61418569,7836,32264,6989,25275,24428,847,847,520,3917,123,1,61402897
7837,61418569,61434244,7837,32276,6955,25321,24439,882,882,472,3918,123,42,61418611
7838,61434244,61449921,7838,32240,6940,25300,24402,898,898,482,3918,123,79,61434323
7839,61449921,61465600,7839,32284,6958,25326,24445,881,881,509,3919,123,10,61449931
7840,61465600,61481281,7840,32372,6949,25423,24532,891,891,485,3919,123,3,61465603
7841,61481281,61496964,7841,32239,6970,25269,24398,871,871,505,3920,123,16,61481297
7842,61496964,61512649,7842,32298,7001,25297,24456,841,841,500,3920,123,19,61496983
7843,61512649,61528336,7843,32311,6942,25369,24468,901,901,484,3921,123,4,61512653
7844,61528336,61544025,7844,32309,6991,25318,24465,853,853,510,3921,123,3,61528339
7845,61544025,61559716,7845,32289,6970,25319,24444,875,875,499,3922,123,2,61544027
7846,61559716,61575409,7846,32307,6980,25327,24461,866,866,511,3922,123,15,61559731
7847,61575409,61591104,7847,32341,6996,25345,24494,851,851,507,3923,123,12,61575421
7848,61591104,61606801,7848,32280,6980,25300,24432,868,868,506,3923,123,5,61591109
7849,61606801,61622500,7849,32367,6963,25404,24518,886,886,504,3924,123,18,61606819
7850,61622500,61638201,7850,32333,6985,25348,24483,865,865,507,3924,123,3,61622503
7851,61638201,61653904,7851,32358,6984,25374,24507,867,867,493,3925,123,32,61638233
7852,61653904,61669609,7852,32349,6959,25390,24497,893,893,491,3925,123,19,61653923
7853,61669609,61685316,7853,32325,6980,25345,24472,873,873,509,3926,123,58,61669667
7854,61685316,61701025,7854,32399,6980,25419,24545,874,874,484,3926,123,1,61685317
7855,61701025,61716736,7855,32327,7002,25325,24472,853,853,500,3927,123,18,61701043
7856,61716736,61732449,7856,32369,6948,25421,24513,908,908,480,3927,123,1,61716737
7857,61732449,61748164,7857,32351,6992,25359,24494,865,865,515,3928,123,4,61732453
7858,61748164,61763881,7858,32417,6976,25441,24559,882,882,482,3928,123,15,61748179
7859,61763881,61779600,7859,32323,7006,25317,24464,853,853,499,3929,123,6,61763887
7860,61779600,61795321,7860,32401,7003,25398,24541,857,857,519,3929,123,7,61779607
7861,61795321,61811044,7861,32431,6982,25449,24570,879,879,505,3930,123,16,61795337
7862,61811044,61826769,7862,32348,6965,25383,24486,897,897,497,3930,123,15,61811059
7863,61826769,61842496,7863,32414,6997,25417,24551,866,866,503,3931,123,44,61826813
7864,61842496,61858225,7864,32360,6969,25391,24496,895,895,501,3931,123,1,61842497
7865,61858225,61873956,7865,32435,6982,25453,24570,883,883,507,3932,123,6,61858231
7866,61873956,61889689,7866,32436,6980,25456,24570,886,886,499,3932,123,35,61873991
7867,61889689,61905424,7867,32363,7015,25348,24496,852,852,506,3933,123,12,61889701
7868,61905424,61921161,7868,32388,6989,25399,24520,879,879,493,3933,123,9,61905433
7869,61921161,61936900,7869,32482,6976,25506,24613,893,893,493,3934,123,8,61921169
7870,61936900,61952641,7870,32432,6986,25446,24562,884,884,489,3934,123,39,61936939
7871,61952641,61968384,7871,32441,6993,25448,24570,878,878,507,3935,123,6,61952647
7872,61968384,61984129,7872,32414,7018,25396,24542,854,854,519,3935,123,13,61968397
7873,61984129,61999876,7873,32474,6978,25496,24601,895,895,507,3936,123,18,61984147
7874,61999876,62015625,7874,32408,6996,25412,24534,878,878,509,3936,123,21,61999897
7875,62015625,62031376,7875,32402,6967,25435,24527,908,908,491,3937,124,2,62015627
7876,62031376,62047129,7876,32472,7042,25430,24596,834,834,525,3937,124,3,62031379
7877,62047129,62062884,7877,32431,6995,25436,24554,882,882,504,3938,124,4,62047133
7878,62062884,62078641,7878,32538,6989,25549,24660,889,889,504,3938,124,43,62062927
7879,62078641,62094400,7879,32423,6980,25443,24544,899,899,498,3939,124,18,62078659
7880,62094400,62110161,7880,32510,6976,25534,24630,904,904,482,3939,124,19,62094419
7881,62110161,62125924,7881,32482,7008,25474,24601,873,873,503,3940,124,46,62110207
7882,62125924,62141689,7882,32465,6958,25507,24583,924,924,484,3940,124,25,62125949
7883,62141689,62157456,7883,32490,7036,25454,24607,847,847,504,3941,124,24,62141713
7884,62157456,62173225,7884,32482,7021,25461,24598,863,863,515,3941,124,5,62157461
7885,62173225,62188996,7885,32524,7018,25506,24639,867,867,508,3942,124,4,62173229
7886,62188996,62204769,7886,32484,7005,25479,24598,881,881,504,3942,124,7,62189003
7887,62204769,62220544,7887,32477,7019,25458,24590,868,868,508,3943,124,4,62204773
7888,62220544,62236321,7888,32544,7011,25533,24656,877,877,517,3943,124,7,62220551
7889,62236321,62252100,7889,32472,7013,25459,24583,876,876,492,3944,124,12,62236333
7890,62252100,62267881,7890,32552,7024,25528,24662,866,866,498,3944,124,7,62252107
7891,62267881,62283664,7891,32510,7010,25500,24619,881,881,500,3945,124,16,62267897
7892,62283664,62299449,7892,32553,7019,25534,24661,873,873,509,3945,124,3,62283667
7893,62299449,62315236,7893,32508,6979,25529,24615,914,914,501,3946,124,44,62299493
7894,62315236,62331025,7894,32514,7000,25514,24620,894,894,492,3946,124,7,62315243
7895,62331025,62346816,7895,32594,6977,25617,24699,918,918,500,3947,124,18,62331043
7896,62346816,62362609,7896,32565,7017,25548,24669,879,879,499,3947,124,5,62346821
7897,62362609,62378404,7897,32501,7054,25447,24604,843,843,512,3948,124,12,62362621
7898,62378404,62394201,7898,32606,7044,25562,24708,854,854,521,3948,124,27,62378431
7899,62394201,62410000,7899,32527,7004,25523,24628,895,895,487,3949,124,16,62394217
7900,62410000,62425801,7900,32581,7019,25562,24681,881,881,492,3949,124,81,62410081
7901,62425801,62441604,7901,32556,7006,25550,24655,895,895,496,3950,124,12,62425813
7902,62441604,62457409,7902,32628,7035,25593,24726,867,867,499,3950,124,37,62441641
7903,62457409,62473216,7903,32574,7021,25553,24671,882,882,513,3951,124,10,62457419
7904,62473216,62489025,7904,32546,7026,25520,24642,878,878,506,3951,124,43,62473259
7905,62489025,62504836,7905,32604,7021,25583,24699,884,884,502,3952,124,22,62489047
7906,62504836,62520649,7906,32551,7026,25525,24645,880,880,512,3952,124,1,62504837
7907,62520649,62536464,7907,32652,7031,25621,24745,876,876,502,3953,124,28,62520677
7908,62536464,62552281,7908,32543,7041,25502,24635,867,867,515,3953,124,13,62536477
7909,62552281,62568100,7909,32652,7074,25578,24743,835,835,507,3954,124,10,62552291
7910,62568100,62583921,7910,32601,7029,25572,24691,881,881,507,3954,124,1,62568101
7911,62583921,62599744,7911,32635,7025,25610,24724,886,886,514,3955,124,38,62583959
7912,62599744,62615569,7912,32612,7025,25587,24700,887,887,480,3955,124,7,62599751
7913,62615569,62631396,7913,32625,7057,25568,24712,856,856,518,3956,124,24,62615593
7914,62631396,62647225,7914,32647,7034,25613,24733,880,880,501,3956,124,11,62631407
7915,62647225,62663056,7915,32619,7038,25581,24704,877,877,497,3957,124,4,62647229
7916,62663056,62678889,7916,32610,7026,25584,24694,890,890,505,3957,124,21,62663077
7917,62678889,62694724,7917,32666,7050,25616,24749,867,867,494,3958,124,8,62678897
7918,62694724,62710561,7918,32631,7011,25620,24713,907,907,502,3958,124,3,62694727
7919,62710561,62726400,7919,32670,7032,25638,24751,887,887,515,3959,124,12,62710573
7920,62726400,62742241,7920,32640,7035,25605,24720,885,885,495,3959,124,7,62726407
7921,62742241,62758084,7921,32702,7042,25660,24781,879,879,506,3960,124,6,62742247
7922,62758084,62773929,7922,32623,7010,25613,24701,912,912,476,3960,124,19,62758103
7923,62773929,62789776,7923,32705,7024,25681,24782,899,899,503,3961,124,4,62773933
7924,62789776,62805625,7924,32620,7052,25568,24696,872,872,521,3961,124,27,62789803
7925,62805625,62821476,7925,32732,7029,25703,24807,896,896,490,3962,124,18,62805643
7926,62821476,62837329,7926,32661,7043,25618,24735,883,883,518,3962,124,5,62821481
7927,62837329,62853184,7927,32719,7066,25653,24792,861,861,519,3963,124,34,62837363
7928,62853184,62869041,7928,32687,7038,25649,24759,890,890,492,3963,124,27,62853211
7929,62869041,62884900,7929,32719,7055,25664,24790,874,874,516,3964,124,16,62869057
7930,62884900,62900761,7930,32673,7049,25624,24743,881,881,495,3964,124,3,62884903
7931,62900761,62916624,7931,32726,7016,25710,24795,915,915,496,3965,124,40,62900801
7932,62916624,62932489,7932,32721,7053,25668,24789,879,879,495,3965,124,5,62916629
7933,62932489,62948356,7933,32733,7047,25686,24800,886,886,498,3966,124,48,62932537
7934,62948356,62964225,7934,32716,7057,25659,24782,877,877,525,3966,124,7,62948363
7935,62964225,62980096,7935,32669,7059,25610,24734,876,876,510,3967,124,2,62964227
7936,62980096,62995969,7936,32788,7057,25731,24852,879,879,501,3967,124,51,62980147
7937,62995969,63011844,7937,32692,7047,25645,24755,890,890,500,3968,124,4,62995973
7938,63011844,63027721,7938,32796,7058,25738,24858,880,880,514,3968,124,29,63011873
7939,63027721,63043600,7939,32722,7083,25639,24783,856,856,517,3969,124,12,63027733
7940,63043600,63059481,7940,32777,7070,25707,24837,870,870,503,3969,124,39,63043639
7941,63059481,63075364,7941,32732,7007,25725,24791,934,934,473,3970,124,8,63059489
7942,63075364,63091249,7942,32750,7058,25692,24808,884,884,492,3970,124,7,63075371
7943,63091249,63107136,7943,32825,7076,25749,24882,867,867,531,3971,124,12,63091261
7944,63107136,63123025,7944,32705,7067,25638,24761,877,877,499,3971,124,1,63107137
7945,63123025,63138916,7945,32771,7070,25701,24826,875,875,509,3972,124,64,63123089
7946,63138916,63154809,7946,32799,7076,25723,24853,870,870,522,3972,124,1,63138917
7947,63154809,63170704,7947,32809,7062,25747,24862,885,885,510,3973,124,14,63154823
7948,63170704,63186601,7948,32760,7041,25719,24812,907,907,499,3973,124,3,63170707
7949,63186601,63202500,7949,32789,7059,25730,24840,890,890,503,3974,124,76,63186677
7950,63202500,63218401,7950,32804,7043,25761,24854,907,907,505,3974,124,19,63202519
7951,63218401,63234304,7951,32818,7079,25739,24867,872,872,505,3975,124,10,63218411
7952,63234304,63250209,7952,32855,7057,25798,24903,895,895,474,3975,124,3,63234307
7953,63250209,63266116,7953,32777,7069,25708,24824,884,884,507,3976,124,28,63250237
7954,63266116,63282025,7954,32777,7075,25702,24823,879,879,526,3976,124,25,63266141
7955,63282025,63297936,7955,32819,7061,25758,24864,894,894,517,3977,124,4,63282029
7956,63297936,63313849,7956,32855,7075,25780,24899,881,881,511,3977,124,1,63297937
7957,63313849,63329764,7957,32793,7096,25697,24836,861,861,508,3978,124,18,63313867
7958,63329764,63345681,7958,32870,7095,25775,24912,863,863,510,3978,124,7,63329771
7959,63345681,63361600,7959,32831,7053,25778,24872,906,906,505,3979,124,20,63345701
7960,63361600,63377521,7960,32844,7063,25781,24884,897,897,479,3979,124,3,63361603
7961,63377521,63393444,7961,32812,7055,25757,24851,906,906,500,3980,124,6,63377527
7962,63393444,63409369,7962,32900,7085,25815,24938,877,877,516,3980,124,17,63393461
7963,63409369,63425296,7963,32883,7075,25808,24920,888,888,520,3981,124,4,63409373
7964,63425296,63441225,7964,32811,7050,25761,24847,914,914,485,3981,124,13,63425309
7965,63441225,63457156,7965,32873,7079,25794,24908,886,886,496,3982,124,8,63441233
7966,63457156,63473089,7966,32888,7061,25827,24922,905,905,489,3982,124,15,63457171
7967,63473089,63489024,7967,32850,7085,25765,24883,882,882,514,3983,124,12,63473101
7968,63489024,63504961,7968,32876,7089,25787,24908,879,879,507,3983,124,5,63489029
7969,63504961,63520900,7969,32899,7129,25770,24930,840,840,526,3984,124,6,63504967
7970,63520900,63536841,7970,32897,7033,25864,24927,937,937,479,3984,124,3,63520903
7971,63536841,63552784,7971,32912,7073,25839,24941,898,898,511,3985,124,16,63536857
7972,63552784,63568729,7972,32908,7097,25811,24936,875,875,515,3985,124,15,63552799
7973,63568729,63584676,7973,32864,7074,25790,24891,899,899,510,3986,124,4,63568733
7974,63584676,63600625,7974,32907,7099,25808,24933,875,875,497,3986,124,11,63584687
7975,63600625,63616576,7975,32876,7083,25793,24901,892,892,511,3987,124,4,63600629
7976,63616576,63632529,7976,32958,7103,25855,24982,873,873,497,3987,124,7,63616583
7977,63632529,63648484,7977,32936,7082,25854,24959,895,895,503,3988,124,28,63632557
7978,63648484,63664441,7978,32902,7095,25807,24924,883,883,517,3988,124,19,63648503
7979,63664441,63680400,7979,32936,7083,25853,24957,896,896,486,3989,124,10,63664451
7980,63680400,63696361,7980,32943,7114,25829,24963,866,866,518,3989,124,23,63680423
7981,63696361,63712324,7981,32931,7107,25824,24950,874,874,525,3990,124,10,63696371
7982,63712324,63728289,7982,32956,7089,25867,24974,893,893,508,3990,124,25,63712349
7983,63728289,63744256,7983,32938,7071,25867,24955,912,912,502,3991,124,4,63728293
7984,63744256,63760225,7984,33051,7094,25957,25067,890,890,503,3991,124,27,63744283
7985,63760225,63776196,7985,32886,7077,25809,24901,908,908,494,3992,124,18,63760243
7986,63776196,63792169,7986,32929,7079,25850,24943,907,907,515,3992,124,5,63776201
7987,63792169,63808144,7987,33001,7071,25930,25014,916,916,489,3993,124,22,63792191
7988,63808144,63824121,7988,32971,7113,25858,24983,875,875,514,3993,124,9,63808153
7989,63824121,63840100,7989,32980,7073,25907,24991,916,916,519,3994,124,8,63824129
7990,63840100,63856081,7990,33026,7125,25901,25036,865,865,514,3994,124,3,63840103
7991,63856081,63872064,7991,32923,7095,25828,24932,896,896,494,3995,124,6,63856087
7992,63872064,63888049,7992,33025,7063,25962,25033,929,929,495,3995,124,23,63872087
7993,63888049,63904036,7993,33022,7121,25901,25029,872,872,513,3996,124,30,63888079
7994,63904036,63920025,7994,32981,7094,25887,24987,900,900,503,3996,124,3,63904039
7995,63920025,63936016,7995,32962,7085,25877,24967,910,910,501,3997,124,4,63920029
7996,63936016,63952009,7996,33051,7136,25915,25055,860,860,509,3997,124,13,63936029
7997,63952009,63968004,7997,32992,7087,25905,24995,910,910,496,3998,124,4,63952013
7998,63968004,63984001,7998,33017,7123,25894,25019,875,875,525,3998,124,23,63968027
7999,63984001,64000000,7999,32991,7102,25889,24992,897,897,502,3999,124,6,63984007
8000,64000000,64016001,8000,33028,7126,25902,25028,874,874,511,3999,124,31,64000031
8001,64016001,64032004,8001,33103,7122,25981,25102,879,879,507,4000,125,10,64016011
8002,64032004,64048009,8002,32984,7107,25877,24982,895,895,508,4000,125,49,64032053
8003,64048009,64064016,8003,33055,7122,25933,25052,881,881,510,4001,125,4,64048013
8004,64064016,64080025,8004,33036,7093,25943,25032,911,911,506,4001,125,35,64064051
8005,64080025,64096036,8005,33077,7117,25960,25072,888,888,514,4002,125,36,64080061
8006,64096036,64112049,8006,33000,7098,25902,24994,908,908,497,4002,125,75,64096111
8007,64112049,64128064,8007,33132,7123,26009,25125,884,884,527,4003,125,22,64112071
8008,64128064,64144081,8008,33009,7097,25912,25001,911,911,516,4003,125,9,64128073
8009,64144081,64160100,8009,33095,7119,25976,25086,890,890,514,4004,125,18,64144099
8010,64160100,64176121,8010,33071,7162,25909,25061,848,848,505,4004,125,13,64160113
8011,64176121,64192144,8011,33092,7121,25971,25081,890,890,513,4005,125,6,64176127
8012,64192144,64208169,8012,33079,7092,25987,25067,920,920,508,4005,125,3,64192147
8013,64208169,64224196,8013,33138,7122,26016,25125,891,891,506,4006,125,2,64208171
8014,64224196,64240225,8014,33056,7150,25906,25042,864,864,530,4006,125,1,64224197
8015,64240225,64256256,8015,33111,7130,25981,25096,885,885,503,4007,125,22,64240247
8016,64256256,64272289,8016,33088,7112,25976,25072,904,904,494,4007,125,25,64256281
8017,64272289,64288324,8017,33092,7081,26011,25075,936,936,492,4008,125,22,64272311
8018,64288324,64304361,8018,33147,7118,26029,25129,900,900,512,4008,125,37,64288361
8019,64304361,64320400,8019,33124,7157,25967,25105,862,862,517,4009,125,20,64304381
8020,64320400,64336441,8020,33107,7122,25985,25087,898,898,509,4009,125,7,64320407
8021,64336441,64352484,8021,33138,7126,26012,25117,895,895,507,4010,125,12,64336453
8022,64352484,64368529,8022,33103,7146,25957,25081,876,876,509,4010,125,5,64352489
8023,64368529,64384576,8023,33145,7119,26026,25122,904,904,510,4011,125,10,64368539
8024,64384576,64400625,8024,33104,7124,25980,25080,900,900,511,4011,125,7,64384583
8025,64400625,64416676,8025,33182,7106,26076,25157,919,919,505,4012,125,34,64400659
8026,64416676,64432729,8026,33157,7150,26007,25131,876,876,505,4012,125,15,64416691
8027,64432729,64448784,8027,33164,7150,26014,25137,877,877,532,4013,125,4,64432733
8028,64448784,64464841,8028,33096,7124,25972,25068,904,904,504,4013,125,17,64448801
8029,64464841,64480900,8029,33185,7161,26024,25156,868,868,514,4014,125,6,64464847
8030,64480900,64496961,8030,33190,7126,26064,25160,904,904,506,4014,125,1,64480901
8031,64496961,64513024,8031,33149,7132,26017,25118,899,899,511,4015,125,26,64496987
8032,64513024,64529089,8032,33227,7137,26090,25195,895,895,481,4015,125,45,64513069
8033,64529089,64545156,8033,33161,7160,26001,25128,873,873,505,4016,125,30,64529119
8034,64545156,64561225,8034,33209,7133,26076,25175,901,901,516,4016,125,1,64545157
8035,64561225,64577296,8035,33152,7181,25971,25117,854,854,524,4017,125,78,64561303
8036,64577296,64593369,8036,33187,7151,26036,25151,885,885,517,4017,125,15,64577311
8037,64593369,64609444,8037,33194,7154,26040,25157,883,883,508,4018,125,2,64593371
8038,64609444,64625521,8038,33234,7187,26047,25196,851,851,518,4018,125,19,64609463
8039,64625521,64641600,8039,33173,7138,26035,25134,901,901,505,4019,125,16,64625537
8040,64641600,64657681,8040,33225,7142,26083,25185,898,898,523,4019,125,7,64641607
8041,64657681,64673764,8041,33226,7133,26093,25185,908,908,506,4020,125,30,64657711
8042,64673764,64689849,8042,33218,7145,26073,25176,897,897,516,4020,125,7,64673771
8043,64689849,64705936,8043,33259,7147,26112,25216,896,896,517,4021,125,34,64689883
8044,64705936,64722025,8044,33223,7153,26070,25179,891,891,520,4021,125,7,64705943
8045,64722025,64738116,8045,33246,7187,26059,25201,858,858,513,4022,125,4,64722029
8046,64738116,64754209,8046,33186,7149,26037,25140,897,897,528,4022,125,35,64738151
8047,64754209,64770304,8047,33270,7184,26086,25223,863,863,527,4023,125,10,64754219
8048,64770304,64786401,8048,33231,7157,26074,25183,891,891,529,4023,125,13,64770317
8049,64786401,64802500,8049,33288,7150,26138,25239,899,899,512,4024,125,10,64786411
8050,64802500,64818601,8050,33266,7156,26110,25216,894,894,507,4024,125,37,64802537
8051,64818601,64834704,8051,33261,7147,26114,25210,904,904,504,4025,125,42,64818643
8052,64834704,64850809,8052,33282,7166,26116,25230,886,886,519,4025,125,7,64834711
8053,64850809,64866916,8053,33266,7178,26088,25213,875,875,525,4026,125,18,64850827
8054,64866916,64883025,8054,33253,7162,26091,25199,892,892,494,4026,125,21,64866937
8055,64883025,64899136,8055,33324,7122,26202,25269,933,933,508,4027,125,4,64883029
8056,64899136,64915249,8056,33269,7161,26108,25213,895,895,511,4027,125,7,64899143
8057,64915249,64931364,8057,33273,7179,26094,25216,878,878,504,4028,125,24,64915273
8058,64931364,64947481,8058,33312,7147,26165,25254,911,911,518,4028,125,7,64931371
8059,64947481,64963600,8059,33325,7185,26140,25266,874,874,512,4029,125,18,64947499
8060,64963600,64979721,8060,33289,7143,26146,25229,917,917,508,4029,125,9,64963609
8061,64979721,64995844,8061,33318,7175,26143,25257,886,886,502,4030,125,2,64979723
8062,64995844,65011969,8062,33284,7160,26124,25222,902,902,495,4030,125,7,64995851
8063,65011969,65028096,8063,33384,7139,26245,25321,924,924,515,4031,125,12,65011981
8064,65028096,65044225,8064,33289,7131,26158,25225,933,933,486,4031,125,1,65028097
8065,65044225,65060356,8065,33328,7206,26122,25263,859,859,525,4032,125,12,65044237
8066,65060356,65076489,8066,33336,7156,26180,25270,910,910,513,4032,125,7,65060363
8067,65076489,65092624,8067,33360,7174,26186,25293,893,893,510,4033,125,2,65076491
8068,65092624,65108761,8068,33326,7191,26135,25258,877,877,521,4033,125,37,65092661
8069,65108761,65124900,8069,33360,7196,26164,25291,873,873,515,4034,125,6,65108767
8070,65124900,65141041,8070,33355,7175,26180,25285,895,895,528,4034,125,7,65124907
8071,65141041,65157184,8071,33355,7181,26174,25284,890,890,519,4035,125,16,65141057
8072,65157184,65173329,8072,33347,7177,26170,25275,895,895,510,4035,125,15,65157199
8073,65173329,65189476,8073,33413,7199,26214,25340,874,874,510,4036,125,4,65173333
8074,65189476,65205625,8074,33360,7167,26193,25286,907,907,499,4036,125,7,65189483
8075,65205625,65221776,8075,33381,7214,26167,25306,861,861,526,4037,125,16,65205641
8076,65221776,65237929,8076,33379,7136,26243,25303,940,940,500,4037,125,13,65221789
8077,65237929,65254084,8077,33300,7215,26085,25223,862,862,499,4038,125,28,65237957
8078,65254084,65270241,8078,33468,7170,26298,25390,908,908,508,4038,125,3,65254087
8079,65270241,65286400,8079,33393,7161,26232,25314,918,918,518,4039,125,58,65270299
8080,65286400,65302561,8080,33351,7170,26181,25271,910,910,495,4039,125,1,65286401
8081,65302561,65318724,8081,33444,7181,26263,25363,900,900,492,4040,125,10,65302571
8082,65318724,65334889,8082,33442,7187,26255,25360,895,895,518,4040,125,25,65318749
8083,65334889,65351056,8083,33434,7163,26271,25351,920,920,516,4041,125,22,65334911
8084,65351056,65367225,8084,33294,7217,26077,25210,867,867,524,4041,125,25,65351081
8085,65367225,65383396,8085,33413,7208,26205,25328,877,877,526,4042,125,58,65367283
8086,65383396,65399569,8086,33452,7217,26235,25366,869,869,514,4042,125,25,65383421
8087,65399569,65415744,8087,33466,7145,26321,25379,942,942,496,4043,125,4,65399573
8088,65415744,65431921,8088,33387,7161,26226,25299,927,927,487,4043,125,17,65415761
8089,65431921,65448100,8089,33445,7187,26258,25356,902,902,502,4044,125,10,65431931
8090,65448100,65464281,8090,33475,7165,26310,25385,925,925,493,4044,125,9,65448109
8091,65464281,65480464,8091,33429,7147,26282,25338,944,944,510,4045,125,26,65464307
8092,65480464,65496649,8092,33443,7199,26244,25351,893,893,516,4045,125,9,65480473
8093,65496649,65512836,8093,33473,7208,26265,25380,885,885,510,4046,125,4,65496653
8094,65512836,65529025,8094,33477,7198,26279,25383,896,896,528,4046,125,11,65512847
8095,65529025,65545216,8095,33433,7212,26221,25338,883,883,521,4047,125,24,65529049
8096,65545216,65561409,8096,33499,7205,26294,25403,891,891,516,4047,125,3,65545219
8097,65561409,65577604,8097,33479,7190,26289,25382,907,907,499,4048,125,4,65561413
8098,65577604,65593801,8098,33496,7211,26285,25398,887,887,513,4048,125,43,65577647
8099,65593801,65610000,8099,33465,7202,26263,25366,897,897,523,4049,125,40,65593841
8100,65610000,65626201,8100,33490,7227,26263,25390,873,873,517,4049,125,1,65610001
8101,65626201,65642404,8101,33531,7193,26338,25430,908,908,515,4050,125,28,65626229
8102,65642404,65658609,8102,33428,7217,26211,25326,885,885,512,4050,125,9,65642413
8103,65658609,65674816,8103,33521,7215,26306,25418,888,888,507,4051,125,38,65658647
8104,65674816,65691025,8104,33558,7198,26360,25454,906,906,519,4051,125,7,65674823
8105,65691025,65707236,8105,33558,7181,26377,25453,924,924,496,4052,125,22,65691047
8106,65707236,65723449,8106,33448,7226,26222,25342,880,880,537,4052,125,37,65707273
8107,65723449,65739664,8107,33544,7211,26333,25437,896,896,522,4053,125,10,65723459
8108,65739664,65755881,8108,33542,7212,26330,25434,896,896,528,4053,125,9,65739673
8109,65755881,65772100,8109,33476,7210,26266,25367,899,899,520,4054,125,2,65755883
8110,65772100,65788321,8110,33594,7225,26369,25484,885,885,505,4054,125,3,65772103
8111,65788321,65804544,8111,33548,7202,26346,25437,909,909,500,4055,125,18,65788339
8112,65804544,65820769,8112,33512,7192,26320,25400,920,920,508,4055,125,17,65804561
8113,65820769,65836996,8113,33571,7219,26352,25458,894,894,518,4056,125,4,65820773
8114,65836996,65853225,8114,33560,7192,26368,25446,922,922,510,4056,125,1,65836997
8115,65853225,65869456,8115,33537,7205,26332,25422,910,910,530,4057,125,8,65853233
8116,65869456,65885689,8116,33605,7253,26352,25489,863,863,528,4057,125,1,65869457
8117,65885689,65901924,8117,33550,7205,26345,25433,912,912,510,4058,125,18,65885707
8118,65901924,65918161,8118,33548,7188,26360,25430,930,930,500,4058,125,7,65901931
8119,65918161,65934400,8119,33589,7222,26367,25470,897,897,519,4059,125,12,65918173
8120,65934400,65950641,8120,33606,7239,26367,25486,881,881,520,4059,125,13,65934413
8121,65950641,65966884,8121,33571,7188,26383,25450,933,933,505,4060,125,8,65950649
8122,65966884,65983129,8122,33621,7211,26410,25499,911,911,503,4060,125,19,65966903
8123,65983129,65999376,8123,33606,7207,26399,25483,916,916,514,4061,125,4,65983133
8124,65999376,66015625,8124,33604,7211,26393,25480,913,913,520,4061,125,7,65999383
8125,66015625,66031876,8125,33649,7242,26407,25524,883,883,530,4062,125,12,66015637
8126,66031876,66048129,8126,33513,7187,26326,25387,939,939,495,4062,125,3,66031879
8127,66048129,66064384,8127,33636,7190,26446,25509,937,937,491,4063,125,52,66048181
8128,66064384,66080641,8128,33598,7246,26352,25470,882,882,529,4063,126,9,66064393
8129,66080641,66096900,8129,33670,7220,26450,25541,909,909,518,4064,126,18,66080659
8130,66096900,66113161,8130,33616,7243,26373,25486,887,887,524,4064,126,13,66096913
8131,66113161,66129424,8131,33633,7224,26409,25502,907,907,517,4065,126,28,66113189
8132,66129424,66145689,8132,33649,7243,26406,25517,889,889,529,4065,126,27,66129451
8133,66145689,66161956,8133,33629,7241,26388,25496,892,892,504,4066,126,4,66145693
8134,66161956,66178225,8134,33701,7204,26497,25567,930,930,496,4066,126,27,66161983
8135,66178225,66194496,8135,33581,7206,26375,25446,929,929,510,4067,126,54,66178279
8136,66194496,66210769,8136,33696,7232,26464,25560,904,904,512,4067,126,7,66194503
8137,66210769,66227044,8137,33711,7229,26482,25574,908,908,526,4068,126,10,66210779
8138,66227044,66243321,8138,33631,7205,26426,25493,933,933,503,4068,126,3,66227047
8139,66243321,66259600,8139,33690,7250,26440,25551,889,889,523,4069,126,22,66243343
8140,66259600,66275881,8140,33640,7267,26373,25500,873,873,524,4069,126,51,66259651
8141,66275881,66292164,8141,33752,7237,26515,25611,904,904,506,4070,126,6,66275887
8142,66292164,66308449,8142,33625,7180,26445,25483,962,962,492,4070,126,25,66292189
8143,66308449,66324736,8143,33703,7225,26478,25560,918,918,497,4071,126,18,66308467
8144,66324736,66341025,8144,33664,7231,26433,25520,913,913,521,4071,126,7,66324743
8145,66341025,66357316,8145,33781,7256,26525,25636,889,889,512,4072,126,4,66341029
8146,66357316,66373609,8146,33684,7235,26449,25538,911,911,525,4072,126,21,66357337
8147,66373609,66389904,8147,33702,7203,26499,25555,944,944,492,4073,126,4,66373613
8148,66389904,66406201,8148,33691,7253,26438,25543,895,895,526,4073,126,5,66389909
8149,66406201,66422500,8149,33766,7250,26516,25617,899,899,517,4074,126,36,66406237
8150,66422500,66438801,8150,33645,7249,26396,25495,901,901,517,4074,126,13,66422513
8151,66438801,66455104,8151,33738,7250,26488,25587,901,901,518,4075,126,8,66438809
8152,66455104,66471409,8152,33749,7255,26494,25597,897,897,506,4075,126,3,66455107
8153,66471409,66487716,8153,33744,7253,26491,25591,900,900,520,4076,126,58,66471467
8154,66487716,66504025,8154,33752,7225,26527,25598,929,929,521,4076,126,5,66487721
8155,66504025,66520336,8155,33714,7251,26463,25559,904,904,503,4077,126,16,66504041
8156,66520336,66536649,8156,33768,7254,26514,25612,902,902,530,4077,126,15,66520351
8157,66536649,66552964,8157,33764,7261,26503,25607,896,896,529,4078,126,20,66536669
8158,66552964,66569281,8158,33737,7256,26481,25579,902,902,498,4078,126,7,66552971
8159,66569281,66585600,8159,33774,7269,26505,25615,890,890,528,4079,126,28,66569309
8160,66585600,66601921,8160,33745,7219,26526,25585,941,941,521,4079,126,11,66585611
8161,66601921,66618244,8161,33841,7241,26600,25680,920,920,508,4080,126,46,66601967
8162,66618244,66634569,8162,33747,7264,26483,25585,898,898,525,4080,126,3,66618247
8163,66634569,66650896,8163,33829,7269,26560,25666,894,894,531,4081,126,4,66634573
8164,66650896,66667225,8164,33728,7220,26508,25564,944,944,501,4081,126,25,66650921
8165,66667225,66683556,8165,33819,7266,26553,25654,899,899,508,4082,126,36,66667261
8166,66683556,66699889,8166,33773,7244,26529,25607,922,922,517,4082,126,11,66683567
8167,66699889,66716224,8167,33816,7268,26548,25649,899,899,520,4083,126,60,66699949
8168,66716224,66732561,8168,33789,7279,26510,25621,889,889,500,4083,126,73,66716297
8169,66732561,66748900,8169,33824,7265,26559,25655,904,904,520,4084,126,8,66732569
8170,66748900,66765241,8170,33831,7276,26555,25661,894,894,532,4084,126,9,66748909
8171,66765241,66781584,8171,33830,7251,26579,25659,920,920,508,4085,126,28,66765269
8172,66781584,66797929,8172,33843,7273,26570,25671,899,899,520,4085,126,17,66781601
8173,66797929,66814276,8173,33837,7277,26560,25664,896,896,530,4086,126,24,66797953
8174,66814276,66830625,8174,33780,7284,26496,25606,890,890,524,4086,126,1,66814277
8175,66830625,66846976,8175,33886,7285,26601,25711,890,890,499,4087,126,2,66830627
8176,66846976,66863329,8176,33787,7241,26546,25611,935,935,526,4087,126,1,66846977
8177,66863329,66879684,8177,33885,7246,26639,25708,931,931,510,4088,126,10,66863339
8178,66879684,66896041,8178,33862,7257,26605,25684,921,921,496,4088,126,5,66879689
8179,66896041,66912400,8179,33862,7318,26544,25683,861,861,549,4089,126,102,66896143
8180,66912400,66928761,8180,33856,7258,26598,25676,922,922,527,4089,126,1,66912401
8181,66928761,66945124,8181,33828,7274,26554,25647,907,907,505,4090,126,70,66928831
8182,66945124,66961489,8182,33911,7281,26630,25729,901,901,527,4090,126,39,66945163
8183,66961489,66977856,8183,33872,7292,26580,25689,891,891,507,4091,126,18,66961507
8184,66977856,66994225,8184,33851,7261,26590,25667,923,923,509,4091,126,1,66977857
8185,66994225,67010596,8185,33926,7276,26650,25741,909,909,488,4092,126,6,66994231
8186,67010596,67026969,8186,33855,7282,26573,25669,904,904,541,4092,126,3,67010599
8187,67026969,67043344,8187,33962,7280,26682,25775,907,907,522,4093,126,8,67026977
8188,67043344,67059721,8188,33876,7294,26582,25688,894,894,503,4093,126,25,67043369
8189,67059721,67076100,8189,33881,7272,26609,25692,917,917,516,4094,126,10,67059731
8190,67076100,67092481,8190,33893,7291,26602,25703,899,899,518,4094,126,17,67076117
8191,67092481,67108864,8191,33910,7253,26657,25719,938,938,510,4095,126,10,67092491
8192,67108864,67125249,8192,33988,7323,26665,25796,869,869,532,4095,126,15,67108879
8193,67125249,67141636,8193,33867,7278,26589,25674,915,915,511,4096,126,14,67125263
8194,67141636,67158025,8194,33955,7302,26653,25761,892,892,543,4096,126,1,67141637
8195,67158025,67174416,8195,33921,7278,26643,25726,917,917,502,4097,126,12,67158037
8196,67174416,67190809,8196,33957,7276,26681,25761,920,920,506,4097,126,1,67174417
8197,67190809,67207204,8197,33921,7264,26657,25724,933,933,522,4098,126,22,67190831
8198,67207204,67223601,8198,33945,7306,26639,25747,892,892,518,4098,126,7,67207211
8199,67223601,67240000,8199,33946,7293,26653,25747,906,906,518,4099,126,2,67223603
8200,67240000,67256401,8200,33971,7261,26710,25771,939,939,522,4099,126,7,67240007
8201,67256401,67272804,8201,33946,7307,26639,25745,894,894,518,4100,126,6,67256407
8202,67272804,67289209,8202,34029,7251,26778,25827,951,951,518,4100,126,23,67272827
8203,67289209,67305616,8203,33900,7303,26597,25697,900,900,532,4101,126,10,67289219
8204,67305616,67322025,8204,33992,7269,26723,25788,935,935,504,4101,126,13,67305629
8205,67322025,67338436,8205,34005,7281,26724,25800,924,924,513,4102,126,2,67322027
8206,67338436,67354849,8206,33975,7324,26651,25769,882,882,525,4102,126,1,67338437
8207,67354849,67371264,8207,33981,7292,26689,25774,915,915,526,4103,126,4,67354853
8208,67371264,67387681,8208,34010,7298,26712,25802,910,910,514,4103,126,23,67371287
8209,67387681,67404100,8209,33993,7291,26702,25784,918,918,518,4104,126,36,67387717
8210,67404100,67420521,8210,33974,7284,26690,25764,926,926,517,4104,126,1,67404101
8211,67420521,67436944,8211,34016,7297,26719,25805,914,914,526,4105,126,20,67420541
8212,67436944,67453369,8212,34041,7292,26749,25829,920,920,517,4105,126,7,67436951
8213,67453369,67469796,8213,33975,7273,26702,25762,940,940,501,4106,126,12,67453381
8214,67469796,67486225,8214,34024,7314,26710,25810,900,900,535,4106,126,7,67469803
8215,67486225,67502656,8215,33994,7302,26692,25779,913,913,526,4107,126,4,67486229
8216,67502656,67519089,8216,34089,7307,26782,25873,909,909,530,4107,126,15,67502671
8217,67519089,67535524,8217,34011,7314,26697,25794,903,903,530,4108,126,50,67519139
8218,67535524,67551961,8218,34033,7303,26730,25815,915,915,513,4108,126,3,67535527
8219,67551961,67568400,8219,34047,7315,26732,25828,904,904,529,4109,126,10,67551971
8220,67568400,67584841,8220,34036,7276,26760,25816,944,944,493,4109,126,41,67568441
8221,67584841,67601284,8221,34070,7309,26761,25849,912,912,527,4110,126,18,67584859
8222,67601284,67617729,8222,34020,7303,26717,25798,919,919,523,4110,126,25,67601309
8223,67617729,67634176,8223,34097,7361,26736,25874,862,862,535,4111,126,62,67617791
8224,67634176,67650625,8224,34065,7294,26771,25841,930,930,498,4111,126,3,67634179
8225,67650625,67667076,8225,34095,7304,26791,25870,921,921,515,4112,126,4,67650629
8226,67667076,67683529,8226,34020,7311,26709,25794,915,915,502,4112,126,1,67667077
8227,67683529,67699984,8227,34099,7324,26775,25872,903,903,515,4113,126,12,67683541
8228,67699984,67716441,8228,34101,7306,26795,25873,922,922,525,4113,126,27,67700011
8229,67716441,67732900,8229,34081,7299,26782,25852,930,930,518,4114,126,46,67716487
8230,67732900,67749361,8230,34065,7297,26768,25835,933,933,511,4114,126,1,67732901
8231,67749361,67765824,8231,34133,7327,26806,25902,904,904,535,4115,126,10,67749371
8232,67765824,67782289,8232,34088,7360,26728,25856,872,872,528,4115,126,5,67765829
8233,67782289,67798756,8233,34137,7313,26824,25904,920,920,518,4116,126,4,67782293
8234,67798756,67815225,8234,34089,7313,26776,25855,921,921,527,4116,126,37,67798793
8235,67815225,67831696,8235,34115,7342,26773,25880,893,893,513,4117,126,4,67815229
8236,67831696,67848169,8236,34137,7310,26827,25901,926,926,498,4117,126,7,67831703
8237,67848169,67864644,8237,34107,7304,26803,25870,933,933,529,4118,126,22,67848191
8238,67864644,67881121,8238,34136,7347,26789,25898,891,891,528,4118,126,17,67864661
8239,67881121,67897600,8239,34134,7317,26817,25895,922,922,524,4119,126,6,67881127
8240,67897600,67914081,8240,34165,7314,26851,25925,926,926,503,4119,126,7,67897607
8241,67914081,67930564,8241,34134,7308,26826,25893,933,933,506,4120,126,16,67914097
8242,67930564,67947049,8242,34170,7329,26841,25928,913,913,516,4120,126,7,67930571
8243,67947049,67963536,8243,34159,7314,26845,25916,929,929,511,4121,126,42,67947091
8244,67963536,67980025,8244,34143,7350,26793,25899,894,894,531,4121,126,11,67963547
8245,67980025,67996516,8245,34151,7335,26816,25906,910,910,515,4122,126,12,67980037
8246,67996516,68013009,8246,34142,7323,26819,25896,923,923,511,4122,126,3,67996519
8247,68013009,68029504,8247,34191,7343,26848,25944,904,904,525,4123,126,28,68013037
8248,68029504,68046001,8248,34210,7343,26867,25962,905,905,534,4123,126,37,68029541
8249,68046001,68062500,8249,34144,7310,26834,25895,939,939,514,4124,126,6,68046007
8250,68062500,68079001,8250,34234,7346,26888,25984,904,904,523,4124,126,13,68062513
8251,68079001,68095504,8251,34150,7341,26809,25899,910,910,520,4125,126,22,68079023
8252,68095504,68112009,8252,34275,7355,26920,26023,897,897,530,4125,126,25,68095529
8253,68112009,68128516,8253,34124,7322,26802,25871,931,931,510,4126,126,52,68112061
8254,68128516,68145025,8254,34226,7353,26873,25972,901,901,539,4126,126,1,68128517
8255,68145025,68161536,8255,34198,7347,26851,25943,908,908,522,4127,126,6,68145031
8256,68161536,68178049,8256,34218,7337,26881,25962,919,919,529,4127,127,7,68161543
8257,68178049,68194564,8257,34223,7339,26884,25966,918,918,519,4128,127,64,68178113
8258,68194564,68211081,8258,34234,7346,26888,25976,912,912,505,4128,127,15,68194579
8259,68211081,68227600,8259,34215,7339,26876,25956,920,920,526,4129,127,16,68211097
8260,68227600,68244121,8260,34248,7338,26910,25988,922,922,511,4129,127,3,68227603
8261,68244121,68260644,8261,34244,7341,26903,25983,920,920,534,4130,127,46,68244167
8262,68260644,68277169,8262,34225,7353,26872,25963,909,909,523,4130,127,5,68260649
8263,68277169,68293696,8263,34255,7345,26910,25992,918,918,518,4131,127,22,68277191
8264,68293696,68310225,8264,34256,7343,26913,25992,921,921,521,4131,127,3,68293699
8265,68310225,68326756,8265,34258,7372,26886,25993,893,893,539,4132,127,22,68310247
8266,68326756,68343289,8266,34254,7351,26903,25988,915,915,515,4132,127,7,68326763
8267,68343289,68359824,8267,34250,7350,26900,25983,917,917,529,4133,127,4,68343293
8268,68359824,68376361,8268,34283,7375,26908,26015,893,893,511,4133,127,5,68359829
8269,68376361,68392900,8269,34317,7354,26963,26048,915,915,519,4134,127,18,68376379
8270,68392900,68409441,8270,34223,7344,26879,25953,926,926,513,4134,127,1,68392901
8271,68409441,68425984,8271,34286,7345,26941,26015,926,926,523,4135,127,16,68409457
8272,68425984,68442529,8272,34358,7374,26984,26086,898,898,546,4135,127,13,68425997
8273,68442529,68459076,8273,34242,7353,26889,25969,920,920,526,4136,127,4,68442533
8274,68459076,68475625,8274,34299,7341,26958,26025,933,933,521,4136,127,5,68459081
8275,68475625,68492176,8275,34327,7344,26983,26052,931,931,515,4137,127,64,68475689
8276,68492176,68508729,8276,34297,7348,26949,26021,928,928,504,4137,127,13,68492189
8277,68508729,68525284,8277,34306,7370,26936,26029,907,907,529,4138,127,2,68508731
8278,68525284,68541841,8278,34331,7391,26940,26053,887,887,513,4138,127,3,68525287
8279,68541841,68558400,8279,34351,7374,26977,26072,905,905,530,4139,127,18,68541859
8280,68558400,68574961,8280,34303,7343,26960,26023,937,937,529,4139,127,11,68558411
8281,68574961,68591524,8281,34338,7359,26979,26057,922,922,525,4140,127,6,68574967
8282,68591524,68608089,8282,34278,7364,26914,25996,918,918,520,4140,127,3,68591527
8283,68608089,68624656,8283,34374,7392,26982,26091,891,891,547,4141,127,8,68608097
8284,68624656,68641225,8284,34372,7346,27026,26088,938,938,512,4141,127,15,68624671
8285,68641225,68657796,8285,34326,7374,26952,26041,911,911,519,4142,127,16,68641241
8286,68657796,68674369,8286,34362,7357,27005,26076,929,929,510,4142,127,5,68657801
8287,68674369,68690944,8287,34352,7403,26949,26065,884,884,535,4143,127,18,68674387
8288,68690944,68707521,8288,34359,7360,26999,26071,928,928,525,4143,127,9,68690953
8289,68707521,68724100,8289,34406,7351,27055,26117,938,938,516,4144,127,16,68707537
8290,68724100,68740681,8290,34345,7374,26971,26055,916,916,520,4144,127,1,68724101
8291,68740681,68757264,8291,34381,7404,26977,26090,887,887,533,4145,127,6,68740687
8292,68757264,68773849,8292,34395,7346,27049,26103,946,946,508,4145,127,13,68757277
8293,68773849,68790436,8293,34383,7393,26990,26090,900,900,546,4146,127,18,68773867
8294,68790436,68807025,8294,34413,7374,27039,26119,920,920,513,4146,127,15,68790451
8295,68807025,68823616,8295,34359,7414,26945,26064,881,881,543,4147,127,4,68807029
8296,68823616,68840209,8296,34422,7356,27066,26126,940,940,512,4147,127,1,68823617
8297,68840209,68856804,8297,34336,7385,26951,26039,912,912,524,4148,127,48,68840257
8298,68856804,68873401,8298,34485,7361,27124,26187,937,937,511,4148,127,37,68856841
8299,68873401,68890000,8299,34433,7357,27076,26134,942,942,533,4149,127,16,68873417
8300,68890000,68906601,8300,34396,7397,26999,26096,903,903,527,4149,127,9,68890009
8301,68906601,68923204,8301,34427,7401,27026,26126,900,900,538,4150,127,2,68906603
8302,68923204,68939809,8302,34425,7403,27022,26123,899,899,536,4150,127,9,68923213
8303,68939809,68956416,8303,34464,7375,27089,26161,928,928,525,4151,127,60,68939869
8304,68956416,68973025,8304,34384,7387,26997,26080,917,917,525,4151,127,1,68956417
8305,68973025,68989636,8305,34481,7368,27113,26176,937,937,515,4152,127,16,68973041
8306,68989636,69006249,8306,34446,7361,27085,26140,945,945,508,4152,127,3,68989639
8307,69006249,69022864,8307,34417,7370,27047,26110,937,937,508,4153,127,2,69006251
8308,69022864,69039481,8308,34441,7432,27009,26133,876,876,530,4153,127,3,69022867
8309,69039481,69056100,8309,34508,7374,27134,26199,935,935,528,4154,127,46,69039527
8310,69056100,69072721,8310,34481,7384,27097,26171,926,926,516,4154,127,29,69056129
8311,69072721,69089344,8311,34422,7392,27030,26111,919,919,525,4155,127,46,69072767
8312,69089344,69105969,8312,34486,7402,27084,26174,910,910,507,4155,127,13,69089357
8313,69105969,69122596,8313,34486,7392,27094,26173,921,921,530,4156,127,8,69105977
8314,69122596,69139225,8314,34501,7371,27130,26187,943,943,503,4156,127,15,69122611
8315,69139225,69155856,8315,34514,7431,27083,26199,884,884,545,4157,127,4,69139229
8316,69155856,69172489,8316,34464,7394,27070,26148,922,922,521,4157,127,41,69155897
8317,69172489,69189124,8317,34514,7398,27116,26197,919,919,523,4158,127,24,69172513
8318,69189124,69205761,8318,34476,7405,27071,26158,913,913,539,4158,127,39,69189163
8319,69205761,69222400,8319,34545,7388,27157,26226,931,931,519,4159,127,28,69205789
8320,69222400,69239041,8320,34468,7436,27032,26148,884,884,540,4159,127,3,69222403
8321,69239041,69255684,8321,34560,7403,27157,26239,918,918,530,4160,127,36,69239077
8322,69255684,69272329,8322,34501,7433,27068,26179,889,889,534,4160,127,17,69255701
8323,69272329,69288976,8323,34563,7388,27175,26240,935,935,523,4161,127,10,69272339
8324,69288976,69305625,8324,34462,7389,27073,26138,935,935,535,4161,127,1,69288977
8325,69305625,69322276,8325,34538,7406,27132,26213,919,919,509,4162,127,4,69305629
8326,69322276,69338929,8326,34537,7384,27153,26211,942,942,513,4162,127,31,69322307
8327,69338929,69355584,8327,34556,7393,27163,26229,934,934,524,4163,127,24,69338953
8328,69355584,69372241,8328,34555,7401,27154,26227,927,927,503,4163,127,7,69355591
8329,69372241,69388900,8329,34579,7397,27182,26250,932,932,524,4164,127,12,69372253
8330,69388900,69405561,8330,34544,7362,27182,26214,968,968,512,4164,127,27,69388927
8331,69405561,69422224,8331,34564,7417,27147,26233,914,914,533,4165,127,26,69405587
8332,69422224,69438889,8332,34545,7412,27133,26213,920,920,519,4165,127,9,69422233
8333,69438889,69455556,8333,34572,7391,27181,26239,942,942,528,4166,127,18,69438907
8334,69455556,69472225,8334,34625,7390,27235,26291,944,944,515,4166,127,31,69455587
8335,69472225,69488896,8335,34587,7426,27161,26252,909,909,531,4167,127,36,69472261
8336,69488896,69505569,8336,34557,7407,27150,26221,929,929,519,4167,127,25,69488921
8337,69505569,69522244,8337,34592,7413,27179,26255,924,924,529,4168,127,8,69505577
8338,69522244,69538921,8338,34580,7408,27172,26242,930,930,530,4168,127,9,69522253
8339,69538921,69555600,8339,34654,7411,27243,26315,928,928,529,4169,127,6,69538927
8340,69555600,69572281,8340,34592,7386,27206,26252,954,954,508,4169,127,13,69555613
8341,69572281,69588964,8341,34626,7422,27204,26285,919,919,534,4170,127,30,69572311
8342,69588964,69605649,8342,34570,7444,27126,26228,898,898,539,4170,127,55,69589019
8343,69605649,69622336,8343,34643,7425,27218,26300,918,918,521,4171,127,2,69605651
8344,69622336,69639025,8344,34618,7411,27207,26274,933,933,509,4171,127,13,69622349
8345,69639025,69655716,8345,34604,7411,27193,26259,934,934,541,4172,127,36,69639061
8346,69655716,69672409,8346,34699,7402,27297,26353,944,944,509,4172,127,61,69655777
8347,69672409,69689104,8347,34646,7429,27217,26299,918,918,514,4173,127,10,69672419
8348,69689104,69705801,8348,34609,7394,27215,26261,954,954,521,4173,127,39,69689143
8349,69705801,69722500,8349,34635,7443,27192,26286,906,906,527,4174,127,2,69705803
8350,69722500,69739201,8350,34654,7439,27215,26304,911,911,540,4174,127,1,69722501
8351,69739201,69755904,8351,34651,7380,27271,26300,971,971,515,4175,127,6,69739207
8352,69755904,69772609,8352,34700,7438,27262,26348,914,914,541,4175,127,5,69755909
8353,69772609,69789316,8353,34628,7431,27197,26275,922,922,502,4176,127,4,69772613
8354,69789316,69806025,8354,34713,7435,27278,26359,919,919,531,4176,127,13,69789329
8355,69806025,69822736,8355,34619,7446,27173,26264,909,909,526,4177,127,14,69806039
8356,69822736,69839449,8356,34682,7404,27278,26326,952,952,521,4177,127,15,69822751
8357,69839449,69856164,8357,34708,7438,27270,26351,919,919,534,4178,127,40,69839489
8358,69856164,69872881,8358,34719,7437,27282,26361,921,921,522,4178,127,19,69856183
8359,69872881,69889600,8359,34682,7452,27230,26323,907,907,530,4179,127,42,69872923
8360,69889600,69906321,8360,34660,7455,27205,26300,905,905,520,4179,127,7,69889607
8361,69906321,69923044,8361,34776,7434,27342,26415,927,927,519,4180,127,2,69906323
8362,69923044,69939769,8362,34624,7437,27187,26262,925,925,535,4180,127,3,69923047
8363,69939769,69956496,8363,34776,7431,27345,26413,932,932,513,4181,127,18,69939787
8364,69956496,69973225,8364,34674,7463,27211,26310,901,901,539,4181,127,37,69956533
8365,69973225,69989956,8365,34734,7460,27274,26369,905,905,535,4182,127,4,69973229
8366,69989956,70006689,8366,34766,7447,27319,26400,919,919,522,4182,127,73,69990029
8367,70006689,70023424,8367,34707,7431,27276,26340,936,936,534,4183,127,2,70006691
8368,70023424,70040161,8368,34718,7445,27273,26350,923,923,511,4183,127,9,70023433
8369,70040161,70056900,8369,34765,7436,27329,26396,933,933,533,4184,127,36,70040197
8370,70056900,70073641,8370,34727,7464,27263,26357,906,906,519,4184,127,13,70056913
8371,70073641,70090384,8371,34764,7450,27314,26393,921,921,526,4185,127,18,70073659
8372,70090384,70107129,8372,34794,7420,27374,26422,952,952,522,4185,127,9,70090393
8373,70107129,70123876,8373,34730,7463,27267,26357,910,910,543,4186,127,14,70107143
8374,70123876,70140625,8374,34743,7451,27292,26369,923,923,529,4186,127,7,70123883
8375,70140625,70157376,8375,34792,7461,27331,26417,914,914,533,4187,127,18,70140643
8376,70157376,70174129,8376,34814,7422,27392,26438,954,954,519,4187,127,1,70157377
8377,70174129,70190884,8377,34767,7440,27327,26390,937,937,529,4188,127,54,70174183
8378,70190884,70207641,8378,34772,7462,27310,26394,916,916,524,4188,127,7,70190891
8379,70207641,70224400,8379,34762,7467,27295,26383,912,912,539,4189,127,10,70207651
8380,70224400,70241161,8380,34775,7450,27325,26395,930,930,526,4189,127,3,70224403
8381,70241161,70257924,8381,34827,7422,27405,26446,959,959,529,4190,127,6,70241167
8382,70257924,70274689,8382,34782,7452,27330,26400,930,930,526,4190,127,23,70257947
8383,70274689,70291456,8383,34848,7454,27394,26465,929,929,519,4191,127,18,70274707
8384,70291456,70308225,8384,34753,7446,27307,26369,938,938,542,4191,127,27,70291483
8385,70308225,70324996,8385,34820,7454,27366,26435,931,931,522,4192,128,14,70308239
8386,70324996,70341769,8386,34804,7473,27331,26418,913,913,552,4192,128,1,70324997
8387,70341769,70358544,8387,34811,7436,27375,26424,951,951,507,4193,128,10,70341779
8388,70358544,70375321,8388,34906,7473,27433,26518,915,915,518,4193,128,29,70358573
8389,70375321,70392100,8389,34788,7462,27326,26399,927,927,540,4194,128,16,70375337
8390,70392100,70408881,8390,34836,7438,27398,26446,952,952,534,4194,128,37,70392137
8391,70408881,70425664,8391,34845,7460,27385,26454,931,931,515,4195,128,20,70408901
8392,70425664,70442449,8392,34850,7436,27414,26458,956,956,528,4195,128,9,70425673
8393,70442449,70459236,8393,34813,7490,27323,26420,903,903,548,4196,128,54,70442503
8394,70459236,70476025,8394,34876,7450,27426,26482,944,944,502,4196,128,11,70459247
8395,70476025,70492816,8395,34902,7435,27467,26507,960,960,519,4197,128,12,70476037
8396,70492816,70509609,8396,34855,7453,27402,26459,943,943,520,4197,128,21,70492837
8397,70509609,70526404,8397,34872,7508,27364,26475,889,889,547,4198,128,8,70509617
8398,70526404,70543201,8398,34858,7465,27393,26460,933,933,509,4198,128,9,70526413
8399,70543201,70560000,8399,34884,7452,27432,26485,947,947,534,4199,128,10,70543211
8400,70560000,70576801,8400,34878,7462,27416,26478,938,938,545,4199,128,11,70560011
8401,70576801,70593604,8401,34889,7489,27400,26488,912,912,523,4200,128,22,70576823
8402,70593604,70610409,8402,34898,7429,27469,26496,973,973,510,4200,128,13,70593617
8403,70610409,70627216,8403,34931,7506,27425,26528,897,897,532,4201,128,34,70610443
8404,70627216,70644025,8404,34863,7540,27323,26459,864,864,553,4201,128,7,70627223
8405,70644025,70660836,8405,34911,7462,27449,26506,943,943,531,4202,128,22,70644047
8406,70660836,70677649,8406,34919,7471,27448,26513,935,935,524,4202,128,5,70660841
8407,70677649,70694464,8407,34964,7494,27470,26557,913,913,530,4203,128,18,70677667
8408,70694464,70711281,8408,34912,7489,27423,26504,919,919,525,4203,128,3,70694467
8409,70711281,70728100,8409,34920,7458,27462,26511,951,951,510,4204,128,2,70711283
8410,70728100,70744921,8410,34924,7477,27447,26514,933,933,535,4204,128,7,70728107
8411,70744921,70761744,8411,34946,7458,27488,26535,953,953,514,4205,128,10,70744931
8412,70761744,70778569,8412,34951,7546,27405,26539,866,866,548,4205,128,5,70761749
8413,70778569,70795396,8413,34933,7481,27452,26520,932,932,520,4206,128,52,70778621
8414,70795396,70812225,8414,34954,7484,27470,26540,930,930,543,4206,128,3,70795399
8415,70812225,70829056,8415,34889,7495,27394,26474,920,920,516,4207,128,26,70812251
8416,70829056,70845889,8416,34954,7501,27453,26538,915,915,541,4207,128,13,70829069
8417,70845889,70862724,8417,34969,7470,27499,26552,947,947,520,4208,128,28,70845917
8418,70862724,70879561,8418,34959,7473,27486,26541,945,945,527,4208,128,7,70862731
8419,70879561,70896400,8419,35000,7505,27495,26581,914,914,541,4209,128,12,70879573
8420,70896400,70913241,8420,34968,7510,27458,26548,910,910,550,4209,128,1,70896401
8421,70913241,70930084,8421,35022,7484,27538,26601,937,937,515,4210,128,2,70913243
8422,70930084,70946929,8422,34957,7455,27502,26535,967,967,512,4210,128,3,70930087
8423,70946929,70963776,8423,35020,7492,27528,26597,931,931,530,4211,128,22,70946951
8424,70963776,70980625,8424,34979,7489,27490,26555,935,935,514,4211,128,1,70963777
8425,70980625,70997476,8425,34998,7507,27491,26573,918,918,532,4212,128,4,70980629
8426,70997476,71014329,8426,35030,7486,27544,26604,940,940,543,4212,128,7,70997483
8427,71014329,71031184,8427,34964,7490,27474,26537,937,937,535,4213,128,2,71014331
8428,71031184,71048041,8428,35027,7537,27490,26599,891,891,548,4213,128,9,71031193
8429,71048041,71064900,8429,35023,7483,27540,26594,946,946,523,4214,128,10,71048051
8430,71064900,71081761,8430,35057,7499,27558,26627,931,931,522,4214,128,7,71064907
8431,71081761,71098624,8431,35018,7478,27540,26587,953,953,524,4215,128,6,71081767
8432,71098624,71115489,8432,35021,7516,27505,26589,916,916,530,4215,128,37,71098661
8433,71115489,71132356,8433,35060,7475,27585,26627,958,958,516,4216,128,4,71115493
8434,71132356,71149225,8434,35041,7472,27569,26607,962,962,523,4216,128,1,71132357
8435,71149225,71166096,8435,35051,7544,27507,26616,891,891,546,4217,128,24,71149249
8436,71166096,71182969,8436,35043,7530,27513,26607,906,906,539,4217,128,11,71166107
8437,71182969,71199844,8437,35065,7496,27569,26628,941,941,531,4218,128,58,71183027
8438,71199844,71216721,8438,35053,7496,27557,26615,942,942,530,4218,128,7,71199851
8439,71216721,71233600,8439,35062,7490,27572,26623,949,949,522,4219,128,20,71216741
8440,71233600,71250481,8440,35047,7517,27530,26607,923,923,539,4219,128,7,71233607
8441,71250481,71267364,8441,35089,7506,27583,26648,935,935,540,4220,128,18,71250499
8442,71267364,71284249,8442,35068,7492,27576,26626,950,950,514,4220,128,13,71267377
8443,71284249,71301136,8443,35149,7516,27633,26706,927,927,529,4221,128,12,71284261
8444,71301136,71318025,8444,35017,7507,27510,26573,937,937,550,4221,128,25,71301161
8445,71318025,71334916,8445,35120,7540,27580,26675,905,905,557,4222,128,8,71318033
8446,71334916,71351809,8446,35135,7502,27633,26689,944,944,519,4222,128,3,71334919
8447,71351809,71368704,8447,35124,7510,27614,26677,937,937,542,4223,128,28,71351837
8448,71368704,71385601,8448,35058,7510,27548,26610,938,938,511,4223,128,7,71368711
8449,71385601,71402500,8449,35107,7526,27581,26658,923,923,549,4224,128,6,71385607
8450,71402500,71419401,8450,35150,7482,27668,26700,968,968,503,4224,128,19,71402519
8451,71419401,71436304,8451,35115,7485,27630,26664,966,966,529,4225,128,8,71419409
8452,71436304,71453209,8452,35104,7492,27612,26652,960,960,515,4225,128,13,71436317
8453,71453209,71470116,8453,35126,7506,27620,26673,947,947,536,4226,128,22,71453231
8454,71470116,71487025,8454,35141,7511,27630,26687,943,943,524,4226,128,1,71470117
8455,71487025,71503936,8455,35145,7579,27566,26690,876,876,542,4227,128,12,71487037
8456,71503936,71520849,8456,35138,7484,27654,26682,972,972,521,4227,128,15,71503951
8457,71520849,71537764,8457,35173,7512,27661,26716,945,945,533,4228,128,10,71520859
8458,71537764,71554681,8458,35179,7519,27660,26721,939,939,531,4228,128,7,71537771
8459,71554681,71571600,8459,35154,7531,27623,26695,928,928,517,4229,128,18,71554699
8460,71571600,71588521,8460,35152,7517,27635,26692,943,943,518,4229,128,29,71571629
8461,71588521,71605444,8461,35149,7505,27644,26688,956,956,522,4230,128,12,71588533
8462,71605444,71622369,8462,35190,7512,27678,26728,950,950,538,4230,128,3,71605447
8463,71622369,71639296,8463,35170,7555,27615,26707,908,908,551,4231,128,2,71622371
8464,71639296,71656225,8464,35140,7525,27615,26676,939,939,517,4231,128,3,71639299
8465,71656225,71673156,8465,35149,7532,27617,26684,933,933,526,4232,128,6,71656231
8466,71673156,71690089,8466,35277,7519,27758,26811,947,947,532,4232,128,7,71673163
8467,71690089,71707024,8467,35215,7555,27660,26748,912,912,543,4233,128,22,71690111
8468,71707024,71723961,8468,35173,7563,27610,26705,905,905,533,4233,128,19,71707043
8469,71723961,71740900,8469,35194,7529,27665,26725,940,940,542,4234,128,2,71723963
8470,71740900,71757841,8470,35276,7527,27749,26806,943,943,530,4234,128,19,71740919
8471,71757841,71774784,8471,35169,7592,27577,26698,879,879,574,4235,128,12,71757853
8472,71774784,71791729,8472,35208,7552,27656,26736,920,920,545,4235,128,89,71774873
8473,71791729,71808676,8473,35232,7529,27703,26759,944,944,533,4236,128,52,71791781
8474,71808676,71825625,8474,35219,7516,27703,26745,958,958,519,4236,128,7,71808683
8475,71825625,71842576,8475,35259,7546,27713,26784,929,929,532,4237,128,14,71825639
8476,71842576,71859529,8476,35232,7518,27714,26756,958,958,524,4237,128,21,71842597
8477,71859529,71876484,8477,35272,7532,27740,26795,945,945,542,4238,128,22,71859551
8478,71876484,71893441,8478,35217,7551,27666,26739,927,927,539,4238,128,25,71876509
8479,71893441,71910400,8479,35260,7541,27719,26781,938,938,511,4239,128,12,71893453
8480,71910400,71927361,8480,35217,7525,27692,26737,955,955,541,4239,128,7,71910407
8481,71927361,71944324,8481,35314,7571,27743,26833,910,910,543,4240,128,16,71927377
8482,71944324,71961289,8482,35247,7543,27704,26765,939,939,536,4240,128,9,71944333
8483,71961289,71978256,8483,35273,7547,27726,26790,936,936,521,4241,128,10,71961299
8484,71978256,71995225,8484,35288,7572,27716,26804,912,912,523,4241,128,31,71978287
8485,71995225,72012196,8485,35269,7539,27730,26784,946,946,529,4242,128,16,71995241
8486,72012196,72029169,8486,35274,7563,27711,26788,923,923,524,4242,128,21,72012217
8487,72029169,72046144,8487,35284,7510,27774,26797,977,977,517,4243,128,10,72029179
8488,72046144,72063121,8488,35291,7564,27727,26803,924,924,537,4243,128,3,72046147
8489,72063121,72080100,8489,35310,7534,27776,26821,955,955,526,4244,128,16,72063137
8490,72080100,72097081,8490,35301,7519,27782,26811,971,971,532,4244,128,11,72080111
8491,72097081,72114064,8491,35317,7562,27755,26826,929,929,538,4245,128,16,72097097
8492,72114064,72131049,8492,35332,7538,27794,26840,954,954,528,4245,128,3,72114067
8493,72131049,72148036,8493,35308,7560,27748,26815,933,933,535,4246,128,4,72131053
8494,72148036,72165025,8494,35339,7552,27787,26845,942,942,528,4246,128,13,72148049
8495,72165025,72182016,8495,35318,7544,27774,26823,951,951,524,4247,128,4,72165029
8496,72182016,72199009,8496,35336,7531,27805,26840,965,965,544,4247,128,7,72182023
8497,72199009,72216004,8497,35297,7514,27783,26800,983,983,519,4248,128,4,72199013
8498,72216004,72233001,8498,35371,7554,27817,26873,944,944,522,4248,128,9,72216013
8499,72233001,72250000,8499,35356,7572,27784,26857,927,927,546,4249,128,26,72233027
8500,72250000,72267001,8500,35332,7558,27774,26832,942,942,542,4249,128,1,72250001
8501,72267001,72284004,8501,35404,7553,27851,26903,948,948,527,4250,128,22,72267023
8502,72284004,72301009,8502,35316,7522,27794,26814,980,980,504,4250,128,7,72284011
8503,72301009,72318016,8503,35387,7568,27819,26884,935,935,526,4251,128,84,72301093
8504,72318016,72335025,8504,35339,7562,27777,26835,942,942,535,4251,128,3,72318019
8505,72335025,72352036,8505,35374,7578,27796,26869,927,927,533,4252,128,2,72335027
8506,72352036,72369049,8506,35382,7568,27814,26876,938,938,526,4252,128,25,72352061
8507,72369049,72386064,8507,35377,7569,27808,26870,938,938,534,4253,128,4,72369053
8508,72386064,72403081,8508,35391,7568,27823,26883,940,940,538,4253,128,17,72386081
8509,72403081,72420100,8509,35387,7560,27827,26878,949,949,521,4254,128,6,72403087
8510,72420100,72437121,8510,35396,7591,27805,26886,919,919,549,4254,128,13,72420113
8511,72437121,72454144,8511,35388,7573,27815,26877,938,938,526,4255,128,26,72437147
8512,72454144,72471169,8512,35456,7574,27882,26944,938,938,547,4255,128,3,72454147
8513,72471169,72488196,8513,35345,7582,27763,26832,931,931,529,4256,128,12,72471181
8514,72488196,72505225,8514,35461,7584,27877,26947,930,930,530,4256,128,67,72488263
8515,72505225,72522256,8515,35458,7586,27872,26943,929,929,542,4257,129,4,72505229
8516,72522256,72539289,8516,35338,7537,27801,26822,979,979,508,4257,129,27,72522283
8517,72539289,72556324,8517,35445,7575,27870,26928,942,942,534,4258,129,14,72539303
8518,72556324,72573361,8518,35466,7565,27901,26948,953,953,527,4258,129,3,72556327
8519,72573361,72590400,8519,35439,7594,27845,26920,925,925,537,4259,129,6,72573367
8520,72590400,72607441,8520,35460,7607,27853,26940,913,913,556,4259,129,29,72590429
8521,72607441,72624484,8521,35440,7568,27872,26919,953,953,515,4260,129,12,72607453
8522,72624484,72641529,8522,35449,7615,27834,26927,907,907,541,4260,129,7,72624491
8523,72641529,72658576,8523,35475,7577,27898,26952,946,946,543,4261,129,2,72641531
8524,72658576,72675625,8524,35428,7590,27838,26904,934,934,539,4261,129,7,72658583
8525,72675625,72692676,8525,35475,7550,27925,26950,975,975,518,4262,129,24,72675649
8526,72692676,72709729,8526,35469,7591,27878,26943,935,935,537,4262,129,5,72692681
8527,72709729,72726784,8527,35500,7565,27935,26973,962,962,532,4263,129,4,72709733
8528,72726784,72743841,8528,35474,7603,27871,26946,925,925,548,4263,129,37,72726821
8529,72743841,72760900,8529,35456,7602,27854,26927,927,927,528,4264,129,10,72743851
8530,72760900,72777961,8530,35496,7611,27885,26966,919,919,528,4264,129,3,72760903
8531,72777961,72795024,8531,35526,7601,27925,26995,930,930,563,4265,129,18,72777979
8532,72795024,72812089,8532,35503,7551,27952,26971,981,981,526,4265,129,35,72795059
8533,72812089,72829156,8533,35476,7585,27891,26943,948,948,512,4266,129,4,72812093
8534,72829156,72846225,8534,35500,7582,27918,26966,952,952,536,4266,129,61,72829217
8535,72846225,72863296,8535,35568,7585,27983,27033,950,950,528,4267,129,2,72846227
8536,72863296,72880369,8536,35467,7594,27873,26931,942,942,547,4267,129,21,72863317
8537,72880369,72897444,8537,35560,7590,27970,27023,947,947,548,4268,129,4,72880373
8538,72897444,72914521,8538,35510,7581,27929,26972,957,957,506,4268,129,47,72897491
8539,72914521,72931600,8539,35568,7598,27970,27029,941,941,531,4269,129,16,72914537
8540,72931600,72948681,8540,35503,7589,27914,26963,951,951,525,4269,129,1,72931601
8541,72948681,72965764,8541,35565,7601,27964,27024,940,940,547,4270,129,22,72948703
8542,72965764,72982849,8542,35520,7602,27918,26978,940,940,533,4270,129,7,72965771
8543,72982849,72999936,8543,35569,7568,28001,27026,975,975,500,4271,129,10,72982859
8544,72999936,73017025,8544,35545,7628,27917,27001,916,916,536,4271,129,7,72999943
8545,73017025,73034116,8545,35563,7586,27977,27018,959,959,534,4272,129,6,73017031
8546,73034116,73051209,8546,35549,7586,27963,27003,960,960,537,4272,129,7,73034123
8547,73051209,73068304,8547,35552,7619,27933,27005,928,928,536,4273,129,2,73051211
8548,73068304,73085401,8548,35568,7593,27975,27020,955,955,539,4273,129,7,73068311
8549,73085401,73102500,8549,35623,7608,28015,27074,941,941,540,4274,129,12,73085413
8550,73102500,73119601,8550,35595,7620,27975,27045,930,930,541,4274,129,1,73102501
8551,73119601,73136704,8551,35522,7620,27902,26971,931,931,542,4275,129,10,73119611
8552,73136704,73153809,8552,35654,7611,28043,27102,941,941,544,4275,129,37,73136741
8553,73153809,73170916,8553,35568,7638,27930,27015,915,915,539,4276,129,32,73153841
8554,73170916,73188025,8554,35608,7626,27982,27054,928,928,539,4276,129,1,73170917
8555,73188025,73205136,8555,35598,7607,27991,27043,948,948,563,4277,129,4,73188029
8556,73205136,73222249,8556,35621,7608,28013,27065,948,948,525,4277,129,5,73205141
8557,73222249,73239364,8557,35602,7608,27994,27045,949,949,526,4278,129,18,73222267
8558,73239364,73256481,8558,35624,7615,28009,27066,943,943,539,4278,129,7,73239371
8559,73256481,73273600,8559,35614,7603,28011,27055,956,956,534,4279,129,2,73256483
8560,73273600,73290721,8560,35656,7632,28024,27096,928,928,555,4279,129,37,73273637
8561,73290721,73307844,8561,35647,7598,28049,27086,963,963,532,4280,129,10,73290731
8562,73307844,73324969,8562,35651,7616,28035,27089,946,946,530,4280,129,23,73307867
8563,73324969,73342096,8563,35621,7614,28007,27058,949,949,541,4281,129,12,73324981
8564,73342096,73359225,8564,35656,7630,28026,27092,934,934,550,4281,129,67,73342163
8565,73359225,73376356,8565,35625,7601,28024,27060,964,964,540,4282,129,52,73359277
8566,73376356,73393489,8566,35709,7612,28097,27143,954,954,525,4282,129,7,73376363
8567,73393489,73410624,8567,35605,7647,27958,27038,920,920,565,4283,129,24,73393513
8568,73410624,73427761,8568,35718,7653,28065,27150,915,915,541,4283,129,53,73410677
8569,73427761,73444900,8569,35632,7614,28018,27063,955,955,537,4284,129,42,73427803
8570,73444900,73462041,8570,35715,7655,28060,27145,915,915,549,4284,129,19,73444919
8571,73462041,73479184,8571,35662,7609,28053,27091,962,962,514,4285,129,20,73462061
8572,73479184,73496329,8572,35709,7624,28085,27137,948,948,545,4285,129,3,73479187
8573,73496329,73513476,8573,35677,7622,28055,27104,951,951,528,4286,129,4,73496333
8574,73513476,73530625,8574,35681,7622,28059,27107,952,952,530,4286,129,5,73513481
8575,73530625,73547776,8575,35712,7626,28086,27137,949,949,534,4287,129,34,73530659
8576,73547776,73564929,8576,35676,7602,28074,27100,974,974,525,4287,129,1,73547777
8577,73564929,73582084,8577,35734,7611,28123,27157,966,966,522,4288,129,8,73564937
8578,73582084,73599241,8578,35747,7621,28126,27169,957,957,529,4288,129,25,73582109
8579,73599241,73616400,8579,35698,7665,28033,27119,914,914,545,4289,129,6,73599247
8580,73616400,73633561,8580,35731,7626,28105,27151,954,954,538,4289,129,37,73616437
8581,73633561,73650724,8581,35738,7633,28105,27157,948,948,551,4290,129,22,73633583
8582,73650724,73667889,8582,35682,7614,28068,27100,968,968,531,4290,129,3,73650727
8583,73667889,73685056,8583,35815,7626,28189,27232,957,957,517,4291,129,8,73667897
8584,73685056,73702225,8584,35658,7618,28040,27074,966,966,536,4291,129,1,73685057
8585,73702225,73719396,8585,35797,7628,28169,27212,957,957,529,4292,129,22,73702247
8586,73719396,73736569,8586,35755,7665,28090,27169,921,921,549,4292,129,13,73719409
8587,73736569,73753744,8587,35766,7644,28122,27179,943,943,539,4293,129,22,73736591
8588,73753744,73770921,8588,35717,7652,28065,27129,936,936,541,4293,129,15,73753759
8589,73770921,73788100,8589,35798,7639,28159,27209,950,950,533,4294,129,2,73770923
8590,73788100,73805281,8590,35797,7641,28156,27207,949,949,552,4294,129,7,73788107
8591,73805281,73822464,8591,35745,7643,28102,27154,948,948,536,4295,129,6,73805287
8592,73822464,73839649,8592,35726,7650,28076,27134,942,942,543,4295,129,7,73822471
8593,73839649,73856836,8593,35855,7632,28223,27262,961,961,545,4296,129,22,73839671
8594,73856836,73874025,8594,35766,7652,28114,27172,942,942,546,4296,129,61,73856897
8595,73874025,73891216,8595,35806,7629,28177,27211,966,966,535,4297,129,14,73874039
8596,73891216,73908409,8596,35775,7643,28132,27179,953,953,546,4297,129,13,73891229
8597,73908409,73925604,8597,35793,7642,28151,27196,955,955,535,4298,129,4,73908413
8598,73925604,73942801,8598,35824,7668,28156,27226,930,930,548,4298,129,5,73925609
8599,73942801,73960000,8599,35803,7616,28187,27204,983,983,506,4299,129,22,73942823
8600,73960000,73977201,8600,35831,7675,28156,27231,925,925,547,4299,129,57,73960057
8601,73977201,73994404,8601,35820,7652,28168,27219,949,949,534,4300,129,26,73977227
8602,73994404,74011609,8602,35818,7668,28150,27216,934,934,560,4300,129,3,73994407
8603,74011609,74028816,8603,35853,7662,28191,27250,941,941,534,4301,129,12,74011621
8604,74028816,74046025,8604,35835,7653,28182,27231,951,951,537,4301,129,11,74028827
8605,74046025,74063236,8605,35862,7683,28179,27257,922,922,554,4302,129,28,74046053
8606,74063236,74080449,8606,35818,7705,28113,27212,901,901,557,4302,129,21,74063257
8607,74080449,74097664,8607,35843,7675,28168,27236,932,932,539,4303,129,2,74080451
8608,74097664,74114881,8608,35858,7614,28244,27250,994,994,547,4303,129,7,74097671
8609,74114881,74132100,8609,35847,7681,28166,27238,928,928,544,4304,129,16,74114897
8610,74132100,74149321,8610,35878,7662,28216,27268,948,948,530,4304,129,1,74132101
8611,74149321,74166544,8611,35896,7667,28229,27285,944,944,548,4305,129,30,74149351
8612,74166544,74183769,8612,35878,7673,28205,27266,939,939,544,4305,129,27,74166571
8613,74183769,74200996,8613,35818,7655,28163,27205,958,958,545,4306,129,4,74183773
8614,74200996,74218225,8614,35890,7632,28258,27276,982,982,532,4306,129,7,74201003
8615,74218225,74235456,8615,35931,7682,28249,27316,933,933,543,4307,129,28,74218253
8616,74235456,74252689,8616,35848,7679,28169,27232,937,937,555,4307,129,47,74235503
8617,74252689,74269924,8617,35952,7676,28276,27335,941,941,532,4308,129,4,74252693
8618,74269924,74287161,8618,35845,7668,28177,27227,950,950,512,4308,129,7,74269931
8619,74287161,74304400,8619,35925,7676,28249,27306,943,943,540,4309,129,2,74287163
8620,74304400,74321641,8620,35914,7665,28249,27294,955,955,558,4309,129,3,74304403
8621,74321641,74338884,8621,35919,7671,28248,27298,950,950,541,4310,129,16,74321657
8622,74338884,74356129,8622,35879,7664,28215,27257,958,958,534,4310,129,5,74338889
8623,74356129,74373376,8623,35938,7650,28288,27315,973,973,534,4311,129,12,74356141
8624,74373376,74390625,8624,35940,7684,28256,27316,940,940,543,4311,129,31,74373407
8625,74390625,74407876,8625,35925,7662,28263,27300,963,963,522,4312,129,4,74390629
8626,74407876,74425129,8626,35901,7691,28210,27275,935,935,543,4312,129,1,74407877
8627,74425129,74442384,8627,35986,7658,28328,27359,969,969,538,4313,129,10,74425139
8628,74442384,74459641,8628,35975,7668,28307,27347,960,960,547,4313,129,13,74442397
8629,74459641,74476900,8629,35945,7694,28251,27316,935,935,556,4314,129,12,74459653
8630,74476900,74494161,8630,35920,7717,28203,27290,913,913,539,4314,129,7,74476907
8631,74494161,74511424,8631,35982,7670,28312,27351,961,961,525,4315,129,2,74494163
8632,74511424,74528689,8632,35962,7684,28278,27330,948,948,544,4315,129,3,74511427
8633,74528689,74545956,8633,35939,7673,28266,27306,960,960,546,4316,129,22,74528711
8634,74545956,74563225,8634,36004,7718,28286,27370,916,916,546,4316,129,1,74545957
8635,74563225,74580496,8635,35952,7670,28282,27317,965,965,520,4317,129,24,74563249
8636,74580496,74597769,8636,36003,7668,28335,27367,968,968,546,4317,129,15,74580511
8637,74597769,74615044,8637,36041,7639,28402,27404,998,998,538,4318,129,8,74597777
8638,74615044,74632321,8638,35946,7722,28224,27308,916,916,540,4318,129,9,74615053
8639,74632321,74649600,8639,36019,7687,28332,27380,952,952,545,4319,129,18,74632339
8640,74649600,74666881,8640,35989,7688,28301,27349,952,952,535,4319,129,7,74649607
8641,74666881,74684164,8641,36029,7705,28324,27388,936,936,544,4320,129,6,74666887
8642,74684164,74701449,8642,35985,7678,28307,27343,964,964,546,4320,129,7,74684171
8643,74701449,74718736,8643,36048,7685,28363,27405,958,958,534,4321,129,8,74701457
8644,74718736,74736025,8644,35966,7680,28286,27322,964,964,534,4321,129,45,74718781
8645,74736025,74753316,8645,35995,7706,28289,27350,939,939,542,4322,129,12,74736037
8646,74753316,74770609,8646,36084,7670,28414,27438,976,976,524,4322,130,5,74753321
8647,74770609,74787904,8647,35991,7683,28308,27344,964,964,540,4323,130,40,74770649
8648,74787904,74805201,8648,36087,7693,28394,27439,955,955,525,4323,130,13,74787917
8649,74805201,74822500,8649,36035,7697,28338,27386,952,952,542,4324,130,20,74805221
8650,74822500,74839801,8650,36058,7697,28361,27408,953,953,531,4324,130,7,74822507
8651,74839801,74857104,8651,36032,7714,28318,27381,937,937,564,4325,130,10,74839811
8652,74857104,74874409,8652,36078,7731,28347,27426,921,921,564,4325,130,17,74857121
8653,74874409,74891716,8653,36066,7669,28397,27413,984,984,515,4326,130,4,74874413
8654,74891716,74909025,8654,36048,7666,28382,27394,988,988,532,4326,130,15,74891731
8655,74909025,74926336,8655,36043,7699,28344,27388,956,956,534,4327,130,2,74909027
8656,74926336,74943649,8656,36134,7694,28440,27478,962,962,538,4327,130,1,74926337
8657,74943649,74960964,8657,36073,7730,28343,27416,927,927,559,4328,130,4,74943653
8658,74960964,74978281,8658,36059,7703,28356,27401,955,955,538,4328,130,17,74960981
8659,74978281,74995600,8659,36142,7712,28430,27483,947,947,538,4329,130,6,74978287
8660,74995600,75012921,8660,36109,7705,28404,27449,955,955,542,4329,130,21,74995621
8661,75012921,75030244,8661,36110,7750,28360,27449,911,911,553,4330,130,8,75012929
8662,75030244,75047569,8662,36091,7713,28378,27429,949,949,539,4330,130,9,75030253
8663,75047569,75064896,8663,36087,7705,28382,27424,958,958,529,4331,130,22,75047591
8664,75064896,75082225,8664,36110,7675,28435,27446,989,989,545,4331,130,13,75064909
8665,75082225,75099556,8665,36160,7700,28460,27495,965,965,533,4332,130,12,75082237
8666,75099556,75116889,8666,36077,7703,28374,27411,963,963,531,4332,130,3,75099559
8667,75116889,75134224,8667,36150,7726,28424,27483,941,941,538,4333,130,22,75116911
8668,75134224,75151561,8668,36167,7717,28450,27499,951,951,541,4333,130,75,75134299
8669,75151561,75168900,8669,36109,7691,28418,27440,978,978,526,4334,130,6,75151567
8670,75168900,75186241,8670,36172,7721,28451,27502,949,949,538,4334,130,1,75168901
8671,75186241,75203584,8671,36128,7694,28434,27457,977,977,530,4335,130,6,75186247
8672,75203584,75220929,8672,36139,7674,28465,27467,998,998,524,4335,130,7,75203591
8673,75220929,75238276,8673,36198,7731,28467,27525,942,942,545,4336,130,4,75220933
8674,75238276,75255625,8674,36115,7713,28402,27441,961,961,557,4336,130,21,75238297
8675,75255625,75272976,8675,36205,7711,28494,27530,964,964,539,4337,130,34,75255659
8676,75272976,75290329,8676,36117,7728,28389,27441,948,948,555,4337,130,23,75272999
8677,75290329,75307684,8677,36206,7711,28495,27529,966,966,530,4338,130,28,75290357
8678,75307684,75325041,8678,36180,7714,28466,27502,964,964,556,4338,130,19,75307703
8679,75325041,75342400,8679,36171,7720,28451,27492,959,959,557,4339,130,8,75325049
8680,75342400,75359761,8680,36194,7718,28476,27514,962,962,518,4339,130,1,75342401
8681,75359761,75377124,8681,36202,7743,28459,27521,938,938,549,4340,130,12,75359773
8682,75377124,75394489,8682,36247,7700,28547,27565,982,982,536,4340,130,29,75377153
8683,75394489,75411856,8683,36189,7703,28486,27506,980,980,523,4341,130,10,75394499
8684,75411856,75429225,8684,36202,7725,28477,27518,959,959,540,4341,130,1,75411857
8685,75429225,75446596,8685,36218,7714,28504,27533,971,971,525,4342,130,2,75429227
8686,75446596,75463969,8686,36181,7724,28457,27495,962,962,543,4342,130,3,75446599
8687,75463969,75481344,8687,36233,7750,28483,27546,937,937,558,4343,130,12,75463981
8688,75481344,75498721,8688,36199,7729,28470,27511,959,959,536,4343,130,19,75481363
8689,75498721,75516100,8689,36260,7711,28549,27571,978,978,537,4344,130,6,75498727
8690,75516100,75533481,8690,36277,7746,28531,27587,944,944,547,4344,130,21,75516121
8691,75533481,75550864,8691,36174,7751,28423,27483,940,940,550,4345,130,2,75533483
8692,75550864,75568249,8692,36304,7738,28566,27612,954,954,539,4345,130,13,75550877
8693,75568249,75585636,8693,36252,7729,28523,27559,964,964,546,4346,130,4,75568253
8694,75585636,75603025,8694,36214,7764,28450,27520,930,930,548,4346,130,1,75585637
8695,75603025,75620416,8695,36258,7727,28531,27563,968,968,546,4347,130,16,75603041
8696,75620416,75637809,8696,36279,7726,28553,27583,970,970,540,4347,130,33,75620449
8697,75637809,75655204,8697,36298,7728,28570,27601,969,969,525,4348,130,4,75637813
8698,75655204,75672601,8698,36264,7733,28531,27566,965,965,550,4348,130,9,75655213
8699,75672601,75690000,8699,36288,7752,28536,27589,947,947,535,4349,130,6,75672607
8700,75690000,75707401,8700,36248,7738,28510,27548,962,962,546,4349,130,23,75690023
8701,75707401,75724804,8701,36298,7735,28563,27597,966,966,540,4350,130,16,75707417
8702,75724804,75742209,8702,36306,7783,28523,27604,919,919,556,4350,130,7,75724811
8703,75742209,75759616,8703,36267,7710,28557,27564,993,993,529,4351,130,8,75742217
8704,75759616,75777025,8704,36317,7740,28577,27613,964,964,510,4351,130,21,75759637
8705,75777025,75794436,8705,36317,7725,28592,27612,980,980,538,4352,130,22,75777047
8706,75794436,75811849,8706,36292,7727,28565,27586,979,979,530,4352,130,1,75794437
8707,75811849,75829264,8707,36327,7774,28553,27620,933,933,559,4353,130,10,75811859
8708,75829264,75846681,8708,36351,7715,28636,27643,993,993,538,4353,130,3,75829267
8709,75846681,75864100,8709,36346,7769,28577,27637,940,940,558,4354,130,10,75846691
8710,75864100,75881521,8710,36318,7719,28599,27608,991,991,523,4354,130,21,75864121
8711,75881521,75898944,8711,36305,7745,28560,27594,966,966,548,4355,130,6,75881527
8712,75898944,75916369,8712,36353,7748,28605,27641,964,964,545,4355,130,23,75898967
8713,75916369,75933796,8713,36371,7771,28600,27658,942,942,536,4356,130,18,75916387
8714,75933796,75951225,8714,36318,7772,28546,27604,942,942,555,4356,130,21,75933817
8715,75951225,75968656,8715,36313,7713,28600,27598,1002,1002,529,4357,130,8,75951233
8716,75968656,75986089,8716,36400,7734,28666,27684,982,982,547,4357,130,67,75968723
8717,75986089,76003524,8717,36362,7757,28605,27645,960,960,536,4358,130,12,75986101
8718,76003524,76020961,8718,36437,7738,28699,27719,980,980,533,4358,130,17,76003541
8719,76020961,76038400,8719,36302,7787,28515,27583,932,932,556,4359,130,48,76021009
8720,76038400,76055841,8720,36379,7754,28625,27659,966,966,536,4359,130,1,76038401
8721,76055841,76073284,8721,36391,7767,28624,27670,954,954,555,4360,130,2,76055843
8722,76073284,76090729,8722,36367,7767,28600,27645,955,955,537,4360,130,19,76073303
8723,76090729,76108176,8723,36384,7777,28607,27661,946,946,546,4361,130,24,76090753
8724,76108176,76125625,8724,36395,7756,28639,27671,968,968,549,4361,130,7,76108183
8725,76125625,76143076,8725,36386,7751,28635,27661,974,974,539,4362,130,6,76125631
8726,76143076,76160529,8726,36421,7767,28654,27695,959,959,567,4362,130,3,76143079
8727,76160529,76177984,8727,36396,7769,28627,27669,958,958,539,4363,130,4,76160533
8728,76177984,76195441,8728,36457,7775,28682,27729,953,953,563,4363,130,3,76177987
8729,76195441,76212900,8729,36351,7759,28592,27622,970,970,544,4364,130,36,76195477
8730,76212900,76230361,8730,36487,7788,28699,27757,942,942,555,4364,130,7,76212907
8731,76230361,76247824,8731,36387,7783,28604,27656,948,948,537,4365,130,6,76230367
8732,76247824,76265289,8732,36460,7755,28705,27728,977,977,536,4365,130,3,76247827
8733,76265289,76282756,8733,36433,7797,28636,27700,936,936,556,4366,130,2,76265291
8734,76282756,76300225,8734,36413,7790,28623,27679,944,944,552,4366,130,7,76282763
8735,76300225,76317696,8735,36508,7765,28743,27773,970,970,538,4367,130,16,76300241
8736,76317696,76335169,8736,36387,7804,28583,27651,932,932,575,4367,130,85,76317781
8737,76335169,76352644,8737,36459,7768,28691,27722,969,969,545,4368,130,4,76335173
8738,76352644,76370121,8738,36504,7752,28752,27766,986,986,543,4368,130,13,76352657
8739,76370121,76387600,8739,36477,7755,28722,27738,984,984,510,4369,130,28,76370149
8740,76387600,76405081,8740,36443,7805,28638,27703,935,935,567,4369,130,3,76387603
8741,76405081,76422564,8741,36457,7762,28695,27716,979,979,536,4370,130,12,76405093
8742,76422564,76440049,8742,36502,7768,28734,27760,974,974,530,4370,130,17,76422581
8743,76440049,76457536,8743,36512,7804,28708,27769,939,939,570,4371,130,24,76440073
8744,76457536,76475025,8744,36433,7782,28651,27689,962,962,534,4371,130,45,76457581
8745,76475025,76492516,8745,36492,7807,28685,27747,938,938,560,4372,130,28,76475053
8746,76492516,76510009,8746,36506,7826,28680,27760,920,920,552,4372,130,3,76492519
8747,76510009,76527504,8747,36531,7765,28766,27784,982,982,530,4373,130,28,76510037
8748,76527504,76545001,8748,36483,7760,28723,27735,988,988,519,4373,130,7,76527511
8749,76545001,76562500,8749,36499,7768,28731,27750,981,981,553,4374,130,12,76545013
8750,76562500,76580001,8750,36546,7799,28747,27796,951,951,548,4374,130,1,76562501
8751,76580001,76597504,8751,36544,7815,28729,27793,936,936,546,4375,130,10,76580011
8752,76597504,76615009,8752,36496,7802,28694,27744,950,950,529,4375,130,15,76597519
8753,76615009,76632516,8753,36552,7765,28787,27799,988,988,566,4376,130,22,76615031
8754,76632516,76650025,8754,36496,7810,28686,27742,944,944,548,4376,130,17,76632533
8755,76650025,76667536,8755,36615,7805,28810,27860,950,950,544,4377,130,4,76650029
8756,76667536,76685049,8756,36457,7804,28653,27701,952,952,548,4377,130,7,76667543
8757,76685049,76702564,8757,36618,7799,28819,27861,958,958,549,4378,130,20,76685069
8758,76702564,76720081,8758,36493,7796,28697,27735,962,962,535,4378,130,3,76702567
8759,76720081,76737600,8759,36641,7817,28824,27882,942,942,548,4379,130,22,76720103
8760,76737600,76755121,8760,36508,7808,28700,27748,952,952,564,4379,130,1,76737601
8761,76755121,76772644,8761,36589,7800,28789,27828,961,961,546,4380,130,18,76755139
8762,76772644,76790169,8762,36570,7771,28799,27808,991,991,533,4380,130,15,76772659
8763,76790169,76807696,8763,36561,7817,28744,27798,946,946,544,4381,130,8,76790177
8764,76807696,76825225,8764,36633,7756,28877,27869,1008,1008,539,4381,130,3,76807699
8765,76825225,76842756,8765,36534,7809,28725,27769,956,956,525,4382,130,12,76825237
8766,76842756,76860289,8766,36603,7810,28793,27837,956,956,560,4382,130,5,76842761
8767,76860289,76877824,8767,36603,7807,28796,27836,960,960,544,4383,130,28,76860317
8768,76877824,76895361,8768,36627,7788,28839,27859,980,980,555,4383,130,7,76877831
8769,76895361,76912900,8769,36593,7807,28786,27824,962,962,537,4384,130,22,76895383
8770,76912900,76930441,8770,36589,7816,28773,27819,954,954,549,4384,130,19,76912919
8771,76930441,76947984,8771,36625,7798,28827,27854,973,973,541,4385,130,12,76930453
8772,76947984,76965529,8772,36676,7777,28899,27904,995,995,533,4385,130,5,76947989
8773,76965529,76983076,8773,36600,7810,28790,27827,963,963,548,4386,130,28,76965557
8774,76983076,77000625,8774,36559,7788,28771,27785,986,986,531,4386,130,1,76983077
8775,77000625,77018176,8775,36624,7785,28839,27849,990,990,537,4387,130,4,77000629
8776,77018176,77035729,8776,36693,7817,28876,27917,959,959,538,4387,130,13,77018189
8777,77035729,77053284,8777,36586,7811,28775,27809,966,966,551,4388,130,24,77035753
8778,77053284,77070841,8778,36645,7839,28806,27867,939,939,566,4388,131,13,77053297
8779,77070841,77088400,8779,36718,7804,28914,27939,975,975,546,4389,131,22,77070863
8780,77088400,77105961,8780,36651,7806,28845,27871,974,974,547,4389,131,19,77088419
8781,77105961,77123524,8781,36657,7823,28834,27876,958,958,540,4390,131,20,77105981
8782,77123524,77141089,8782,36614,7805,28809,27832,977,977,534,4390,131,25,77123549
8783,77141089,77158656,8783,36714,7822,28892,27931,961,961,557,4391,131,12,77141101
8784,77158656,77176225,8784,36697,7782,28915,27913,1002,1002,544,4391,131,1,77158657
8785,77176225,77193796,8785,36664,7823,28841,27879,962,962,542,4392,131,12,77176237
8786,77193796,77211369,8786,36680,7815,28865,27894,971,971,565,4392,131,1,77193797
8787,77211369,77228944,8787,36645,7823,28822,27858,964,964,539,4393,131,2,77211371
8788,77228944,77246521,8788,36740,7810,28930,27952,978,978,553,4393,131,7,77228951
8789,77246521,77264100,8789,36679,7851,28828,27890,938,938,577,4394,131,16,77246537
8790,77264100,77281681,8790,36723,7814,28909,27933,976,976,540,4394,131,1,77264101
8791,77281681,77299264,8791,36748,7857,28891,27957,934,934,553,4395,131,10,77281691
8792,77299264,77316849,8792,36658,7824,28834,27866,968,968,540,4395,131,9,77299273
8793,77316849,77334436,8793,36752,7827,28925,27959,966,966,549,4396,131,2,77316851
8794,77334436,77352025,8794,36680,7795,28885,27886,999,999,551,4396,131,15,77334451
8795,77352025,77369616,8795,36756,7821,28935,27961,974,974,549,4397,131,4,77352029
8796,77369616,77387209,8796,36707,7846,28861,27911,950,950,541,4397,131,23,77369639
8797,77387209,77404804,8797,36747,7821,28926,27950,976,976,554,4398,131,12,77387221
8798,77404804,77422401,8798,36769,7839,28930,27971,959,959,542,4398,131,3,77404807
8799,77422401,77440000,8799,36750,7826,28924,27951,973,973,559,4399,131,8,77422409
8800,77440000,77457601,8800,36714,7841,28873,27914,959,959,547,4399,131,43,77440043
8801,77457601,77475204,8801,36737,7847,28890,27936,954,954,551,4400,131,58,77457659
8802,77475204,77492809,8802,36824,7821,29003,28022,981,981,562,4400,131,23,77475227
8803,77492809,77510416,8803,36762,7852,28910,27959,951,951,553,4401,131,64,77492873
8804,77510416,77528025,8804,36748,7823,28925,27944,981,981,545,4401,131,7,77510423
8805,77528025,77545636,8805,36766,7835,28931,27961,970,970,535,4402,131,28,77528053
8806,77545636,77563249,8806,36793,7855,28938,27987,951,951,567,4402,131,3,77545639
8807,77563249,77580864,8807,36764,7820,28944,27957,987,987,534,4403,131,10,77563259
8808,77580864,77598481,8808,36838,7836,29002,28030,972,972,547,4403,131,5,77580869
8809,77598481,77616100,8809,36760,7856,28904,27951,953,953,549,4404,131,10,77598491
8810,77616100,77633721,8810,36832,7839,28993,28022,971,971,550,4404,131,7,77616107
8811,77633721,77651344,8811,36771,7857,28914,27960,954,954,568,4405,131,2,77633723
8812,77651344,77668969,8812,36801,7848,28953,27989,964,964,536,4405,131,39,77651383
8813,77668969,77686596,8813,36801,7844,28957,27988,969,969,557,4406,131,22,77668991
8814,77686596,77704225,8814,36838,7865,28973,28024,949,949,562,4406,131,7,77686603
8815,77704225,77721856,8815,36811,7830,28981,27996,985,985,543,4407,131,16,77704241
8816,77721856,77739489,8816,36812,7811,29001,27996,1005,1005,545,4407,131,1,77721857
8817,77739489,77757124,8817,36866,7864,29002,28049,953,953,553,4408,131,2,77739491
8818,77757124,77774761,8818,36829,7853,28976,28011,965,965,559,4408,131,27,77757151
8819,77774761,77792400,8819,36817,7854,28963,27998,965,965,556,4409,131,12,77774773
8820,77792400,77810041,8820,36871,7841,29030,28051,979,979,549,4409,131,11,77792411
8821,77810041,77827684,8821,36837,7859,28978,28016,962,962,547,4410,131,12,77810053
8822,77827684,77845329,8822,36909,7877,29032,28087,945,945,551,4410,131,19,77827703
8823,77845329,77862976,8823,36787,7823,28964,27964,1000,1000,523,4411,131,2,77845331
8824,77862976,77880625,8824,36936,7851,29085,28112,973,973,567,4411,131,21,77862997
8825,77880625,77898276,8825,36808,7847,28961,27983,978,978,560,4412,131,12,77880637
8826,77898276,77915929,8826,36903,7827,29076,28077,999,999,524,4412,131,23,77898299
8827,77915929,77933584,8827,36862,7843,29019,28035,984,984,536,4413,131,4,77915933
8828,77933584,77951241,8828,36904,7881,29023,28076,947,947,571,4413,131,15,77933599
8829,77951241,77968900,8829,36888,7851,29037,28059,978,978,565,4414,131,8,77951249
8830,77968900,77986561,8830,36859,7864,28995,28029,966,966,551,4414,131,3,77968903
8831,77986561,78004224,8831,36923,7873,29050,28092,958,958,554,4415,131,30,77986591
8832,78004224,78021889,8832,36872,7852,29020,28040,980,980,539,4415,131,47,78004271
8833,78021889,78039556,8833,36948,7852,29096,28115,981,981,540,4416,131,52,78021941
8834,78039556,78057225,8834,36879,7851,29028,28045,983,983,551,4416,131,27,78039583
8835,78057225,78074896,8835,36877,7877,29000,28042,958,958,540,4417,131,4,78057229
8836,78074896,78092569,8836,36894,7874,29020,28058,962,962,560,4417,131,15,78074911
8837,78092569,78110244,8837,36995,7847,29148,28158,990,990,540,4418,131,10,78092579
8838,78110244,78127921,8838,36875,7844,29031,28037,994,994,547,4418,131,17,78110261
8839,78127921,78145600,8839,37017,7874,29143,28178,965,965,547,4419,131,82,78128003
8840,78145600,78163281,8840,36883,7882,29001,28043,958,958,547,4419,131,9,78145609
8841,78163281,78180964,8841,36972,7837,29135,28131,1004,1004,544,4420,131,32,78163313
8842,78180964,78198649,8842,36880,7886,28994,28038,956,956,550,4420,131,33,78180997
8843,78198649,78216336,8843,37001,7881,29120,28158,962,962,548,4421,131,18,78198667
8844,78216336,78234025,8844,36955,7855,29100,28111,989,989,539,4421,131,7,78216343
8845,78234025,78251716,8845,36973,7893,29080,28128,952,952,557,4422,131,4,78234029
8846,78251716,78269409,8846,36924,7892,29032,28078,954,954,557,4422,131,1,78251717
8847,78269409,78287104,8847,36970,7905,29065,28123,942,942,558,4423,131,10,78269419
8848,78287104,78304801,8848,36992,7859,29133,28144,989,989,552,4423,131,9,78287113
8849,78304801,78322500,8849,36987,7886,29101,28138,963,963,578,4424,131,12,78304813
8850,78322500,78340201,8850,36982,7908,29074,28132,942,942,555,4424,131,13,78322513
8851,78340201,78357904,8851,37028,7859,29169,28177,992,992,540,4425,131,36,78340237
8852,78357904,78375609,8852,36928,7878,29050,28076,974,974,557,4425,131,45,78357949
8853,78375609,78393316,8853,37053,7866,29187,28200,987,987,550,4426,131,2,78375611
8854,78393316,78411025,8854,36963,7897,29066,28109,957,957,557,4426,131,1,78393317
8855,78411025,78428736,8855,37012,7922,29090,28157,933,933,564,4427,131,24,78411049
8856,78428736,78446449,8856,36982,7877,29105,28126,979,979,553,4427,131,5,78428741
8857,78446449,78464164,8857,37052,7884,29168,28195,973,973,535,4428,131,28,78446477
8858,78464164,78481881,8858,37037,7907,29130,28179,951,951,563,4428,131,7,78464171
8859,78481881,78499600,8859,36979,7904,29075,28120,955,955,535,4429,131,2,78481883
8860,78499600,78517321,8860,37035,7860,29175,28175,1000,1000,556,4429,131,9,78499609
8861,78517321,78535044,8861,37076,7874,29202,28215,987,987,568,4430,131,12,78517333
8862,78535044,78552769,8862,37044,7868,29176,28182,994,994,544,4430,131,19,78535063
8863,78552769,78570496,8863,37020,7888,29132,28157,975,975,548,4431,131,10,78552779
8864,78570496,78588225,8864,37075,7874,29201,28211,990,990,538,4431,131,13,78570509
8865,78588225,78605956,8865,37043,7910,29133,28178,955,955,555,4432,131,2,78588227
8866,78605956,78623689,8866,37050,7885,29165,28184,981,981,556,4432,131,3,78605959
8867,78623689,78641424,8867,37004,7909,29095,28137,958,958,569,4433,131,58,78623747
8868,78641424,78659161,8868,37135,7877,29258,28267,991,991,546,4433,131,25,78641449
8869,78659161,78676900,8869,37112,7882,29230,28243,987,987,544,4434,131,16,78659177
8870,78676900,78694641,8870,37064,7916,29148,28194,954,954,541,4434,131,21,78676921
8871,78694641,78712384,8871,37065,7899,29166,28194,972,972,554,4435,131,26,78694667
8872,78712384,78730129,8872,37100,7887,29213,28228,985,985,553,4435,131,9,78712393
8873,78730129,78747876,8873,37094,7859,29235,28221,1014,1014,539,4436,131,4,78730133
8874,78747876,78765625,8874,37083,7896,29187,28209,978,978,556,4436,131,5,78747881
8875,78765625,78783376,8875,37102,7902,29200,28227,973,973,551,4437,131,22,78765647
8876,78783376,78801129,8876,37105,7874,29231,28229,1002,1002,544,4437,131,1,78783377
8877,78801129,78818884,8877,37156,7933,29223,28279,944,944,572,4438,131,2,78801131
8878,78818884,78836641,8878,37067,7908,29159,28189,970,970,551,4438,131,37,78818921
8879,78836641,78854400,8879,37113,7929,29184,28234,950,950,571,4439,131,28,78836669
8880,78854400,78872161,8880,37156,7921,29235,28276,959,959,547,4439,131,1,78854401
8881,78872161,78889924,8881,37121,7882,29239,28240,999,999,536,4440,131,16,78872177
8882,78889924,78907689,8882,37156,7917,29239,28274,965,965,565,4440,131,39,78889963
8883,78907689,78925456,8883,37091,7906,29185,28208,977,977,535,4441,131,2,78907691
8884,78925456,78943225,8884,37150,7930,29220,28266,954,954,570,4441,131,7,78925463
8885,78943225,78960996,8885,37124,7871,29253,28239,1014,1014,554,4442,131,4,78943229
8886,78960996,78978769,8886,37172,7919,29253,28286,967,967,542,4442,131,13,78961009
8887,78978769,78996544,8887,37185,7921,29264,28298,966,966,551,4443,131,28,78978797
8888,78996544,79014321,8888,37180,7929,29251,28292,959,959,554,4443,131,13,78996557
8889,79014321,79032100,8889,37172,7877,29295,28283,1012,1012,550,4444,131,2,79014323
8890,79032100,79049881,8890,37125,7928,29197,28235,962,962,563,4444,131,3,79032103
8891,79049881,79067664,8891,37204,7903,29301,28313,988,988,558,4445,131,10,79049891
8892,79067664,79085449,8892,37205,7885,29320,28313,1007,1007,538,4445,131,29,79067693
8893,79085449,79103236,8893,37177,7904,29273,28284,989,989,553,4446,131,10,79085459
8894,79103236,79121025,8894,37164,7935,29229,28270,959,959,556,4446,131,1,79103237
8895,79121025,79138816,8895,37225,7911,29314,28330,984,984,551,4447,131,8,79121033
8896,79138816,79156609,8896,37213,7923,29290,28317,973,973,554,4447,131,7,79138823
8897,79156609,79174404,8897,37185,7921,29264,28288,976,976,563,4448,131,34,79156643
8898,79174404,79192201,8898,37132,7919,29213,28234,979,979,551,4448,131,5,79174409
8899,79192201,79210000,8899,37332,7916,29416,28433,983,983,540,4449,131,76,79192277
8900,79210000,79227801,8900,37180,7933,29247,28280,967,967,554,4449,131,3,79210003
8901,79227801,79245604,8901,37201,7907,29294,28300,994,994,530,4450,131,8,79227809
8902,79245604,79263409,8902,37243,7940,29303,28341,962,962,555,4450,131,9,79245613
8903,79263409,79281216,8903,37243,7944,29299,28340,959,959,580,4451,131,4,79263413
8904,79281216,79299025,8904,37240,7952,29288,28336,952,952,548,4451,131,17,79281233
8905,79299025,79316836,8905,37197,7909,29288,28292,996,996,530,4452,131,12,79299037
8906,79316836,79334649,8906,37262,7937,29325,28356,969,969,551,4452,131,7,79316843
8907,79334649,79352464,8907,37244,7948,29296,28337,959,959,563,4453,131,8,79334657
8908,79352464,79370281,8908,37293,7918,29375,28385,990,990,561,4453,131,9,79352473
8909,79370281,79388100,8909,37268,7909,29359,28359,1000,1000,531,4454,131,12,79370293
8910,79388100,79405921,8910,37231,7930,29301,28321,980,980,553,4454,131,29,79388129
8911,79405921,79423744,8911,37260,7905,29355,28349,1006,1006,536,4455,132,12,79405933
8912,79423744,79441569,8912,37329,7933,29396,28417,979,979,552,4455,132,15,79423759
8913,79441569,79459396,8913,37278,7937,29341,28365,976,976,552,4456,132,4,79441573
8914,79459396,79477225,8914,37231,7929,29302,28317,985,985,556,4456,132,27,79459423
8915,79477225,79495056,8915,37300,7947,29353,28385,968,968,569,4457,132,18,79477243
8916,79495056,79512889,8916,37328,7902,29426,28412,1014,1014,537,4457,132,43,79495099
8917,79512889,79530724,8917,37312,7976,29336,28395,941,941,562,4458,132,18,79512907
8918,79530724,79548561,8918,37255,7932,29323,28337,986,986,554,4458,132,3,79530727
8919,79548561,79566400,8919,37359,7946,29413,28440,973,973,572,4459,132,16,79548577
8920,79566400,79584241,8920,37257,7929,29328,28337,991,991,555,4459,132,27,79566427
8921,79584241,79602084,8921,37375,7976,29399,28454,945,945,568,4460,132,10,79584251
8922,79602084,79619929,8922,37340,7917,29423,28418,1005,1005,549,4460,132,7,79602091
8923,79619929,79637776,8923,37273,7901,29372,28350,1022,1022,539,4461,132,4,79619933
8924,79637776,79655625,8924,37320,7929,29391,28396,995,995,543,4461,132,51,79637827
8925,79655625,79673476,8925,37319,7965,29354,28394,960,960,583,4462,132,2,79655627
8926,79673476,79691329,8926,37332,7972,29360,28406,954,954,574,4462,132,15,79673491
8927,79691329,79709184,8927,37347,7936,29411,28420,991,991,549,4463,132,18,79691347
8928,79709184,79727041,8928,37386,7922,29464,28458,1006,1006,530,4463,132,29,79709213
8929,79727041,79744900,8929,37310,7946,29364,28381,983,983,549,4464,132,10,79727051
8930,79744900,79762761,8930,37351,8005,29346,28421,925,925,574,4464,132,21,79744921
8931,79762761,79780624,8931,37368,7940,29428,28437,991,991,541,4465,132,8,79762769
8932,79780624,79798489,8932,37390,7923,29467,28458,1009,1009,541,4465,132,9,79780633
8933,79798489,79816356,8933,37404,7979,29425,28471,954,954,561,4466,132,18,79798507
8934,79816356,79834225,8934,37344,7967,29377,28410,967,967,565,4466,132,11,79816367
8935,79834225,79852096,8935,37387,7952,29435,28452,983,983,550,4467,132,18,79834243
8936,79852096,79869969,8936,37381,7931,29450,28445,1005,1005,541,4467,132,7,79852103
8937,79869969,79887844,8937,37401,7940,29461,28464,997,997,530,4468,132,2,79869971
8938,79887844,79905721,8938,37351,7967,29384,28413,971,971,559,4468,132,49,79887893
8939,79905721,79923600,8939,37428,7969,29459,28489,970,970,583,4469,132,10,79905731
8940,79923600,79941481,8940,37425,7952,29473,28485,988,988,558,4469,132,1,79923601
8941,79941481,79959364,8941,37436,7941,29495,28495,1000,1000,558,4470,132,28,79941509
8942,79959364,79977249,8942,37409,7966,29443,28467,976,976,542,4470,132,73,79959437
8943,79977249,79995136,8943,37398,7998,29400,28455,945,945,562,4471,132,4,79977253
8944,79995136,80013025,8944,37464,8009,29455,28520,935,935,571,4471,132,7,79995143
8945,80013025,80030916,8945,37416,7966,29450,28471,979,979,583,4472,132,24,80013049
8946,80030916,80048809,8946,37425,7957,29468,28479,989,989,553,4472,132,11,80030927
8947,80048809,80066704,8947,37428,7980,29448,28481,967,967,564,4473,132,12,80048821
8948,80066704,80084601,8948,37444,7931,29513,28496,1017,1017,540,4473,132,39,80066743
8949,80084601,80102500,8949,37450,7943,29507,28501,1006,1006,534,4474,132,10,80084611
8950,80102500,80120401,8950,37480,7952,29528,28530,998,998,550,4474,132,13,80102513
8951,80120401,80138304,8951,37448,7983,29465,28497,968,968,557,4475,132,18,80120419
8952,80138304,80156209,8952,37477,7973,29504,28525,979,979,539,4475,132,43,80138347
8953,80156209,80174116,8953,37466,7978,29488,28513,975,975,572,4476,132,4,80156213
8954,80174116,80192025,8954,37426,7995,29431,28472,959,959,585,4476,132,45,80174161
8955,80192025,80209936,8955,37526,7971,29555,28571,984,984,553,4477,132,14,80192039
8956,80209936,80227849,8956,37465,7994,29471,28509,962,962,563,4477,132,15,80209951
8957,80227849,80245764,8957,37497,7940,29557,28540,1017,1017,552,4478,132,10,80227859
8958,80245764,80263681,8958,37480,7944,29536,28522,1014,1014,548,4478,132,5,80245769
8959,80263681,80281600,8959,37491,7967,29524,28532,992,992,535,4479,132,70,80263751
8960,80281600,80299521,8960,37510,7948,29562,28550,1012,1012,553,4479,132,3,80281603
8961,80299521,80317444,8961,37480,7980,29500,28519,981,981,560,4480,132,2,80299523
8962,80317444,80335369,8962,37543,7985,29558,28581,977,977,548,4480,132,7,80317451
8963,80335369,80353296,8963,37482,7994,29488,28519,969,969,564,4481,132,22,80335391
8964,80353296,80371225,8964,37540,7994,29546,28576,970,970,544,4481,132,1,80353297
8965,80371225,80389156,8965,37516,7964,29552,28551,1001,1001,568,4482,132,12,80371237
8966,80389156,80407089,8966,37522,7960,29562,28556,1006,1006,561,4482,132,31,80389187
8967,80407089,80425024,8967,37525,7969,29556,28558,998,998,567,4483,132,32,80407121
8968,80425024,80442961,8968,37529,8004,29525,28561,964,964,556,4483,132,3,80425027
8969,80442961,80460900,8969,37561,7957,29604,28592,1012,1012,539,4484,132,40,80443001
8970,80460900,80478841,8970,37552,7990,29562,28582,980,980,578,4484,132,11,80460911
8971,80478841,80496784,8971,37553,7975,29578,28582,996,996,546,4485,132,6,80478847
8972,80496784,80514729,8972,37539,7974,29565,28567,998,998,548,4485,132,13,80496797
8973,80514729,80532676,8973,37563,8003,29560,28590,970,970,550,4486,132,22,80514751
8974,80532676,80550625,8974,37563,8016,29547,28589,958,958,576,4486,132,1,80532677
8975,80550625,80568576,8975,37610,8001,29609,28635,974,974,568,4487,132,4,80550629
8976,80568576,80586529,8976,37535,7977,29558,28559,999,999,547,4487,132,1,80568577
8977,80586529,80604484,8977,37615,7989,29626,28638,988,988,554,4488,132,30,80586559
8978,80604484,80622441,8978,37538,8013,29525,28560,965,965,561,4488,132,25,80604509
8979,80622441,80640400,8979,37618,7982,29636,28639,997,997,552,4489,132,16,80622457
8980,80640400,80658361,8980,37592,7999,29593,28612,981,981,566,4489,132,3,80640403
8981,80658361,80676324,8981,37611,7995,29616,28630,986,986,559,4490,132,10,80658371
8982,80676324,80694289,8982,37617,8007,29610,28635,975,975,562,4490,132,35,80676359
8983,80694289,80712256,8983,37567,7987,29580,28584,996,996,542,4491,132,18,80694307
8984,80712256,80730225,8984,37648,8020,29628,28664,964,964,552,4491,132,3,80712259
8985,80730225,80748196,8985,37597,7969,29628,28612,1016,1016,547,4492,132,8,80730233
8986,80748196,80766169,8986,37630,7962,29668,28644,1024,1024,546,4492,132,61,80748257
8987,80766169,80784144,8987,37603,7997,29606,28616,990,990,555,4493,132,4,80766173
8988,80784144,80802121,8988,37671,8010,29661,28683,978,978,544,4493,132,55,80784199
8989,80802121,80820100,8989,37650,8007,29643,28661,982,982,569,4494,132,22,80802143
8990,80820100,80838081,8990,37564,8009,29555,28574,981,981,559,4494,132,39,80820139
8991,80838081,80856064,8991,37677,7974,29703,28686,1017,1017,539,4495,132,16,80838097
8992,80856064,80874049,8992,37670,7961,29709,28678,1031,1031,549,4495,132,3,80856067
8993,80874049,80892036,8993,37656,8026,29630,28663,967,967,550,4496,132,28,80874077
8994,80892036,80910025,8994,37621,8003,29618,28627,991,991,557,4496,132,7,80892043
8995,80910025,80928016,8995,37690,8015,29675,28695,980,980,571,4497,132,48,80910073
8996,80928016,80946009,8996,37662,8001,29661,28666,995,995,573,4497,132,1,80928017
8997,80946009,80964004,8997,37641,8005,29636,28644,992,992,565,4498,132,20,80946029
8998,80964004,80982001,8998,37695,7987,29708,28697,1011,1011,565,4498,132,3,80964007
8999,80982001,81000000,8999,37714,8023,29691,28715,976,976,565,4499,132,18,80982019
9000,81000000,81018001,9000,37688,7952,29736,28688,1048,1048,535,4499,132,1,81000001
9001,81018001,81036004,9001,37699,8003,29696,28698,998,998,553,4500,132,12,81018013
9002,81036004,81054009,9002,37683,8021,29662,28681,981,981,548,4500,132,15,81036019
9003,81054009,81072016,9003,37716,8002,29714,28713,1001,1001,555,4501,132,22,81054031
9004,81072016,81090025,9004,37687,8005,29682,28683,999,999,562,4501,132,13,81072029
9005,81090025,81108036,9005,37745,7994,29751,28740,1011,1011,562,4502,132,16,81090041
9006,81108036,81126049,9006,37723,7999,29724,28717,1007,1007,544,4502,132,7,81108043
9007,81126049,81144064,9007,37682,8017,29665,28675,990,990,564,4503,132,12,81126061
9008,81144064,81162081,9008,37697,8003,29694,28689,1005,1005,556,4503,132,19,81144083
9009,81162081,81180100,9009,37709,8030,29679,28700,979,979,565,4504,132,40,81162121
9010,81180100,81198121,9010,37743,8026,29717,28733,984,984,531,4504,132,1,81180101
9011,81198121,81216144,9011,37782,8028,29754,28771,983,983,579,4505,132,30,81198151
9012,81216144,81234169,9012,37712,8038,29674,28700,974,974,579,4505,132,55,81216199
9013,81234169,81252196,9013,37771,7999,29772,28758,1014,1014,543,4506,132,52,81234221
9014,81252196,81270225,9014,37696,8012,29684,28682,1002,1002,554,4506,132,7,81252203
9015,81270225,81288256,9015,37786,8051,29735,28771,964,964,554,4507,132,4,81270229
9016,81288256,81306289,9016,37785,8047,29738,28769,969,969,560,4507,132,1,81288257
9017,81306289,81324324,9017,37780,8032,29748,28763,985,985,571,4508,132,10,81306299
9018,81324324,81342361,9018,37758,8011,29747,28740,1007,1007,553,4508,132,79,81324403
9019,81342361,81360400,9019,37780,8050,29730,28761,969,969,557,4509,132,16,81342377
9020,81360400,81378441,9020,37760,8014,29746,28740,1006,1006,553,4509,132,1,81360401
9021,81378441,81396484,9021,37793,8032,29761,28772,989,989,563,4510,132,8,81378449
9022,81396484,81414529,9022,37799,8010,29789,28777,1012,1012,557,4510,132,19,81396503
9023,81414529,81432576,9023,37814,8028,29786,28791,995,995,551,4511,132,4,81414533
9024,81432576,81450625,9024,37798,8021,29777,28774,1003,1003,545,4511,132,1,81432577
9025,81450625,81468676,9025,37766,8007,29759,28741,1018,1018,574,4512,132,6,81450631
9026,81468676,81486729,9026,37842,8031,29811,28816,995,995,562,4512,132,3,81468679
9027,81486729,81504784,9027,37782,8061,29721,28755,966,966,573,4513,132,2,81486731
9028,81504784,81522841,9028,37809,8047,29762,28781,981,981,564,4513,132,7,81504791
9029,81522841,81540900,9029,37835,8068,29767,28806,961,961,558,4514,132,28,81522869
9030,81540900,81558961,9030,37859,8021,29838,28829,1009,1009,547,4514,132,29,81540929
9031,81558961,81577024,9031,37809,8056,29753,28778,975,975,559,4515,132,12,81558973
9032,81577024,81595089,9032,37865,8014,29851,28833,1018,1018,558,4515,132,13,81577037
9033,81595089,81613156,9033,37792,8060,29732,28759,973,973,557,4516,132,14,81595103
9034,81613156,81631225,9034,37879,8021,29858,28845,1013,1013,544,4516,132,3,81613159
9035,81631225,81649296,9035,37906,8067,29839,28871,968,968,584,4517,132,42,81631267
9036,81649296,81667369,9036,37781,8045,29736,28745,991,991,540,4517,132,11,81649307
9037,81667369,81685444,9037,37884,8019,29865,28847,1018,1018,548,4518,132,34,81667403
9038,81685444,81703521,9038,37842,8065,29777,28804,973,973,574,4518,132,7,81685451
9039,81703521,81721600,9039,37866,8056,29810,28827,983,983,555,4519,132,16,81703537
9040,81721600,81739681,9040,37912,8062,29850,28872,978,978,558,4519,132,9,81721609
9041,81739681,81757764,9041,37844,8035,29809,28803,1006,1006,568,4520,132,18,81739699
9042,81757764,81775849,9042,37935,8065,29870,28893,977,977,584,4520,132,7,81757771
9043,81775849,81793936,9043,37860,8070,29790,28817,973,973,557,4521,132,22,81775871
9044,81793936,81812025,9044,37926,8037,29889,28882,1007,1007,557,4521,132,27,81793963
9045,81812025,81830116,9045,37850,8058,29792,28805,987,987,560,4522,133,8,81812033
9046,81830116,81848209,9046,37907,8022,29885,28861,1024,1024,545,4522,133,1,81830117
9047,81848209,81866304,9047,37918,8068,29850,28871,979,979,571,4523,133,4,81848213
9048,81866304,81884401,9048,37887,8064,29823,28839,984,984,556,4523,133,17,81866321
9049,81884401,81902500,9049,37976,8034,29942,28927,1015,1015,568,4524,133,18,81884419
9050,81902500,81920601,9050,37866,8076,29790,28816,974,974,586,4524,133,7,81902507
9051,81920601,81938704,9051,37945,8040,29905,28894,1011,1011,556,4525,133,16,81920617
9052,81938704,81956809,9052,37945,8058,29887,28893,994,994,565,4525,133,7,81938711
9053,81956809,81974916,9053,37906,8073,29833,28853,980,980,561,4526,133,42,81956851
9054,81974916,81993025,9054,37981,8049,29932,28927,1005,1005,558,4526,133,1,81974917
9055,81993025,82011136,9055,37950,8031,29919,28895,1024,1024,558,4527,133,4,81993029
9056,82011136,82029249,9056,37882,8047,29835,28826,1009,1009,529,4527,133,7,82011143
9057,82029249,82047364,9057,38040,8045,29995,28983,1012,1012,556,4528,133,8,82029257
9058,82047364,82065481,9058,37899,8084,29815,28841,974,974,553,4528,133,3,82047367
9059,82065481,82083600,9059,38027,8029,29998,28968,1030,1030,547,4529,133,12,82065493
9060,82083600,82101721,9060,37917,8086,29831,28857,974,974,572,4529,133,11,82083611
9061,82101721,82119844,9061,38032,8089,29943,28971,972,972,553,4530,133,18,82101739
9062,82119844,82137969,9062,37920,8033,29887,28858,1029,1029,555,4530,133,9,82119853
9063,82137969,82156096,9063,38015,8080,29935,28952,983,983,583,4531,133,4,82137973
9064,82156096,82174225,9064,37958,8092,29866,28894,972,972,554,4531,133,7,82156103
9065,82174225,82192356,9065,37983,8055,29928,28918,1010,1010,558,4532,133,6,82174231
9066,82192356,82210489,9066,38003,8129,29874,28937,937,937,567,4532,133,5,82192361
9067,82210489,82228624,9067,38007,8075,29932,28940,992,992,568,4533,133,12,82210501
9068,82228624,82246761,9068,38041,8090,29951,28973,978,978,569,4533,133,15,82228639
9069,82246761,82264900,9069,37984,8090,29894,28915,979,979,558,4534,133,16,82246777
9070,82264900,82283041,9070,37982,8085,29897,28912,985,985,574,4534,133,7,82264907
9071,82283041,82301184,9071,38062,8067,29995,28991,1004,1004,560,4535,133,16,82283057
9072,82301184,82319329,9072,37976,8078,29898,28904,994,994,564,4535,133,5,82301189
9073,82319329,82337476,9073,38138,8073,30065,29065,1000,1000,565,4536,133,4,82319333
9074,82337476,82355625,9074,37992,8071,29921,28918,1003,1003,556,4536,133,15,82337491
9075,82355625,82373776,9075,37982,8092,29890,28907,983,983,557,4537,133,4,82355629
9076,82373776,82391929,9076,38063,8074,29989,28987,1002,1002,567,4537,133,7,82373783
9077,82391929,82410084,9077,38042,8103,29939,28965,974,974,572,4538,133,12,82391941
9078,82410084,82428241,9078,38078,8068,30010,29000,1010,1010,559,4538,133,19,82410103
9079,82428241,82446400,9079,38021,8062,29959,28942,1017,1017,545,4539,133,12,82428253
9080,82446400,82464561,9080,38114,8107,30007,29034,973,973,576,4539,133,31,82446431
9081,82464561,82482724,9081,38021,8059,29962,28940,1022,1022,562,4540,133,2,82464563
9082,82482724,82500889,9082,38118,8128,29990,29036,954,954,589,4540,133,87,82482811
9083,82500889,82519056,9083,38054,8067,29987,28971,1016,1016,536,4541,133,4,82500893
9084,82519056,82537225,9084,38040,8087,29953,28956,997,997,577,4541,133,5,82519061
9085,82537225,82555396,9085,38112,8075,30037,29027,1010,1010,568,4542,133,4,82537229
9086,82555396,82573569,9086,38113,8089,30024,29027,997,997,570,4542,133,13,82555409
9087,82573569,82591744,9087,38047,8079,29968,28960,1008,1008,578,4543,133,14,82573583
9088,82591744,82609921,9088,38137,8106,30031,29049,982,982,563,4543,133,43,82591787
9089,82609921,82628100,9089,38099,8117,29982,29010,972,972,567,4544,133,6,82609927
9090,82628100,82646281,9090,38141,8064,30077,29051,1026,1026,573,4544,133,7,82628107
9091,82646281,82664464,9091,38101,8089,30012,29010,1002,1002,530,4545,133,22,82646303
9092,82664464,82682649,9092,38056,8093,29963,28964,999,999,595,4545,133,9,82664473
9093,82682649,82700836,9093,38219,8055,30164,29126,1038,1038,564,4546,133,8,82682657
9094,82700836,82719025,9094,38077,8093,29984,28983,1001,1001,554,4546,133,15,82700851
9095,82719025,82737216,9095,38141,8107,30034,29046,988,988,571,4547,133,4,82719029
9096,82737216,82755409,9096,38082,8134,29948,28986,962,962,567,4547,133,11,82737227
9097,82755409,82773604,9097,38231,8124,30107,29134,973,973,553,4548,133,34,82755443
9098,82773604,82791801,9098,38104,8044,30060,29006,1054,1054,555,4548,133,7,82773611
9099,82791801,82810000,9099,38156,8098,30058,29057,1001,1001,567,4549,133,16,82791817
9100,82810000,82828201,9100,38187,8074,30113,29087,1026,1026,558,4549,133,19,82810019
9101,82828201,82846404,9101,38127,8096,30031,29026,1005,1005,572,4550,133,16,82828217
9102,82846404,82864609,9102,38209,8078,30131,29107,1024,1024,542,4550,133,7,82846411
9103,82864609,82882816,9103,38098,8096,30002,28995,1007,1007,556,4551,133,22,82864631
9104,82882816,82901025,9104,38183,8118,30065,29079,986,986,571,4551,133,13,82882829
9105,82901025,82919236,9105,38220,8118,30102,29115,987,987,564,4552,133,26,82901051
9106,82919236,82937449,9106,38170,8094,30076,29064,1012,1012,564,4552,133,43,82919279
9107,82937449,82955664,9107,38184,8109,30075,29077,998,998,545,4553,133,4,82937453
9108,82955664,82973881,9108,38218,8129,30089,29110,979,979,566,4553,133,7,82955671
9109,82973881,82992100,9109,38184,8098,30086,29075,1011,1011,561,4554,133,28,82973909
9110,82992100,83010321,9110,38187,8110,30077,29077,1000,1000,554,4554,133,3,82992103
9111,83010321,83028544,9111,38257,8088,30169,29146,1023,1023,557,4555,133,20,83010341
9112,83028544,83046769,9112,38183,8124,30059,29071,988,988,575,4555,133,9,83028553
9113,83046769,83064996,9113,38235,8143,30092,29122,970,970,574,4556,133,18,83046787
9114,83064996,83083225,9114,38241,8120,30121,29127,994,994,555,4556,133,5,83065001
9115,83083225,83101456,9115,38246,8115,30131,29131,1000,1000,576,4557,133,4,83083229
9116,83101456,83119689,9116,38188,8130,30058,29072,986,986,562,4557,133,7,83101463
9117,83119689,83137924,9117,38204,8133,30071,29087,984,984,559,4558,133,2,83119691
9118,83137924,83156161,9118,38238,8132,30106,29120,986,986,565,4558,133,7,83137931
9119,83156161,83174400,9119,38288,8115,30173,29169,1004,1004,547,4559,133,30,83156191
9120,83174400,83192641,9120,38216,8122,30094,29096,998,998,566,4559,133,1,83174401
9121,83192641,83210884,9121,38273,8151,30122,29152,970,970,583,4560,133,6,83192647
9122,83210884,83229129,9122,38286,8142,30144,29164,980,980,570,4560,133,3,83210887
9123,83229129,83247376,9123,38286,8133,30153,29163,990,990,587,4561,133,2,83229131
9124,83247376,83265625,9124,38266,8110,30156,29142,1014,1014,556,4561,133,1,83247377
9125,83265625,83283876,9125,38220,8125,30095,29095,1000,1000,579,4562,133,22,83265647
9126,83283876,83302129,9126,38330,8094,30236,29204,1032,1032,549,4562,133,1,83283877
9127,83302129,83320384,9127,38282,8160,30122,29155,967,967,564,4563,133,28,83302157
9128,83320384,83338641,9128,38299,8111,30188,29171,1017,1017,576,4563,133,3,83320387
9129,83338641,83356900,9129,38264,8143,30121,29135,986,986,578,4564,133,8,83338649
9130,83356900,83375161,9130,38319,8130,30189,29189,1000,1000,575,4564,133,7,83356907
9131,83375161,83393424,9131,38337,8151,30186,29206,980,980,577,4565,133,16,83375177
9132,83393424,83411689,9132,38260,8109,30151,29128,1023,1023,560,4565,133,13,83393437
9133,83411689,83429956,9133,38318,8140,30178,29185,993,993,571,4566,133,4,83411693
9134,83429956,83448225,9134,38287,8129,30158,29153,1005,1005,568,4566,133,15,83429971
9135,83448225,83466496,9135,38339,8145,30194,29204,990,990,581,4567,133,16,83448241
9136,83466496,83484769,9136,38347,8131,30216,29211,1005,1005,567,4567,133,7,83466503
9137,83484769,83503044,9137,38255,8122,30133,29118,1015,1015,562,4568,133,18,83484787
9138,83503044,83521321,9138,38377,8132,30245,29239,1006,1006,562,4568,133,7,83503051
9139,83521321,83539600,9139,38322,8157,30165,29183,982,982,578,4569,133,16,83521337
9140,83539600,83557881,9140,38333,8119,30214,29193,1021,1021,558,4569,133,13,83539613
9141,83557881,83576164,9141,38367,8144,30223,29226,997,997,583,4570,133,2,83557883
9142,83576164,83594449,9142,38323,8128,30195,29181,1014,1014,565,4570,133,19,83576183
9143,83594449,83612736,9143,38398,8142,30256,29255,1001,1001,560,4571,133,24,83594473
9144,83612736,83631025,9144,38313,8141,30172,29169,1003,1003,592,4571,133,7,83612743
9145,83631025,83649316,9145,38388,8207,30181,29243,938,938,575,4572,133,22,83631047
9146,83649316,83667609,9146,38382,8134,30248,29236,1012,1012,570,4572,133,13,83649329
9147,83667609,83685904,9147,38411,8142,30269,29264,1005,1005,580,4573,133,2,83667611
9148,83685904,83704201,9148,38358,8153,30205,29210,995,995,559,4573,133,9,83685913
9149,83704201,83722500,9149,38370,8145,30225,29221,1004,1004,561,4574,133,10,83704211
9150,83722500,83740801,9150,38387,8115,30272,29237,1035,1035,556,4574,133,11,83722511
9151,83740801,83759104,9151,38417,8126,30291,29266,1025,1025,534,4575,133,6,83740807
9152,83759104,83777409,9152,38373,8143,30230,29221,1009,1009,569,4575,133,7,83759111
9153,83777409,83795716,9153,38445,8190,30255,29292,963,963,589,4576,133,4,83777413
9154,83795716,83814025,9154,38354,8127,30227,29200,1027,1027,572,4576,133,1,83795717
9155,83814025,83832336,9155,38494,8145,30349,29339,1010,1010,571,4577,133,12,83814037
9156,83832336,83850649,9156,38382,8132,30250,29226,1024,1024,538,4577,133,41,83832377
9157,83850649,83868964,9157,38425,8163,30262,29268,994,994,564,4578,133,4,83850653
9158,83868964,83887281,9158,38437,8129,30308,29279,1029,1029,577,4578,133,13,83868977
9159,83887281,83905600,9159,38388,8171,30217,29229,988,988,568,4579,133,8,83887289
9160,83905600,83923921,9160,38498,8109,30389,29338,1051,1051,544,4579,133,7,83905607
9161,83923921,83942244,9161,38438,8148,30290,29277,1013,1013,542,4580,133,28,83923949
9162,83942244,83960569,9162,38457,8108,30349,29295,1054,1054,533,4580,133,19,83942263
9163,83960569,83978896,9163,38477,8160,30317,29314,1003,1003,563,4581,133,40,83960609
9164,83978896,83997225,9164,38409,8158,30251,29245,1006,1006,588,4581,133,1,83978897
9165,83997225,84015556,9165,38408,8171,30237,29243,994,994,569,4582,133,16,83997241
9166,84015556,84033889,9166,38482,8144,30338,29316,1022,1022,564,4582,133,7,84015563
9167,84033889,84052224,9167,38500,8193,30307,29333,974,974,582,4583,133,34,84033923
9168,84052224,84070561,9168,38430,8184,30246,29262,984,984,573,4583,133,7,84052231
9169,84070561,84088900,9169,38495,8192,30303,29326,977,977,594,4584,133,22,84070583
9170,84088900,84107241,9170,38535,8192,30343,29365,978,978,571,4584,133,3,84088903
9171,84107241,84125584,9171,38485,8151,30334,29314,1020,1020,563,4585,133,8,84107249
9172,84125584,84143929,9172,38479,8170,30309,29307,1002,1002,545,4585,133,9,84125593
9173,84143929,84162276,9173,38445,8175,30270,29272,998,998,594,4586,133,24,84143953
9174,84162276,84180625,9174,38552,8182,30370,29378,992,992,569,4586,133,25,84162301
9175,84180625,84198976,9175,38537,8176,30361,29362,999,999,579,4587,133,16,84180641
9176,84198976,84217329,9176,38470,8187,30283,29294,989,989,578,4587,133,3,84198979
9177,84217329,84235684,9177,38483,8183,30300,29306,994,994,571,4588,133,22,84217351
9178,84235684,84254041,9178,38545,8161,30384,29367,1017,1017,561,4588,133,73,84235757
9179,84254041,84272400,9179,38545,8196,30349,29366,983,983,588,4589,133,18,84254059
9180,84272400,84290761,9180,38534,8156,30378,29354,1024,1024,547,4589,134,1,84272401
9181,84290761,84309124,9181,38486,8167,30319,29305,1014,1014,572,4590,134,58,84290819
9182,84309124,84327489,9182,38577,8158,30419,29395,1024,1024,546,4590,134,9,84309133
9183,84327489,84345856,9183,38555,8193,30362,29372,990,990,559,4591,134,28,84327517
9184,84345856,84364225,9184,38554,8174,30380,29370,1010,1010,553,4591,134,31,84345887
9185,84364225,84382596,9185,38506,8171,30335,29321,1014,1014,564,4592,134,24,84364249
9186,84382596,84400969,9186,38634,8204,30430,29448,982,982,577,4592,134,25,84382621
9187,84400969,84419344,9187,38551,8186,30365,29364,1001,1001,578,4593,134,4,84400973
9188,84419344,84437721,9188,38540,8183,30357,29352,1005,1005,569,4593,134,9,84419353
9189,84437721,84456100,9189,38579,8143,30436,29390,1046,1046,554,4594,134,20,84437741
9190,84456100,84474481,9190,38562,8184,30378,29372,1006,1006,571,4594,134,3,84456103
9191,84474481,84492864,9191,38638,8143,30495,29447,1048,1048,565,4595,134,10,84474491
9192,84492864,84511249,9192,38534,8183,30351,29342,1009,1009,575,4595,134,19,84492883
9193,84511249,84529636,9193,38662,8209,30453,29469,984,984,588,4596,134,30,84511279
9194,84529636,84548025,9194,38535,8207,30328,29341,987,987,582,4596,134,3,84529639
9195,84548025,84566416,9195,38646,8180,30466,29451,1015,1015,556,4597,134,14,84548039
9196,84566416,84584809,9196,38598,8212,30386,29402,984,984,577,4597,134,15,84566431
9197,84584809,84603204,9197,38603,8168,30435,29406,1029,1029,565,4598,134,12,84584821
9198,84603204,84621601,9198,38597,8247,30350,29399,951,951,571,4598,134,13,84603217
9199,84621601,84640000,9199,38619,8186,30433,29420,1013,1013,548,4599,134,36,84621637
9200,84640000,84658401,9200,38662,8195,30467,29462,1005,1005,573,4599,134,27,84640027
9201,84658401,84676804,9201,38616,8194,30422,29415,1007,1007,582,4600,134,10,84658411
9202,84676804,84695209,9202,38630,8208,30422,29428,994,994,578,4600,134,13,84676817
9203,84695209,84713616,9203,38664,8187,30477,29461,1016,1016,567,4601,134,4,84695213
9204,84713616,84732025,9204,38645,8181,30464,29441,1023,1023,563,4601,134,1,84713617
9205,84732025,84750436,9205,38671,8194,30477,29466,1011,1011,566,4602,134,22,84732047
9206,84750436,84768849,9206,38603,8201,30402,29397,1005,1005,568,4602,134,3,84750439
9207,84768849,84787264,9207,38668,8180,30488,29461,1027,1027,578,4603,134,8,84768857
9208,84787264,84805681,9208,38649,8215,30434,29441,993,993,602,4603,134,9,84787273
9209,84805681,84824100,9209,38711,8219,30492,29502,990,990,574,4604,134,6,84805687
9210,84824100,84842521,9210,38656,8199,30457,29446,1011,1011,561,4604,134,7,84824107
9211,84842521,84860944,9211,38686,8185,30501,29475,1026,1026,560,4605,134,36,84842557
9212,84860944,84879369,9212,38630,8220,30410,29418,992,992,562,4605,134,15,84860959
9213,84879369,84897796,9213,38742,8226,30516,29529,987,987,570,4606,134,4,84879373
9214,84897796,84916225,9214,38627,8208,30419,29413,1006,1006,570,4606,134,1,84897797
9215,84916225,84934656,9215,38769,8238,30531,29554,977,977,583,4607,134,58,84916283
9216,84934656,84953089,9216,38666,8172,30494,29450,1044,1044,559,4607,134,101,84934757
9217,84953089,84971524,9217,38713,8181,30532,29496,1036,1036,567,4608,134,40,84953129
9218,84971524,84989961,9218,38740,8230,30510,29522,988,988,556,4608,134,43,84971567
9219,84989961,85008400,9219,38639,8213,30426,29420,1006,1006,556,4609,134,40,84990001
9220,85008400,85026841,9220,38783,8249,30534,29563,971,971,582,4609,134,3,85008403
9221,85026841,85045284,9221,38730,8234,30496,29509,987,987,579,4610,134,16,85026857
9222,85045284,85063729,9222,38730,8201,30529,29508,1021,1021,565,4610,134,25,85045309
9223,85063729,85082176,9223,38713,8215,30498,29490,1008,1008,555,4611,134,10,85063739
9224,85082176,85100625,9224,38696,8185,30511,29472,1039,1039,559,4611,134,7,85082183
9225,85100625,85119076,9225,38778,8262,30516,29553,963,963,598,4612,134,2,85100627
9226,85119076,85137529,9226,38731,8188,30543,29505,1038,1038,565,4612,134,3,85119079
9227,85137529,85155984,9227,38777,8217,30560,29550,1010,1010,578,4613,134,12,85137541
9228,85155984,85174441,9228,38742,8213,30529,29514,1015,1015,566,4613,134,5,85155989
9229,85174441,85192900,9229,38775,8248,30527,29546,981,981,578,4614,134,6,85174447
9230,85192900,85211361,9230,38757,8212,30545,29527,1018,1018,579,4614,134,9,85192909
9231,85211361,85229824,9231,38753,8244,30509,29522,987,987,573,4615,134,2,85211363
9232,85229824,85248289,9232,38791,8212,30579,29559,1020,1020,560,4615,134,19,85229843
9233,85248289,85266756,9233,38803,8190,30613,29570,1043,1043,562,4616,134,10,85248299
9234,85266756,85285225,9234,38766,8256,30510,29532,978,978,574,4616,134,5,85266761
9235,85285225,85303696,9235,38845,8221,30624,29610,1014,1014,573,4617,134,12,85285237
9236,85303696,85322169,9236,38745,8195,30550,29509,1041,1041,558,4617,134,13,85303709
9237,85322169,85340644,9237,38807,8199,30608,29570,1038,1038,558,4618,134,4,85322173
9238,85340644,85359121,9238,38812,8250,30562,29574,988,988,587,4618,134,43,85340687
9239,85359121,85377600,9239,38783,8232,30551,29544,1007,1007,577,4619,134,28,85359149
9240,85377600,85396081,9240,38834,8216,30618,29594,1024,1024,574,4619,134,1,85377601
9241,85396081,85414564,9241,38820,8202,30618,29579,1039,1039,572,4620,134,12,85396093
9242,85414564,85433049,9242,38856,8223,30633,29614,1019,1019,563,4620,134,9,85414573
9243,85433049,85451536,9243,38777,8201,30576,29534,1042,1042,564,4621,134,8,85433057
9244,85451536,85470025,9244,38865,8249,30616,29621,995,995,565,4621,134,3,85451539
9245,85470025,85488516,9245,38807,8241,30566,29562,1004,1004,564,4622,134,4,85470029
9246,85488516,85507009,9246,38856,8220,30636,29610,1026,1026,563,4622,134,1,85488517
9247,85507009,85525504,9247,38875,8201,30674,29628,1046,1046,566,4623,134,4,85507013
9248,85525504,85544001,9248,38814,8251,30563,29566,997,997,580,4623,134,3,85525507
9249,85544001,85562500,9249,38873,8252,30621,29624,997,997,572,4624,134,46,85544047
9250,85562500,85581001,9250,38845,8253,30592,29595,997,997,574,4624,134,69,85562569
9251,85581001,85599504,9251,38870,8249,30621,29619,1002,1002,579,4625,134,6,85581007
9252,85599504,85618009,9252,38890,8246,30644,29638,1006,1006,573,4625,134,7,85599511
9253,85618009,85636516,9253,38877,8227,30650,29624,1026,1026,565,4626,134,10,85618019
9254,85636516,85655025,9254,38868,8238,30630,29614,1016,1016,566,4626,134,25,85636541
9255,85655025,85673536,9255,38918,8232,30686,29663,1023,1023,548,4627,134,22,85655047
9256,85673536,85692049,9256,38892,8254,30638,29636,1002,1002,567,4627,134,25,85673561
9257,85692049,85710564,9257,38891,8279,30612,29634,978,978,585,4628,134,34,85692083
9258,85710564,85729081,9258,38895,8230,30665,29637,1028,1028,566,4628,134,23,85710587
9259,85729081,85747600,9259,38895,8229,30666,29636,1030,1030,558,4629,134,18,85729099
9260,85747600,85766121,9260,38893,8245,30648,29633,1015,1015,591,4629,134,1,85747601
9261,85766121,85784644,9261,38893,8261,30632,29632,1000,1000,552,4630,134,26,85766147
9262,85784644,85803169,9262,38967,8210,30757,29705,1052,1052,583,4630,134,7,85784651
9263,85803169,85821696,9263,38890,8283,30607,29627,980,980,588,4631,134,12,85803181
9264,85821696,85840225,9264,38988,8227,30761,29724,1037,1037,554,4631,134,13,85821709
9265,85840225,85858756,9265,38887,8261,30626,29622,1004,1004,593,4632,134,28,85840253
9266,85858756,85877289,9266,38953,8247,30706,29687,1019,1019,582,4632,134,1,85858757
9267,85877289,85895824,9267,38934,8245,30689,29667,1022,1022,553,4633,134,4,85877293
9268,85895824,85914361,9268,38913,8247,30666,29645,1021,1021,592,4633,134,27,85895851
9269,85914361,85932900,9269,38967,8265,30702,29698,1004,1004,574,4634,134,30,85914391
9270,85932900,85951441,9270,38978,8272,30706,29708,998,998,563,4634,134,1,85932901
9271,85951441,85969984,9271,38939,8232,30707,29668,1039,1039,570,4635,134,28,85951469
9272,85969984,85988529,9272,38959,8266,30693,29687,1006,1006,583,4635,134,7,85969991
9273,85988529,86007076,9273,39012,8273,30739,29739,1000,1000,581,4636,134,14,85988543
9274,86007076,86025625,9274,38910,8255,30655,29636,1019,1019,560,4636,134,7,86007083
9275,86025625,86044176,9275,38972,8242,30730,29697,1033,1033,562,4637,134,6,86025631
9276,86044176,86062729,9276,38998,8268,30730,29722,1008,1008,566,4637,134,1,86044177
9277,86062729,86081284,9277,38982,8229,30753,29705,1048,1048,562,4638,134,12,86062741
9278,86081284,86099841,9278,38995,8263,30732,29717,1015,1015,572,4638,134,3,86081287
9279,86099841,86118400,9279,38995,8257,30738,29716,1022,1022,577,4639,134,62,86099903
9280,86118400,86136961,9280,39026,8285,30741,29746,995,995,569,4639,134,1,86118401
9281,86136961,86155524,9281,39014,8296,30718,29733,985,985,591,4640,134,18,86136979
9282,86155524,86174089,9282,39010,8266,30744,29728,1016,1016,577,4640,134,19,86155543
9283,86174089,86192656,9283,39008,8258,30750,29725,1025,1025,570,4641,134,4,86174093
9284,86192656,86211225,9284,39046,8266,30780,29762,1018,1018,570,4641,134,43,86192699
9285,86211225,86229796,9285,38988,8298,30690,29703,987,987,565,4642,134,16,86211241
9286,86229796,86248369,9286,39042,8265,30777,29756,1021,1021,562,4642,134,15,86229811
9287,86248369,86266944,9287,39021,8302,30719,29734,985,985,593,4643,134,12,86248381
9288,86266944,86285521,9288,39061,8234,30827,29773,1054,1054,541,4643,134,35,86266979
9289,86285521,86304100,9289,39069,8265,30804,29780,1024,1024,578,4644,134,10,86285531
9290,86304100,86322681,9290,39012,8278,30734,29722,1012,1012,572,4644,134,33,86304133
9291,86322681,86341264,9291,39075,8307,30768,29784,984,984,595,4645,134,2,86322683
9292,86341264,86359849,9292,39051,8259,30792,29759,1033,1033,569,4645,134,3,86341267
9293,86359849,86378436,9293,39062,8287,30775,29769,1006,1006,579,4646,134,4,86359853
9294,86378436,86397025,9294,39074,8256,30818,29780,1038,1038,580,4646,134,1,86378437
9295,86397025,86415616,9295,39081,8297,30784,29786,998,998,572,4647,134,12,86397037
9296,86415616,86434209,9296,39038,8256,30782,29742,1040,1040,564,4647,134,3,86415619
9297,86434209,86452804,9297,39099,8268,30831,29802,1029,1029,579,4648,134,8,86434217
9298,86452804,86471401,9298,39106,8268,30838,29808,1030,1030,564,4648,134,7,86452811
9299,86471401,86490000,9299,39060,8278,30782,29761,1021,1021,575,4649,134,22,86471423
9300,86490000,86508601,9300,39134,8284,30850,29834,1016,1016,584,4649,134,7,86490007
9301,86508601,86527204,9301,39064,8242,30822,29763,1059,1059,564,4650,134,6,86508607
9302,86527204,86545809,9302,39141,8294,30847,29839,1008,1008,566,4650,134,7,86527211
9303,86545809,86564416,9303,39119,8285,30834,29816,1018,1018,596,4651,134,4,86545813
9304,86564416,86583025,9304,39093,8310,30783,29789,994,994,571,4651,134,3,86564419
9305,86583025,86601636,9305,39092,8286,30806,29787,1019,1019,577,4652,134,28,86583053
9306,86601636,86620249,9306,39167,8294,30873,29861,1012,1012,584,4652,134,7,86601643
9307,86620249,86638864,9307,39152,8241,30911,29845,1066,1066,575,4653,134,22,86620271
9308,86638864,86657481,9308,39071,8332,30739,29763,976,976,575,4653,134,19,86638883
9309,86657481,86676100,9309,39194,8281,30913,29885,1028,1028,579,4654,134,40,86657521
9310,86676100,86694721,9310,39157,8290,30867,29847,1020,1020,566,4654,134,1,86676101
9311,86694721,86713344,9311,39131,8308,30823,29820,1003,1003,578,4655,134,12,86694733
9312,86713344,86731969,9312,39098,8295,30803,29786,1017,1017,569,4655,134,5,86713349
9313,86731969,86750596,9313,39230,8292,30938,29917,1021,1021,562,4656,134,58,86732027
9314,86750596,86769225,9314,39105,8292,30813,29791,1022,1022,571,4656,134,1,86750597
9315,86769225,86787856,9315,39194,8275,30919,29879,1040,1040,555,4657,134,8,86769233
9316,86787856,86806489,9316,39109,8304,30805,29793,1012,1012,572,4657,135,3,86787859
9317,86806489,86825124,9317,39236,8304,30932,29919,1013,1013,588,4658,135,4,86806493
9318,86825124,86843761,9318,39162,8315,30847,29844,1003,1003,576,4658,135,29,86825153
9319,86843761,86862400,9319,39154,8296,30858,29835,1023,1023,564,4659,135,60,86843821
9320,86862400,86881041,9320,39232,8272,30960,29912,1048,1048,585,4659,135,31,86862431
9321,86881041,86899684,9321,39141,8293,30848,29820,1028,1028,555,4660,135,22,86881063
9322,86899684,86918329,9322,39262,8314,30948,29940,1008,1008,566,4660,135,7,86899691
9323,86918329,86936976,9323,39160,8307,30853,29837,1016,1016,581,4661,135,4,86918333
9324,86936976,86955625,9324,39217,8331,30886,29893,993,993,594,4661,135,1,86936977
9325,86955625,86974276,9325,39222,8305,30917,29897,1020,1020,571,4662,135,16,86955641
9326,86974276,86992929,9326,39226,8306,30920,29900,1020,1020,582,4662,135,15,86974291
9327,86992929,87011584,9327,39236,8295,30941,29909,1032,1032,578,4663,135,20,86992949
9328,87011584,87030241,9328,39245,8286,30959,29917,1042,1042,582,4663,135,7,87011591
9329,87030241,87048900,9329,39215,8317,30898,29886,1012,1012,586,4664,135,42,87030283
9330,87048900,87067561,9330,39203,8312,30891,29873,1018,1018,568,4664,135,19,87048919
9331,87067561,87086224,9331,39286,8296,30990,29955,1035,1035,564,4665,135,6,87067567
9332,87086224,87104889,9332,39246,8320,30926,29914,1012,1012,588,4665,135,7,87086231
9333,87104889,87123556,9333,39245,8362,30883,29912,971,971,616,4666,135,14,87104903
9334,87123556,87142225,9334,39204,8313,30891,29870,1021,1021,572,4666,135,3,87123559
9335,87142225,87160896,9335,39271,8293,30978,29936,1042,1042,557,4667,135,18,87142243
9336,87160896,87179569,9336,39317,8301,31016,29981,1035,1035,568,4667,135,1,87160897
9337,87179569,87198244,9337,39257,8330,30927,29920,1007,1007,580,4668,135,60,87179629
9338,87198244,87216921,9338,39283,8299,30984,29945,1039,1039,582,4668,135,25,87198269
9339,87216921,87235600,9339,39263,8315,30948,29924,1024,1024,577,4669,135,2,87216923
9340,87235600,87254281,9340,39280,8325,30955,29940,1015,1015,563,4669,135,1,87235601
9341,87254281,87272964,9341,39307,8321,30986,29966,1020,1020,558,4670,135,28,87254309
9342,87272964,87291649,9342,39285,8297,30988,29943,1045,1045,573,4670,135,43,87273007
9343,87291649,87310336,9343,39276,8333,30943,29933,1010,1010,565,4671,135,12,87291661
9344,87310336,87329025,9344,39330,8312,31018,29986,1032,1032,589,4671,135,21,87310357
9345,87329025,87347716,9345,39272,8341,30931,29927,1004,1004,578,4672,135,16,87329041
9346,87347716,87366409,9346,39328,8331,30997,29982,1015,1015,578,4672,135,3,87347719
9347,87366409,87385104,9347,39294,8328,30966,29947,1019,1019,593,4673,135,12,87366421
9348,87385104,87403801,9348,39344,8368,30976,29996,980,980,594,4673,135,17,87385121
9349,87403801,87422500,9349,39314,8359,30955,29965,990,990,596,4674,135,30,87403831
9350,87422500,87441201,9350,39304,8318,30986,29954,1032,1032,567,4674,135,19,87422519
9351,87441201,87459904,9351,39401,8326,31075,30050,1025,1025,578,4675,135,2,87441203
9352,87459904,87478609,9352,39340,8319,31021,29988,1033,1033,565,4675,135,15,87459919
9353,87478609,87497316,9353,39318,8358,30960,29965,995,995,585,4676,135,4,87478613
9354,87497316,87516025,9354,39382,8289,31093,30028,1065,1065,547,4676,135,7,87497323
9355,87516025,87534736,9355,39333,8339,30994,29978,1016,1016,581,4677,135,16,87516041
9356,87534736,87553449,9356,39375,8323,31052,30019,1033,1033,598,4677,135,1,87534737
9357,87553449,87572164,9357,39352,8338,31014,29995,1019,1019,569,4678,135,20,87553469
9358,87572164,87590881,9358,39408,8353,31055,30050,1005,1005,590,4678,135,43,87572207
9359,87590881,87609600,9359,39332,8316,31016,29973,1043,1043,569,4679,135,36,87590917
9360,87609600,87628321,9360,39379,8324,31055,30019,1036,1036,558,4679,135,17,87609617
9361,87628321,87647044,9361,39387,8348,31039,30026,1013,1013,580,4680,135,16,87628337
9362,87647044,87665769,9362,39394,8339,31055,30032,1023,1023,584,4680,135,7,87647051
9363,87665769,87684496,9363,39376,8362,31014,30013,1001,1001,568,4681,135,10,87665779
9364,87684496,87703225,9364,39435,8331,31104,30071,1033,1033,554,4681,135,21,87684517
9365,87703225,87721956,9365,39444,8362,31082,30079,1003,1003,573,4682,135,12,87703237
9366,87721956,87740689,9366,39348,8351,30997,29982,1015,1015,589,4682,135,17,87721973
9367,87740689,87759424,9367,39441,8346,31095,30074,1021,1021,569,4683,135,4,87740693
9368,87759424,87778161,9368,39386,8341,31045,30018,1027,1027,582,4683,135,9,87759433
9369,87778161,87796900,9369,39441,8335,31106,30072,1034,1034,585,4684,135,8,87778169
9370,87796900,87815641,9370,39417,8349,31068,30047,1021,1021,557,4684,135,13,87796913
9371,87815641,87834384,9371,39397,8353,31044,30026,1018,1018,595,4685,135,28,87815669
9372,87834384,87853129,9372,39416,8328,31088,30044,1044,1044,585,4685,135,5,87834389
9373,87853129,87871876,9373,39546,8366,31180,30173,1007,1007,572,4686,135,48,87853177
9374,87871876,87890625,9374,39366,8328,31038,29992,1046,1046,550,4686,135,1,87871877
9375,87890625,87909376,9375,39463,8348,31115,30088,1027,1027,565,4687,135,32,87890657
9376,87909376,87928129,9376,39463,8352,31111,30087,1024,1024,594,4687,135,3,87909379
9377,87928129,87946884,9377,39458,8346,31112,30081,1031,1031,573,4688,135,4,87928133
9378,87946884,87965641,9378,39436,8361,31075,30058,1017,1017,582,4688,135,5,87946889
9379,87965641,87984400,9379,39469,8330,31139,30090,1049,1049,564,4689,135,10,87965651
9380,87984400,88003161,9380,39497,8348,31149,30117,1032,1032,572,4689,135,19,87984419
9381,88003161,88021924,9381,39443,8369,31074,30062,1012,1012,600,4690,135,2,88003163
9382,88021924,88040689,9382,39571,8325,31246,30189,1057,1057,567,4690,135,9,88021933
9383,88040689,88059456,9383,39415,8351,31064,30032,1032,1032,580,4691,135,18,88040707
9384,88059456,88078225,9384,39517,8325,31192,30133,1059,1059,563,4691,135,7,88059463
9385,88078225,88096996,9385,39485,8362,31123,30100,1023,1023,567,4692,135,4,88078229
9386,88096996,88115769,9386,39496,8356,31140,30110,1030,1030,567,4692,135,1,88096997
9387,88115769,88134544,9387,39503,8385,31118,30116,1002,1002,587,4693,135,2,88115771
9388,88134544,88153321,9388,39499,8389,31110,30111,999,999,593,4693,135,33,88134577
9389,88153321,88172100,9389,39511,8314,31197,30122,1075,1075,569,4694,135,6,88153327
9390,88172100,88190881,9390,39567,8402,31165,30177,988,988,587,4694,135,43,88172143
9391,88190881,88209664,9391,39475,8351,31124,30084,1040,1040,575,4695,135,30,88190911
9392,88209664,88228449,9392,39553,8337,31216,30161,1055,1055,591,4695,135,15,88209679
9393,88228449,88247236,9393,39539,8316,31223,30146,1077,1077,552,4696,135,2,88228451
9394,88247236,88266025,9394,39547,8368,31179,30153,1026,1026,580,4696,135,3,88247239
9395,88266025,88284816,9395,39531,8369,31162,30136,1026,1026,555,4697,135,12,88266037
9396,88284816,88303609,9396,39583,8343,31240,30187,1053,1053,568,4697,135,35,88284851
9397,88303609,88322404,9397,39526,8371,31155,30129,1026,1026,580,4698,135,10,88303619
9398,88322404,88341201,9398,39558,8391,31167,30160,1007,1007,584,4698,135,49,88322453
9399,88341201,88360000,9399,39604,8373,31231,30205,1026,1026,578,4699,135,16,88341217
9400,88360000,88378801,9400,39523,8393,31130,30123,1007,1007,592,4699,135,31,88360031
9401,88378801,88397604,9401,39567,8376,31191,30166,1025,1025,568,4700,135,16,88378817
9402,88397604,88416409,9402,39638,8346,31292,30236,1056,1056,563,4700,135,7,88397611
9403,88416409,88435216,9403,39477,8363,31114,30074,1040,1040,577,4701,135,4,88416413
9404,88435216,88454025,9404,39584,8387,31197,30180,1017,1017,585,4701,135,55,88435271
9405,88454025,88472836,9405,39593,8413,31180,30188,992,992,590,4702,135,8,88454033
9406,88472836,88491649,9406,39637,8384,31253,30231,1022,1022,585,4702,135,1,88472837
9407,88491649,88510464,9407,39577,8407,31170,30170,1000,1000,578,4703,135,10,88491659
9408,88510464,88529281,9408,39562,8398,31164,30154,1010,1010,590,4703,135,47,88510511
9409,88529281,88548100,9409,39636,8406,31230,30227,1003,1003,588,4704,135,16,88529297
9410,88548100,88566921,9410,39589,8403,31186,30179,1007,1007,598,4704,135,33,88548133
9411,88566921,88585744,9411,39713,8393,31320,30302,1018,1018,578,4705,135,10,88566931
9412,88585744,88604569,9412,39540,8379,31161,30128,1033,1033,586,4705,135,3,88585747
9413,88604569,88623396,9413,39669,8368,31301,30256,1045,1045,572,4706,135,18,88604587
9414,88623396,88642225,9414,39629,8353,31276,30215,1061,1061,562,4706,135,17,88623413
9415,88642225,88661056,9415,39627,8397,31230,30212,1018,1018,592,4707,135,6,88642231
9416,88661056,88679889,9416,39640,8379,31261,30224,1037,1037,582,4707,135,7,88661063
9417,88679889,88698724,9417,39639,8429,31210,30222,988,988,596,4708,135,22,88679911
9418,88698724,88717561,9418,39632,8378,31254,30214,1040,1040,582,4708,135,15,88698739
9419,88717561,88736400,9419,39710,8378,31332,30291,1041,1041,579,4709,135,28,88717589
9420,88736400,88755241,9420,39638,8403,31235,30218,1017,1017,568,4709,135,11,88736411
9421,88755241,88774084,9421,39671,8388,31283,30250,1033,1033,575,4710,135,16,88755257
9422,88774084,88792929,9422,39648,8396,31252,30226,1026,1026,571,4710,135,13,88774097
9423,88792929,88811776,9423,39742,8370,31372,30319,1053,1053,561,4711,135,8,88792937
9424,88811776,88830625,9424,39619,8379,31240,30195,1045,1045,561,4711,135,1,88811777
9425,88830625,88849476,9425,39711,8400,31311,30286,1025,1025,598,4712,135,34,88830659
9426,88849476,88868329,9426,39668,8380,31288,30242,1046,1046,573,4712,135,1,88849477
9427,88868329,88887184,9427,39647,8380,31267,30220,1047,1047,581,4713,135,12,88868341
9428,88887184,88906041,9428,39733,8387,31346,30305,1041,1041,571,4713,135,7,88887191
9429,88906041,88924900,9429,39730,8405,31325,30301,1024,1024,577,4714,135,8,88906049
9430,88924900,88943761,9430,39695,8363,31332,30265,1067,1067,575,4714,135,31,88924931
9431,88943761,88962624,9431,39709,8412,31297,30278,1019,1019,587,4715,135,70,88943831
9432,88962624,88981489,9432,39704,8423,31281,30272,1009,1009,566,4715,135,7,88962631
9433,88981489,89000356,9433,39785,8384,31401,30352,1049,1049,582,4716,135,24,88981513
9434,89000356,89019225,9434,39647,8438,31209,30213,996,996,603,4716,135,1,89000357
9435,89019225,89038096,9435,39741,8418,31323,30306,1017,1017,575,4717,135,26,89019251
9436,89038096,89056969,9436,39736,8398,31338,30300,1038,1038,573,4717,135,1,89038097
9437,89056969,89075844,9437,39770,8393,31377,30333,1044,1044,576,4718,135,82,89057051
9438,89075844,89094721,9438,39789,8413,31376,30351,1025,1025,589,4718,135,7,89075851
9439,89094721,89113600,9439,39650,8379,31271,30211,1060,1060,556,4719,135,46,89094767
9440,89113600,89132481,9440,39824,8442,31382,30384,998,998,598,4719,135,3,89113603
9441,89132481,89151364,9441,39708,8403,31305,30267,1038,1038,577,4720,135,16,89132497
9442,89151364,89170249,9442,39822,8367,31455,30380,1075,1075,562,4720,135,3,89151367
9443,89170249,89189136,9443,39726,8403,31323,30283,1040,1040,605,4721,135,18,89170267
9444,89189136,89208025,9444,39802,8433,31369,30358,1011,1011,580,4721,135,7,89189143
9445,89208025,89226916,9445,39784,8413,31371,30339,1032,1032,586,4722,135,4,89208029
9446,89226916,89245809,9446,39721,8389,31332,30275,1057,1057,577,4722,135,3,89226919
9447,89245809,89264704,9447,39853,8404,31449,30406,1043,1043,590,4723,135,8,89245817
9448,89264704,89283601,9448,39774,8425,31349,30326,1023,1023,586,4723,135,7,89264711
9449,89283601,89302500,9449,39818,8403,31415,30369,1046,1046,554,4724,135,18,89283619
9450,89302500,89321401,9450,39788,8447,31341,30338,1003,1003,591,4724,135,17,89302517
9451,89321401,89340304,9451,39819,8391,31428,30368,1060,1060,565,4725,135,36,89321437
9452,89340304,89359209,9452,39805,8438,31367,30353,1014,1014,590,4725,135,9,89340313
9453,89359209,89378116,9453,39815,8464,31351,30362,989,989,595,4726,136,62,89359271
9454,89378116,89397025,9454,39783,8425,31358,30329,1029,1029,593,4726,136,3,89378119
9455,89397025,89415936,9455,39875,8399,31476,30420,1056,1056,556,4727,136,12,89397037
9456,89415936,89434849,9456,39814,8422,31392,30358,1034,1034,585,4727,136,11,89415947
9457,89434849,89453764,9457,39828,8446,31382,30371,1011,1011,606,4728,136,4,89434853
9458,89453764,89472681,9458,39801,8437,31364,30343,1021,1021,575,4728,136,9,89453773
9459,89472681,89491600,9459,39858,8439,31419,30399,1020,1020,592,4729,136,8,89472689
9460,89491600,89510521,9460,39898,8427,31471,30438,1033,1033,576,4729,136,1,89491601
9461,89510521,89529444,9461,39846,8414,31432,30385,1047,1047,601,4730,136,6,89510527
9462,89529444,89548369,9462,39880,8450,31430,30418,1012,1012,572,4730,136,5,89529449
9463,89548369,89567296,9463,39828,8435,31393,30365,1028,1028,573,4731,136,4,89548373
9464,89567296,89586225,9464,39886,8443,31443,30422,1021,1021,587,4731,136,3,89567299
9465,89586225,89605156,9465,39808,8432,31376,30343,1033,1033,591,4732,136,2,89586227
9466,89605156,89624089,9466,39948,8420,31528,30482,1046,1046,576,4732,136,13,89605169
9467,89624089,89643024,9467,39896,8445,31451,30429,1022,1022,591,4733,136,10,89624099
9468,89643024,89661961,9468,39903,8478,31425,30435,990,990,601,4733,136,25,89643049
9469,89661961,89680900,9469,39891,8429,31462,30422,1040,1040,578,4734,136,6,89661967
9470,89680900,89699841,9470,39828,8458,31370,30358,1012,1012,574,4734,136,9,89680909
9471,89699841,89718784,9471,39931,8458,31473,30460,1013,1013,589,4735,136,20,89699861
9472,89718784,89737729,9472,39916,8448,31468,30444,1024,1024,582,4735,136,9,89718793
9473,89737729,89756676,9473,39894,8441,31453,30421,1032,1032,584,4736,136,4,89737733
9474,89756676,89775625,9474,39909,8463,31446,30435,1011,1011,613,4736,136,1,89756677
9475,89775625,89794576,9475,39909,8464,31445,30434,1011,1011,593,4737,136,36,89775661
9476,89794576,89813529,9476,39963,8445,31518,30487,1031,1031,592,4737,136,1,89794577
9477,89813529,89832484,9477,39915,8441,31474,30438,1036,1036,573,4738,136,2,89813531
9478,89832484,89851441,9478,39928,8423,31505,30450,1055,1055,585,4738,136,9,89832493
9479,89851441,89870400,9479,39921,8432,31489,30442,1047,1047,594,4739,136,12,89851453
9480,89870400,89889361,9480,39987,8462,31525,30507,1018,1018,570,4739,136,23,89870423
9481,89889361,89908324,9481,39946,8428,31518,30465,1053,1053,596,4740,136,18,89889379
9482,89908324,89927289,9482,39945,8448,31497,30463,1034,1034,598,4740,136,7,89908331
9483,89927289,89946256,9483,39896,8482,31414,30413,1001,1001,585,4741,136,4,89927293
9484,89946256,89965225,9484,40034,8456,31578,30550,1028,1028,578,4741,136,25,89946281
9485,89965225,89984196,9485,39934,8440,31494,30449,1045,1045,585,4742,136,6,89965231
9486,89984196,90003169,9486,39988,8441,31547,30502,1045,1045,569,4742,136,1,89984197
9487,90003169,90022144,9487,39947,8434,31513,30460,1053,1053,578,4743,136,12,90003181
9488,90022144,90041121,9488,40013,8443,31570,30525,1045,1045,583,4743,136,25,90022169
9489,90041121,90060100,9489,39969,8475,31494,30480,1014,1014,596,4744,136,52,90041173
9490,90060100,90079081,9490,39951,8412,31539,30461,1078,1078,568,4744,136,7,90060107
9491,90079081,90098064,9491,40076,8448,31628,30585,1043,1043,577,4745,136,36,90079117
9492,90098064,90117049,9492,39997,8451,31546,30505,1041,1041,585,4745,136,17,90098081
9493,90117049,90136036,9493,40023,8466,31557,30530,1027,1027,565,4746,136,24,90117073
9494,90136036,90155025,9494,39965,8432,31533,30471,1062,1062,561,4746,136,1,90136037
9495,90155025,90174016,9495,39974,8448,31526,30479,1047,1047,564,4747,136,8,90155033
9496,90174016,90193009,9496,40095,8435,31660,30599,1061,1061,581,4747,136,7,90174023
9497,90193009,90212004,9497,39980,8484,31496,30483,1013,1013,589,4748,136,30,90193039
9498,90212004,90231001,9498,40078,8480,31598,30580,1018,1018,585,4748,136,5,90212009
9499,90231001,90250000,9499,39945,8431,31514,30446,1068,1068,576,4749,136,12,90231013
9500,90250000,90269001,9500,40117,8492,31625,30617,1008,1008,603,4749,136,7,90250007
9501,90269001,90288004,9501,39988,8447,31541,30487,1054,1054,563,4750,136,8,90269009
9502,90288004,90307009,9502,40069,8434,31635,30567,1068,1068,578,4750,136,39,90288043
9503,90307009,90326016,9503,40069,8456,31613,30566,1047,1047,564,4751,136,18,90307027
9504,90326016,90345025,9504,40038,8445,31593,30534,1059,1059,567,4751,136,7,90326023
9505,90345025,90364036,9505,40089,8467,31622,30584,1038,1038,585,4752,136,4,90345029
9506,90364036,90383049,9506,40048,8491,31557,30542,1015,1015,609,4752,136,31,90364067
9507,90383049,90402064,9507,40071,8456,31615,30564,1051,1051,570,4753,136,32,90383081
9508,90402064,90421081,9508,40100,8473,31627,30592,1035,1035,568,4753,136,19,90402083
9509,90421081,90440100,9509,40070,8494,31576,30561,1015,1015,599,4754,136,22,90421103
9510,90440100,90459121,9510,40104,8439,31665,30594,1071,1071,567,4754,136,11,90440111
9511,90459121,90478144,9511,40101,8449,31652,30590,1062,1062,589,4755,136,18,90459139
9512,90478144,90497169,9512,40052,8474,31578,30540,1038,1038,580,4755,136,25,90478169
9513,90497169,90516196,9513,40113,8468,31645,30600,1045,1045,559,4756,136,20,90497189
9514,90516196,90535225,9514,40061,8486,31575,30547,1028,1028,584,4756,136,7,90516203
9515,90535225,90554256,9515,40157,8510,31647,30642,1005,1005,597,4757,136,4,90535229
9516,90554256,90573289,9516,40093,8468,31625,30577,1048,1048,577,4757,136,11,90554267
9517,90573289,90592324,9517,40135,8493,31642,30618,1024,1024,591,4758,136,28,90573317
9518,90592324,90611361,9518,40122,8498,31624,30604,1020,1020,591,4758,136,15,90592339
9519,90611361,90630400,9519,40125,8459,31666,30606,1060,1060,584,4759,136,32,90611393
9520,90630400,90649441,9520,40117,8491,31626,30597,1029,1029,591,4759,136,1,90630401
9521,90649441,90668484,9521,40099,8511,31588,30578,1010,1010,586,4760,136,12,90649453
9522,90668484,90687529,9522,40176,8483,31693,30654,1039,1039,592,4760,136,19,90668503
9523,90687529,90706576,9523,40213,8459,31754,30690,1064,1064,581,4761,136,10,90687539
9524,90706576,90725625,9524,40077,8471,31606,30553,1053,1053,576,4761,136,15,90706591
9525,90725625,90744676,9525,40157,8524,31633,30632,1001,1001,600,4762,136,44,90725669
9526,90744676,90763729,9526,40180,8458,31722,30654,1068,1068,594,4762,136,21,90744697
9527,90763729,90782784,9527,40189,8474,31715,30662,1053,1053,580,4763,136,34,90763763
9528,90782784,90801841,9528,40096,8489,31607,30568,1039,1039,578,4763,136,23,90782807
9529,90801841,90820900,9529,40244,8491,31753,30715,1038,1038,583,4764,136,16,90801857
9530,90820900,90839961,9530,40159,8469,31690,30629,1061,1061,576,4764,136,1,90820901
9531,90839961,90859024,9531,40226,8536,31690,30695,995,995,615,4765,136,56,90840017
9532,90859024,90878089,9532,40140,8483,31657,30608,1049,1049,564,4765,136,7,90859031
9533,90878089,90897156,9533,40188,8484,31704,30655,1049,1049,563,4766,136,42,90878131
9534,90897156,90916225,9534,40236,8492,31744,30702,1042,1042,604,4766,136,5,90897161
9535,90916225,90935296,9535,40188,8452,31736,30653,1083,1083,586,4767,136,12,90916237
9536,90935296,90954369,9536,40191,8467,31724,30655,1069,1069,565,4767,136,93,90935389
9537,90954369,90973444,9537,40179,8512,31667,30642,1025,1025,601,4768,136,2,90954371
9538,90973444,90992521,9538,40271,8534,31737,30733,1004,1004,588,4768,136,7,90973451
9539,90992521,91011600,9539,40229,8501,31728,30690,1038,1038,600,4769,136,16,90992537
9540,91011600,91030681,9540,40184,8501,31683,30644,1039,1039,604,4769,136,11,91011611
9541,91030681,91049764,9541,40250,8489,31761,30709,1052,1052,571,4770,136,22,91030703
9542,91049764,91068849,9542,40268,8517,31751,30726,1025,1025,603,4770,136,75,91049839
9543,91068849,91087936,9543,40251,8489,31762,30708,1054,1054,572,4771,136,4,91068853
9544,91087936,91107025,9544,40186,8533,31653,30642,1011,1011,581,4771,136,3,91087939
9545,91107025,91126116,9545,40270,8506,31764,30725,1039,1039,580,4772,136,6,91107031
9546,91126116,91145209,9546,40268,8503,31765,30722,1043,1043,605,4772,136,1,91126117
9547,91145209,91164304,9547,40265,8508,31757,30718,1039,1039,601,4773,136,60,91145269
9548,91164304,91183401,9548,40272,8490,31782,30724,1058,1058,567,4773,136,25,91164329
9549,91183401,91202500,9549,40267,8473,31794,30718,1076,1076,564,4774,136,8,91183409
9550,91202500,91221601,9550,40234,8510,31724,30684,1040,1040,592,4774,136,9,91202509
9551,91221601,91240704,9551,40351,8490,31861,30800,1061,1061,585,4775,136,6,91221607
9552,91240704,91259809,9552,40250,8504,31746,30698,1048,1048,555,4775,136,37,91240741
9553,91259809,91278916,9553,40306,8486,31820,30753,1067,1067,586,4776,136,18,91259827
9554,91278916,91298025,9554,40252,8490,31762,30698,1064,1064,574,4776,136,1,91278917
9555,91298025,91317136,9555,40255,8509,31746,30700,1046,1046,585,4777,136,2,91298027
9556,91317136,91336249,9556,40365,8541,31824,30809,1015,1015,594,4777,136,3,91317139
9557,91336249,91355364,9557,40252,8518,31734,30695,1039,1039,596,4778,136,4,91336253
9558,91355364,91374481,9558,40322,8507,31815,30764,1051,1051,582,4778,136,13,91355377
9559,91374481,91393600,9559,40321,8528,31793,30762,1031,1031,592,4779,136,6,91374487
9560,91393600,91412721,9560,40351,8533,31818,30791,1027,1027,573,4779,136,37,91393637
9561,91412721,91431844,9561,40264,8528,31736,30703,1033,1033,580,4780,136,10,91412731
9562,91431844,91450969,9562,40337,8524,31813,30775,1038,1038,591,4780,136,37,91431881
9563,91450969,91470096,9563,40374,8527,31847,30811,1036,1036,592,4781,136,10,91450979
9564,91470096,91489225,9564,40326,8505,31821,30762,1059,1059,575,4781,136,1,91470097
9565,91489225,91508356,9565,40354,8515,31839,30789,1050,1050,577,4782,136,6,91489231
9566,91508356,91527489,9566,40340,8544,31796,30774,1022,1022,603,4782,136,15,91508371
9567,91527489,91546624,9567,40361,8498,31863,30794,1069,1069,570,4783,136,4,91527493
9568,91546624,91565761,9568,40374,8549,31825,30806,1019,1019,597,4783,136,33,91546657
9569,91565761,91584900,9569,40337,8537,31800,30768,1032,1032,579,4784,136,18,91565779
9570,91584900,91604041,9570,40358,8507,31851,30788,1063,1063,581,4784,136,23,91584923
9571,91604041,91623184,9571,40418,8521,31897,30847,1050,1050,574,4785,136,6,91604047
9572,91623184,91642329,9572,40358,8548,31810,30786,1024,1024,604,4785,136,15,91623199
9573,91642329,91661476,9573,40383,8523,31860,30810,1050,1050,590,4786,136,4,91642333
9574,91661476,91680625,9574,40386,8498,31888,30812,1076,1076,553,4786,136,7,91661483
9575,91680625,91699776,9575,40414,8506,31908,30839,1069,1069,588,4787,136,28,91680653
9576,91699776,91718929,9576,40392,8505,31887,30816,1071,1071,576,4787,136,11,91699787
9577,91718929,91738084,9577,40387,8544,31843,30810,1033,1033,598,4788,136,4,91718933
9578,91738084,91757241,9578,40437,8539,31898,30859,1039,1039,586,4788,136,33,91738117
9579,91757241,91776400,9579,40416,8549,31867,30837,1030,1030,584,4789,136,8,91757249
9580,91776400,91795561,9580,40422,8544,31878,30842,1036,1036,584,4789,136,7,91776407
9581,91795561,91814724,9581,40400,8548,31852,30819,1033,1033,586,4790,136,12,91795573
9582,91814724,91833889,9582,40412,8577,31835,30830,1005,1005,602,4790,136,5,91814729
9583,91833889,91853056,9583,40423,8541,31882,30840,1042,1042,581,4791,136,4,91833893
9584,91853056,91872225,9584,40414,8544,31870,30830,1040,1040,599,4791,136,63,91853119
9585,91872225,91891396,9585,40461,8544,31917,30876,1041,1041,591,4792,136,2,91872227
9586,91891396,91910569,9586,40423,8537,31886,30837,1049,1049,580,4792,136,3,91891399
9587,91910569,91929744,9587,40480,8574,31906,30893,1013,1013,604,4793,136,10,91910579
9588,91929744,91948921,9588,40439,8505,31934,30851,1083,1083,560,4793,136,13,91929757
9589,91948921,91968100,9589,40473,8506,31967,30884,1083,1083,576,4794,136,10,91948931
9590,91968100,91987281,9590,40430,8566,31864,30840,1024,1024,591,4794,136,9,91968109
9591,91987281,92006464,9591,40516,8548,31968,30925,1043,1043,582,4795,137,16,91987297
9592,92006464,92025649,9592,40419,8573,31846,30827,1019,1019,608,4795,137,7,92006471
9593,92025649,92044836,9593,40499,8524,31975,30906,1069,1069,566,4796,137,4,92025653
9594,92044836,92064025,9594,40518,8553,31965,30924,1041,1041,590,4796,137,17,92044853
9595,92064025,92083216,9595,40455,8538,31917,30860,1057,1057,599,4797,137,16,92064041
9596,92083216,92102409,9596,40469,8547,31922,30873,1049,1049,598,4797,137,1,92083217
9597,92102409,92121604,9597,40496,8538,31958,30899,1059,1059,575,4798,137,2,92102411
9598,92121604,92140801,9598,40498,8532,31966,30900,1066,1066,574,4798,137,7,92121611
9599,92140801,92160000,9599,40506,8575,31931,30907,1024,1024,586,4799,137,36,92140837
9600,92160000,92179201,9600,40525,8569,31956,30925,1031,1031,600,4799,137,1,92160001
9601,92179201,92198404,9601,40478,8523,31955,30877,1078,1078,576,4800,137,6,92179207
9602,92198404,92217609,9602,40537,8557,31980,30935,1045,1045,596,4800,137,13,92198417
9603,92217609,92236816,9603,40553,8577,31976,30950,1026,1026,592,4801,137,38,92217647
9604,92236816,92256025,9604,40541,8564,31977,30937,1040,1040,573,4801,137,13,92236829
9605,92256025,92275236,9605,40480,8562,31918,30875,1043,1043,595,4802,137,4,92256029
9606,92275236,92294449,9606,40539,8567,31972,30933,1039,1039,589,4802,137,11,92275247
9607,92294449,92313664,9607,40544,8573,31971,30937,1034,1034,588,4803,137,34,92294483
9608,92313664,92332881,9608,40561,8556,32005,30953,1052,1052,579,4803,137,3,92313667
9609,92332881,92352100,9609,40568,8596,31972,30959,1013,1013,595,4804,137,40,92332921
9610,92352100,92371321,9610,40521,8553,31968,30911,1057,1057,595,4804,137,21,92352121
9611,92371321,92390544,9611,40596,8551,32045,30985,1060,1060,575,4805,137,12,92371333
9612,92390544,92409769,9612,40585,8564,32021,30973,1048,1048,585,4805,137,17,92390561
9613,92409769,92428996,9613,40540,8580,31960,30927,1033,1033,596,4806,137,34,92409803
9614,92428996,92448225,9614,40576,8548,32028,30962,1066,1066,590,4806,137,13,92429009
9615,92448225,92467456,9615,40555,8565,31990,30940,1050,1050,609,4807,137,62,92448287
9616,92467456,92486689,9616,40644,8568,32076,31028,1048,1048,602,4807,137,27,92467483
9617,92486689,92505924,9617,40540,8565,31975,30923,1052,1052,588,4808,137,12,92486701
9618,92505924,92525161,9618,40605,8580,32025,30987,1038,1038,600,4808,137,5,92505929
9619,92525161,92544400,9619,40661,8574,32087,31042,1045,1045,605,4809,137,10,92525171
9620,92544400,92563641,9620,40597,8548,32049,30977,1072,1072,582,4809,137,9,92544409
9621,92563641,92582884,9621,40566,8586,31980,30945,1035,1035,596,4810,137,10,92563651
9622,92582884,92602129,9622,40629,8604,32025,31007,1018,1018,602,4810,137,3,92582887
9623,92602129,92621376,9623,40639,8540,32099,31016,1083,1083,571,4811,137,22,92602151
9624,92621376,92640625,9624,40626,8567,32059,31002,1057,1057,596,4811,137,5,92621381
9625,92640625,92659876,9625,40601,8590,32011,30976,1035,1035,615,4812,137,6,92640631
9626,92659876,92679129,9626,40605,8575,32030,30979,1051,1051,584,4812,137,31,92659907
9627,92679129,92698384,9627,40662,8551,32111,31035,1076,1076,592,4813,137,8,92679137
9628,92698384,92717641,9628,40640,8577,32063,31012,1051,1051,590,4813,137,7,92698391
9629,92717641,92736900,9629,40679,8574,32105,31050,1055,1055,579,4814,137,18,92717659
9630,92736900,92756161,9630,40610,8560,32050,30980,1070,1070,572,4814,137,1,92736901
9631,92756161,92775424,9631,40722,8609,32113,31091,1022,1022,606,4815,137,16,92756177
9632,92775424,92794689,9632,40597,8566,32031,30965,1066,1066,589,4815,137,55,92775479
9633,92794689,92813956,9633,40675,8569,32106,31042,1064,1064,564,4816,137,8,92794697
9634,92813956,92833225,9634,40639,8572,32067,31005,1062,1062,578,4816,137,85,92814041
9635,92833225,92852496,9635,40743,8562,32181,31108,1073,1073,590,4817,137,24,92833249
9636,92852496,92871769,9636,40686,8631,32055,31050,1005,1005,598,4817,137,7,92852503
9637,92871769,92891044,9637,40636,8589,32047,30999,1048,1048,595,4818,137,4,92871773
9638,92891044,92910321,9638,40699,8564,32135,31061,1074,1074,589,4818,137,3,92891047
9639,92910321,92929600,9639,40638,8580,32058,30999,1059,1059,583,4819,137,10,92910331
9640,92929600,92948881,9640,40725,8612,32113,31085,1028,1028,591,4819,137,21,92929621
9641,92948881,92968164,9641,40712,8584,32128,31071,1057,1057,596,4820,137,16,92948897
9642,92968164,92987449,9642,40731,8633,32098,31089,1009,1009,600,4820,137,43,92968207
9643,92987449,93006736,9643,40685,8622,32063,31042,1021,1021,581,4821,137,64,92987513
9644,93006736,93026025,9644,40711,8613,32098,31067,1031,1031,609,4821,137,15,93006751
9645,93026025,93045316,9645,40748,8635,32113,31103,1010,1010,602,4822,137,2,93026027
9646,93045316,93064609,9646,40728,8568,32160,31082,1078,1078,608,4822,137,3,93045319
9647,93064609,93083904,9647,40687,8618,32069,31040,1029,1029,578,4823,137,40,93064649
9648,93083904,93103201,9648,40779,8579,32200,31131,1069,1069,581,4823,137,5,93083909
9649,93103201,93122500,9649,40741,8574,32167,31092,1075,1075,605,4824,137,6,93103207
9650,93122500,93141801,9650,40742,8648,32094,31092,1002,1002,594,4824,137,1,93122501
9651,93141801,93161104,9651,40749,8573,32176,31098,1078,1078,589,4825,137,2,93141803
9652,93161104,93180409,9652,40751,8584,32167,31099,1068,1068,573,4825,137,9,93161113
9653,93180409,93199716,9653,40799,8590,32209,31146,1063,1063,587,4826,137,24,93180433
9654,93199716,93219025,9654,40748,8619,32129,31094,1035,1035,595,4826,137,5,93199721
9655,93219025,93238336,9655,40713,8602,32111,31058,1053,1053,591,4827,137,28,93219053
9656,93238336,93257649,9656,40806,8612,32194,31150,1044,1044,581,4827,137,21,93238357
9657,93257649,93276964,9657,40759,8612,32147,31102,1045,1045,584,4828,137,4,93257653
9658,93276964,93296281,9658,40850,8624,32226,31192,1034,1034,592,4828,137,9,93276973
9659,93296281,93315600,9659,40706,8600,32106,31047,1059,1059,596,4829,137,12,93296293
9660,93315600,93334921,9660,40819,8587,32232,31159,1073,1073,584,4829,137,13,93315613
9661,93334921,93354244,9661,40831,8585,32246,31170,1076,1076,567,4830,137,12,93334933
9662,93354244,93373569,9662,40774,8582,32192,31112,1080,1080,593,4830,137,13,93354257
9663,93373569,93392896,9663,40806,8619,32187,31143,1044,1044,607,4831,137,4,93373573
9664,93392896,93412225,9664,40813,8631,32182,31149,1033,1033,580,4831,137,31,93392927
9665,93412225,93431556,9665,40906,8619,32287,31241,1046,1046,602,4832,137,18,93412243
9666,93431556,93450889,9666,40763,8617,32146,31097,1049,1049,589,4832,137,1,93431557
9667,93450889,93470224,9667,40855,8583,32272,31188,1084,1084,579,4833,137,12,93450901
9668,93470224,93489561,9668,40746,8619,32127,31078,1049,1049,584,4833,137,25,93470249
9669,93489561,93508900,9669,40883,8608,32275,31214,1061,1061,588,4834,137,8,93489569
9670,93508900,93528241,9670,40844,8601,32243,31174,1069,1069,597,4834,137,1,93508901
9671,93528241,93547584,9671,40879,8653,32226,31208,1018,1018,609,4835,137,6,93528247
9672,93547584,93566929,9672,40853,8629,32224,31181,1043,1043,600,4835,137,19,93547603
9673,93566929,93586276,9673,40857,8616,32241,31184,1057,1057,584,4836,137,10,93566939
9674,93586276,93605625,9674,40797,8642,32155,31123,1032,1032,595,4836,137,15,93586291
9675,93605625,93624976,9675,40861,8604,32257,31186,1071,1071,592,4837,137,2,93605627
9676,93624976,93644329,9676,40825,8622,32203,31149,1054,1054,597,4837,137,21,93624997
9677,93644329,93663684,9677,40978,8637,32341,31301,1040,1040,614,4838,137,28,93644357
9678,93663684,93683041,9678,40820,8627,32193,31142,1051,1051,579,4838,137,17,93663701
9679,93683041,93702400,9679,40953,8648,32305,31274,1031,1031,591,4839,137,18,93683059
9680,93702400,93721761,9680,40785,8633,32152,31105,1047,1047,618,4839,137,7,93702407
9681,93721761,93741124,9681,40928,8625,32303,31247,1056,1056,599,4840,137,20,93721781
9682,93741124,93760489,9682,40883,8613,32270,31201,1069,1069,588,4840,137,3,93741127
9683,93760489,93779856,9683,40967,8650,32317,31284,1033,1033,609,4841,137,4,93760493
9684,93779856,93799225,9684,40877,8652,32225,31193,1032,1032,596,4841,137,7,93779863
9685,93799225,93818596,9685,40871,8584,32287,31186,1101,1101,581,4842,137,4,93799229
9686,93818596,93837969,9686,40926,8643,32283,31240,1043,1043,604,4842,137,7,93818603
9687,93837969,93857344,9687,40940,8643,32297,31253,1044,1044,602,4843,137,4,93837973
9688,93857344,93876721,9688,40909,8616,32293,31221,1072,1072,588,4843,137,55,93857399
9689,93876721,93896100,9689,40966,8628,32338,31277,1061,1061,594,4844,137,42,93876763
9690,93896100,93915481,9690,40936,8599,32337,31246,1091,1091,572,4844,137,11,93896111
9691,93915481,93934864,9691,40979,8626,32353,31288,1065,1065,578,4845,137,6,93915487
9692,93934864,93954249,9692,40911,8674,32237,31219,1018,1018,604,4845,137,25,93934889
9693,93954249,93973636,9693,40931,8621,32310,31238,1072,1072,590,4846,137,32,93954281
9694,93973636,93993025,9694,40927,8648,32279,31233,1046,1046,574,4846,137,87,93973723
9695,93993025,94012416,9695,40974,8642,32332,31279,1053,1053,595,4847,137,16,93993041
9696,94012416,94031809,9696,41011,8592,32419,31315,1104,1104,571,4847,137,1,94012417
9697,94031809,94051204,9697,40929,8653,32276,31232,1044,1044,622,4848,137,18,94031827
9698,94051204,94070601,9698,40968,8598,32370,31270,1100,1100,579,4848,137,7,94051211
9699,94070601,94090000,9699,40951,8634,32317,31252,1065,1065,603,4849,137,8,94070609
9700,94090000,94109401,9700,41025,8627,32398,31325,1073,1073,569,4849,137,21,94090021
9701,94109401,94128804,9701,40995,8682,32313,31294,1019,1019,619,4850,137,16,94109417
9702,94128804,94148209,9702,40999,8672,32327,31297,1030,1030,616,4850,137,25,94128829
9703,94148209,94167616,9703,41005,8614,32391,31302,1089,1089,575,4851,137,12,94148221
9704,94167616,94187025,9704,40983,8689,32294,31279,1015,1015,597,4851,137,15,94167631
9705,94187025,94206436,9705,41023,8633,32390,31318,1072,1072,580,4852,137,28,94187053
9706,94206436,94225849,9706,41017,8636,32381,31311,1070,1070,603,4852,137,3,94206439
9707,94225849,94245264,9707,40984,8645,32339,31277,1062,1062,594,4853,137,4,94225853
9708,94245264,94264681,9708,41035,8671,32364,31327,1037,1037,607,4853,137,23,94245287
9709,94264681,94284100,9709,41033,8655,32378,31324,1054,1054,610,4854,137,10,94264691
9710,94284100,94303521,9710,40999,8660,32339,31289,1050,1050,607,4854,137,19,94284119
9711,94303521,94322944,9711,41017,8644,32373,31306,1067,1067,579,4855,137,2,94303523
9712,94322944,94342369,9712,41047,8664,32383,31335,1048,1048,596,4855,137,3,94322947
9713,94342369,94361796,9713,41071,8664,32407,31358,1049,1049,596,4856,137,4,94342373
9714,94361796,94381225,9714,41015,8649,32366,31301,1065,1065,596,4856,137,1,94361797
9715,94381225,94400656,9715,41086,8662,32424,31371,1053,1053,596,4857,137,16,94381241
9716,94400656,94420089,9716,41045,8659,32386,31329,1057,1057,592,4857,137,3,94400659
9717,94420089,94439524,9717,41034,8661,32373,31317,1056,1056,603,4858,137,4,94420093
9718,94439524,94458961,9718,41121,8671,32450,31403,1047,1047,603,4858,137,7,94439531
9719,94458961,94478400,9719,41002,8638,32364,31283,1081,1081,569,4859,137,6,94458967
9720,94478400,94497841,9720,41145,8672,32473,31425,1048,1048,605,4859,137,29,94478429
9721,94497841,94517284,9721,41084,8625,32459,31363,1096,1096,562,4860,137,6,94497847
9722,94517284,94536729,9722,41041,8672,32369,31319,1050,1050,610,4860,137,15,94517299
9723,94536729,94556176,9723,41126,8666,32460,31403,1057,1057,597,4861,137,2,94536731
9724,94556176,94575625,9724,41040,8706,32334,31316,1018,1018,604,4861,137,1,94556177
9725,94575625,94595076,9725,41149,8643,32506,31424,1082,1082,576,4862,137,4,94575629
9726,94595076,94614529,9726,41076,8658,32418,31350,1068,1068,601,4862,137,11,94595087
9727,94614529,94633984,9727,41155,8664,32491,31428,1063,1063,596,4863,137,28,94614557
9728,94633984,94653441,9728,41071,8683,32388,31343,1045,1045,615,4863,137,9,94633993
9729,94653441,94672900,9729,41122,8673,32449,31393,1056,1056,613,4864,137,2,94653443
9730,94672900,94692361,9730,41136,8652,32484,31406,1078,1078,595,4864,138,39,94672939
9731,94692361,94711824,9731,41127,8696,32431,31396,1035,1035,591,4865,138,18,94692379
9732,94711824,94731289,9732,41154,8673,32481,31422,1059,1059,586,4865,138,7,94711831
9733,94731289,94750756,9733,41127,8652,32475,31394,1081,1081,591,4866,138,22,94731311
9734,94750756,94770225,9734,41113,8676,32437,31379,1058,1058,595,4866,138,15,94750771
9735,94770225,94789696,9735,41177,8689,32488,31442,1046,1046,605,4867,138,28,94770253
9736,94789696,94809169,9736,41092,8655,32437,31356,1081,1081,579,4867,138,33,94789729
9737,94809169,94828644,9737,41167,8638,32529,31430,1099,1099,582,4868,138,4,94809173
9738,94828644,94848121,9738,41201,8659,32542,31463,1079,1079,594,4868,138,5,94828649
9739,94848121,94867600,9739,41129,8665,32464,31390,1074,1074,579,4869,138,18,94848139
9740,94867600,94887081,9740,41189,8675,32514,31449,1065,1065,593,4869,138,9,94867609
9741,94887081,94906564,9741,41119,8660,32459,31378,1081,1081,588,4870,138,28,94887109
9742,94906564,94926049,9742,41258,8670,32588,31516,1072,1072,593,4870,138,9,94906573
9743,94926049,94945536,9743,41178,8657,32521,31435,1086,1086,619,4871,138,10,94926059
9744,94945536,94965025,9744,41176,8679,32497,31432,1065,1065,583,4871,138,1,94945537
9745,94965025,94984516,9745,41202,8674,32528,31457,1071,1071,568,4872,138,16,94965041
9746,94984516,95004009,9746,41199,8685,32514,31453,1061,1061,598,4872,138,27,94984543
9747,95004009,95023504,9747,41197,8678,32519,31450,1069,1069,610,4873,138,8,95004017
9748,95023504,95043001,9748,41171,8737,32434,31423,1011,1011,612,4873,138,25,95023529
9749,95043001,95062500,9749,41292,8677,32615,31543,1072,1072,579,4874,138,18,95043019
9750,95062500,95082001,9750,41176,8686,32490,31426,1064,1064,603,4874,138,7,95062507
9751,95082001,95101504,9751,41238,8715,32523,31487,1036,1036,590,4875,138,46,95082047
9752,95101504,95121009,9752,41207,8669,32538,31455,1083,1083,590,4875,138,25,95101529
9753,95121009,95140516,9753,41237,8719,32518,31484,1034,1034,612,4876,138,14,95121023
9754,95140516,95160025,9754,41247,8692,32555,31493,1062,1062,585,4876,138,15,95140531
9755,95160025,95179536,9755,41257,8694,32563,31502,1061,1061,592,4877,138,6,95160031
9756,95179536,95199049,9756,41230,8675,32555,31474,1081,1081,600,4877,138,5,95179541
9757,95199049,95218564,9757,41256,8679,32577,31499,1078,1078,579,4878,138,4,95199053
9758,95218564,95238081,9758,41272,8696,32576,31514,1062,1062,608,4878,138,19,95218583
9759,95238081,95257600,9759,41263,8720,32543,31504,1039,1039,600,4879,138,2,95238083
9760,95257600,95277121,9760,41239,8688,32551,31479,1072,1072,602,4879,138,1,95257601
9761,95277121,95296644,9761,41299,8689,32610,31538,1072,1072,580,4880,138,16,95277137
9762,95296644,95316169,9762,41281,8684,32597,31519,1078,1078,591,4880,138,23,95296667
9763,95316169,95335696,9763,41289,8739,32550,31526,1024,1024,606,4881,138,18,95316187
9764,95335696,95355225,9764,41216,8697,32519,31452,1067,1067,599,4881,138,7,95335703
9765,95355225,95374756,9765,41286,8717,32569,31521,1048,1048,601,4882,138,4,95355229
9766,95374756,95394289,9766,41295,8688,32607,31529,1078,1078,591,4882,138,31,95374787
9767,95394289,95413824,9767,41315,8698,32617,31548,1069,1069,584,4883,138,48,95394337
9768,95413824,95433361,9768,41278,8674,32604,31510,1094,1094,571,4883,138,13,95413837
9769,95433361,95452900,9769,41370,8708,32662,31601,1061,1061,609,4884,138,6,95433367
9770,95452900,95472441,9770,41258,8684,32574,31488,1086,1086,585,4884,138,1,95452901
9771,95472441,95491984,9771,41363,8695,32668,31592,1076,1076,595,4885,138,38,95472479
9772,95491984,95511529,9772,41271,8722,32549,31499,1050,1050,585,4885,138,27,95492011
9773,95511529,95531076,9773,41368,8678,32690,31595,1095,1095,584,4886,138,18,95511547
9774,95531076,95550625,9774,41333,8712,32621,31559,1062,1062,595,4886,138,7,95531083
9775,95550625,95570176,9775,41316,8718,32598,31541,1057,1057,588,4887,138,4,95550629
9776,95570176,95589729,9776,41326,8722,32604,31550,1054,1054,609,4887,138,27,95570203
9777,95589729,95609284,9777,41392,8721,32671,31615,1056,1056,606,4888,138,14,95589743
9778,95609284,95628841,9778,41342,8726,32616,31564,1052,1052,599,4888,138,3,95609287
9779,95628841,95648400,9779,41298,8720,32578,31519,1059,1059,613,4889,138,90,95628931
9780,95648400,95667961,9780,41402,8731,32671,31622,1049,1049,610,4889,138,17,95648417
9781,95667961,95687524,9781,41386,8692,32694,31605,1089,1089,574,4890,138,46,95668007
9782,95687524,95707089,9782,41344,8757,32587,31562,1025,1025,627,4890,138,9,95687533
9783,95707089,95726656,9783,41403,8729,32674,31620,1054,1054,603,4891,138,2,95707091
9784,95726656,95746225,9784,41328,8737,32591,31544,1047,1047,597,4891,138,13,95726669
9785,95746225,95765796,9785,41424,8724,32700,31639,1061,1061,608,4892,138,4,95746229
9786,95765796,95785369,9786,41356,8709,32647,31570,1077,1077,586,4892,138,1,95765797
9787,95785369,95804944,9787,41405,8739,32666,31618,1048,1048,589,4893,138,28,95785397
9788,95804944,95824521,9788,41404,8703,32701,31616,1085,1085,591,4893,138,13,95804957
9789,95824521,95844100,9789,41384,8708,32676,31595,1081,1081,584,4894,138,2,95824523
9790,95844100,95863681,9790,41466,8707,32759,31676,1083,1083,609,4894,138,21,95844121
9791,95863681,95883264,9791,41380,8723,32657,31589,1068,1068,591,4895,138,30,95863711
9792,95883264,95902849,9792,41408,8712,32696,31616,1080,1080,573,4895,138,5,95883269
9793,95902849,95922436,9793,41438,8718,32720,31645,1075,1075,592,4896,138,18,95902867
9794,95922436,95942025,9794,41468,8744,32724,31674,1050,1050,611,4896,138,15,95922451
9795,95942025,95961616,9795,41366,8713,32653,31571,1082,1082,588,4897,138,2,95942027
9796,95961616,95981209,9796,41419,8706,32713,31623,1090,1090,582,4897,138,7,95961623
9797,95981209,96000804,9797,41456,8731,32725,31659,1066,1066,600,4898,138,52,95981261
9798,96000804,96020401,9798,41456,8759,32697,31658,1039,1039,597,4898,138,5,96000809
9799,96020401,96040000,9799,41457,8729,32728,31658,1070,1070,602,4899,138,12,96020413
9800,96040000,96059601,9800,41446,8756,32690,31646,1044,1044,583,4899,138,31,96040031
9801,96059601,96079204,9801,41457,8750,32707,31656,1051,1051,615,4900,138,2,96059603
9802,96079204,96098809,9802,41530,8733,32797,31728,1069,1069,601,4900,138,37,96079241
9803,96098809,96118416,9803,41419,8727,32692,31616,1076,1076,611,4901,138,4,96098813
9804,96118416,96138025,9804,41447,8746,32701,31643,1058,1058,599,4901,138,1,96118417
9805,96138025,96157636,9805,41513,8730,32783,31708,1075,1075,588,4902,138,16,96138041
9806,96157636,96177249,9806,41451,8706,32745,31645,1100,1100,588,4902,138,1,96157637
9807,96177249,96196864,9807,41521,8772,32749,31714,1035,1035,600,4903,138,20,96177269
9808,96196864,96216481,9808,41431,8793,32638,31623,1015,1015,614,4903,138,7,96196871
9809,96216481,96236100,9809,41543,8751,32792,31734,1058,1058,632,4904,138,22,96216503
9810,96236100,96255721,9810,41532,8737,32795,31722,1073,1073,602,4904,138,13,96236113
9811,96255721,96275344,9811,41428,8718,32710,31617,1093,1093,591,4905,138,16,96255737
9812,96275344,96294969,9812,41549,8756,32793,31737,1056,1056,590,4905,138,7,96275351
9813,96294969,96314596,9813,41559,8753,32806,31746,1060,1060,628,4906,138,4,96294973
9814,96314596,96334225,9814,41576,8746,32830,31762,1068,1068,597,4906,138,3,96314599
9815,96334225,96353856,9815,41456,8749,32707,31641,1066,1066,593,4907,138,16,96334241
9816,96353856,96373489,9816,41479,8765,32714,31663,1051,1051,615,4907,138,11,96353867
9817,96373489,96393124,9817,41601,8715,32886,31784,1102,1102,578,4908,138,10,96373499
9818,96393124,96412761,9818,41520,8733,32787,31702,1085,1085,585,4908,138,15,96393139
9819,96412761,96432400,9819,41555,8755,32800,31736,1064,1064,602,4909,138,8,96412769
9820,96432400,96452041,9820,41540,8776,32764,31720,1044,1044,591,4909,138,7,96432407
9821,96452041,96471684,9821,41547,8745,32802,31726,1076,1076,599,4910,138,10,96452051
9822,96471684,96491329,9822,41564,8765,32799,31742,1057,1057,604,4910,138,23,96471707
9823,96491329,96510976,9823,41565,8768,32797,31742,1055,1055,622,4911,138,34,96491363
9824,96510976,96530625,9824,41563,8782,32781,31739,1042,1042,613,4911,138,51,96511027
9825,96530625,96550276,9825,41583,8749,32834,31758,1076,1076,585,4912,138,38,96530663
9826,96550276,96569929,9826,41552,8727,32825,31726,1099,1099,577,4912,138,1,96550277
9827,96569929,96589584,9827,41577,8761,32816,31750,1066,1066,600,4913,138,4,96569933
9828,96589584,96609241,9828,41585,8746,32839,31757,1082,1082,596,4913,138,17,96589601
9829,96609241,96628900,9829,41612,8731,32881,31783,1098,1098,596,4914,138,10,96609251
9830,96628900,96648561,9830,41576,8747,32829,31746,1083,1083,588,4914,138,13,96628913
9831,96648561,96668224,9831,41650,8753,32897,31819,1078,1078,585,4915,138,16,96648577
9832,96668224,96687889,9832,41659,8752,32907,31827,1080,1080,603,4915,138,3,96668227
9833,96687889,96707556,9833,41567,8750,32817,31734,1083,1083,611,4916,138,4,96687893
9834,96707556,96727225,9834,41578,8783,32795,31744,1051,1051,584,4916,138,37,96707593
9835,96727225,96746896,9835,41598,8810,32788,31763,1025,1025,628,4917,138,6,96727231
9836,96746896,96766569,9836,41655,8737,32918,31819,1099,1099,597,4917,138,3,96746899
9837,96766569,96786244,9837,41604,8767,32837,31767,1070,1070,600,4918,138,4,96766573
9838,96786244,96805921,9838,41667,8753,32914,31829,1085,1085,593,4918,138,7,96786251
9839,96805921,96825600,9839,41648,8751,32897,31809,1088,1088,615,4919,138,16,96805937
9840,96825600,96845281,9840,41651,8794,32857,31811,1046,1046,601,4919,138,29,96825629
9841,96845281,96864964,9841,41634,8772,32862,31793,1069,1069,598,4920,138,10,96845291
9842,96864964,96884649,9842,41602,8771,32831,31760,1071,1071,582,4920,138,27,96864991
9843,96884649,96904336,9843,41766,8806,32960,31923,1037,1037,624,4921,138,28,96884677
9844,96904336,96924025,9844,41632,8772,32860,31788,1072,1072,597,4921,138,1,96904337
9845,96924025,96943716,9845,41692,8772,32920,31847,1073,1073,600,4922,138,18,96924043
9846,96943716,96963409,9846,41597,8757,32840,31751,1089,1089,595,4922,138,13,96943729
9847,96963409,96983104,9847,41700,8760,32940,31853,1087,1087,591,4923,138,28,96963437
9848,96983104,97002801,9848,41704,8745,32959,31856,1103,1103,601,4923,138,15,96983119
9849,97002801,97022500,9849,41630,8795,32835,31781,1054,1054,608,4924,138,2,97002803
9850,97022500,97042201,9850,41720,8778,32942,31870,1072,1072,583,4924,138,37,97022537
9851,97042201,97061904,9851,41711,8759,32952,31860,1092,1092,595,4925,138,18,97042219
9852,97061904,97081609,9852,41658,8808,32850,31806,1044,1044,615,4925,138,7,97061911
9853,97081609,97101316,9853,41750,8787,32963,31897,1066,1066,601,4926,138,18,97081627
9854,97101316,97121025,9854,41671,8778,32893,31817,1076,1076,617,4926,138,25,97101341
9855,97121025,97140736,9855,41735,8808,32927,31880,1047,1047,598,4927,138,8,97121033
9856,97140736,97160449,9856,41743,8771,32972,31887,1085,1085,610,4927,138,25,97140761
9857,97160449,97180164,9857,41704,8806,32898,31847,1051,1051,618,4928,138,18,97160467
9858,97180164,97199881,9858,41735,8833,32902,31877,1025,1025,604,4928,138,43,97180207
9859,97199881,97219600,9859,41701,8817,32884,31842,1042,1042,608,4929,138,48,97199929
9860,97219600,97239321,9860,41776,8792,32984,31916,1068,1068,616,4929,138,1,97219601
9861,97239321,97259044,9861,41709,8744,32965,31848,1117,1117,572,4930,138,26,97239347
9862,97259044,97278769,9862,41794,8800,32994,31932,1062,1062,609,4930,138,3,97259047
9863,97278769,97298496,9863,41757,8780,32977,31894,1083,1083,596,4931,138,12,97278781
9864,97298496,97318225,9864,41743,8788,32955,31879,1076,1076,594,4931,138,5,97298501
9865,97318225,97337956,9865,41763,8807,32956,31898,1058,1058,616,4932,138,28,97318253
9866,97337956,97357689,9866,41698,8805,32893,31832,1061,1061,600,4932,138,63,97338019
9867,97357689,97377424,9867,41799,8788,33011,31932,1079,1079,611,4933,138,10,97357699
9868,97377424,97397161,9868,41774,8793,32981,31906,1075,1075,585,4933,138,7,97377431
9869,97397161,97416900,9869,41807,8780,33027,31938,1089,1089,590,4934,138,10,97397171
9870,97416900,97436641,9870,41801,8812,32989,31931,1058,1058,601,4934,139,31,97416931
9871,97436641,97456384,9871,41764,8791,32973,31893,1080,1080,612,4935,139,16,97436657
9872,97456384,97476129,9872,41804,8761,33043,31932,1111,1111,583,4935,139,33,97456417
9873,97476129,97495876,9873,41824,8798,33026,31951,1075,1075,598,4936,139,14,97476143
9874,97495876,97515625,9874,41801,8760,33041,31927,1114,1114,593,4936,139,1,97495877
9875,97515625,97535376,9875,41795,8798,32997,31920,1077,1077,599,4937,139,4,97515629
9876,97535376,97555129,9876,41797,8770,33027,31921,1106,1106,585,4937,139,1,97535377
9877,97555129,97574884,9877,41829,8783,33046,31952,1094,1094,597,4938,139,18,97555147
9878,97574884,97594641,9878,41824,8801,33023,31946,1077,1077,595,4938,139,19,97574903
9879,97594641,97614400,9879,41813,8802,33011,31934,1077,1077,599,4939,139,2,97594643
9880,97614400,97634161,9880,41833,8818,33015,31953,1062,1062,589,4939,139,1,97614401
9881,97634161,97653924,9881,41858,8802,33056,31977,1079,1079,602,4940,139,16,97634177
9882,97653924,97673689,9882,41841,8795,33046,31959,1087,1087,598,4940,139,19,97653943
9883,97673689,97693456,9883,41818,8830,32988,31935,1053,1053,628,4941,139,24,97673713
9884,97693456,97713225,9884,41906,8827,33079,32022,1057,1057,613,4941,139,25,97693481
9885,97713225,97732996,9885,41839,8788,33051,31954,1097,1097,590,4942,139,2,97713227
9886,97732996,97752769,9886,41834,8815,33019,31948,1071,1071,585,4942,139,51,97733047
9887,97752769,97772544,9887,41935,8827,33108,32048,1060,1060,629,4943,139,4,97752773
9888,97772544,97792321,9888,41818,8784,33034,31930,1104,1104,586,4943,139,7,97772551
9889,97792321,97812100,9889,41882,8820,33062,31993,1069,1069,613,4944,139,16,97792337
9890,97812100,97831881,9890,41835,8773,33062,31945,1117,1117,593,4944,139,3,97812103
9891,97831881,97851664,9891,41939,8841,33098,32048,1050,1050,608,4945,139,2,97831883
9892,97851664,97871449,9892,41896,8836,33060,32004,1056,1056,623,4945,139,3,97851667
9893,97871449,97891236,9893,41849,8831,33018,31956,1062,1062,595,4946,139,4,97871453
9894,97891236,97911025,9894,41926,8781,33145,32032,1113,1113,595,4946,139,1,97891237
9895,97911025,97930816,9895,41867,8767,33100,31972,1128,1128,585,4947,139,36,97911061
9896,97930816,97950609,9896,41949,8853,33096,32053,1043,1043,612,4947,139,1,97930817
9897,97950609,97970404,9897,41914,8817,33097,32017,1080,1080,589,4948,139,4,97950613
9898,97970404,97990201,9898,41921,8831,33090,32023,1067,1067,626,4948,139,13,97970417
9899,97990201,98010000,9899,41911,8853,33058,32012,1046,1046,612,4949,139,18,97990219
9900,98010000,98029801,9900,41927,8828,33099,32027,1072,1072,587,4949,139,1,98010001
9901,98029801,98049604,9901,41950,8875,33075,32049,1026,1026,615,4950,139,16,98029817
9902,98049604,98069409,9902,41919,8801,33118,32017,1101,1101,595,4950,139,3,98049607
9903,98069409,98089216,9903,41969,8829,33140,32066,1074,1074,610,4951,139,20,98069429
9904,98089216,98109025,9904,41974,8847,33127,32070,1057,1057,614,4951,139,1,98089217
9905,98109025,98128836,9905,41940,8842,33098,32035,1063,1063,613,4952,139,6,98109031
9906,98128836,98148649,9906,41969,8833,33136,32063,1073,1073,592,4952,139,5,98128841
9907,98148649,98168464,9907,41931,8862,33069,32024,1045,1045,608,4953,139,42,98148691
9908,98168464,98188281,9908,41935,8828,33107,32027,1080,1080,599,4953,139,7,98168471
9909,98188281,98208100,9909,41998,8828,33170,32089,1081,1081,601,4954,139,8,98188289
9910,98208100,98227921,9910,42024,8794,33230,32114,1116,1116,574,4954,139,13,98208113
9911,98227921,98247744,9911,41946,8854,33092,32035,1057,1057,627,4955,139,10,98227931
9912,98247744,98267569,9912,41967,8828,33139,32055,1084,1084,580,4955,139,19,98247763
9913,98267569,98287396,9913,42017,8804,33213,32104,1109,1109,593,4956,139,72,98267641
9914,98287396,98307225,9914,41996,8865,33131,32082,1049,1049,615,4956,139,37,98287433
9915,98307225,98327056,9915,41949,8855,33094,32034,1060,1060,615,4957,139,16,98307241
9916,98327056,98346889,9916,42082,8833,33249,32166,1083,1083,596,4957,139,13,98327069
9917,98346889,98366724,9917,41968,8824,33144,32051,1093,1093,614,4958,139,12,98346901
9918,98366724,98386561,9918,42027,8828,33199,32109,1090,1090,595,4958,139,5,98366729
9919,98386561,98406400,9919,41961,8862,33099,32042,1057,1057,613,4959,139,12,98386573
9920,98406400,98426241,9920,42052,8829,33223,32132,1091,1091,612,4959,139,19,98406419
9921,98426241,98446084,9921,42042,8825,33217,32121,1096,1096,583,4960,139,26,98426267
9922,98446084,98465929,9922,42031,8835,33196,32109,1087,1087,594,4960,139,9,98446093
9923,98465929,98485776,9923,42023,8858,33165,32100,1065,1065,604,4961,139,34,98465963
9924,98485776,98505625,9924,42043,8848,33195,32119,1076,1076,610,4961,139,41,98485817
9925,98505625,98525476,9925,42065,8818,33247,32140,1107,1107,602,4962,139,4,98505629
9926,98525476,98545329,9926,42077,8826,33251,32151,1100,1100,611,4962,139,27,98525503
9927,98545329,98565184,9927,42042,8855,33187,32115,1072,1072,613,4963,139,2,98545331
9928,98565184,98585041,9928,42062,8830,33232,32134,1098,1098,593,4963,139,7,98565191
9929,98585041,98604900,9929,42051,8871,33180,32122,1058,1058,587,4964,139,18,98585059
9930,98604900,98624761,9930,42123,8827,33296,32193,1103,1103,614,4964,139,7,98604907
9931,98624761,98644624,9931,41976,8879,33097,32045,1052,1052,603,4965,139,16,98624777
9932,98644624,98664489,9932,42125,8829,33296,32193,1103,1103,610,4965,139,15,98644639
9933,98664489,98684356,9933,42093,8895,33198,32160,1038,1038,640,4966,139,4,98664493
9934,98684356,98704225,9934,42084,8868,33216,32150,1066,1066,586,4966,139,3,98684359
9935,98704225,98724096,9935,42079,8854,33225,32144,1081,1081,597,4967,139,76,98704301
9936,98724096,98743969,9936,42098,8869,33229,32162,1067,1067,617,4967,139,25,98724121
9937,98743969,98763844,9937,42118,8877,33241,32181,1060,1060,622,4968,139,10,98743979
9938,98763844,98783721,9938,42136,8910,33226,32198,1028,1028,612,4968,139,7,98763851
9939,98783721,98803600,9939,42055,8862,33193,32116,1077,1077,612,4969,139,46,98783767
9940,98803600,98823481,9940,42162,8845,33317,32222,1095,1095,571,4969,139,13,98803613
9941,98823481,98843364,9941,42130,8823,33307,32189,1118,1118,581,4970,139,40,98823521
9942,98843364,98863249,9942,42160,8897,33263,32218,1045,1045,643,4970,139,19,98843383
9943,98863249,98883136,9943,42105,8861,33244,32162,1082,1082,592,4971,139,4,98863253
9944,98883136,98903025,9944,42067,8876,33191,32123,1068,1068,612,4971,139,3,98883139
9945,98903025,98922916,9945,42169,8885,33284,32224,1060,1060,624,4972,139,8,98903033
9946,98922916,98942809,9946,42094,8880,33214,32148,1066,1066,610,4972,139,21,98922937
9947,98942809,98962704,9947,42219,8901,33318,32272,1046,1046,630,4973,139,10,98942819
9948,98962704,98982601,9948,42096,8880,33216,32148,1068,1068,619,4973,139,23,98962727
9949,98982601,99002500,9949,42189,8854,33335,32240,1095,1095,605,4974,139,6,98982607
9950,99002500,99022401,9950,42173,8833,33340,32223,1117,1117,608,4974,139,3,99002503
9951,99022401,99042304,9951,42113,8834,33279,32162,1117,1117,561,4975,139,46,99022447
9952,99042304,99062209,9952,42242,8877,33365,32290,1075,1075,593,4975,139,9,99042313
9953,99062209,99082116,9953,42116,8860,33256,32163,1093,1093,616,4976,139,12,99062221
9954,99082116,99102025,9954,42229,8896,33333,32275,1058,1058,605,4976,139,37,99082153
9955,99102025,99121936,9955,42209,8892,33317,32254,1063,1063,616,4977,139,16,99102041
9956,99121936,99141849,9956,42163,8855,33308,32207,1101,1101,614,4977,139,1,99121937
9957,99141849,99161764,9957,42175,8874,33301,32218,1083,1083,592,4978,139,14,99141863
9958,99161764,99181681,9958,42223,8879,33344,32265,1079,1079,606,4978,139,3,99161767
9959,99181681,99201600,9959,42212,8901,33311,32253,1058,1058,611,4979,139,18,99181699
9960,99201600,99221521,9960,42229,8919,33310,32269,1041,1041,626,4979,139,89,99201689
9961,99221521,99241444,9961,42188,8850,33338,32227,1111,1111,609,4980,139,12,99221533
9962,99241444,99261369,9962,42242,8906,33336,32280,1056,1056,614,4980,139,25,99241469
9963,99261369,99281296,9963,42227,8917,33310,32264,1046,1046,587,4981,139,4,99261373
9964,99281296,99301225,9964,42237,8884,33353,32273,1080,1080,617,4981,139,25,99281321
9965,99301225,99321156,9965,42201,8913,33288,32236,1052,1052,627,4982,139,22,99301247
9966,99321156,99341089,9966,42276,8841,33435,32310,1125,1125,594,4982,139,7,99321163
9967,99341089,99361024,9967,42236,8872,33364,32269,1095,1095,591,4983,139,18,99341107
9968,99361024,99380961,9968,42279,8885,33394,32311,1083,1083,614,4983,139,3,99361027
9969,99380961,99400900,9969,42201,8886,33315,32232,1083,1083,607,4984,139,16,99380977
9970,99400900,99420841,9970,42278,8904,33374,32308,1066,1066,619,4984,139,1,99400901
9971,99420841,99440784,9971,42293,8922,33371,32322,1049,1049,628,4985,139,6,99420847
9972,99440784,99460729,9972,42313,8880,33433,32341,1092,1092,592,4985,139,17,99440801
9973,99460729,99480676,9973,42178,8850,33328,32205,1123,1123,599,4986,139,18,99460747
9974,99480676,99500625,9974,42321,8890,33431,32347,1084,1084,607,4986,139,45,99480721
9975,99500625,99520576,9975,42307,8906,33401,32332,1069,1069,625,4987,139,4,99500629
9976,99520576,99540529,9976,42247,8900,33347,32271,1076,1076,598,4987,139,3,99520579
9977,99540529,99560484,9977,42243,8883,33360,32266,1094,1094,593,4988,139,4,99540533
9978,99560484,99580441,9978,42270,8878,33392,32292,1100,1100,576,4988,139,35,99560519
9979,99580441,99600400,9979,42371,8886,33485,32392,1093,1093,612,4989,139,6,99580447
9980,99600400,99620361,9980,42273,8812,33461,32293,1168,1168,572,4989,139,1,99600401
9981,99620361,99640324,9981,42371,8906,33465,32390,1075,1075,606,4990,139,46,99620407
9982,99640324,99660289,9982,42259,8903,33356,32277,1079,1079,613,4990,139,3,99640327
9983,99660289,99680256,9983,42361,8919,33442,32378,1064,1064,628,4991,139,4,99660293
9984,99680256,99700225,9984,42294,8922,33372,32310,1062,1062,619,4991,139,25,99680281
9985,99700225,99720196,9985,42371,8890,33481,32386,1095,1095,607,4992,139,16,99700241
9986,99720196,99740169,9986,42310,8913,33397,32324,1073,1073,599,4992,139,1,99720197
9987,99740169,99760144,9987,42366,8934,33432,32379,1053,1053,609,4993,139,2,99740171
9988,99760144,99780121,9988,42323,8888,33435,32335,1100,1100,616,4993,139,3,99760147
9989,99780121,99800100,9989,42346,8940,33406,32357,1049,1049,625,4994,139,16,99780137
9990,99800100,99820081,9990,42321,8892,33429,32331,1098,1098,602,4994,139,1,99800101
9991,99820081,99840064,9991,42382,8905,33477,32391,1086,1086,604,4995,139,6,99820087
9992,99840064,99860049,9992,42406,8914,33492,32414,1078,1078,629,4995,139,3,99840067
9993,99860049,99880036,9993,42395,8886,33509,32402,1107,1107,587,4996,139,58,99860107
9994,99880036,99900025,9994,42317,8904,33413,32323,1090,1090,623,4996,139,15,99880051
9995,99900025,99920016,9995,42410,8906,33504,32415,1089,1089,584,4997,139,4,99900029
9996,99920016,99940009,9996,42403,8902,33501,32407,1094,1094,617,4997,139,5,99920021
9997,99940009,99960004,9997,42365,8910,33455,32368,1087,1087,620,4998,139,4,99940013
9998,99960004,99980001,9998,42370,8893,33477,32372,1105,1105,604,4998,139,7,99960011
9999,99980001,100000000,9999,42360,8922,33438,32361,1077,1077,622,4999,139,2,99980003
10000,100000000,100020001,10000,42458,8919,33539,32458,1081,1081,602,4999,139,7,100000007
